<?xml version="1.0" encoding="utf-8"?>
<COLLADA xmlns="http://www.collada.org/2005/11/COLLADASchema" version="1.4.1" xmlns:xsi="http://www.w3.org/2001/XMLSchema-instance">
  <asset>
    <contributor>
      <author>Blender User</author>
      <authoring_tool>Blender 2.83.4 commit date:2020-08-05, commit time:06:00, hash:c113af82881a</authoring_tool>
    </contributor>
    <created>2020-08-16T08:31:18</created>
    <modified>2020-08-16T08:31:18</modified>
    <unit name="meter" meter="1"/>
    <up_axis>Z_UP</up_axis>
  </asset>
  <library_effects>
    <effect id="USB_Shell-effect">
      <profile_COMMON>
        <newparam sid="_2GB_png-surface">
          <surface type="2D">
            <init_from>_2GB_png</init_from>
          </surface>
        </newparam>
        <newparam sid="_2GB_png-sampler">
          <sampler2D>
            <source>_2GB_png-surface</source>
          </sampler2D>
        </newparam>
        <technique sid="common">
          <lambert>
            <emission>
              <color sid="emission">0 0 0 1</color>
            </emission>
            <diffuse>
              <texture texture="_2GB_png-sampler" texcoord="UVMap"/>
            </diffuse>
            <index_of_refraction>
              <float sid="ior">1.45</float>
            </index_of_refraction>
          </lambert>
        </technique>
      </profile_COMMON>
    </effect>
    <effect id="Red_Accents-effect">
      <profile_COMMON>
        <technique sid="common">
          <lambert>
            <emission>
              <color sid="emission">0 0 0 1</color>
            </emission>
            <diffuse>
              <color sid="diffuse">0.8000001 0 0 1</color>
            </diffuse>
            <index_of_refraction>
              <float sid="ior">1.45</float>
            </index_of_refraction>
          </lambert>
        </technique>
      </profile_COMMON>
    </effect>
    <effect id="Metal-effect">
      <profile_COMMON>
        <technique sid="common">
          <lambert>
            <emission>
              <color sid="emission">0 0 0 1</color>
            </emission>
            <diffuse>
              <color sid="diffuse">0.6151783 0.6151783 0.6151783 1</color>
            </diffuse>
            <reflectivity>
              <float sid="specular">1</float>
            </reflectivity>
            <index_of_refraction>
              <float sid="ior">1.45</float>
            </index_of_refraction>
          </lambert>
        </technique>
      </profile_COMMON>
    </effect>
    <effect id="Plastic-effect">
      <profile_COMMON>
        <technique sid="common">
          <lambert>
            <emission>
              <color sid="emission">0 0 0 1</color>
            </emission>
            <diffuse>
              <color sid="diffuse">0.02935362 0.2989782 0.8000001 1</color>
            </diffuse>
            <index_of_refraction>
              <float sid="ior">1.45</float>
            </index_of_refraction>
          </lambert>
        </technique>
      </profile_COMMON>
    </effect>
  </library_effects>
  <library_images>
    <image id="_2GB_png" name="_2GB_png">
      <init_from>32GB.png</init_from>
    </image>
  </library_images>
  <library_materials>
    <material id="USB_Shell-material" name="USB Shell">
      <instance_effect url="#USB_Shell-effect"/>
    </material>
    <material id="Red_Accents-material" name="Red Accents">
      <instance_effect url="#Red_Accents-effect"/>
    </material>
    <material id="Metal-material" name="Metal">
      <instance_effect url="#Metal-effect"/>
    </material>
    <material id="Plastic-material" name="Plastic">
      <instance_effect url="#Plastic-effect"/>
    </material>
  </library_materials>
  <library_geometries>
    <geometry id="Cube_001-mesh" name="Cube.001">
      <mesh>
        <source id="Cube_001-mesh-positions">
          <float_array id="Cube_001-mesh-positions-array" count="1764">0.375495 0.8343992 -0.6679313 0.3807903 0.8342488 -0.6679313 0.3791425 0.8318598 -0.657217 0.3773545 0.8292676 -0.6506192 0.3858821 0.8338034 -0.6679313 0.3826498 0.831553 -0.657217 0.3791425 0.8291112 -0.6506192 0.3905748 0.83308 -0.6679313 0.3858821 0.8310548 -0.657217 0.3807903 0.8288572 -0.6506192 0.394688 0.8321066 -0.6679313 0.3887153 0.8303843 -0.657217 0.3822346 0.8285154 -0.6506192 0.3980636 0.8309205 -0.6679313 0.3910405 0.8295672 -0.657217 0.38342 0.8280988 -0.6506192 0.4005719 0.8295672 -0.6679313 0.3927683 0.8286351 -0.657217 0.3843008 0.8276237 -0.6506192 0.4021165 0.8280988 -0.6679313 0.3938322 0.8276237 -0.657217 0.3848432 0.827108 -0.6506192 0.402638 0.8265718 -0.6679313 0.3941915 0.8265718 -0.657217 0.3850263 0.8265718 -0.6506192 0.4021165 0.8250448 -0.6679313 0.3938322 0.82552 -0.657217 0.3848432 0.8260356 -0.6506192 0.4005719 0.8235765 -0.6679313 0.3927683 0.8245086 -0.657217 0.3843008 0.82552 -0.6506192 0.3980636 0.8222232 -0.6679313 0.3910405 0.8235765 -0.657217 0.38342 0.8250448 -0.6506192 0.394688 0.8210371 -0.6679313 0.3887153 0.8227594 -0.657217 0.3822346 0.8246283 -0.6506192 0.3905748 0.8200636 -0.6679313 0.3858821 0.8220889 -0.657217 0.3807903 0.8242865 -0.6506192 0.375495 0.8265718 -0.6483914 0.3858821 0.8193403 -0.6679313 0.3826498 0.8215907 -0.657217 0.3791425 0.8240324 -0.6506192 0.3807903 0.8188949 -0.6679313 0.3791425 0.8212838 -0.657217 0.3773545 0.823876 -0.6506192 0.375495 0.8187445 -0.6679313 0.375495 0.8211802 -0.657217 0.375495 0.8238232 -0.6506192 0.3701996 0.8188949 -0.6679313 0.3718475 0.8212838 -0.657217 0.3736355 0.823876 -0.6506192 0.3651077 0.8193403 -0.6679313 0.3683401 0.8215907 -0.657217 0.3718475 0.8240324 -0.6506192 0.3604151 0.8200636 -0.6679313 0.3651077 0.8220889 -0.657217 0.3701996 0.8242865 -0.6506192 0.3563019 0.8210371 -0.6679313 0.3622745 0.8227594 -0.657217 0.3687552 0.8246283 -0.6506192 0.3529263 0.8222232 -0.6679313 0.3599494 0.8235765 -0.657217 0.3675699 0.8250448 -0.6506192 0.350418 0.8235765 -0.6679313 0.3582217 0.8245086 -0.657217 0.3666891 0.82552 -0.6506192 0.3488734 0.8250448 -0.6679313 0.3571577 0.82552 -0.657217 0.3661467 0.8260356 -0.6506192 0.3483519 0.8265718 -0.6679313 0.3567985 0.8265718 -0.657217 0.3659636 0.8265718 -0.6506192 0.3488734 0.8280988 -0.6679313 0.3571577 0.8276237 -0.657217 0.3661467 0.827108 -0.6506192 0.350418 0.8295672 -0.6679313 0.3582217 0.8286351 -0.657217 0.3666891 0.8276237 -0.6506192 0.3529263 0.8309205 -0.6679313 0.3599494 0.8295672 -0.657217 0.3675699 0.8280988 -0.6506192 0.3563019 0.8321066 -0.6679313 0.3622745 0.8303843 -0.657217 0.3687552 0.8285154 -0.6506192 0.3604151 0.83308 -0.6679313 0.3651078 0.8310548 -0.657217 0.3701996 0.8288572 -0.6506192 0.3651078 0.8338034 -0.6679313 0.3683401 0.831553 -0.657217 0.3718475 0.8291112 -0.6506192 0.3701996 0.8342488 -0.6679313 0.3718475 0.8318598 -0.657217 0.3736355 0.8292676 -0.6506192 0.375495 0.8319634 -0.657217 0.375495 0.8293204 -0.6506192 -0.3754951 0.8343992 -0.6679313 -0.3701998 0.8342488 -0.6679313 -0.3718476 0.8318598 -0.657217 -0.3736357 0.8292676 -0.6506192 -0.365108 0.8338034 -0.6679313 -0.3683403 0.831553 -0.657217 -0.3718476 0.8291112 -0.6506192 -0.3604153 0.83308 -0.6679313 -0.365108 0.8310548 -0.657217 -0.3701998 0.8288572 -0.6506192 -0.3563021 0.8321066 -0.6679313 -0.3622748 0.8303843 -0.657217 -0.3687555 0.8285154 -0.6506192 -0.3529265 0.8309205 -0.6679313 -0.3599496 0.8295672 -0.657217 -0.3675701 0.8280988 -0.6506192 -0.3504182 0.8295672 -0.6679313 -0.3582218 0.8286351 -0.657217 -0.3666893 0.8276237 -0.6506192 -0.3488736 0.8280988 -0.6679313 -0.357158 0.8276237 -0.657217 -0.3661469 0.827108 -0.6506192 -0.3483521 0.8265718 -0.6679313 -0.3567987 0.8265718 -0.657217 -0.3659638 0.8265718 -0.6506192 -0.3488736 0.8250448 -0.6679313 -0.357158 0.82552 -0.657217 -0.3661469 0.8260356 -0.6506192 -0.3504182 0.8235765 -0.6679313 -0.3582219 0.8245086 -0.657217 -0.3666893 0.82552 -0.6506192 -0.3529265 0.8222232 -0.6679313 -0.3599496 0.8235765 -0.657217 -0.3675701 0.8250448 -0.6506192 -0.3563021 0.8210371 -0.6679313 -0.3622748 0.8227594 -0.657217 -0.3687555 0.8246283 -0.6506192 -0.3604153 0.8200636 -0.6679313 -0.365108 0.8220889 -0.657217 -0.3701998 0.8242865 -0.6506192 -0.3754951 0.8265718 -0.6483914 -0.365108 0.8193403 -0.6679313 -0.3683403 0.8215907 -0.657217 -0.3718476 0.8240324 -0.6506192 -0.3701998 0.8188949 -0.6679313 -0.3718476 0.8212838 -0.657217 -0.3736357 0.823876 -0.6506192 -0.3754951 0.8187445 -0.6679313 -0.3754951 0.8211802 -0.657217 -0.3754951 0.8238232 -0.6506192 -0.3807905 0.8188949 -0.6679313 -0.3791427 0.8212838 -0.657217 -0.3773546 0.823876 -0.6506192 -0.3858824 0.8193403 -0.6679313 -0.38265 0.8215907 -0.657217 -0.3791427 0.8240324 -0.6506192 -0.3905751 0.8200636 -0.6679313 -0.3858824 0.8220889 -0.657217 -0.3807905 0.8242865 -0.6506192 -0.3946882 0.8210371 -0.6679313 -0.3887156 0.8227594 -0.657217 -0.3822349 0.8246283 -0.6506192 -0.3980638 0.8222232 -0.6679313 -0.3910407 0.8235765 -0.657217 -0.3834202 0.8250448 -0.6506192 -0.4005721 0.8235765 -0.6679313 -0.3927685 0.8245086 -0.657217 -0.384301 0.82552 -0.6506192 -0.4021167 0.8250448 -0.6679313 -0.3938324 0.82552 -0.657217 -0.3848434 0.8260356 -0.6506192 -0.4026382 0.8265718 -0.6679313 -0.3941916 0.8265718 -0.657217 -0.3850265 0.8265718 -0.6506192 -0.4021167 0.8280988 -0.6679313 -0.3938324 0.8276237 -0.657217 -0.3848434 0.827108 -0.6506192 -0.4005721 0.8295672 -0.6679313 -0.3927685 0.8286351 -0.657217 -0.384301 0.8276237 -0.6506192 -0.3980638 0.8309205 -0.6679313 -0.3910407 0.8295672 -0.657217 -0.3834202 0.8280988 -0.6506192 -0.3946882 0.8321066 -0.6679313 -0.3887156 0.8303843 -0.657217 -0.3822349 0.8285154 -0.6506192 -0.3905751 0.83308 -0.6679313 -0.3858823 0.8310548 -0.657217 -0.3807905 0.8288572 -0.6506192 -0.3858823 0.8338034 -0.6679313 -0.38265 0.831553 -0.657217 -0.3791427 0.8291112 -0.6506192 -0.3807905 0.8342488 -0.6679313 -0.3791427 0.8318598 -0.657217 -0.3773546 0.8292676 -0.6506192 -0.3754951 0.8319634 -0.657217 -0.3754951 0.8293204 -0.6506192 -0.4287586 0.02985 -0.8261497 -0.4038817 0.0585528 -0.8261497 0.2428723 0.1272194 -0.8261497 0.1672933 0.1413586 -0.8261497 -0.4371586 1.47742e-7 -0.8261497 0.08528542 0.1500655 -0.8261497 0.3634841 0.08500528 -0.8261497 0.3091178 0.1081912 -0.8261497 0.4038819 0.05855262 -0.8261497 -0.4287588 -0.02984976 -0.8261497 -0.4282119 -0.03048068 -0.8261496 -0.2428718 0.1272195 -0.8261497 0.4287588 -0.02984982 -0.8261497 0.4282119 -0.03048068 -0.8261496 0.4371586 0 -0.8261497 -0.3634838 0.08500546 -0.8261497 -0.3091174 0.1081913 -0.8261497 -0.1672927 0.1413587 -0.8261497 0 0.1530055 -0.8261497 0.4287587 0.02984988 -0.8261497 -0.0852847 0.1500656 -0.8261497 0.4282119 -0.03048068 -1 0.4287588 -0.02984982 -1 0.4371586 0 -1 0.4038819 0.05855262 -1 0.4287587 0.02984988 -1 0.3634841 0.08500528 -1 0.08528542 0.1500655 -1 0.1672933 0.1413586 -1 0.3091179 0.1081912 -1 0.2428723 0.1272194 -1 0 0.1530055 -1 -0.0852847 0.1500656 -1 -0.1672927 0.1413587 -1 -0.2428718 0.1272195 -1 -0.3091174 0.1081913 -1 -0.3634838 0.08500546 -1 -0.4038817 0.0585528 -1 -0.4287586 0.02985 -1 -0.4371586 1.47742e-7 -1 -0.4287588 -0.02984976 -1 -0.4282119 -0.03048068 -1 1 -0.03048068 -0.8261496 -1 1 0.8261499 1 1 0.8261513 1 -0.0299887 0.8261514 1 1 -0.8261497 -1 1 -0.8261497 -1 -0.03048068 -0.8261496 -0.9999999 -0.0299884 0.8261498 0.7171696 0.66127 -0.6407473 -0.7171695 0.66127 -0.6407473 0.7171697 0.6616516 0.6407489 -0.7171695 0.6616518 0.6407477 0.7171696 1.150429 -0.6407472 -0.7171695 1.150429 -0.6407472 -0.7171692 1.150429 0.6358507 -0.7171692 1.150429 -0.01936691 -0.7171695 0.6614566 -0.01447004 0.7171697 0.661464 0.01060771 0.71717 1.150429 0.6358519 0.71717 1.150429 0.00571078 -0.7191991 -0.02998846 0.82615 -0.5137136 -0.02998846 0.8261501 -0.3082281 -0.02998846 0.8261503 -0.1027426 -0.02998852 0.8261505 0.1027429 -0.02998852 0.8261507 0.3082284 -0.02998858 0.8261508 0.513714 -0.02998858 0.826151 0.7191994 -0.02998864 0.8261511 -0.7191991 0.6617071 0.82615 -0.5137136 0.6617071 0.8261501 -0.3082281 0.661707 0.8261503 -0.1027426 0.6617069 0.8261505 0.1027429 0.6617069 0.8261507 0.3082284 0.6617069 0.8261508 0.513714 0.6617069 0.826151 0.7191994 0.6617068 0.8261511 -0.5577985 0.6616518 0.6407478 -0.3984274 0.6616518 0.6407479 -0.2390564 0.6616518 0.640748 -0.07968538 0.6616517 0.6407482 0.07968562 0.6616517 0.6407483 0.2390566 0.6616517 0.6407484 0.3984277 0.6616517 0.6407486 0.5577987 0.6616516 0.6407487 -0.5577982 1.150429 -0.01658052 -0.3984271 1.150429 -0.01379406 -0.2390561 1.150429 -0.01100766 -0.07968509 1.150429 -0.008221268 0.07968586 1.150429 -0.005434811 0.2390569 1.150429 -0.002648413 0.3984279 1.150429 1.37983e-4 0.5577989 1.150429 0.002924382 -0.5577982 1.150429 0.6358509 -0.3984271 1.150429 0.635851 -0.2390561 1.150429 0.6358511 -0.07968509 1.150429 0.6358512 0.07968592 1.150429 0.6358513 0.2390569 1.150429 0.6358515 0.398428 1.150429 0.6358516 0.557799 1.150429 0.6358518 -0.5577985 0.6614574 -0.01168358 -0.3984274 0.6614583 -0.008897185 -0.2390564 0.6614591 -0.006110787 -0.07968538 0.6614599 -0.003324329 0.07968556 0.6614608 -5.37952e-4 0.2390566 0.6614616 0.002248466 0.3984276 0.6614624 0.005034863 0.5577986 0.6614632 0.007821261 0.7171698 0.8371855 0.008531928 -0.7171693 0.8371812 -0.01654577 -0.5577983 0.8371817 -0.01375937 -0.3984273 0.8371822 -0.01097291 -0.2390563 0.8371827 -0.008186519 -0.07968527 0.8371831 -0.005400121 0.07968568 0.8371836 -0.002613663 0.2390567 0.8371841 1.72709e-4 0.3984277 0.8371846 0.002959072 0.5577988 0.837185 0.00574553 -0.5576806 1.150419 -0.05319625 -0.3983095 1.150419 -0.05040985 -0.2389385 1.150419 -0.04762339 -0.07956749 1.150419 -0.04483699 0.07980346 1.150419 -0.0420506 0.2391745 1.150419 -0.0392642 0.3985455 1.150419 -0.03647774 0.5579165 1.150419 -0.03369134 -0.5576807 0.837172 -0.0503751 -0.3983097 0.8371725 -0.0475887 -0.2389387 0.8371729 -0.0448023 -0.07956767 0.8371734 -0.04201585 0.07980328 0.8371739 -0.03922945 0.2391743 0.8371744 -0.03644305 0.3985453 0.8371748 -0.03365659 0.5579164 0.8371753 -0.03087019 0.7419024 0.661464 -0.003307461 0.7419023 0.66127 -0.6771255 -0.7419022 0.6614566 -0.02925008 -0.7419022 0.6616518 0.6485638 0.5770352 0.6616516 0.6485649 0.7419024 0.6616516 0.6485651 -0.7419022 0.66127 -0.6771255 0.7419027 1.150429 0.6434992 0.7419027 1.150429 -0.00837326 0.7419026 0.8372936 0.6464177 -0.7419022 1.150429 -0.6771253 0.7419023 1.150429 -0.6771253 0.5770356 1.150429 0.643499 -0.7419019 1.150429 -0.03431588 -0.7419019 1.150429 0.643498 0.7419025 0.8371855 -0.005454838 -0.741902 0.8372936 0.6464165 -0.741902 0.8371812 -0.03139746 -0.577035 0.6616518 0.6485639 -0.4121678 0.6616518 0.6485641 -0.2473006 0.6616518 0.6485642 -0.08243346 0.6616517 0.6485643 0.0824337 0.6616517 0.6485644 0.2473009 0.6616517 0.6485645 0.412168 0.6616517 0.6485647 -0.5770347 1.150429 0.6434981 -0.4121675 1.150429 0.6434982 -0.2473003 1.150429 0.6434984 -0.08243316 1.150429 0.6434985 0.08243399 1.150429 0.6434986 0.2473012 1.150429 0.6434988 0.4121683 1.150429 0.6434989 0.5770354 0.8372936 0.6464175 0.4121682 0.8372936 0.6464173 0.247301 0.8372936 0.6464172 0.08243381 0.8372936 0.6464171 -0.08243334 0.8372936 0.646417 -0.2473005 0.8372936 0.6464169 -0.4121677 0.8372936 0.6464167 -0.5770348 0.8372936 0.6464166 -1 -1 -0.808536 -0.808536 -1 -1 -0.9951997 -1 -0.8511408 -0.9810392 -1 -0.8916092 -0.9582287 -1 -0.9279119 -0.9279119 -1 -0.9582287 -0.8916092 -1 -0.9810392 -0.8511408 -1 -0.9951997 0.808536 -0.02998858 1 1 -0.0299887 0.8261514 0.8511407 -0.02998858 0.9956412 0.8916091 -0.02998858 0.9827836 0.9279118 -0.02998864 0.9620717 0.9582286 -0.02998864 0.9345442 0.9810391 -0.02998864 0.9015815 0.9951996 -0.02998864 0.8648363 -0.808536 -0.03048062 -1 -1 -0.03048068 -0.8261496 -0.8511408 -0.03048062 -0.9956412 -0.8916092 -0.03048062 -0.9827834 -0.9279119 -0.03048062 -0.9620713 -0.9582287 -0.03048062 -0.9345436 -0.9810392 -0.03048062 -0.9015805 -0.9951997 -0.03048068 -0.864835 -0.808536 -1 1 -1 -1 0.808536 -0.8511408 -1 0.9951997 -0.8916092 -1 0.9810392 -0.9279119 -1 0.9582287 -0.9582287 -1 0.9279119 -0.9810392 -1 0.8916092 -0.9951997 -1 0.8511408 1 -1 0.808536 0.808536 -1 1 0.9951997 -1 0.8511408 0.9810392 -1 0.8916092 0.9582287 -1 0.9279119 0.9279119 -1 0.9582287 0.8916092 -1 0.9810392 0.8511408 -1 0.9951997 0.808536 -1 -1 1 -1 -0.808536 0.8511408 -1 -0.9951997 0.8916092 -1 -0.9810392 0.9279119 -1 -0.9582287 0.9582287 -1 -0.9279119 0.9810392 -1 -0.8916092 0.9951997 -1 -0.8511408 1 -0.03048068 -0.8261496 0.808536 -0.03048062 -1 0.9951997 -0.03048068 -0.864835 0.9810392 -0.03048062 -0.9015805 0.9582287 -0.03048062 -0.9345436 0.9279119 -0.03048062 -0.9620713 0.8916092 -0.03048062 -0.9827834 0.8511408 -0.03048062 -0.9956412 -0.9999999 -0.0299884 0.8261498 -0.808536 -0.02998828 1 -0.9951995 -0.02998834 0.8648352 -0.9810389 -0.02998834 0.9015806 -0.9582285 -0.02998828 0.9345436 -0.9279118 -0.02998828 0.9620714 -0.891609 -0.02998828 0.9827834 -0.8511407 -0.02998828 0.9956412 0.804918 -0.03048062 -0.8261495 0.9246847 -0.03044497 -0.7063828 0.99995 -0.03048068 -0.8261496 0.8315686 -0.03047972 -0.8231467 0.8568828 -0.0304771 -0.8142889 0.8795914 -0.03047287 -0.8000202 0.8985554 -0.03046721 -0.7810562 0.912824 -0.03046041 -0.7583476 0.9216819 -0.0304529 -0.7330334 -0.9246847 -0.03044497 -0.7063828 -0.8049179 -0.03048062 -0.8261495 -0.99995 -0.03048068 -0.8261496 -0.9216818 -0.0304529 -0.7330334 -0.912824 -0.03046041 -0.7583476 -0.8985553 -0.03046721 -0.7810562 -0.8795912 -0.03047287 -0.8000202 -0.8568828 -0.0304771 -0.8142889 -0.8315685 -0.03047972 -0.8231467 0.9246849 -0.03002429 0.7063846 0.8049182 -0.02998864 0.8261512 0.9999501 -0.0299887 0.8261514 0.9216821 -0.03001636 0.7330352 0.9128243 -0.03000885 0.7583494 0.8985556 -0.03000205 0.7810579 0.8795915 -0.02999645 0.800022 0.856883 -0.02999216 0.8142906 0.8315688 -0.02998954 0.8231484 -0.8049179 -0.0299884 0.8261499 -0.9246846 -0.03002411 0.7063831 -0.9999499 -0.0299884 0.8261498 -0.8315685 -0.0299893 0.8231471 -0.8568827 -0.02999198 0.8142892 -0.8795912 -0.02999621 0.8000205 -0.8985553 -0.03000187 0.7810564 -0.9128239 -0.03000861 0.7583479 -0.9216818 -0.03001618 0.7330337 0.9246847 0.6612505 -0.7063828 0.804918 0.6612148 -0.8261495 0.8318598 0.6612429 -0.7504686 0.9216819 0.6612426 -0.7330334 0.912824 0.661235 -0.7583476 0.8985554 0.6612282 -0.7810562 0.8795914 0.6612226 -0.8000202 0.8568828 0.6612184 -0.8142889 0.8315686 0.6612157 -0.8231467 -0.8049179 0.6612148 -0.8261495 -0.9246847 0.6612505 -0.7063828 -0.8318597 0.6612429 -0.7504686 -0.8315685 0.6612157 -0.8231467 -0.8568828 0.6612184 -0.8142889 -0.8795912 0.6612226 -0.8000202 -0.8985553 0.6612283 -0.7810562 -0.912824 0.661235 -0.7583476 -0.9216818 0.6612426 -0.7330334 0.8049182 0.6617068 0.8261512 0.9246849 0.6616712 0.7063846 0.8387848 0.6616809 0.7426933 0.8315688 0.6617059 0.8231484 0.856883 0.6617033 0.8142906 0.8795915 0.6616991 0.800022 0.8985556 0.6616934 0.7810579 0.9128243 0.6616866 0.7583494 0.9216821 0.6616791 0.7330352 -0.9246846 0.6616714 0.7063831 -0.8049179 0.6617071 0.8261499 -0.8387845 0.6616811 0.7426918 -0.9216818 0.6616793 0.7330337 -0.9128239 0.6616868 0.7583479 -0.8985553 0.6616936 0.7810564 -0.8795912 0.6616992 0.8000205 -0.8568827 0.6617035 0.8142892 -0.8315685 0.6617062 0.8231471 0.2435778 0.9575162 -0.6771253 0.2435777 0.9575162 -0.6407472 0.4900411 0.9575162 -0.6771253 0.4900411 0.9575162 -0.6407472 0.4900411 0.8769659 -0.6771255 0.4900411 0.8769659 -0.6407472 0.2435777 0.9367207 -0.6771254 0.2435777 0.9390687 -0.6407472 0.2435778 0.8769659 -0.6771255 0.2435777 0.8769659 -0.6407472 -0.4900413 0.9575162 -0.6771254 -0.4900413 0.9575162 -0.6407472 -0.243578 0.9575162 -0.6771255 -0.243578 0.9575162 -0.6407472 -0.243578 0.8769659 -0.6771255 -0.243578 0.8769659 -0.6407472 -0.4900413 0.8769658 -0.6771255 -0.4900413 0.8769659 -0.6407472 -0.3436313 0.8265718 -0.6771255 -0.3442436 0.8247792 -0.6771255 -0.3460568 0.8230555 -0.6771255 -0.3460568 0.8300881 -0.6771255 -0.3490014 0.8316769 -0.6771255 -0.3490014 0.8214669 -0.6771255 -0.3529641 0.8330692 -0.6771255 -0.3529641 0.8200744 -0.6771255 -0.3577926 0.8189317 -0.6771255 -0.3577926 0.834212 -0.6771255 -0.3633014 0.8180826 -0.6771255 -0.3692789 0.8355839 -0.6771255 -0.3692789 0.8175596 -0.6771255 -0.3754951 0.8357605 -0.6771255 -0.3754951 0.8173832 -0.6771255 -0.3931978 0.834212 -0.6771255 -0.3876889 0.8350611 -0.6771255 -0.3876889 0.8180826 -0.6771255 -0.3817115 0.8355839 -0.6771255 -0.3817115 0.8175597 -0.6771255 -0.3931978 0.8189317 -0.6771255 -0.4067468 0.8283644 -0.6771255 -0.4049335 0.8230555 -0.6771255 -0.4067468 0.8247792 -0.6771255 -0.4049335 0.8300881 -0.6771255 -0.3442436 0.8283644 -0.6771255 -0.3633014 0.8350611 -0.6771255 -0.3980263 0.8330692 -0.6771255 -0.3980263 0.8200744 -0.6771255 -0.4019889 0.8316769 -0.6771255 -0.401989 0.8214669 -0.6771255 -0.407359 0.8265718 -0.6771255 0.4073588 0.8265718 -0.6771255 0.4067465 0.8247792 -0.6771255 0.4049333 0.8230555 -0.6771255 0.4049333 0.8300881 -0.6771255 0.4019888 0.8316767 -0.6771255 0.4019888 0.8214669 -0.6771255 0.3980261 0.8330692 -0.6771255 0.3980261 0.8200744 -0.6771255 0.3931975 0.8189317 -0.6771255 0.3931975 0.834212 -0.6771255 0.3876887 0.8180826 -0.6771255 0.3817113 0.8355839 -0.6771255 0.3817113 0.8175596 -0.6771255 0.375495 0.8357605 -0.6771255 0.375495 0.8173832 -0.6771255 0.3577924 0.834212 -0.6771255 0.3633012 0.835061 -0.6771255 0.3633012 0.8180826 -0.6771255 0.3692786 0.8355839 -0.6771255 0.3692786 0.8175596 -0.6771255 0.3577923 0.8189317 -0.6771255 0.3442434 0.8283644 -0.6771255 0.3460566 0.8230555 -0.6771255 0.3442434 0.8247792 -0.6771255 0.3460566 0.8300881 -0.6771255 0.4067465 0.8283644 -0.6771255 0.3876887 0.835061 -0.6771255 0.3529638 0.8330692 -0.6771255 0.3490011 0.8214669 -0.6771255 0.3529638 0.8200744 -0.6771255 0.3490012 0.8316767 -0.6771255 0.3436311 0.8265718 -0.6771255</float_array>
          <technique_common>
            <accessor source="#Cube_001-mesh-positions-array" count="588" stride="3">
              <param name="X" type="float"/>
              <param name="Y" type="float"/>
              <param name="Z" type="float"/>
            </accessor>
          </technique_common>
        </source>
        <source id="Cube_001-mesh-normals">
          <float_array id="Cube_001-mesh-normals-array" count="4182">-0.02808856 -0.9888246 -0.1464145 -0.0280863 -0.9888241 -0.1464177 -0.02808356 -0.9888235 -0.1464216 -0.02768206 -0.9747444 -0.2216012 -0.02768439 -0.9747443 -0.2216013 -0.02768564 -0.9747443 -0.2216014 -0.02635782 -0.9279698 -0.3717224 -0.02635371 -0.9279664 -0.371731 -0.02635169 -0.9279647 -0.3717353 -0.0178579 -0.6295538 -0.7767516 -0.05371695 -0.6138364 -0.7876036 -0.08613884 -0.9846787 -0.151618 -0.08614003 -0.9846786 -0.1516183 -0.08614122 -0.9846784 -0.1516185 -0.08482575 -0.9696654 -0.2292457 -0.08481943 -0.9696676 -0.2292389 -0.08481669 -0.9696686 -0.2292359 -0.08047753 -0.920103 -0.3833193 -0.08048021 -0.9201101 -0.383302 -0.08048123 -0.9201127 -0.3832955 -0.1502998 -0.9751236 -0.1629232 -0.1503082 -0.9751209 -0.1629319 -0.1503149 -0.9751187 -0.162939 -0.1476745 -0.9580165 -0.2457574 -0.1476662 -0.9580153 -0.2457671 -0.1476634 -0.9580149 -0.2457703 -0.1390957 -0.9023734 -0.4078906 -0.1391154 -0.9023681 -0.4078957 -0.1391203 -0.9023667 -0.4078969 -0.08953696 -0.5810368 -0.8089373 -0.2264396 -0.9567973 -0.1823847 -0.2264329 -0.9567997 -0.1823804 -0.2264291 -0.956801 -0.1823779 -0.2214855 -0.9359002 -0.2739254 -0.2214879 -0.9359017 -0.2739183 -0.2214885 -0.9359021 -0.2739166 -0.2058198 -0.8697437 -0.4485358 -0.2058404 -0.8697248 -0.4485627 -0.2058438 -0.8697217 -0.4485671 -0.1251214 -0.5285987 -0.8395999 -0.3238397 -0.9215786 -0.2140581 -0.3238329 -0.9215803 -0.2140606 -0.3238303 -0.921581 -0.2140616 -0.3142049 -0.8941882 -0.318909 -0.3142184 -0.8941834 -0.3189091 -0.3142208 -0.8941826 -0.3189092 -0.285169 -0.8115248 -0.5100061 -0.2851761 -0.81156 -0.509946 -0.2851769 -0.811564 -0.5099395 -0.1592246 -0.4531693 -0.877089 -0.4578019 -0.8485637 -0.2652488 -0.4578114 -0.8485573 -0.2652538 -0.4578137 -0.8485556 -0.265255 -0.4373947 -0.8107276 -0.3891102 -0.4373919 -0.8107327 -0.3891027 -0.4373915 -0.8107333 -0.3891018 -0.3808866 -0.7060503 -0.597008 -0.3808881 -0.7059978 -0.597069 -0.3808882 -0.7059938 -0.5970737 -0.1898803 -0.3519487 -0.9165575 -0.5999016 -0.6310578 -0.4918172 -0.5999206 -0.6310151 -0.4918487 -0.5999223 -0.6310114 -0.4918515 -0.4883362 -0.5136722 -0.7054563 -0.4883335 -0.513666 -0.7054628 -0.4883334 -0.5136657 -0.7054632 -0.2136443 -0.2247406 -0.9507092 -0.6466288 -0.6801896 -0.345273 -0.646619 -0.6801945 -0.3452818 -0.6466172 -0.6801953 -0.3452833 -0.8511758 -0.2907323 -0.4370063 -0.8511806 -0.290704 -0.437016 -0.8511812 -0.2907003 -0.4370173 -0.758486 -0.2590569 -0.5979871 -0.7585064 -0.2590645 -0.5979579 -0.758508 -0.259065 -0.5979557 -0.5729194 -0.1956732 -0.7959117 -0.5729704 -0.195706 -0.795867 -0.5729733 -0.1957078 -0.7958644 -0.2268742 -0.07747465 -0.9708377 -0.7584913 0.259061 -0.5979785 -0.758503 0.2590522 -0.5979676 -0.7584905 0.2590617 -0.5979794 -0.5729334 0.1956933 -0.7958966 -0.5729502 0.1956837 -0.7958869 -0.5729325 0.1956939 -0.7958973 -0.2269254 0.07749211 -0.9708244 -0.8511816 0.2906963 -0.437019 -0.8511648 0.2907092 -0.4370433 -0.8511839 0.2906945 -0.4370158 -0.6466126 0.6802139 -0.3452553 -0.6466129 0.6801968 -0.3452885 -0.6466125 0.6802169 -0.3452496 -0.5999183 0.6310147 -0.4918523 -0.5998941 0.6310743 -0.4918052 -0.5999204 0.6310095 -0.4918563 -0.488344 0.5136771 -0.7054474 -0.4883309 0.5136666 -0.7054642 -0.4883448 0.5136778 -0.7054464 -0.2136685 0.2247661 -0.9506977 -0.3809184 0.7059808 -0.5970698 -0.3808816 0.7060379 -0.5970258 -0.3809213 0.7059764 -0.5970731 -0.1898621 0.3519151 -0.9165742 -0.4578102 0.8485611 -0.2652433 -0.4578015 0.8485613 -0.2652578 -0.4578124 0.8485611 -0.2652396 -0.4373875 0.8107244 -0.3891249 -0.4373965 0.810731 -0.389101 -0.4373864 0.8107237 -0.3891278 -0.3238304 0.9215806 -0.2140633 -0.3238306 0.9215795 -0.2140677 -0.3238303 0.921581 -0.2140616 -0.3142186 0.8941838 -0.3189077 -0.3142059 0.8941911 -0.3188997 -0.3142208 0.8941826 -0.3189092 -0.2851378 0.8115899 -0.5099198 -0.2851737 0.8115301 -0.5099951 -0.285134 0.8115965 -0.5099117 -0.1592134 0.4531375 -0.8771075 -0.1251322 0.5286635 -0.8395575 -0.2264411 0.9567983 -0.1823774 -0.2264426 0.956798 -0.1823772 -0.2264403 0.9567985 -0.1823775 -0.2214933 0.935901 -0.2739164 -0.2214988 0.9358996 -0.2739167 -0.2214919 0.9359012 -0.2739164 -0.2058473 0.8697311 -0.4485474 -0.2058252 0.8697432 -0.448534 -0.2058508 0.8697291 -0.4485497 -0.150303 0.9751219 -0.1629306 -0.1503037 0.9751214 -0.1629326 -0.1503024 0.9751223 -0.1629291 -0.1476613 0.9580127 -0.2457803 -0.1476609 0.9580144 -0.2457738 -0.1476614 0.9580121 -0.2457824 -0.1391128 0.9023516 -0.4079329 -0.1390911 0.9023747 -0.4078892 -0.1391183 0.902346 -0.4079437 -0.08953523 0.5810072 -0.8089587 -0.0537154 0.613819 -0.7876172 -0.08614164 0.9846776 -0.1516236 -0.08614563 0.9846769 -0.1516262 -0.08613753 0.9846784 -0.151621 -0.08482956 0.9696637 -0.2292515 -0.08482748 0.9696645 -0.2292488 -0.08483052 0.9696634 -0.2292526 -0.08048564 0.9201062 -0.38331 -0.08049309 0.9201067 -0.3833074 -0.08048295 0.9201062 -0.383311 -0.0280745 0.9888256 -0.1464099 -0.02807027 0.9888251 -0.1464143 -0.02807974 0.9888262 -0.1464045 -0.02767884 0.9747468 -0.2215912 -0.0276823 0.9747463 -0.2215929 -0.02767699 0.974747 -0.2215904 -0.02634847 0.9279648 -0.3717354 -0.026353 0.9279646 -0.3717353 -0.0263462 0.9279648 -0.3717354 -0.01785838 0.6295711 -0.7767377 0.02806937 0.9888259 -0.1464092 0.0280739 0.9888259 -0.1464077 0.02807945 0.9888261 -0.1464059 0.02768385 0.974746 -0.2215942 0.02768164 0.9747459 -0.221595 0.02768051 0.9747458 -0.2215954 0.02635043 0.9279661 -0.3717321 0.02635073 0.9279685 -0.3717262 0.02635085 0.9279696 -0.3717232 0.0178582 0.6295818 -0.776729 0.08614671 0.9846767 -0.1516267 0.08614242 0.9846777 -0.151622 0.08613795 0.9846789 -0.1516171 0.08482766 0.9696638 -0.2292522 0.08483159 0.9696635 -0.2292522 0.08483332 0.9696632 -0.2292523 0.0804938 0.9201067 -0.3833074 0.08048421 0.9201064 -0.38331 0.08048069 0.9201064 -0.383311 0.0537154 0.613819 -0.7876172 0.1503031 0.9751238 -0.1629191 0.1503027 0.9751229 -0.1629246 0.1503024 0.9751223 -0.1629291 0.147665 0.9580128 -0.2457773 0.1476635 0.9580121 -0.2457811 0.147663 0.9580119 -0.2457824 0.1390956 0.9023725 -0.4078924 0.1391145 0.9023622 -0.4079089 0.1391192 0.9023596 -0.407913 0.08953523 0.5810072 -0.8089587 0.2214989 0.9359019 -0.2739087 0.2214906 0.9359021 -0.273915 0.2214885 0.9359021 -0.2739166 0.20582 0.8697443 -0.4485346 0.2058421 0.869732 -0.448548 0.2058458 0.8697299 -0.4485501 0.1251322 0.5286635 -0.8395575 0.2264413 0.9567971 -0.1823837 0.2264422 0.9567973 -0.182381 0.2264428 0.9567975 -0.1823795 0.32383 0.9215777 -0.2140767 0.3238303 0.92158 -0.2140659 0.3238303 0.921581 -0.2140616 0.3142048 0.8941879 -0.3189097 0.3142177 0.8941813 -0.3189156 0.31422 0.8941801 -0.3189166 0.2851669 0.8115332 -0.5099941 0.2851422 0.811589 -0.5099189 0.2851395 0.811595 -0.5099108 0.1592134 0.4531375 -0.8771075 0.3808882 0.7060481 -0.5970095 0.380927 0.7059441 -0.5971077 0.38093 0.7059361 -0.5971152 0.1898621 0.3519151 -0.9165742 0.457809 0.84856 -0.265249 0.4578117 0.8485608 -0.2652415 0.4578124 0.8485611 -0.2652396 0.4373991 0.8107227 -0.3891155 0.4373893 0.8107265 -0.3891187 0.437388 0.8107268 -0.3891191 0.646611 0.6801977 -0.3452901 0.6466116 0.6802108 -0.3452634 0.6466117 0.680213 -0.3452588 0.5999023 0.631069 -0.4918021 0.5999081 0.6310501 -0.4918193 0.5999085 0.6310485 -0.4918208 0.4883581 0.5136952 -0.7054244 0.4883048 0.5136359 -0.7055045 0.4883016 0.5136324 -0.7055093 0.2136685 0.2247661 -0.9506977 0.5729228 0.1956391 -0.7959177 0.5729423 0.1957657 -0.7958726 0.5729434 0.195773 -0.79587 0.2269254 0.07749211 -0.9708244 0.8511607 0.2907298 -0.4370373 0.8511752 0.2906982 -0.4370301 0.8511772 0.2906941 -0.4370292 0.7584979 0.2590519 -0.5979741 0.7584836 0.2590876 -0.5979769 0.7584825 0.2590903 -0.5979771 0.8511747 -0.2907063 -0.4370257 0.851158 -0.2907481 -0.4370307 0.8511771 -0.2907007 -0.437025 0.7585129 -0.2590972 -0.5979356 0.7584933 -0.2590609 -0.5979762 0.7585144 -0.2590999 -0.5979325 0.5729899 -0.195782 -0.7958342 0.572939 -0.1956446 -0.7959046 0.5729928 -0.1957899 -0.7958302 0.2268742 -0.07747465 -0.9708377 0.2136443 -0.2247406 -0.9507092 0.6466197 -0.6801933 -0.3452824 0.6466253 -0.6801888 -0.345281 0.6466188 -0.6801941 -0.3452826 0.5999017 -0.6310417 -0.4918379 0.5999104 -0.6310553 -0.4918097 0.5999009 -0.6310405 -0.4918404 0.4883442 -0.5136774 -0.7054471 0.4883337 -0.5136696 -0.70546 0.4883448 -0.5136778 -0.7054464 0.4578061 -0.8485611 -0.2652505 0.4578022 -0.8485639 -0.2652481 0.4578071 -0.8485603 -0.2652511 0.437394 -0.8107352 -0.3890954 0.4373995 -0.8107234 -0.3891137 0.4373933 -0.8107366 -0.3890932 0.3808853 -0.7059927 -0.5970768 0.3808896 -0.7060559 -0.5969994 0.380885 -0.7059879 -0.5970828 0.1898803 -0.3519487 -0.9165575 0.1592246 -0.4531693 -0.877089 0.3238377 -0.9215804 -0.214053 0.3238435 -0.9215773 -0.2140579 0.3238354 -0.9215816 -0.2140511 0.3142186 -0.8941838 -0.3189077 0.3142059 -0.8941911 -0.3188997 0.3142208 -0.8941826 -0.3189092 0.2851647 -0.8115431 -0.5099793 0.2851683 -0.8115239 -0.5100081 0.2851643 -0.8115453 -0.5099761 0.2264322 -0.9567995 -0.1823826 0.2264377 -0.9567967 -0.1823907 0.2264291 -0.956801 -0.1823779 0.2214802 -0.9359053 -0.2739124 0.2214843 -0.9359007 -0.2739245 0.2214791 -0.9359064 -0.2739095 0.2058404 -0.8697389 -0.4485353 0.2058227 -0.8697362 -0.4485487 0.2058432 -0.8697394 -0.4485331 0.1251202 -0.5286125 -0.8395915 0.1503069 -0.9751225 -0.1629233 0.1502985 -0.9751246 -0.1629188 0.1503136 -0.9751209 -0.162927 0.1476675 -0.9580112 -0.2457823 0.147675 -0.9580148 -0.2457639 0.147665 -0.95801 -0.2457885 0.1391136 -0.902381 -0.4078678 0.1390964 -0.9023784 -0.4078792 0.1391178 -0.9023816 -0.4078651 0.08953791 -0.5810245 -0.8089459 0.08482187 -0.9696647 -0.2292505 0.08482456 -0.9696655 -0.2292458 0.08482068 -0.9696643 -0.2292526 0.08048278 -0.9201099 -0.3833019 0.08048081 -0.9201028 -0.3833193 0.08048349 -0.9201125 -0.3832955 0.05371695 -0.6138364 -0.7876036 0.08613926 -0.984677 -0.1516286 0.08613872 -0.984678 -0.1516221 0.08613979 -0.9846759 -0.1516353 0.02808725 -0.9888253 -0.1464098 0.02808934 -0.9888247 -0.1464131 0.02808475 -0.9888259 -0.1464058 0.02768218 -0.9747434 -0.2216061 0.02768003 -0.9747436 -0.2216056 0.02768337 -0.9747432 -0.2216064 0.02634799 -0.9279694 -0.371724 0.02635335 -0.9279686 -0.3717256 0.02634537 -0.9279698 -0.3717232 0.01785767 -0.6295645 -0.7767431 -0.02808856 -0.9888244 -0.1464146 -0.02808654 -0.9888239 -0.146419 -0.02808409 -0.9888232 -0.1464244 -0.02768182 -0.9747449 -0.2215995 -0.02768474 -0.9747437 -0.2216041 -0.02768623 -0.9747431 -0.2216064 -0.02635806 -0.9279685 -0.3717255 -0.02635324 -0.9279692 -0.371724 -0.02635085 -0.9279696 -0.3717232 -0.08613193 -0.9846784 -0.151624 -0.08613604 -0.9846785 -0.1516206 -0.08614039 -0.9846787 -0.1516171 -0.08482503 -0.969666 -0.2292437 -0.08482062 -0.9696668 -0.229242 -0.08481866 -0.9696671 -0.2292412 -0.1503054 -0.975122 -0.1629278 -0.1503084 -0.9751207 -0.1629331 -0.1503108 -0.9751196 -0.1629374 -0.1476766 -0.9580153 -0.2457609 -0.1476668 -0.958015 -0.245768 -0.08953791 -0.5810245 -0.8089459 -0.2264409 -0.9567949 -0.1823961 -0.226433 -0.9567974 -0.1823918 -0.2264286 -0.956799 -0.1823893 -0.2214873 -0.935899 -0.2739276 -0.2214883 -0.9359015 -0.2739188 -0.2058228 -0.8697395 -0.4485423 -0.2058343 -0.8697332 -0.4485494 -0.2058362 -0.869732 -0.4485505 -0.1251227 -0.528585 -0.8396084 -0.3238206 -0.9215846 -0.214061 -0.3238247 -0.9215835 -0.2140595 -0.3238262 -0.9215831 -0.2140589 -0.3142044 -0.8941884 -0.3189085 -0.3142144 -0.8941863 -0.318905 -0.3142161 -0.8941859 -0.3189043 -0.1592203 -0.4532169 -0.8770652 -0.4578208 -0.848555 -0.2652449 -0.4578108 -0.8485537 -0.265266 -0.4578083 -0.8485533 -0.2652714 -0.4374029 -0.8107197 -0.3891174 -0.4373798 -0.8107443 -0.389092 -0.4373771 -0.8107473 -0.3890889 -0.3808934 -0.7060374 -0.5970187 -0.3808744 -0.7060233 -0.5970476 -0.380873 -0.7060222 -0.5970498 -0.1898831 -0.3519122 -0.916571 -0.5999005 -0.6310595 -0.4918164 -0.5999026 -0.6310439 -0.4918339 -0.5999028 -0.6310424 -0.4918354 -0.6466361 -0.6801635 -0.3453106 -0.64662 -0.6801907 -0.3452873 -0.8511745 -0.290737 -0.4370059 -0.8511669 -0.2907498 -0.4370121 -0.8511658 -0.2907515 -0.437013 -0.7584782 -0.2590939 -0.597981 -0.7585117 -0.2590399 -0.597962 -0.7585141 -0.2590358 -0.5979605 -0.5729152 -0.1957091 -0.7959058 -0.5729702 -0.1957079 -0.7958666 -0.2268738 -0.07749658 -0.970836 -0.7584964 0.2590364 -0.5979828 -0.7584929 0.2590885 -0.5979648 -0.7584967 0.2590325 -0.5979843 -0.5729332 0.1956953 -0.7958964 -0.572946 0.1957196 -0.7958811 -0.226925 0.07751411 -0.9708227 -0.8511598 0.2907392 -0.437033 -0.8511625 0.2907137 -0.4370447 -0.8511595 0.2907426 -0.4370315 -0.6466153 0.6802119 -0.3452543 -0.6466315 0.6801827 -0.3452815 -0.5999003 0.6310433 -0.4918375 -0.599893 0.631076 -0.4918044 -0.5999009 0.6310405 -0.4918404 -0.4883015 0.5136324 -0.7055094 -0.4883466 0.5136831 -0.7054412 -0.4882987 0.5136293 -0.7055135 -0.380905 0.7060067 -0.5970478 -0.3808916 0.7060309 -0.5970276 -0.3809061 0.7060049 -0.5970493 -0.1898648 0.3518785 -0.9165877 -0.4578092 0.8485618 -0.2652428 -0.4577967 0.8485648 -0.265255 -0.4373754 0.8107361 -0.3891143 -0.4374048 0.8107231 -0.3891083 -0.4373719 0.8107377 -0.3891149 -0.3238279 0.9215813 -0.2140643 -0.323832 0.9215766 -0.214078 -0.3238262 0.9215831 -0.2140589 -0.3142145 0.8941867 -0.3189036 -0.3142054 0.8941914 -0.3188993 -0.3142161 0.8941859 -0.3189043 -0.1592091 0.4531852 -0.8770837 -0.1251227 0.528585 -0.8396084 -0.2264414 0.9567966 -0.1823861 -0.2264442 0.9567968 -0.1823813 -0.2264398 0.9567965 -0.1823889 -0.2214936 0.9359007 -0.2739169 -0.2215006 0.9358986 -0.2739189 -0.2058411 0.8697394 -0.4485341 -0.2058281 0.8697392 -0.4485405 -0.2058432 0.8697394 -0.4485331 -0.1503015 0.9751224 -0.1629291 -0.1503024 0.9751219 -0.1629312 -0.1503008 0.9751228 -0.1629274 -0.1476618 0.9580123 -0.2457811 -0.1476629 0.9580132 -0.2457774 -0.1391095 0.9023581 -0.4079195 -0.1390938 0.9023786 -0.4078795 -0.1391134 0.9023531 -0.4079294 -0.08954322 0.5810592 -0.8089205 -0.0861411 0.9846776 -0.1516242 -0.08614605 0.9846766 -0.1516277 -0.08613586 0.9846786 -0.1516205 -0.08483076 0.9696629 -0.2292546 -0.08482676 0.9696651 -0.2292469 -0.08483248 0.969662 -0.229258 -0.02807468 0.9888255 -0.1464108 -0.02807039 0.988825 -0.1464147 -0.02808004 0.988826 -0.1464058 -0.02767914 0.9747461 -0.221594 -0.02768206 0.9747467 -0.2215912 -0.02767765 0.9747459 -0.2215954 -0.02634799 0.9279677 -0.3717283 -0.02635324 0.9279634 -0.3717384 -0.02634537 0.9279698 -0.3717232 0.02808308 0.9888256 -0.1464076 0.02808135 0.988826 -0.1464062 0.02807915 0.9888262 -0.1464045 0.02635025 0.9279674 -0.3717288 0.02635121 0.9279656 -0.3717332 0.02635169 0.9279647 -0.3717353 0.08613175 0.9846797 -0.1516152 0.08613556 0.9846794 -0.1516154 0.08613955 0.9846791 -0.1516156 0.08482724 0.969664 -0.2292512 0.0848301 0.9696645 -0.2292482 0.08483135 0.9696647 -0.229247 0.150303 0.9751228 -0.1629254 0.1503026 0.9751225 -0.1629274 0.1476656 0.9580126 -0.2457783 0.1476663 0.9580104 -0.2457859 0.1476666 0.9580097 -0.2457885 0.1390961 0.9023719 -0.4078939 0.1391185 0.9023563 -0.4079207 0.139124 0.9023524 -0.4079273 0.2058194 0.869745 -0.4485332 0.2058355 0.869741 -0.4485335 0.2058382 0.8697404 -0.4485336 0.1251348 0.5286359 -0.8395746 0.2264426 0.956798 -0.1823772 0.2264412 0.9567983 -0.1823773 0.2264403 0.9567985 -0.1823775 0.32383 0.9215777 -0.2140767 0.2851777 0.8115172 -0.5100134 0.2851433 0.8115874 -0.5099208 0.1592091 0.4531852 -0.8770837 0.3809013 0.7060235 -0.5970302 0.3808856 0.7060215 -0.5970427 0.3808844 0.7060213 -0.5970436 0.1898648 0.3518785 -0.9165877 0.4374027 0.8107192 -0.3891187 0.4373767 0.8107386 -0.3891076 0.4373736 0.8107409 -0.3891063 0.6466148 0.6802017 -0.3452754 0.6466121 0.6802114 -0.3452612 0.599896 0.631079 -0.4917969 0.5999075 0.6310509 -0.4918189 0.4883498 0.5137196 -0.7054125 0.4883043 0.5136373 -0.7055038 0.5729148 0.1957069 -0.7959067 0.5729578 0.1956322 -0.7958941 0.5729603 0.1956279 -0.7958934 0.226925 0.07751411 -0.9708227 0.8511652 0.2907096 -0.4370422 0.8511665 0.2906927 -0.4370508 0.8511667 0.2906905 -0.437052 0.7584987 0.2590478 -0.5979748 0.7585008 0.2590058 -0.5979905 0.7585011 0.2590026 -0.5979916 0.8511761 -0.2907041 -0.4370244 0.8511694 -0.2907302 -0.4370203 0.7585302 -0.2590153 -0.5979492 0.7584941 -0.2590568 -0.5979768 0.758533 -0.2590122 -0.5979471 0.5730054 -0.1956485 -0.7958558 0.5729312 -0.1957125 -0.7958937 0.5730097 -0.1956448 -0.7958537 0.2268738 -0.07749658 -0.970836 0.6466253 -0.6801888 -0.345281 0.5999011 -0.6310425 -0.4918375 0.599904 -0.6310654 -0.4918045 0.4883438 -0.5136787 -0.7054464 0.4883255 -0.5136939 -0.705448 0.4578141 -0.8485541 -0.2652586 0.4578289 -0.8485424 -0.2652708 0.4578104 -0.8485572 -0.2652555 0.4373814 -0.8107472 -0.3890842 0.437403 -0.81072 -0.3891168 0.4373788 -0.8107506 -0.3890803 0.3808581 -0.7060436 -0.5970341 0.3809033 -0.7060303 -0.5970209 0.3808545 -0.7060446 -0.5970351 0.1898831 -0.3519122 -0.916571 0.1592203 -0.4532169 -0.8770652 0.3238295 -0.9215812 -0.2140627 0.3238166 -0.9215866 -0.2140584 0.3238344 -0.921579 -0.2140644 0.3142185 -0.8941837 -0.3189077 0.2851652 -0.8115424 -0.5099802 0.2851737 -0.8115159 -0.5100178 0.2264339 -0.9567981 -0.182387 0.2264388 -0.9567985 -0.1823793 0.2264311 -0.956798 -0.1823914 0.2214853 -0.9359032 -0.2739154 0.2214861 -0.9359048 -0.2739095 0.2214851 -0.9359027 -0.2739168 0.2058465 -0.8697307 -0.4485487 0.2058197 -0.8697403 -0.4485422 0.2058508 -0.8697291 -0.4485497 0.1251227 -0.528585 -0.8396084 0.150309 -0.9751206 -0.1629331 0.1503047 -0.9751214 -0.162932 0.1503125 -0.9751198 -0.1629339 0.1476669 -0.958011 -0.2457832 0.1476726 -0.9580142 -0.2457674 0.1391171 -0.9023757 -0.4078782 0.1390948 -0.902381 -0.4078742 0.1391226 -0.9023744 -0.4078792 0.08482068 -0.9696655 -0.2292474 0.08482527 -0.9696649 -0.2292478 0.08481872 -0.9696657 -0.2292472 0.08613532 -0.9846786 -0.1516205 0.08613252 -0.9846792 -0.1516183 0.08613824 -0.984678 -0.1516228 0.02808725 -0.9888253 -0.1464098 0.02808952 -0.9888246 -0.1464142 0.02808445 -0.9888262 -0.1464045 0.02634853 -0.9279664 -0.3717311 0.02635318 -0.9279699 -0.3717224 0.0263462 -0.9279648 -0.3717354 0.8803431 0.4743376 0 0.6580408 0.7529823 0 0.658042 0.7529813 0 0.9626121 0.2708839 0 0.8803426 0.4743385 0 0.2302399 0.9731339 0 0.1448467 0.9894541 0 0.1448468 0.9894541 0 0.4718894 0.8816578 0 0.4718901 0.8816574 0 0.3348199 0.9422821 0 0.2302399 0.973134 0 -0.2302393 0.9731341 0 -0.3348189 0.9422825 0 -0.3348187 0.9422826 0 -0.8803418 0.4743399 0 -0.9626119 0.2708843 0 -0.9626114 0.2708865 0 0.8803328 -0.4743566 0 0.9626126 -0.270882 0 0.962612 -0.270884 0 -0.4718884 0.8816583 0 -0.4718886 0.8816583 0 -0.6580402 0.7529828 0 -0.8803423 0.4743391 0 -0.1448462 0.9894543 0 -0.2302393 0.9731342 0 0.7556023 -0.6550308 0 0.8803172 -0.4743858 0 0.07005929 0.9975429 0 2.15943e-7 1 0 2.26622e-7 1 0 -0.07005882 0.9975429 0 -0.07005882 0.9975429 0 -0.6580397 0.7529833 0 -0.1448462 0.9894543 0 0.07005923 0.9975429 0 0.3348196 0.9422823 0 -0.9626128 -0.2708814 0 -0.8803383 -0.4743464 0 -0.8803466 -0.474331 0 1.27118e-7 1 -3.25111e-7 0 1 -4.7017e-7 0 0.6776147 0.7354172 0.05095463 0 0.998701 -0.05592513 -2.20157e-4 0.998435 0.05592656 -2.20152e-4 0.998435 -0.7556607 -0.6549633 0 0 0.6776164 0.7354156 0 1 0 0 1 0 0 0 -1 0.05592483 -2.20266e-4 -0.998435 -0.05592483 -2.20267e-4 -0.998435 -0.9984626 -0.001006901 -0.05542272 -0.9984625 -0.001006305 0.0554232 -0.7030507 0 0.7111397 0 1 2.03617e-7 0 1 2.17531e-7 0 0.6776164 0.7354156 0.9984275 0 0.05606013 0.9984274 0 -0.05606043 0.9984262 0 0.05608123 0.7030507 0 0.7111398 0.702916 0 0.7112729 0.9984564 -0.001006543 0.05553293 -0.9984274 0 0.05606037 -0.9984275 0 -0.05606055 -0.9984262 0 -0.05608135 0.05605828 2.69067e-6 0.9984275 -1.28623e-6 0 1 -4.19357e-7 0 1 0.05607599 0 -0.9984265 -0.05605846 2.69067e-6 -0.9984275 -0.05605846 -1.881e-5 -0.9984275 -1.34573e-6 0 1 -0.05606764 0 0.998427 -0.05607402 0 0.9984266 3.42025e-7 1 -2.97955e-4 -4.00287e-7 1 -2.97928e-4 -1.22177e-7 1 -3.06782e-4 0.01748013 -0.01087486 -0.9997881 0.01748043 -0.009004473 -0.9998067 0.01748025 -0.01040744 -0.9997931 -1.70886e-4 -1 2.9146e-4 6.94835e-5 -1 2.3946e-4 -1.79233e-4 -1 2.94489e-4 -2.74411e-7 -1 -7.81158e-6 -2.27052e-7 -1 -3.9716e-6 0 -1 -5.73687e-7 1.56517e-6 1 -9.03051e-5 0 1 1.03532e-5 0 1 -8.69336e-7 0 1 -1.27671e-5 2.26497e-4 -1 1.55883e-4 1.68809e-4 -1 2.94281e-4 1.60671e-4 -1 2.91199e-4 0 1 -2.97912e-4 0 1 -2.9778e-4 0 1 -2.97763e-4 0 1 0 0 1 -1.03859e-5 0 1 0 1.54632e-6 1 -8.80485e-5 0 1 4.66829e-7 1.56517e-6 1 -8.93329e-5 0 1 7.41758e-6 1.54632e-6 1 -8.80342e-5 0 1 3.83851e-6 1.56517e-6 1 -8.90993e-5 0 1 2.50047e-7 1.54632e-6 1 -8.80069e-5 0 1 -1.01147e-5 1.56517e-6 1 -8.90723e-5 0 1 4.08042e-7 1.54633e-6 1 -8.79799e-5 0 -1 -1.96979e-7 0 -1 -1.22361e-6 0 1 0 0 1 4.51259e-6 0 -1 -2.09217e-7 0 -1 -1.28508e-6 0 1 -8.11792e-6 0 1 0 3.7499e-5 -1 1.18551e-4 0 1 0 0 1 1.66381e-7 0 1 1.22836e-7 0 1 0 0 1 0 0.01748019 -0.01040697 -0.9997931 0.01748043 -0.009004354 -0.9998067 0.01748013 -0.0108748 -0.9997881 4.66733e-6 1 -2.66176e-4 0.01748013 -0.01087468 -0.9997881 0.01748043 -0.009004354 -0.9998067 0.01748013 -0.01087486 -0.9997881 0.9999949 2.83885e-5 0.003211259 0.9999949 2.82674e-5 0.003211259 0.9999949 2.8399e-5 0.003211259 0.01748013 -0.01087474 -0.9997881 0.01748043 -0.009004414 -0.9998067 0.01748013 -0.01087492 -0.9997881 4.66732e-6 1 -2.65666e-4 0.01748013 -0.0108748 -0.9997881 0.01748043 -0.009004414 -0.9998067 0.01748013 -0.01087492 -0.9997881 -0.9999949 -2.83927e-5 -0.003211259 -0.9999949 -2.83798e-5 -0.003211259 -0.9999949 -2.83786e-5 -0.003211259 -1 2.41107e-7 3.62793e-7 -1 3.45191e-7 2.80591e-7 -1 0 5.53211e-7 2.89812e-5 1 -3.31741e-4 2.26711e-5 1 -2.96192e-4 5.78731e-5 1 -2.95501e-4 -1.16758e-6 0 1 -4.19357e-7 0 1 -1.20276e-6 0 1 -7.65809e-7 0 1 -9.79498e-7 0 1 -1.04438e-6 0 1 -7.61621e-7 0 1 -6.50638e-7 0 1 -1.43274e-6 0 1 -1.67743e-6 0 1 -7.83401e-7 0 1 -3.46452e-7 0 1 -1.24467e-6 0 1 0.01747995 -0.01181006 -0.9997775 0.01747995 -0.01181012 -0.9997776 0.01748001 -0.01181006 -0.9997776 0.01748001 -0.01181006 -0.9997775 0.01748001 -0.01181 -0.9997775 0.01747995 -0.01181 -0.9997775 0.01748001 -0.01180994 -0.9997775 0.01748001 -0.01180994 -0.9997776 0.01747995 -0.01180994 -0.9997776 0 1 0 0 1 4.62819e-6 0 1 -2.3524e-6 0 1 -1.73404e-7 -3.17334e-7 -1 1.27609e-7 -3.71737e-7 -1 4.21437e-6 -3.63788e-7 -1 -8.202e-6 0 1 -5.14696e-7 -2.83465e-7 -1 1.47414e-6 0 -1 4.70511e-7 -6.94488e-5 -1 2.39541e-4 -3.74798e-5 -1 1.18622e-4 -2.26594e-4 -1 1.55624e-4 1.60931e-4 -1 1.09901e-4 0 -1 -2.65451e-6 0 -1 -1.99523e-6 0.01747995 -0.01181012 -0.9997775 0.01748049 -0.009004354 -0.9998067 0.01748049 -0.009004354 -0.9998067 0.01748049 -0.009004414 -0.9998067 0.01748043 -0.009004414 -0.9998067 0.01748043 -0.009004414 -0.9998067 0.01748043 -0.009004414 -0.9998067 0.01748043 -0.009004414 -0.9998067 0.01748043 -0.009004414 -0.9998067 0.01748043 -0.009004414 -0.9998067 0.01748049 -0.009004473 -0.9998067 0.01748049 -0.009004473 -0.9998067 0.01748049 -0.009004473 -0.9998067 -1.64705e-6 -1 2.65064e-4 -1.64704e-6 -1 2.62615e-4 -1.64704e-6 -1 2.62125e-4 -0.9999949 -2.82313e-5 -0.003210842 -0.9999949 -2.84043e-5 -0.003210842 -0.9999949 -2.84193e-5 -0.003210842 0.9999949 2.80877e-5 0.003211677 0.9999949 2.82435e-5 0.003211677 0.9999949 2.80743e-5 0.003211677 -2.02102e-6 -1 2.69949e-4 -2.02102e-6 -1 2.66397e-4 -2.02103e-6 -1 2.65686e-4 4.66733e-6 1 -2.65556e-4 -0.9999949 -2.87319e-5 -0.003211677 -0.9999949 -2.85934e-5 -0.003211677 -0.9999949 -2.85815e-5 -0.003211677 0.9999949 2.81747e-5 0.003210842 0.9999949 2.83996e-5 0.003210842 0.9999949 2.81552e-5 0.003210842 -1.64704e-6 -1 2.62038e-4 -1.64704e-6 -1 2.69994e-4 -1.64704e-6 -1 2.71585e-4 4.66732e-6 1 -2.65556e-4 -0.9999949 -2.8379e-5 -0.003211259 -0.9999949 -2.82665e-5 -0.003211259 -0.9999949 -2.82567e-5 -0.003211259 0.9999949 2.83463e-5 0.003211259 0.9999949 2.84134e-5 0.003211259 0.9999949 2.83405e-5 0.003211259 -1.64705e-6 -1 2.69327e-4 -1.64705e-6 -1 2.62665e-4 -1.64705e-6 -1 2.61332e-4 -1.61001e-4 -1 1.09494e-4 0 1 -1.36063e-5 -9.12185e-7 0.01077228 0.999942 -5.34265e-7 0.009319961 0.9999566 -1.2466e-6 0.01077228 0.9999421 1.34678e-7 1.33823e-7 -1 -4.06976e-6 0 -1 4.02616e-6 0 -1 1 -6.38309e-7 -2.18609e-7 1 -5.67468e-7 -1.56804e-7 1 -9.10634e-7 -1.44362e-7 -1 5.22392e-7 0 -1 6.34032e-7 0 -1 3.70984e-7 0 -1.54866e-6 0.01077222 0.9999421 -9.54921e-7 0.009319841 0.9999567 -1.24766e-6 0.01077228 0.999942 -8.65877e-7 0.009319663 0.9999566 -6.30733e-7 0.01077228 0.999942 -1.26504e-6 0.009319603 0.9999566 -5.47169e-7 0.01077216 0.999942 -9.76415e-7 0.009319722 0.9999566 -6.07625e-7 0.01077216 0.999942 -8.65877e-7 0.009319782 0.9999566 -7.19059e-7 0.01077216 0.999942 -7.76833e-7 0.009319782 0.9999566 -9.41031e-7 0.01077222 0.999942 -4.66714e-7 0.009319901 0.9999566 -1.08534e-6 0.01077228 0.999942 -1.78088e-7 0.009319961 0.9999566 -6.37998e-7 0.01222461 0.9999254 -6.48371e-7 0.01222461 0.9999254 -6.37997e-7 0.01222461 0.9999253 -6.37997e-7 0.01222461 0.9999254 -7.71821e-7 0.01222461 0.9999253 -1.16292e-6 0.01222461 0.9999253 -1.17329e-6 0.01222485 0.9999254 -1.05025e-6 0.01222491 0.9999254 -1.00835e-6 0.01222479 0.9999254 -1 6.69816e-7 0 -1 0 0 1 -5.17409e-7 -1.28171e-7 1 -1.33195e-6 0 -1.02909e-6 0.01222461 0.9999253 1 -2.60603e-7 -3.40827e-7 1 -9.07072e-7 -3.14417e-7 -1 6.54857e-7 2.33188e-7 -1 2.55344e-7 3.30604e-7 0 1 5.02297e-6 -1.46752e-7 -1 -7.99271e-6 0 -1 0 1 -3.60549e-7 -3.43659e-7 1 -7.5359e-7 -4.79615e-7 1 -5.34039e-7 -2.34549e-7 -1.25191e-7 0 1 -1.39461e-7 0 1 2.54415e-7 0 1 7.53856e-6 1 -3.00564e-4 -2.38602e-5 1 -2.9624e-4 1.10359e-5 1 -2.95531e-4 -3.19837e-6 1 -3.71372e-4 -2.88093e-5 1 -3.3232e-4 7.51554e-6 1 -3.0619e-4 5.70724e-7 1 -3.11809e-4 0 1 -3.11382e-4 3.09916e-7 1 -3.10929e-4 2.35569e-7 1 -3.10966e-4 3.38004e-7 1 -3.11035e-4 1.95415e-7 1 -3.10969e-4 1.43047e-7 1 -3.1083e-4 0 1 -3.10946e-4 0 1 -3.10921e-4 1.73845e-7 1 -3.10962e-4 1.6782e-7 1 -3.11353e-4 1.96006e-7 1 -3.108e-4 0 1 -3.11137e-4 2.1092e-7 1 -3.10917e-4 0 1 -3.11032e-4 0 1 -3.11382e-4 0 1 -3.10639e-4 -7.58349e-6 1 -3.0558e-4 -7.61415e-6 1 -3.00256e-4 -0.6660237 -0.001172125 0.7459297 -0.9751086 -0.003353536 0.2217022 -0.9698256 -0.002759814 0.2437841 -0.9010686 -0.005082547 0.4336469 -0.8839005 -0.003842711 0.4676593 -0.7816945 -0.005163967 0.6236402 -0.7523604 -0.003458857 0.6587427 -0.6231155 -0.004095315 0.7821192 -0.5877565 -0.002284944 0.8090348 -0.4334076 -0.002517223 0.9011945 -0.4017401 -0.001020848 0.9157533 -0.2221335 -0.001063883 0.9750158 -0.2035017 -2.24416e-4 0.9790747 -0.0509535 0 0.998701 0.7535347 -0.001326799 0.6574068 0.9751089 -0.003355324 -0.2217013 0.9698259 -0.002761244 -0.2437835 0.9010689 -0.005085289 -0.4336465 0.8839 -0.003844857 -0.4676603 0.7816951 -0.005166709 -0.6236394 0.7523605 -0.003460824 -0.6587427 0.6231154 -0.004097461 -0.7821191 0.5877566 -0.002286195 -0.8090347 0.4334059 -0.002518534 -0.9011954 0.40174 -0.001021444 -0.9157532 0.2221323 -0.00106436 -0.9750161 0.203503 -2.24577e-4 -0.9790743 0.05095475 0 -0.998701 0.2034997 -2.24416e-4 0.979075 0.2221348 -0.001063942 0.9750154 0.4017336 -0.001020967 0.9157561 0.4334087 -0.002517461 0.901194 0.58775 -0.002285182 0.8090394 0.6231173 -0.004095673 0.7821177 0.7523562 -0.003459274 0.6587475 0.7816944 -0.005164504 0.6236405 0.883899 -0.003843247 0.4676621 0.9010679 -0.005083203 0.4336485 0.9698252 -0.002760231 0.2437858 0.9751085 -0.003354072 0.2217029 0.6660225 -0.001172304 0.7459307 -0.203503 -2.24579e-4 -0.9790743 -0.05095487 0 -0.998701 -0.2221323 -0.00106436 -0.9750161 -0.40174 -0.001021444 -0.9157532 -0.4334059 -0.002518534 -0.9011954 -0.5877566 -0.002286195 -0.8090347 -0.6231154 -0.004097461 -0.7821191 -0.7523604 -0.003460764 -0.6587429 -0.7816951 -0.005166709 -0.6236394 -0.8838999 -0.003844857 -0.4676604 -0.9010689 -0.005085289 -0.4336465 -0.9698258 -0.002761304 -0.2437835 -0.9751089 -0.003355383 -0.2217013 -0.7535347 -0.001326858 0.6574068 0 -1 0 0 -1 0 0 -1 0 1.52774e-7 1 -2.98966e-4 1.54374e-7 1 -2.98891e-4 0 1 -3.06764e-4 1.70926e-7 1 -2.98181e-4 1.92335e-7 1 -2.97905e-4 2.18776e-7 1 -2.98003e-4 2.35251e-7 1 -2.97911e-4 3.1842e-7 1 -2.97714e-4 3.81502e-7 1 -2.97728e-4 -3.34787e-7 1 -2.97987e-4 0 1 -3.07337e-4 -2.41822e-7 1 -2.9798e-4 -2.1331e-7 1 -2.9807e-4 -1.90762e-7 1 -2.98189e-4 -1.68391e-7 1 -2.98258e-4 -1.54054e-7 1 -2.98891e-4 -1.52834e-7 1 -2.98966e-4 3.86625e-7 1 -2.97736e-4 3.1308e-7 1 -2.97664e-4 0 1 -3.06648e-4 2.86573e-7 1 -2.9761e-4 2.70981e-7 1 -2.97609e-4 2.62975e-7 1 -2.97522e-4 2.40557e-7 1 -2.97623e-4 2.30237e-7 1 -2.95987e-4 2.29601e-7 1 -2.9579e-4 2.29453e-7 1 -2.98967e-4 2.30035e-7 1 -2.98892e-4 0 1 -3.06809e-4 2.3619e-7 1 -2.98258e-4 2.46818e-7 1 -2.98188e-4 2.70167e-7 1 -2.98004e-4 3.00762e-7 1 -2.98004e-4 3.53136e-7 1 -2.98039e-4 6.34663e-5 1 -3.11102e-4 3.61297e-5 1 -3.39724e-4 6.46221e-5 1 -3.28954e-4 6.04362e-5 1 -3.41885e-4 5.05013e-5 1 -3.61835e-4 3.50627e-5 1 -3.70715e-4 1.63061e-5 1 -3.71681e-4 3.19837e-6 1 -3.70548e-4 -1.63061e-5 1 -3.72809e-4 -3.58068e-5 1 -3.39559e-4 -3.40637e-5 1 -3.70254e-4 -4.91897e-5 1 -3.6087e-4 -6.03219e-5 1 -3.41884e-4 -6.45762e-5 1 -3.26772e-4 -6.29512e-5 1 -3.09846e-4 -5.74204e-5 1 -2.95702e-4 -5.40035e-7 1 -3.1225e-4 -3.06455e-6 1 -3.12725e-4 -6.93916e-6 1 -3.11622e-4 -9.82819e-6 1 -3.11311e-4 -1.16479e-5 1 -3.08436e-4 -1.30542e-5 1 -3.02023e-4 -1.33696e-5 1 -2.98265e-4 -1.10386e-5 1 -2.94457e-4 1.34791e-5 1 -3.0179e-4 1.37224e-5 1 -3.05812e-4 1.22903e-5 1 -3.08668e-4 8.88771e-6 1 -3.10921e-4 6.31017e-6 1 -3.13166e-4 3.22153e-6 1 -3.11577e-4 -0.0560925 -3.31216e-6 -0.9984256 -0.2225096 0 -0.9749306 -0.2225326 0 -0.9749253 -0.4338725 0 -0.9009744 -0.4338913 0 -0.9009652 -0.623479 0 -0.7818402 -0.623497 0 -0.7818259 -0.7818213 0 -0.6235026 -0.781841 0 -0.6234779 -0.9009609 0 -0.4339004 -0.9009779 0 -0.4338651 -0.9749236 0 -0.2225403 -0.9749328 0 -0.2225 -0.2225132 0 0.9749298 -0.2225295 0 0.9749261 -0.4338736 0 0.9009737 -0.4338957 0 0.9009631 -0.6234797 0 0.7818396 -0.6235013 0 0.7818224 -0.7818227 0 0.623501 -0.7818421 0 0.6234766 -0.9009609 0 0.4339002 -0.9009774 0 0.4338661 -0.9749232 0 0.2225417 -0.9749323 0 0.2225018 -0.9984263 0 0.05608129 0.05608028 -2.08798e-5 0.9984263 0.2225161 0 0.974929 0.05608427 -2.06918e-6 0.998426 0.2225235 0 0.9749274 0.4338737 0 0.9009738 0.4338911 0 0.9009654 0.6234792 0 0.78184 0.623499 0 0.7818242 0.7818217 0 0.623502 0.78184 0 0.6234793 0.900961 0 0.4339001 0.9009768 0 0.4338676 0.9749234 0 0.2225408 0.9749326 0 0.2225007 0.2225096 0 -0.9749305 0.05606436 0 -0.9984272 0.2225326 0 -0.9749253 0.4338721 0 -0.9009745 0.4338908 0 -0.9009656 0.6234793 0 -0.78184 0.623497 0 -0.7818259 0.7818226 0 -0.623501 0.7818421 0 -0.6234766 0.9009609 0 -0.4339004 0.9009774 0 -0.4338662 0.9749233 0 -0.2225411 0.9749323 0 -0.2225019 0.9984262 0 -0.05608117 1.43805e-7 1 -3.06232e-4 -1 0 5.97998e-7 -1 0 2.21239e-7 -1 0 8.19238e-7 0 -1 0 0 -1 2.56081e-7 0 -1 2.8243e-7 1 -3.45308e-6 -5.44734e-7 1 0 4.09621e-7 1 -4.41345e-7 -6.2209e-7 0 1 0 0 1 -3.70808e-7 0 1 -4.0896e-7 0 2.78341e-7 -1 -5.44405e-7 1.073e-6 -1 -2.53042e-7 3.36734e-7 -1 2.36708e-7 0 1 0 0 1 -1 0 0 0 -1 0 1 -2.95727e-7 0 1 0 0 1 0 0 0 1 0 -2.19278e-7 1 0 2.12904e-7 6.26529e-7 -1 -6.08885e-7 1.75539e-6 -1 -1.3853e-7 -1.96555e-7 1 0 -1.82018e-7 1 1.58206e-7 0 -1 -3.13389e-6 0 -1 2.44516e-5 0 -1 0 0 -1 0 0 -1 -0.02809107 -0.9888249 -0.1464111 -0.02768111 -0.9747444 -0.2216011 -0.02635902 -0.9279708 -0.3717198 -0.08613777 -0.9846789 -0.1516177 -0.08482784 -0.9696648 -0.2292479 -0.08047693 -0.9201015 -0.3833231 -0.1502938 -0.9751256 -0.1629168 -0.1476765 -0.9580168 -0.245755 -0.1390928 -0.9023742 -0.4078899 -0.2264431 -0.9567961 -0.1823869 -0.221485 -0.9358999 -0.2739267 -0.2058178 -0.8697454 -0.4485332 -0.3238421 -0.921578 -0.2140572 -0.3142031 -0.8941887 -0.318909 -0.2851685 -0.8115227 -0.5100099 -0.4577999 -0.8485653 -0.2652478 -0.437395 -0.8107272 -0.3891108 -0.3808866 -0.7060526 -0.5970054 -0.5999004 -0.6310605 -0.4918152 -0.4883363 -0.5136724 -0.7054561 -0.6466303 -0.6801888 -0.3452717 -0.8511753 -0.2907356 -0.4370052 -0.758485 -0.2590565 -0.5979887 -0.5729179 -0.1956722 -0.7959131 -0.7585036 0.2590517 -0.597967 -0.5729507 0.1956834 -0.7958866 -0.8511628 0.2907108 -0.4370461 -0.646613 0.6801942 -0.3452934 -0.5998926 0.631078 -0.4918023 -0.4883304 0.5136662 -0.7054647 -0.38088 0.7060404 -0.5970239 -0.4577995 0.8485612 -0.2652611 -0.4373973 0.8107315 -0.3890988 -0.3238307 0.9215791 -0.2140693 -0.3142043 0.894192 -0.3188987 -0.2851759 0.8115263 -0.5099998 -0.2264435 0.9567978 -0.1823772 -0.2214998 0.9358993 -0.2739167 -0.205823 0.8697445 -0.4485327 -0.1503043 0.9751211 -0.1629341 -0.1476607 0.9580149 -0.2457722 -0.1390879 0.9023781 -0.4078828 -0.08614933 0.9846762 -0.1516285 -0.08482682 0.9696649 -0.2292479 -0.08049476 0.9201068 -0.3833068 -0.02806562 0.9888246 -0.1464191 -0.02768367 0.9747461 -0.2215936 -0.02635437 0.9279646 -0.3717353 0.02806442 0.9888257 -0.1464108 0.02768468 0.9747461 -0.2215939 0.02635037 0.9279654 -0.3717338 0.08615076 0.9846756 -0.151631 0.08482635 0.9696639 -0.2292521 0.08049589 0.9201067 -0.3833068 0.1503034 0.9751244 -0.1629152 0.1476654 0.958013 -0.2457763 0.1390928 0.9023742 -0.4078899 0.2215004 0.9359019 -0.2739076 0.2058178 0.8697454 -0.4485332 0.2264409 0.9567968 -0.1823851 0.3238299 0.9215769 -0.2140805 0.3142031 0.8941887 -0.318909 0.2851685 0.8115296 -0.5099987 0.3808866 0.7060526 -0.5970054 0.4578084 0.8485597 -0.2652506 0.4373999 0.8107223 -0.3891152 0.6466109 0.6801958 -0.3452942 0.5999019 0.6310701 -0.491801 0.4883598 0.5136971 -0.7054219 0.5729222 0.1956352 -0.795919 0.851159 0.2907335 -0.4370381 0.7584987 0.2590501 -0.597974 0.851156 -0.290753 -0.4370313 0.7584923 -0.259059 -0.5979782 0.5729375 -0.1956405 -0.7959067 0.6466261 -0.6801881 -0.3452808 0.5999109 -0.6310562 -0.4918079 0.4883334 -0.5136693 -0.7054604 0.4578013 -0.8485646 -0.2652476 0.4373999 -0.8107223 -0.3891152 0.3808898 -0.7060586 -0.5969961 0.3238456 -0.9215762 -0.2140595 0.3142043 -0.894192 -0.3188987 0.2851685 -0.8115227 -0.5100099 0.2264404 -0.9567951 -0.1823948 0.221485 -0.9358999 -0.2739267 0.205821 -0.869736 -0.44855 0.1502925 -0.975126 -0.1629154 0.1476769 -0.9580157 -0.2457592 0.1390939 -0.902378 -0.4078809 0.08482545 -0.9696658 -0.2292442 0.08048039 -0.9201014 -0.3833231 0.08613824 -0.9846791 -0.1516161 0.02809154 -0.9888241 -0.1464167 0.02767914 -0.9747436 -0.2216054 0.02635496 -0.9279683 -0.371726 -0.02809083 -0.9888252 -0.1464099 -0.02768069 -0.9747453 -0.2215977 -0.02635943 -0.9279682 -0.371726 -0.08612805 -0.9846782 -0.1516273 -0.08482646 -0.9696658 -0.2292442 -0.1503032 -0.9751229 -0.1629239 -0.1476791 -0.9580154 -0.2457591 -0.2264448 -0.9567934 -0.1823983 -0.2214871 -0.9358987 -0.2739292 -0.2058217 -0.8697401 -0.4485417 -0.3238192 -0.921585 -0.2140616 -0.457823 -0.8485552 -0.2652401 -0.437405 -0.8107176 -0.3891197 -0.3808943 -0.7060381 -0.5970175 -0.6466386 -0.6801595 -0.3453141 -0.7584765 -0.2590968 -0.597982 -0.5729136 -0.1957092 -0.7959071 -0.7584926 0.2590912 -0.5979638 -0.5729464 0.1957204 -0.7958806 -0.6466339 0.6801783 -0.3452856 -0.4883481 0.5136848 -0.705439 -0.380891 0.706032 -0.5970268 -0.4577938 0.8485654 -0.2652578 -0.4374073 0.8107219 -0.3891078 -0.3238334 0.921575 -0.2140828 -0.2264456 0.956797 -0.1823789 -0.2215018 0.9358981 -0.2739192 -0.2058269 0.8697391 -0.4485412 -0.150303 0.9751216 -0.1629326 -0.1476632 0.9580134 -0.2457764 -0.1390914 0.9023817 -0.4078736 -0.08615076 0.9846756 -0.151631 -0.08482545 0.9696658 -0.2292442 -0.02768325 0.974747 -0.2215901 -0.02635478 0.9279622 -0.3717415 0.02808499 0.9888255 -0.1464092 0.02634996 0.9279679 -0.3717276 0.08612817 0.9846801 -0.151615 0.1503032 0.9751229 -0.1629239 0.2264435 0.9567978 -0.1823772 0.2851799 0.8115128 -0.5100191 0.3809019 0.7060236 -0.5970296 0.437405 0.8107176 -0.3891197 0.6466152 0.6802003 -0.3452775 0.5998952 0.6310808 -0.4917955 0.4883512 0.5137222 -0.7054095 0.5729136 0.1957092 -0.7959071 0.8511651 0.2907115 -0.4370412 0.8511686 -0.2907332 -0.4370198 0.5729289 -0.1957144 -0.7958948 0.5999042 -0.6310669 -0.4918025 0.4883248 -0.5136944 -0.705448 0.4578322 -0.8485397 -0.2652736 0.437405 -0.8107176 -0.3891197 0.3809053 -0.7060297 -0.5970203 0.3238122 -0.9215885 -0.2140569 0.2851742 -0.8115141 -0.51002 0.2264413 -0.9567987 -0.1823754 0.2214863 -0.9359049 -0.2739084 0.2058171 -0.8697413 -0.4485416 0.1503016 -0.975122 -0.1629312 0.1476741 -0.958015 -0.2457634 0.1390914 -0.9023817 -0.4078736 0.08482682 -0.9696649 -0.2292479 0.08612996 -0.9846797 -0.1516162 0.02809202 -0.9888238 -0.146419 0.02635449 -0.9279708 -0.3717198 0.962612 0.2708843 0 0.7556532 -0.6549719 0 -0.9626128 -0.2708815 0 0 0.6776157 0.7354162 0 0 1 2.51801e-7 1 1.18231e-4 1.77881e-7 1 -8.5383e-7 2.00224e-7 1 -6.69927e-7 1.8953e-7 1 -7.93216e-7 1.71548e-7 1 -6.02658e-7 1.57815e-7 1 -6.82002e-7 1.51307e-7 1 -6.64639e-7 1.80714e-7 1 -3.40412e-7 1.80989e-7 1 -4.33566e-7 1.63758e-7 1 -4.60944e-7 1.59062e-7 1 -3.96608e-7 1.75901e-7 1 -3.26303e-7 -0.7556897 -0.6549299 0 0 1 0 0 1 0 0 1 2.00886e-7 0 1 2.64405e-7 0 1 2.17531e-7 0 1 2.03617e-7 0 1 0 0 0 -1 -0.7029163 0 0.7112726 0 1 0 0 1 0 0 1 0 0 1 0 0 1 1.80248e-7 0 1 0 0 1 1.45102e-7 0.9984626 -0.001006841 -0.05542272 0.05605643 -1.881e-5 0.9984277 1.24712e-7 1 -3.06295e-4 0.01748043 -0.009004473 -0.9998067 1.82808e-7 1 -2.97595e-4 0 1 -2.97818e-4 0 1 -2.97823e-4 0 1 -2.97843e-4 0 1 -2.9793e-4 0 1 -2.97992e-4 3.42516e-7 1 -2.97796e-4 0 1 -2.97576e-4 0 1 -2.98003e-4 0.01748043 -0.009004354 -0.9998067 4.66732e-6 1 -2.69912e-4 0.01748043 -0.009004354 -0.9998067 0.9999949 2.82569e-5 0.003211259 0.01748043 -0.009004414 -0.9998067 4.66733e-6 1 -2.66341e-4 0.01748043 -0.009004414 -0.9998067 -0.9999949 -2.83939e-5 -0.003211259 -1 5.84835e-7 0 0.01748049 -0.009004354 -0.9998067 0.01748043 -0.009004354 -0.9998067 0.01748037 -0.009004414 -0.9998067 0.01748043 -0.009004473 -0.9998067 -1.64705e-6 -1 2.65554e-4 -0.9999949 -2.82163e-5 -0.003210842 0.9999949 2.8257e-5 0.003211677 -2.02102e-6 -1 2.7066e-4 4.66734e-6 1 -2.65573e-4 -0.9999949 -2.87438e-5 -0.003211677 0.9999949 2.84191e-5 0.003210842 -1.64704e-6 -1 2.60446e-4 4.66733e-6 1 -2.65573e-4 -0.9999948 -2.83887e-5 -0.003211259 0.9999949 2.84192e-5 0.003211259 -1.64705e-6 -1 2.7066e-4 8.35629e-7 0 -1 1.66972e-7 0 -1 1.29271e-7 0 -1 0 0 -1 4.7829e-7 0 -1 7.42348e-6 0 -1 1.01845e-5 0 -1 2.27265e-6 0 -1 -1.53254e-5 0 -1 3.13377e-6 0 -1 -1.1545e-6 0.009319961 0.9999567 1 0 -2.3723e-7 -1 0 2.30023e-7 1 -5.41601e-7 0 1 -2.55732e-7 -2.36364e-7 0 -1 -2.99467e-7 0 -1 0 0 -1 2.99467e-7 -0.05607122 2.06552e-6 -0.9984269 1.38972e-7 1 -3.0623e-4 1 5.16614e-7 -1.71584e-7 1 -2.0142e-6 -8.21322e-7 1 3.52194e-7 4.0962e-7 2.52416e-7 3.13116e-7 -1 0 6.98585e-7 -1 -1.96597e-7 0 1 1 -4.05136e-7 0 -2.4184e-7 1 0 0 3.32496e-7 -1 -1.73356e-7 3.45721e-7 -1 0 -1.84224e-7 1 0 -1.84224e-7 1 0 -1.82018e-7 1 1.38529e-7 -1.96555e-7 1 4.31837e-6 0 -1 -9.54615e-7 0 -1 -1.83403e-6 0 -1 3.67838e-6 0 -1 3.18723e-6 0 -1 -5.91262e-6 0 -1 -9.69084e-7 0 -1 2.0176e-6 0 -1 -1.91854e-6 0 -1 4.39184e-6 0 -1 8.04129e-6 0 -1 -3.84309e-7 1.96242e-7 -1 -4.52912e-7 0 -1 5.11843e-6 0 -1 -3.04344e-6 0 -1 -8.92645e-7 0 -1 -1.64474e-5 0 -1 -3.75337e-7 1.89065e-7 -1 -1.19254e-5 0 -1 -6.77886e-6 0 -1 6.27347e-6 0 -1 -3.51952e-6 0 -1 3.70197e-6 0 -1 -6.35925e-6 0 -1 6.59663e-6 0 -1 -4.46645e-6 0 -1 -2.58783e-6 0 -1 1.71036e-6 0 -1 7.12253e-6 0 -1 8.62515e-6 0 -1 -6.07566e-6 0 -1 8.30081e-6 0 -1</float_array>
          <technique_common>
            <accessor source="#Cube_001-mesh-normals-array" count="1394" stride="3">
              <param name="X" type="float"/>
              <param name="Y" type="float"/>
              <param name="Z" type="float"/>
            </accessor>
          </technique_common>
        </source>
        <source id="Cube_001-mesh-map-0">
          <float_array id="Cube_001-mesh-map-0-array" count="6852">0.2863274 0.6011743 0.2879281 0.6002681 0.2879227 0.6011743 0.2879227 0.6011743 0.2898154 0.6005501 0.2898117 0.6011743 0.2898117 0.6011743 0.2910169 0.6008561 0.2910151 0.6011743 0.3299401 0.3453974 0.3294659 0.3454059 0.3294841 0.3450886 0.3299401 0.3453974 0.3294841 0.3450886 0.3295196 0.344784 0.2863336 0.6001104 0.2879437 0.5993966 0.2879281 0.6002681 0.2879281 0.6002681 0.2898261 0.5999498 0.2898154 0.6005501 0.2898154 0.6005501 0.2910224 0.6005501 0.2910169 0.6008561 0.2863519 0.5990874 0.2879691 0.5985935 0.2879437 0.5993966 0.2879437 0.5993966 0.2898436 0.5993966 0.2898261 0.5999498 0.2898261 0.5999498 0.2910314 0.6002681 0.2910224 0.6005501 0.3299401 0.3453974 0.3295196 0.344784 0.3295714 0.3445038 0.2863818 0.5981446 0.2880033 0.5978895 0.2879691 0.5985935 0.2879691 0.5985935 0.2898672 0.5989117 0.2898436 0.5993966 0.2898436 0.5993966 0.2910434 0.6000208 0.2910314 0.6002681 0.3299401 0.3453974 0.3295714 0.3445038 0.3296372 0.3442588 0.2864219 0.5973182 0.2880449 0.5973118 0.2880033 0.5978895 0.2880033 0.5978895 0.2898959 0.5985138 0.2898672 0.5989117 0.2898672 0.5989117 0.291058 0.599818 0.2910434 0.6000208 0.3299401 0.3453974 0.3296372 0.3442588 0.3297145 0.3440583 0.2864708 0.59664 0.2880924 0.5968825 0.2880449 0.5973118 0.2880449 0.5973118 0.2899286 0.5982181 0.2898959 0.5985138 0.2898959 0.5985138 0.2910747 0.5996673 0.291058 0.599818 0.3299401 0.3453974 0.3297145 0.3440583 0.3298005 0.3439102 0.2880924 0.5968825 0.2899641 0.598036 0.2899286 0.5982181 0.3296626 0.3425243 0.3298918 0.3438202 0.3298005 0.3439102 0.3299401 0.3453974 0.3298005 0.3439102 0.3298918 0.3438202 0.2865266 0.5961361 0.2881441 0.5966182 0.2880924 0.5968825 0.3279047 0.3422982 0.3282126 0.3439145 0.32795 0.3439204 0.32795 0.3439204 0.328212 0.3458392 0.3280311 0.3458432 0.3298417 0.3423475 0.3299848 0.3437915 0.3298918 0.3438202 0.3299401 0.3453974 0.3298918 0.3438202 0.3299848 0.3437915 0.328212 0.3458392 0.3284751 0.3439204 0.3283928 0.3458432 0.3299848 0.3437915 0.3302032 0.3423578 0.3300761 0.3438254 0.3299401 0.3453974 0.3299848 0.3437915 0.3300761 0.3438254 0.3282126 0.3439145 0.3285211 0.3422982 0.3284751 0.3439204 0.2880263 0.6378219 0.2864201 0.6383039 0.2880023 0.6375575 0.289868 0.636404 0.2880023 0.6375575 0.2898515 0.636222 0.3300761 0.3438254 0.3303719 0.3425445 0.3301621 0.3439205 0.3299401 0.3453974 0.3300761 0.3438254 0.3301621 0.3439205 0.2909973 0.6347728 0.2898362 0.6359263 0.2909896 0.634622 0.3299401 0.3453974 0.3301621 0.3439205 0.3302394 0.3440733 0.2880023 0.6375575 0.2863941 0.6378 0.2879802 0.6371282 0.2898515 0.636222 0.2879802 0.6371282 0.2898362 0.6359263 0.2879802 0.6371282 0.2863714 0.6371218 0.2879608 0.6365505 0.2898362 0.6359263 0.2879608 0.6365505 0.2898229 0.6355283 0.2909896 0.634622 0.2898229 0.6355283 0.2909828 0.6344192 0.3299401 0.3453974 0.3302394 0.3440733 0.3303052 0.3442777 0.3299401 0.3453974 0.3303052 0.3442777 0.3303569 0.3445261 0.2879608 0.6365505 0.2863527 0.6362954 0.2879449 0.6358466 0.2898229 0.6355283 0.2879449 0.6358466 0.2898119 0.6350435 0.2909828 0.6344192 0.2898119 0.6350435 0.2909772 0.634172 0.2879449 0.6358466 0.2863388 0.6353526 0.2879331 0.6350435 0.2898119 0.6350435 0.2879331 0.6350435 0.2898038 0.6344903 0.2909772 0.634172 0.2898038 0.6344903 0.290973 0.63389 0.3299401 0.3453974 0.3303569 0.3445261 0.3303925 0.3448088 0.3299401 0.3453974 0.3303925 0.3448088 0.3304107 0.345115 0.2879331 0.6350435 0.2863303 0.6343296 0.2879258 0.634172 0.2898038 0.6344903 0.2879258 0.634172 0.2897987 0.63389 0.290973 0.63389 0.2897987 0.63389 0.2909705 0.633584 0.2879258 0.634172 0.2863274 0.6332657 0.2879233 0.6332657 0.2897987 0.63389 0.2879233 0.6332657 0.2897971 0.6332657 0.2909705 0.633584 0.2897971 0.6332657 0.2909696 0.6332657 0.3299401 0.3453974 0.3304107 0.345115 0.3304107 0.3454328 0.2863274 0.6332657 0.2879258 0.6323595 0.2879233 0.6332657 0.2879233 0.6332657 0.2897987 0.6326414 0.2897971 0.6332657 0.2897971 0.6332657 0.2909705 0.6329475 0.2909696 0.6332657 0.3299401 0.3453974 0.3304107 0.3454328 0.3303926 0.3457501 0.2863303 0.6322018 0.2879331 0.631488 0.2879258 0.6323595 0.2879258 0.6323595 0.2898038 0.6320412 0.2897987 0.6326414 0.2897987 0.6326414 0.290973 0.6326414 0.2909705 0.6329475 0.3299401 0.3453974 0.3303926 0.3457501 0.330357 0.3460547 0.2863388 0.6311788 0.2879449 0.6306849 0.2879331 0.631488 0.2879331 0.631488 0.2898119 0.631488 0.2898038 0.6320412 0.2898038 0.6320412 0.2909772 0.6323595 0.290973 0.6326414 0.3299401 0.3453974 0.330357 0.3460547 0.3303053 0.3463349 0.2879449 0.6306849 0.2898229 0.6310031 0.2898119 0.631488 0.2898119 0.631488 0.2909828 0.6321122 0.2909772 0.6323595 0.3299401 0.3453974 0.3303053 0.3463349 0.3302395 0.3465799 0.2863527 0.630236 0.2879608 0.6299809 0.2879449 0.6306849 0.2863714 0.6294096 0.2879802 0.6294032 0.2879608 0.6299809 0.2879608 0.6299809 0.2898362 0.6306052 0.2898229 0.6310031 0.2898229 0.6310031 0.2909896 0.6319094 0.2909828 0.6321122 0.3299401 0.3453974 0.3302395 0.3465799 0.3301621 0.3467804 0.2898362 0.6306052 0.2909973 0.6317586 0.2909896 0.6319094 0.3299401 0.3453974 0.3301621 0.3467804 0.3300762 0.3469284 0.2863941 0.6287314 0.2880023 0.6289739 0.2879802 0.6294032 0.2879802 0.6294032 0.2898515 0.6303095 0.2898362 0.6306052 0.2864201 0.6282275 0.2880263 0.6287096 0.2880023 0.6289739 0.2880023 0.6289739 0.289868 0.6301274 0.2898515 0.6303095 0.3302034 0.3484447 0.3299849 0.3470185 0.3300762 0.3469284 0.3299401 0.3453974 0.3300762 0.3469284 0.3299849 0.3470185 0.3300244 0.3486214 0.3298918 0.3470472 0.3299849 0.3470185 0.3299401 0.3453974 0.3299849 0.3470185 0.3298918 0.3470472 0.3279047 0.34585 0.3282132 0.3474657 0.3279506 0.3474715 0.3279506 0.3474715 0.3282137 0.3493891 0.3280329 0.3493931 0.3282132 0.3474657 0.3285211 0.34585 0.3284757 0.3474715 0.3282137 0.3493891 0.3284757 0.3474715 0.3283946 0.3493931 0.3298918 0.3470472 0.3296628 0.3486112 0.3298006 0.3470133 0.3299401 0.3453974 0.3298918 0.3470472 0.3298006 0.3470133 0.3299401 0.3453974 0.3298006 0.3470133 0.3297145 0.3469182 0.2881441 0.6057305 0.2865266 0.6062126 0.2880924 0.6054661 0.2899641 0.6043127 0.2880924 0.6054661 0.2899286 0.6041306 0.3298006 0.3470133 0.3294941 0.3484245 0.3297145 0.3469182 0.2880924 0.6054661 0.2864708 0.6057086 0.2880449 0.6050369 0.2899286 0.6041306 0.2880449 0.6050369 0.2898959 0.6038349 0.2910747 0.6026814 0.2898959 0.6038349 0.291058 0.6025307 0.3299401 0.3453974 0.3297145 0.3469182 0.3296372 0.3467654 0.3299401 0.3453974 0.3296372 0.3467654 0.3295714 0.3465609 0.2880449 0.6050369 0.2864219 0.6050304 0.2880033 0.6044591 0.2898959 0.6038349 0.2880033 0.6044591 0.2898672 0.603437 0.291058 0.6025307 0.2898672 0.603437 0.2910434 0.6023278 0.2880033 0.6044591 0.2863818 0.6042041 0.2879691 0.6037552 0.2898672 0.603437 0.2879691 0.6037552 0.2898436 0.6029521 0.2910434 0.6023278 0.2898436 0.6029521 0.2910314 0.6020806 0.3299401 0.3453974 0.3295714 0.3465609 0.3295197 0.3463125 0.2879691 0.6037552 0.2863519 0.6032612 0.2879437 0.6029521 0.2898436 0.6029521 0.2879437 0.6029521 0.2898261 0.6023988 0.2910314 0.6020806 0.2898261 0.6023988 0.2910224 0.6017986 0.3299401 0.3453974 0.3295197 0.3463125 0.3294841 0.3460299 0.2898261 0.6023988 0.2879281 0.6020806 0.2898154 0.6017986 0.2910224 0.6017986 0.2898154 0.6017986 0.2910169 0.6014926 0.3299401 0.3453974 0.3294841 0.3460299 0.3294659 0.3457238 0.2879437 0.6029521 0.2863336 0.6022382 0.2879281 0.6020806 0.2879281 0.6020806 0.2863274 0.6011743 0.2879227 0.6011743 0.2898154 0.6017986 0.2879227 0.6011743 0.2898117 0.6011743 0.2910169 0.6014926 0.2898117 0.6011743 0.2910151 0.6011743 0.3299401 0.3453974 0.3294659 0.3457238 0.3294659 0.3454059 0.2863274 0.6118714 0.2879281 0.6109652 0.2879227 0.6118714 0.2879227 0.6118714 0.2898154 0.6112472 0.2898117 0.6118714 0.2898117 0.6118714 0.2910169 0.6115532 0.2910151 0.6118714 0.3289917 0.3455716 0.3294659 0.3455631 0.3294478 0.3458804 0.3289917 0.3455716 0.3294478 0.3458804 0.3294122 0.346185 0.2863336 0.6108075 0.2879437 0.6100937 0.2879281 0.6109652 0.2879281 0.6109652 0.2898261 0.6106469 0.2898154 0.6112472 0.2898154 0.6112472 0.2910224 0.6112472 0.2910169 0.6115532 0.286352 0.6097846 0.2879691 0.6092906 0.2879437 0.6100937 0.2879437 0.6100937 0.2898436 0.6100937 0.2898261 0.6106469 0.2898261 0.6106469 0.2910314 0.6109652 0.2910224 0.6112472 0.3289917 0.3455716 0.3294122 0.346185 0.3293605 0.3464652 0.2863818 0.6088417 0.2880033 0.6085867 0.2879691 0.6092906 0.2879691 0.6092906 0.2898672 0.6096088 0.2898436 0.6100937 0.2898436 0.6100937 0.2910434 0.610718 0.2910314 0.6109652 0.3289917 0.3455716 0.3293605 0.3464652 0.3292947 0.3467102 0.2864219 0.6080154 0.2880449 0.6080089 0.2880033 0.6085867 0.2880033 0.6085867 0.2898959 0.6092109 0.2898672 0.6096088 0.2898672 0.6096088 0.291058 0.6105151 0.2910434 0.610718 0.3289917 0.3455716 0.3292947 0.3467102 0.3292173 0.3469107 0.2864708 0.6073371 0.2880924 0.6075797 0.2880449 0.6080089 0.2880449 0.6080089 0.2899286 0.6089152 0.2898959 0.6092109 0.2898959 0.6092109 0.2910747 0.6103644 0.291058 0.6105151 0.3289917 0.3455716 0.3292173 0.3469107 0.3291314 0.3470587 0.2880924 0.6075797 0.2899641 0.6087331 0.2899286 0.6089152 0.3292692 0.3484447 0.3290401 0.3471488 0.3291314 0.3470587 0.3289917 0.3455716 0.3291314 0.3470587 0.3290401 0.3471488 0.2865266 0.6068332 0.2881441 0.6073153 0.2880924 0.6075797 0.3272882 0.3422982 0.3275961 0.3439145 0.3273335 0.3439204 0.3273335 0.3439204 0.3275955 0.3458392 0.3274146 0.3458432 0.3290902 0.3486214 0.3289471 0.3471775 0.3290401 0.3471488 0.3289917 0.3455716 0.3290401 0.3471488 0.3289471 0.3471775 0.3275955 0.3458392 0.3278586 0.3439204 0.3277763 0.3458432 0.3289471 0.3471775 0.3287287 0.3486112 0.3288558 0.3471436 0.3289917 0.3455716 0.3289471 0.3471775 0.3288558 0.3471436 0.3275961 0.3439145 0.3279047 0.3422982 0.3278586 0.3439204 0.2880263 0.6271247 0.2864201 0.6276068 0.2880023 0.6268604 0.289868 0.6257069 0.2880023 0.6268604 0.2898515 0.6255248 0.3288558 0.3471436 0.32856 0.3484245 0.3287698 0.3470485 0.3289917 0.3455716 0.3288558 0.3471436 0.3287698 0.3470485 0.2909973 0.6240757 0.2898362 0.6252291 0.2909896 0.6239249 0.3289917 0.3455716 0.3287698 0.3470485 0.3286924 0.3468957 0.2880023 0.6268604 0.2863941 0.6271029 0.2879802 0.6264311 0.2898515 0.6255248 0.2879802 0.6264311 0.2898362 0.6252291 0.2879802 0.6264311 0.2863714 0.6264247 0.2879608 0.6258534 0.2898362 0.6252291 0.2879608 0.6258534 0.2898229 0.6248312 0.2909896 0.6239249 0.2898229 0.6248312 0.2909827 0.6237221 0.3289917 0.3455716 0.3286924 0.3468957 0.3286266 0.3466912 0.3289917 0.3455716 0.3286266 0.3466912 0.3285749 0.3464429 0.2879608 0.6258534 0.2863527 0.6255983 0.2879449 0.6251494 0.2898229 0.6248312 0.2879449 0.6251494 0.2898119 0.6243463 0.2909827 0.6237221 0.2898119 0.6243463 0.2909772 0.6234748 0.2879449 0.6251494 0.2863388 0.6246555 0.2879331 0.6243463 0.2898119 0.6243463 0.2879331 0.6243463 0.2898038 0.6237931 0.2909772 0.6234748 0.2898038 0.6237931 0.290973 0.6231929 0.3289917 0.3455716 0.3285749 0.3464429 0.3285393 0.3461602 0.3289917 0.3455716 0.3285393 0.3461602 0.3285211 0.3458541 0.2879331 0.6243463 0.2863303 0.6236325 0.2879258 0.6234748 0.2898038 0.6237931 0.2879258 0.6234748 0.2897988 0.6231929 0.290973 0.6231929 0.2897988 0.6231929 0.2909705 0.6228868 0.2879258 0.6234748 0.2863274 0.6225686 0.2879233 0.6225686 0.2897988 0.6231929 0.2879233 0.6225686 0.2897971 0.6225686 0.2909705 0.6228868 0.2897971 0.6225686 0.2909696 0.6225686 0.3289917 0.3455716 0.3285211 0.3458541 0.3285211 0.3455362 0.2863274 0.6225686 0.2879258 0.6216623 0.2879233 0.6225686 0.2879233 0.6225686 0.2897988 0.6219443 0.2897971 0.6225686 0.2897971 0.6225686 0.2909705 0.6222503 0.2909696 0.6225686 0.3289917 0.3455716 0.3285211 0.3455362 0.3285392 0.3452189 0.2863303 0.6215047 0.2879331 0.6207908 0.2879258 0.6216623 0.2879258 0.6216623 0.2898038 0.6213441 0.2897988 0.6219443 0.2897988 0.6219443 0.290973 0.6219443 0.2909705 0.6222503 0.3289917 0.3455716 0.3285392 0.3452189 0.3285748 0.3449143 0.2863388 0.6204817 0.2879449 0.6199877 0.2879331 0.6207908 0.2879331 0.6207908 0.2898119 0.6207908 0.2898038 0.6213441 0.2898038 0.6213441 0.2909772 0.6216623 0.290973 0.6219443 0.3289917 0.3455716 0.3285748 0.3449143 0.3286265 0.3446341 0.2879449 0.6199877 0.2898229 0.620306 0.2898119 0.6207908 0.2898119 0.6207908 0.2909827 0.6214151 0.2909772 0.6216623 0.3289917 0.3455716 0.3286265 0.3446341 0.3286923 0.3443891 0.2863527 0.6195389 0.2879608 0.6192838 0.2879449 0.6199877 0.2863714 0.6187125 0.2879802 0.6187061 0.2879608 0.6192838 0.2879608 0.6192838 0.2898362 0.619908 0.2898229 0.620306 0.2898229 0.620306 0.2909896 0.6212123 0.2909827 0.6214151 0.3289917 0.3455716 0.3286923 0.3443891 0.3287696 0.3441886 0.2898362 0.619908 0.2909973 0.6210615 0.2909896 0.6212123 0.3289917 0.3455716 0.3287696 0.3441886 0.3288556 0.3440405 0.2863941 0.6180343 0.2880023 0.6182768 0.2879802 0.6187061 0.2879802 0.6187061 0.2898515 0.6196123 0.2898362 0.619908 0.2864201 0.6175304 0.2880263 0.6180124 0.2880023 0.6182768 0.2880023 0.6182768 0.289868 0.6194303 0.2898515 0.6196123 0.3287283 0.3425243 0.3289469 0.3439504 0.3288556 0.3440405 0.3289917 0.3455716 0.3288556 0.3440405 0.3289469 0.3439504 0.3289074 0.3423475 0.3290399 0.3439218 0.3289469 0.3439504 0.3289917 0.3455716 0.3289469 0.3439504 0.3290399 0.3439218 0.3272882 0.34585 0.3275967 0.3474658 0.3273342 0.3474715 0.3273342 0.3474715 0.3275973 0.3493891 0.3274164 0.3493931 0.3275967 0.3474658 0.3279047 0.34585 0.3278593 0.3474715 0.3275973 0.3493891 0.3278593 0.3474715 0.3277782 0.3493931 0.3290399 0.3439218 0.3292689 0.3423578 0.3291312 0.3439556 0.3289917 0.3455716 0.3290399 0.3439218 0.3291312 0.3439556 0.3289917 0.3455716 0.3291312 0.3439556 0.3292172 0.3440508 0.2881441 0.6164276 0.2865266 0.6169097 0.2880924 0.6161633 0.2899641 0.6150098 0.2880924 0.6161633 0.2899286 0.6148277 0.3291312 0.3439556 0.3294376 0.3425444 0.3292172 0.3440508 0.2880924 0.6161633 0.2864708 0.6164057 0.2880449 0.615734 0.2899286 0.6148277 0.2880449 0.615734 0.2898959 0.614532 0.2910747 0.6133785 0.2898959 0.614532 0.291058 0.6132278 0.3289917 0.3455716 0.3292172 0.3440508 0.3292946 0.3442036 0.3289917 0.3455716 0.3292946 0.3442036 0.3293604 0.344408 0.2880449 0.615734 0.2864219 0.6157276 0.2880033 0.6151562 0.2898959 0.614532 0.2880033 0.6151562 0.2898672 0.6141341 0.291058 0.6132278 0.2898672 0.6141341 0.2910434 0.6130249 0.2880033 0.6151562 0.2863818 0.6149012 0.2879691 0.6144523 0.2898672 0.6141341 0.2879691 0.6144523 0.2898436 0.6136492 0.2910434 0.6130249 0.2898436 0.6136492 0.2910314 0.6127777 0.3289917 0.3455716 0.3293604 0.344408 0.3294121 0.3446564 0.2879691 0.6144523 0.286352 0.6139584 0.2879437 0.6136492 0.2898436 0.6136492 0.2879437 0.6136492 0.2898261 0.613096 0.2910314 0.6127777 0.2898261 0.613096 0.2910224 0.6124957 0.3289917 0.3455716 0.3294121 0.3446564 0.3294478 0.3449391 0.2898261 0.613096 0.2879281 0.6127777 0.2898154 0.6124957 0.2910224 0.6124957 0.2898154 0.6124957 0.2910169 0.6121897 0.3289917 0.3455716 0.3294478 0.3449391 0.3294659 0.3452453 0.2879437 0.6136492 0.2863336 0.6129354 0.2879281 0.6127777 0.2879281 0.6127777 0.2863274 0.6118714 0.2879227 0.6118714 0.2898154 0.6124957 0.2879227 0.6118714 0.2898117 0.6118714 0.2910169 0.6121897 0.2898117 0.6118714 0.2910151 0.6118714 0.3289917 0.3455716 0.3294659 0.3452453 0.3294659 0.3455631 0.8830578 0.3163382 0.8879912 0.2863712 0.8879912 0.3160626 0.8779259 0.3164314 0.8830578 0.2866468 0.8830578 0.3163382 0.868975 0.8433721 0.8985013 0.856307 0.868744 0.856307 0.8700971 0.8158159 0.8994221 0.8227298 0.8696648 0.8227298 0.8692859 0.8320344 0.8987323 0.8433721 0.868975 0.8433721 0.868975 0.926505 0.8990433 0.9378427 0.869286 0.9378427 0.8623107 0.3163404 0.8674426 0.2867454 0.8674426 0.3164349 0.8727928 0.3163385 0.8779259 0.28674 0.8779259 0.3164314 0.869286 0.9378427 0.8994221 0.9471473 0.8696648 0.9471473 0.8573774 0.3160607 0.8623107 0.2866508 0.8623107 0.3163404 0.868744 0.91357 0.8987323 0.926505 0.868975 0.926505 0.8727928 0.3163385 0.8726842 0.2866411 0.8727928 0.2866471 0.8686017 0.8703423 0.898311 0.8849385 0.8685536 0.8849385 0.8685536 0.8849385 0.898359 0.8995347 0.8686017 0.8995347 0.8696648 0.9471473 0.8998544 0.9540612 0.8700971 0.9540612 0.8686017 0.8995347 0.8985013 0.91357 0.868744 0.91357 0.868744 0.856307 0.898359 0.8703423 0.8686017 0.8703423 0.8696648 0.8227298 0.8990432 0.8320344 0.8692859 0.8320344 0.8674426 0.3164349 0.8725758 0.2866511 0.8725758 0.3163407 0.3142041 0.3455364 0.3204936 0.3431129 0.3271152 0.3422913 0.7017052 0.5960775 0.5349191 0.8728322 0.5349192 0.5960774 0.8726843 0.2866451 0.8725758 0.3163407 0.8725758 0.2866511 0.2678605 0.8665075 0.2678605 0.9643665 0.2381031 0.8992757 9.35525e-4 0.7627912 0.9970486 0.9979842 0.9970486 -0.002015829 0.868548 0.5974922 0.8685501 0.8736498 0.7018444 0.5944805 0.9127656 0.8190611 0.9184077 0.822965 0.8998544 0.8158159 0.1667947 0.8540117 0.285728 0.6127613 0.285728 0.8540436 8.45937e-5 0.896479 0 0.6142875 0.1667881 0.6172911 0.3366409 0.6515839 0.4555742 0.8928191 0.3366409 0.8928508 0.6194639 0.0160256 0.7383956 0.03069597 0.6194639 0.03069597 0.8573774 0.2875766 0.7384446 0.0125001 0.8573774 0.0125209 0.6194638 0.2768716 0.7383956 0.291542 0.6194638 0.291542 0.310308 0.704988 0.310308 0.9456892 0.2973579 0.9660945 0.9096202 0.5977325 0.8685548 0.5704975 0.9096202 0.5704749 0.6465134 0.3207444 0.5349193 0.3165115 0.6490011 0.3165115 0.5362349 0.4025713 0.5349192 0.4293767 0.5349193 0.4011604 0.1129835 0.5647295 0.001309216 0.5920051 0.001309156 0.5647295 0.001309216 0.5920051 2.56217e-7 0.5680217 0.001309156 0.5647295 0.751921 0.5662252 0.6446348 0.5704581 0.6422926 0.5662252 0.8695374 0.5619924 0.7609059 0.4801654 0.760429 0.4528898 0.1091679 0.3465242 0.001308977 0.3737999 0.001308917 0.3465242 0.1096448 0.3737999 0.001308977 0.4010755 0.001308977 0.3737999 0.1101218 0.4010755 0.001309037 0.4283512 0.001308977 0.4010755 0.1105988 0.4283512 0.001309096 0.4556268 0.001309037 0.4283512 0.1110756 0.4556268 0.001309096 0.4829025 0.001309096 0.4556268 0.1115526 0.4829025 0.001309096 0.5101782 0.001309096 0.4829025 0.1120296 0.5101782 0.001309156 0.5374538 0.001309096 0.5101782 0.1125065 0.5374538 0.001309156 0.5647295 0.001309156 0.5374538 0.5362349 0.3752957 0.5349193 0.4011604 0.5349193 0.3729441 0.1134604 0.5920051 2.76715e-7 0.596238 0.001309216 0.5920051 0.5362349 0.3480201 0.5349193 0.3729441 0.5349193 0.3447278 0.001308917 0.3465242 0 0.3705076 0 0.3422913 0.5362349 0.3207444 0.5349193 0.3447278 0.5349193 0.3165115 0.2198197 0.3465242 0.2260465 0.596238 0.2198198 0.5920051 0.1091679 0.3465242 0 0.3422913 0.1115786 0.3422913 0.2198198 0.5920051 0.1160191 0.596238 0.1134604 0.5920051 0.9096197 0.8157933 0.8685538 0.7885584 0.9096198 0.7885357 0.1187741 0.5374336 0.1129835 0.5647295 0.1125065 0.5374538 0.9096198 0.7612781 0.8685541 0.7340432 0.9096199 0.7340205 0.5331048 0.6391655 0.5268238 0.6799697 0.5268238 0.6390933 0.9096199 0.7067629 0.8685543 0.6795279 0.90962 0.6795053 0.1159124 0.3737797 0.1101218 0.4010755 0.1096448 0.3737999 0.90962 0.6522477 0.8685546 0.6250128 0.9096201 0.6249901 0.3302507 0.5929858 0.3365339 0.63379 0.3302507 0.6338623 0.1667914 0.9777435 0.2380998 0.8673437 0.2381031 0.9777435 0.593955 0.03128236 0.4786168 0.03128236 0.5989632 0 0.6194638 0.2417036 0.7383956 0.2768716 0.6194638 0.2768716 0.6194638 0.2417036 0.7383956 0.2065357 0.7383956 0.2417036 0.6194638 0.2065357 0.7383956 0.1713678 0.7383956 0.2065357 0.6194638 0.1713677 0.7383956 0.1361998 0.7383956 0.1713678 0.6194639 0.1010318 0.7383956 0.1361998 0.6194638 0.1361998 0.6194639 0.1010318 0.7383956 0.06586396 0.7383956 0.1010319 0.6194639 0.0658639 0.7383956 0.03069597 0.7383956 0.06586396 0.9398355 0.6249734 0.9096202 0.5977325 0.9398355 0.5977158 0.9398355 0.652231 0.9096201 0.6249901 0.9398355 0.6249734 0.9398355 0.6794886 0.90962 0.6522477 0.9398355 0.652231 0.9398355 0.7067462 0.90962 0.6795053 0.9398355 0.6794886 0.9398355 0.7340038 0.9096199 0.7067629 0.9398355 0.7067462 0.9398355 0.7612614 0.9096199 0.7340205 0.9398355 0.7340038 0.9398355 0.788519 0.9096198 0.7612781 0.9398355 0.7612614 0.9398355 0.8157766 0.9096198 0.7885357 0.9398355 0.788519 0.2198197 0.3465242 0.1115786 0.3422913 0.2260465 0.3422914 0.001308977 0.3737999 0 0.3987239 0 0.3705076 0.001308977 0.4010755 0 0.4269402 0 0.3987239 0.001309037 0.4283512 1.33233e-7 0.4551565 0 0.4269402 0.5362347 0.5389496 0.5349192 0.5140256 0.5362347 0.5116739 0.001309096 0.4556268 1.5373e-7 0.4833728 1.33233e-7 0.4551565 0.5362347 0.5116739 0.5349192 0.4858093 0.5362348 0.4843983 0.6422926 0.5662252 0.5349191 0.5704582 0.5362347 0.5662253 0.001309096 0.5101782 1.5373e-7 0.4833728 0.001309096 0.4829025 0.751921 0.3207444 0.7580441 0.5704581 0.751921 0.5662252 0.5362348 0.4843983 0.5349192 0.457593 0.5362348 0.4571226 0.9398355 0.5977158 0.9096202 0.5704749 0.9398355 0.5704582 0.8573774 0.286356 0.8847622 0.2454961 0.8847622 0.2863712 0.2952453 0.8665226 0.2678605 0.9073824 0.2678605 0.8665075 0.9121471 0.245496 0.8847622 0.2863556 0.8847622 0.2454808 0.9121471 0.2863555 0.9395319 0.245496 0.9395319 0.2863707 0.2972369 0.745951 0.2910747 0.7187562 0.2972369 0.7186714 0.2910747 0.595898 0.2973579 0.636702 0.2910747 0.6367743 0.2973557 0.6777952 0.2910747 0.7185992 0.2910747 0.6777229 0.5329861 0.7073215 0.5268238 0.6801267 0.5329861 0.6800419 0.1178202 0.4828823 0.1120296 0.5101782 0.1115526 0.4829025 0.3302507 0.511088 0.3365339 0.5518925 0.3302507 0.5519648 0.3302529 0.674739 0.3365339 0.6339344 0.3365339 0.6748111 0.5268238 0.7074912 0.5329861 0.734686 0.5268238 0.7347708 0.1168663 0.428331 0.1110756 0.4556268 0.1105988 0.4283512 0.3365339 0.5928414 0.3302507 0.552037 0.3365339 0.5519648 0.2973557 0.6368464 0.2910747 0.6776507 0.2910747 0.6367742 0.5268238 0.7348557 0.5329861 0.7620505 0.5268238 0.7621353 0.751921 0.3207444 0.6490011 0.3165115 0.7580441 0.3165115 0.001309156 0.5374538 1.84476e-7 0.5115891 0.001309096 0.5101782 0.4857763 0.8648237 0.5268238 0.89304 0.4857763 0.89304 0.2260465 0.5958133 0.2528892 0.5332139 0.2529195 0.534276 0.9106348 0.4282018 0.8696028 0.3173583 0.9106484 0.3168705 0.9999932 8.65163e-4 0.9589319 0.1161212 0.9589477 3.66718e-4 0.4857764 0.6390933 0.5268238 0.6673097 0.4857764 0.6673097 0.4857764 0.6673097 0.5268238 0.695526 0.4857764 0.695526 0.4857764 0.695526 0.5268238 0.7237422 0.4857763 0.7237423 0.4857763 0.7237423 0.5268238 0.7519585 0.4857763 0.7519586 0.4857763 0.7519586 0.5268238 0.7801748 0.4857763 0.7801749 0.4857763 0.7801749 0.5268238 0.8083911 0.4857763 0.8083911 0.4857763 0.8083911 0.5268238 0.8366074 0.4857763 0.8366074 0.4857763 0.8366074 0.5268238 0.8648237 0.4857763 0.8648237 0.4555742 0.8366075 0.4857763 0.8648237 0.4555742 0.8648237 0.4555742 0.8083912 0.4857763 0.8366074 0.4555742 0.8366075 0.4555742 0.7801749 0.4857763 0.8083911 0.4555742 0.8083912 0.4555742 0.7519586 0.4857763 0.7801749 0.4555742 0.7801749 0.4555742 0.7237423 0.4857763 0.7519586 0.4555742 0.7519586 0.4555742 0.695526 0.4857763 0.7237423 0.4555742 0.7237423 0.4555742 0.6673097 0.4857764 0.695526 0.4555742 0.695526 0.4555742 0.6390933 0.4857764 0.6673097 0.4555742 0.6673097 0.9589477 3.66718e-4 0.928717 0.1157546 0.928747 0 0.9408492 0.4278429 0.9106484 0.3168705 0.9408492 0.3165115 0.4555742 0.8648237 0.4857763 0.89304 0.4555742 0.89304 0.8695374 0.5429038 0.8695706 0.4286896 0.9106348 0.4282018 0.9589319 0.1161212 0.9999966 0.1166197 1 0.2263963 0.001309156 0.5647295 2.15223e-7 0.5398054 0.001309156 0.5374538 0.5362348 0.4571226 0.5349192 0.4293767 0.5362348 0.429847 0.5362347 0.5662253 0.5349192 0.5422419 0.5362347 0.5389496 0.4555742 0.9999809 0.455606 0.8938573 0.4966709 0.8933864 0.8573774 0 0.877751 0.08105307 0.8809229 0.1644276 0.3670354 0.2852291 0.4830575 0.285229 0.3571383 0.3165115 0.593955 0.03128236 0.6194638 0.2960139 0.593955 0.285229 0.3509234 0.30181 0.3366377 0.296014 0.3366377 0.2813435 0.3366375 0.07033586 0.3670352 0.05949866 0.3670352 0.08771497 0.3366376 0.1055038 0.3670352 0.08771497 0.3670353 0.1159313 0.3366376 0.1406717 0.3670353 0.1159313 0.3670353 0.1441476 0.3366376 0.1758397 0.3670353 0.1441476 0.3670353 0.1723639 0.3670353 0.2005802 0.3366376 0.1758397 0.3670353 0.1723639 0.3670353 0.2287965 0.3366377 0.2110076 0.3670353 0.2005802 0.3670354 0.2570128 0.3366377 0.2461756 0.3670353 0.2287965 0.3366375 0.03516793 0.3509231 0.01470136 0.3670352 0.03128236 0.701762 0.876654 0.8685505 0.8808717 0.7017624 0.8832066 0.7017624 0.8832066 0.8685517 0.8876237 0.7017636 0.8893228 0.7017636 0.8893228 0.8685536 0.893567 0.7017654 0.8946958 0.7017619 0.8984515 0.5349553 0.8932629 0.7017381 0.8932629 0.7017381 0.8932629 0.5349355 0.8870498 0.7017201 0.8870499 0.7017201 0.8870499 0.5349233 0.8801239 0.701709 0.8801239 0.701709 0.8801239 0.5349191 0.8728322 0.7017052 0.8728322 8.45937e-5 0.896479 0.1667885 0.9007955 8.49655e-5 0.9031391 8.49655e-5 0.9031391 0.1667896 0.9078638 8.60628e-5 0.9095716 8.60628e-5 0.9095716 0.1667914 0.9143164 8.7831e-5 0.9154539 0.3682129 0.316556 0.5349036 0.3219913 0.3681988 0.3220083 0.3681988 0.3220083 0.534892 0.3284196 0.3681883 0.3284159 0.3681883 0.3284159 0.5348849 0.3354741 0.3681819 0.3354575 0.3681819 0.3354575 0.5348828 0.342801 0.36818 0.34278 0.5349192 0.5960774 0.701709 0.5887858 0.7017052 0.5960775 0.5349233 0.5887858 0.7017201 0.5818598 0.701709 0.5887858 0.5349357 0.5818598 0.7017381 0.5756468 0.7017201 0.5818598 0.5349554 0.5756467 0.701762 0.5704582 0.7017381 0.5756468 0.1667914 0.5973659 1.46524e-6 0.601615 3.23218e-6 0.596238 0.1667896 0.6033133 3.69914e-7 0.6077338 1.46524e-6 0.601615 0.1667885 0.610068 0 0.6142875 3.69914e-7 0.6077338 0.5348963 0.6190931 0.3681961 0.6263083 0.3681935 0.619072 0.5348992 0.626325 0.3682032 0.6330956 0.3681961 0.6263083 0.5349069 0.6330993 0.3682143 0.6390933 0.3682032 0.6330956 0.8685535 0.5711181 0.7018476 0.5755 0.7018499 0.5704582 0.8685511 0.5766362 0.7018458 0.5813856 0.7018476 0.5755 0.8685494 0.5830922 0.7018448 0.5878199 0.7018458 0.5813856 0.8685483 0.5901623 0.7018444 0.5944805 0.7018448 0.5878199 0.3366373 0.03276818 0.3044105 0.3422912 1.33233e-7 0.3095231 0.9398355 0.8519704 0.944418 0.8514587 0.9733702 0.8519704 0.944418 0.8514587 0.9487706 0.8499496 0.9733702 0.8519704 0.9487706 0.8499496 0.9526752 0.8475186 0.9733702 0.8519704 0.9526752 0.8475186 0.955936 0.8442875 0.9733702 0.8519704 0.955936 0.8442875 0.9583894 0.8404185 0.9733702 0.8519704 0.9583894 0.8404185 0.9599124 0.8361056 0.9733702 0.8519704 0.9599124 0.8361056 0.9604287 0.831565 0.9733702 0.8519704 0.310308 0.9456892 0.3108243 0.9502298 0.2973666 0.9660945 0.3108243 0.9502298 0.3123474 0.9545427 0.2973666 0.9660945 0.3123474 0.9545427 0.3148008 0.9584117 0.2973666 0.9660945 0.3148008 0.9584117 0.3180616 0.9616427 0.2973666 0.9660945 0.3180616 0.9616427 0.3219662 0.9640737 0.2973666 0.9660945 0.3219662 0.9640737 0.3263188 0.9655829 0.2973666 0.9660945 0.3263188 0.9655829 0.3309013 0.9660945 0.2973666 0.9660945 0.9604287 0.5908635 0.9599124 0.5863229 0.9733702 0.5704582 0.9599124 0.5863229 0.9583894 0.58201 0.9733702 0.5704582 0.9583894 0.58201 0.955936 0.578141 0.9733702 0.5704582 0.955936 0.578141 0.9526752 0.57491 0.9733702 0.5704582 0.9526752 0.57491 0.9487706 0.572479 0.9733702 0.5704582 0.9487706 0.572479 0.944418 0.5709698 0.9733702 0.5704582 0.944418 0.5709698 0.9398355 0.5704582 0.9733702 0.5704582 0.3309012 0.6845825 0.3263188 0.6850942 0.2973665 0.6845826 0.3263188 0.6850942 0.3219661 0.6866033 0.2973665 0.6845826 0.3219661 0.6866033 0.3180615 0.6890344 0.2973665 0.6845826 0.3180615 0.6890344 0.3148007 0.6922654 0.2973665 0.6845826 0.3148007 0.6922654 0.3123474 0.6961344 0.2973665 0.6845826 0.3123474 0.6961344 0.3108243 0.7004473 0.2973665 0.6845826 0.3108243 0.7004473 0.310308 0.704988 0.2973665 0.6845826 0.5989632 0 0.6035249 5.1393e-4 0.6065093 0.01588654 0.6035249 5.1393e-4 0.607858 0.002029895 0.6065093 0.01588654 0.607858 0.002029895 0.6117451 0.004471898 0.6065093 0.01588654 0.6117451 0.004471898 0.6149912 0.00771749 0.6065093 0.01588654 0.6149912 0.00771749 0.6174336 0.01160401 0.6065093 0.01588654 0.6174336 0.01160401 0.6189498 0.01593637 0.6065093 0.01588654 0.6189498 0.01593637 0.6194638 0.0204975 0.6065093 0.01588654 0.6194638 0.2960139 0.6189498 0.3005751 0.6065093 0.3006249 0.6189498 0.3005751 0.6174336 0.3049075 0.6065093 0.3006249 0.6174336 0.3049075 0.6149912 0.308794 0.6065093 0.3006249 0.6149912 0.308794 0.6117451 0.3120396 0.6065093 0.3006249 0.6117451 0.3120396 0.6078581 0.3144816 0.6065093 0.3006249 0.6078581 0.3144816 0.603525 0.3159976 0.6065093 0.3006249 0.603525 0.3159976 0.5989632 0.3165115 0.6065093 0.3006249 0.3366374 0.0204975 0.3371515 0.01593637 0.3509231 0.01470136 0.3371515 0.01593637 0.3386676 0.01160395 0.3509231 0.01470136 0.3386676 0.01160395 0.3411101 0.00771749 0.3509231 0.01470136 0.3411101 0.00771749 0.3443561 0.004471898 0.3509231 0.01470136 0.3443561 0.004471898 0.3482432 0.002029836 0.3509231 0.01470136 0.3482432 0.002029836 0.3525763 5.1392e-4 0.3509231 0.01470136 0.3525763 5.1392e-4 0.357138 0 0.3509231 0.01470136 0.3571383 0.3165115 0.3525766 0.3159976 0.3509234 0.30181 0.3525766 0.3159976 0.3482435 0.3144816 0.3509234 0.30181 0.3482435 0.3144816 0.3443564 0.3120396 0.3509234 0.30181 0.3443564 0.3120396 0.3411104 0.308794 0.3509234 0.30181 0.3411104 0.308794 0.3386679 0.3049075 0.3509234 0.30181 0.3386679 0.3049075 0.3371517 0.3005751 0.3509234 0.30181 0.3371517 0.3005751 0.3366377 0.296014 0.3509234 0.30181 0.8573774 0.0125209 0.7384433 0.007976293 0.8573759 0.007997095 0.8573759 0.007997095 0.7384391 0.00373876 0.8573718 0.003759503 0.8573718 0.003759503 0.7384324 0 0.8573651 2.07694e-5 0.4555707 0.9093169 0.3366389 0.9058969 0.4555721 0.9058651 0.4555721 0.9058651 0.33664 0.9018585 0.4555732 0.9018267 0.4555732 0.9018267 0.3366407 0.8974359 0.4555739 0.8974041 0.4555739 0.8974041 0.3366409 0.8928508 0.4555742 0.8928191 0.6194638 0.291542 0.738398 0.2961031 0.6194663 0.2961031 0.6194663 0.2961031 0.7384052 0.3004356 0.6194735 0.3004356 0.6194735 0.3004356 0.7384169 0.304322 0.6194851 0.304322 0.6194851 0.304322 0.7384324 0.3075677 0.6195006 0.3075676 0.3366389 0.6391251 0.4555733 0.6428111 0.33664 0.6428428 0.33664 0.6428428 0.4555739 0.6470346 0.3366407 0.6470664 0.3366407 0.6470664 0.4555742 0.6515522 0.3366409 0.6515839 0.6194639 0.0160256 0.738398 0.01146447 0.7383956 0.0160256 0.6194663 0.01146447 0.7384053 0.007132053 0.738398 0.01146447 0.6194735 0.007131993 0.7384169 0.003245592 0.7384053 0.007132053 0.6194851 0.003245592 0.7384324 0 0.7384169 0.003245592 0.1667928 0.8664756 0.2857271 0.8627871 0.2857261 0.8665075 0.1667938 0.8627553 0.2857278 0.8585619 0.2857271 0.8627871 0.1667945 0.8585301 0.285728 0.8540436 0.2857278 0.8585619 0.8573774 0.2875766 0.7384433 0.292139 0.7384447 0.2875558 0.857376 0.2921597 0.7384391 0.2965518 0.7384433 0.292139 0.8573718 0.2965726 0.7384324 0.3005729 0.7384391 0.2965518 0.2857246 0.5962699 0.1667928 0.5996868 0.1667914 0.596238 0.285726 0.5997187 0.1667938 0.6037232 0.1667928 0.5996868 0.2857271 0.603755 0.1667945 0.6081446 0.1667938 0.6037232 0.2857277 0.6081765 0.1667947 0.6127294 0.1667945 0.6081446 0.9604287 0.831565 0.9604287 0.5908635 0.9733788 0.5704582 0.2973162 0.7460359 0.2910747 0.7598219 0.2910747 0.7460361 0.3304107 0.4688346 0.3365339 0.5110158 0.3304107 0.5110158 0.7446743 0.3143797 0.7384324 0.3143795 0.7384324 0.3112223 0.3304107 0.3844724 0.3366374 0.4266536 0.3304107 0.4266536 0.2973579 0.5958257 0.2769842 0.5106788 0.2973579 0.3423038 0.877751 0.1644276 0.8573774 0.2454808 0.8573774 0 0.7571578 0.3005937 0.7509163 0.3143797 0.7509163 0.3005939 0.3304107 0.4688346 0.3365339 0.4266535 0.3365339 0.4688346 0.7446743 0.3005937 0.7509163 0.3143797 0.7446743 0.3143795 0.3304107 0.3844724 0.3366374 0.3422913 0.3366374 0.3844724 0.2769842 0.4274436 0.2973579 0.3423038 0.2734085 0.5106781 0.8573774 0 0.9286882 0 0.891601 0.03887194 0.2260465 0.3422913 0.2529195 0.4059622 0.2530094 0.4069835 0.254469 0.4103446 0.2547773 0.4102401 0.263134 0.4274412 0.3578097 0.4076672 0.3629422 0.4062327 0.3681832 0.407762 0.2863274 0.6011743 0.2863336 0.6001104 0.2879281 0.6002681 0.2879227 0.6011743 0.2879281 0.6002681 0.2898154 0.6005501 0.2898117 0.6011743 0.2898154 0.6005501 0.2910169 0.6008561 0.2863336 0.6001104 0.2863519 0.5990874 0.2879437 0.5993966 0.2879281 0.6002681 0.2879437 0.5993966 0.2898261 0.5999498 0.2898154 0.6005501 0.2898261 0.5999498 0.2910224 0.6005501 0.2863519 0.5990874 0.2863818 0.5981446 0.2879691 0.5985935 0.2879437 0.5993966 0.2879691 0.5985935 0.2898436 0.5993966 0.2898261 0.5999498 0.2898436 0.5993966 0.2910314 0.6002681 0.2863818 0.5981446 0.2864219 0.5973182 0.2880033 0.5978895 0.2879691 0.5985935 0.2880033 0.5978895 0.2898672 0.5989117 0.2898436 0.5993966 0.2898672 0.5989117 0.2910434 0.6000208 0.2864219 0.5973182 0.2864708 0.59664 0.2880449 0.5973118 0.2880033 0.5978895 0.2880449 0.5973118 0.2898959 0.5985138 0.2898672 0.5989117 0.2898959 0.5985138 0.291058 0.599818 0.2864708 0.59664 0.2865266 0.5961361 0.2880924 0.5968825 0.2880449 0.5973118 0.2880924 0.5968825 0.2899286 0.5982181 0.2898959 0.5985138 0.2899286 0.5982181 0.2910747 0.5996673 0.2880924 0.5968825 0.2881441 0.5966182 0.2899641 0.598036 0.3296626 0.3425243 0.3298417 0.3423475 0.3298918 0.3438202 0.2865266 0.5961361 0.2865872 0.5958257 0.2881441 0.5966182 0.3279047 0.3422982 0.3282129 0.3422913 0.3282126 0.3439145 0.32795 0.3439204 0.3282126 0.3439145 0.328212 0.3458392 0.3298417 0.3423475 0.3300242 0.3422913 0.3299848 0.3437915 0.328212 0.3458392 0.3282126 0.3439145 0.3284751 0.3439204 0.3299848 0.3437915 0.3300242 0.3422913 0.3302032 0.3423578 0.3282126 0.3439145 0.3282129 0.3422913 0.3285211 0.3422982 0.2880263 0.6378219 0.2864482 0.6386143 0.2864201 0.6383039 0.289868 0.636404 0.2880263 0.6378219 0.2880023 0.6375575 0.3300761 0.3438254 0.3302032 0.3423578 0.3303719 0.3425445 0.2909973 0.6347728 0.2898515 0.636222 0.2898362 0.6359263 0.2880023 0.6375575 0.2864201 0.6383039 0.2863941 0.6378 0.2898515 0.636222 0.2880023 0.6375575 0.2879802 0.6371282 0.2879802 0.6371282 0.2863941 0.6378 0.2863714 0.6371218 0.2898362 0.6359263 0.2879802 0.6371282 0.2879608 0.6365505 0.2909896 0.634622 0.2898362 0.6359263 0.2898229 0.6355283 0.2879608 0.6365505 0.2863714 0.6371218 0.2863527 0.6362954 0.2898229 0.6355283 0.2879608 0.6365505 0.2879449 0.6358466 0.2909828 0.6344192 0.2898229 0.6355283 0.2898119 0.6350435 0.2879449 0.6358466 0.2863527 0.6362954 0.2863388 0.6353526 0.2898119 0.6350435 0.2879449 0.6358466 0.2879331 0.6350435 0.2909772 0.634172 0.2898119 0.6350435 0.2898038 0.6344903 0.2879331 0.6350435 0.2863388 0.6353526 0.2863303 0.6343296 0.2898038 0.6344903 0.2879331 0.6350435 0.2879258 0.634172 0.290973 0.63389 0.2898038 0.6344903 0.2897987 0.63389 0.2879258 0.634172 0.2863303 0.6343296 0.2863274 0.6332657 0.2897987 0.63389 0.2879258 0.634172 0.2879233 0.6332657 0.2909705 0.633584 0.2897987 0.63389 0.2897971 0.6332657 0.2863274 0.6332657 0.2863303 0.6322018 0.2879258 0.6323595 0.2879233 0.6332657 0.2879258 0.6323595 0.2897987 0.6326414 0.2897971 0.6332657 0.2897987 0.6326414 0.2909705 0.6329475 0.2863303 0.6322018 0.2863388 0.6311788 0.2879331 0.631488 0.2879258 0.6323595 0.2879331 0.631488 0.2898038 0.6320412 0.2897987 0.6326414 0.2898038 0.6320412 0.290973 0.6326414 0.2863388 0.6311788 0.2863527 0.630236 0.2879449 0.6306849 0.2879331 0.631488 0.2879449 0.6306849 0.2898119 0.631488 0.2898038 0.6320412 0.2898119 0.631488 0.2909772 0.6323595 0.2879449 0.6306849 0.2879608 0.6299809 0.2898229 0.6310031 0.2898119 0.631488 0.2898229 0.6310031 0.2909828 0.6321122 0.2863527 0.630236 0.2863714 0.6294096 0.2879608 0.6299809 0.2863714 0.6294096 0.2863941 0.6287314 0.2879802 0.6294032 0.2879608 0.6299809 0.2879802 0.6294032 0.2898362 0.6306052 0.2898229 0.6310031 0.2898362 0.6306052 0.2909896 0.6319094 0.2898362 0.6306052 0.2898515 0.6303095 0.2909973 0.6317586 0.2863941 0.6287314 0.2864201 0.6282275 0.2880023 0.6289739 0.2879802 0.6294032 0.2880023 0.6289739 0.2898515 0.6303095 0.2864201 0.6282275 0.2864482 0.6279171 0.2880263 0.6287096 0.2880023 0.6289739 0.2880263 0.6287096 0.289868 0.6301274 0.3302034 0.3484447 0.3300244 0.3486214 0.3299849 0.3470185 0.3300244 0.3486214 0.3298419 0.3486776 0.3298918 0.3470472 0.3279047 0.34585 0.3282128 0.3458432 0.3282132 0.3474657 0.3279506 0.3474715 0.3282132 0.3474657 0.3282137 0.3493891 0.3282132 0.3474657 0.3282128 0.3458432 0.3285211 0.34585 0.3282137 0.3493891 0.3282132 0.3474657 0.3284757 0.3474715 0.3298918 0.3470472 0.3298419 0.3486776 0.3296628 0.3486112 0.2881441 0.6057305 0.2865872 0.6065229 0.2865266 0.6062126 0.2899641 0.6043127 0.2881441 0.6057305 0.2880924 0.6054661 0.3298006 0.3470133 0.3296628 0.3486112 0.3294941 0.3484245 0.2880924 0.6054661 0.2865266 0.6062126 0.2864708 0.6057086 0.2899286 0.6041306 0.2880924 0.6054661 0.2880449 0.6050369 0.2910747 0.6026814 0.2899286 0.6041306 0.2898959 0.6038349 0.2880449 0.6050369 0.2864708 0.6057086 0.2864219 0.6050304 0.2898959 0.6038349 0.2880449 0.6050369 0.2880033 0.6044591 0.291058 0.6025307 0.2898959 0.6038349 0.2898672 0.603437 0.2880033 0.6044591 0.2864219 0.6050304 0.2863818 0.6042041 0.2898672 0.603437 0.2880033 0.6044591 0.2879691 0.6037552 0.2910434 0.6023278 0.2898672 0.603437 0.2898436 0.6029521 0.2879691 0.6037552 0.2863818 0.6042041 0.2863519 0.6032612 0.2898436 0.6029521 0.2879691 0.6037552 0.2879437 0.6029521 0.2910314 0.6020806 0.2898436 0.6029521 0.2898261 0.6023988 0.2898261 0.6023988 0.2879437 0.6029521 0.2879281 0.6020806 0.2910224 0.6017986 0.2898261 0.6023988 0.2898154 0.6017986 0.2879437 0.6029521 0.2863519 0.6032612 0.2863336 0.6022382 0.2879281 0.6020806 0.2863336 0.6022382 0.2863274 0.6011743 0.2898154 0.6017986 0.2879281 0.6020806 0.2879227 0.6011743 0.2910169 0.6014926 0.2898154 0.6017986 0.2898117 0.6011743 0.2863274 0.6118714 0.2863336 0.6108075 0.2879281 0.6109652 0.2879227 0.6118714 0.2879281 0.6109652 0.2898154 0.6112472 0.2898117 0.6118714 0.2898154 0.6112472 0.2910169 0.6115532 0.2863336 0.6108075 0.286352 0.6097846 0.2879437 0.6100937 0.2879281 0.6109652 0.2879437 0.6100937 0.2898261 0.6106469 0.2898154 0.6112472 0.2898261 0.6106469 0.2910224 0.6112472 0.286352 0.6097846 0.2863818 0.6088417 0.2879691 0.6092906 0.2879437 0.6100937 0.2879691 0.6092906 0.2898436 0.6100937 0.2898261 0.6106469 0.2898436 0.6100937 0.2910314 0.6109652 0.2863818 0.6088417 0.2864219 0.6080154 0.2880033 0.6085867 0.2879691 0.6092906 0.2880033 0.6085867 0.2898672 0.6096088 0.2898436 0.6100937 0.2898672 0.6096088 0.2910434 0.610718 0.2864219 0.6080154 0.2864708 0.6073371 0.2880449 0.6080089 0.2880033 0.6085867 0.2880449 0.6080089 0.2898959 0.6092109 0.2898672 0.6096088 0.2898959 0.6092109 0.291058 0.6105151 0.2864708 0.6073371 0.2865266 0.6068332 0.2880924 0.6075797 0.2880449 0.6080089 0.2880924 0.6075797 0.2899286 0.6089152 0.2898959 0.6092109 0.2899286 0.6089152 0.2910747 0.6103644 0.2880924 0.6075797 0.2881441 0.6073153 0.2899641 0.6087331 0.3292692 0.3484447 0.3290902 0.3486214 0.3290401 0.3471488 0.2865266 0.6068332 0.2865872 0.6065229 0.2881441 0.6073153 0.3272882 0.3422982 0.3275965 0.3422913 0.3275961 0.3439145 0.3273335 0.3439204 0.3275961 0.3439145 0.3275955 0.3458392 0.3290902 0.3486214 0.3289077 0.3486776 0.3289471 0.3471775 0.3275955 0.3458392 0.3275961 0.3439145 0.3278586 0.3439204 0.3289471 0.3471775 0.3289077 0.3486776 0.3287287 0.3486112 0.3275961 0.3439145 0.3275965 0.3422913 0.3279047 0.3422982 0.2880263 0.6271247 0.2864482 0.6279172 0.2864201 0.6276068 0.289868 0.6257069 0.2880263 0.6271247 0.2880023 0.6268604 0.3288558 0.3471436 0.3287287 0.3486112 0.32856 0.3484245 0.2909973 0.6240757 0.2898515 0.6255248 0.2898362 0.6252291 0.2880023 0.6268604 0.2864201 0.6276068 0.2863941 0.6271029 0.2898515 0.6255248 0.2880023 0.6268604 0.2879802 0.6264311 0.2879802 0.6264311 0.2863941 0.6271029 0.2863714 0.6264247 0.2898362 0.6252291 0.2879802 0.6264311 0.2879608 0.6258534 0.2909896 0.6239249 0.2898362 0.6252291 0.2898229 0.6248312 0.2879608 0.6258534 0.2863714 0.6264247 0.2863527 0.6255983 0.2898229 0.6248312 0.2879608 0.6258534 0.2879449 0.6251494 0.2909827 0.6237221 0.2898229 0.6248312 0.2898119 0.6243463 0.2879449 0.6251494 0.2863527 0.6255983 0.2863388 0.6246555 0.2898119 0.6243463 0.2879449 0.6251494 0.2879331 0.6243463 0.2909772 0.6234748 0.2898119 0.6243463 0.2898038 0.6237931 0.2879331 0.6243463 0.2863388 0.6246555 0.2863303 0.6236325 0.2898038 0.6237931 0.2879331 0.6243463 0.2879258 0.6234748 0.290973 0.6231929 0.2898038 0.6237931 0.2897988 0.6231929 0.2879258 0.6234748 0.2863303 0.6236325 0.2863274 0.6225686 0.2897988 0.6231929 0.2879258 0.6234748 0.2879233 0.6225686 0.2909705 0.6228868 0.2897988 0.6231929 0.2897971 0.6225686 0.2863274 0.6225686 0.2863303 0.6215047 0.2879258 0.6216623 0.2879233 0.6225686 0.2879258 0.6216623 0.2897988 0.6219443 0.2897971 0.6225686 0.2897988 0.6219443 0.2909705 0.6222503 0.2863303 0.6215047 0.2863388 0.6204817 0.2879331 0.6207908 0.2879258 0.6216623 0.2879331 0.6207908 0.2898038 0.6213441 0.2897988 0.6219443 0.2898038 0.6213441 0.290973 0.6219443 0.2863388 0.6204817 0.2863527 0.6195389 0.2879449 0.6199877 0.2879331 0.6207908 0.2879449 0.6199877 0.2898119 0.6207908 0.2898038 0.6213441 0.2898119 0.6207908 0.2909772 0.6216623 0.2879449 0.6199877 0.2879608 0.6192838 0.2898229 0.620306 0.2898119 0.6207908 0.2898229 0.620306 0.2909827 0.6214151 0.2863527 0.6195389 0.2863714 0.6187125 0.2879608 0.6192838 0.2863714 0.6187125 0.2863941 0.6180343 0.2879802 0.6187061 0.2879608 0.6192838 0.2879802 0.6187061 0.2898362 0.619908 0.2898229 0.620306 0.2898362 0.619908 0.2909896 0.6212123 0.2898362 0.619908 0.2898515 0.6196123 0.2909973 0.6210615 0.2863941 0.6180343 0.2864201 0.6175304 0.2880023 0.6182768 0.2879802 0.6187061 0.2880023 0.6182768 0.2898515 0.6196123 0.2864201 0.6175304 0.2864482 0.61722 0.2880263 0.6180124 0.2880023 0.6182768 0.2880263 0.6180124 0.289868 0.6194303 0.3287283 0.3425243 0.3289074 0.3423475 0.3289469 0.3439504 0.3289074 0.3423475 0.3290899 0.3422913 0.3290399 0.3439218 0.3272882 0.34585 0.3275964 0.3458432 0.3275967 0.3474658 0.3273342 0.3474715 0.3275967 0.3474658 0.3275973 0.3493891 0.3275967 0.3474658 0.3275964 0.3458432 0.3279047 0.34585 0.3275973 0.3493891 0.3275967 0.3474658 0.3278593 0.3474715 0.3290399 0.3439218 0.3290899 0.3422913 0.3292689 0.3423578 0.2881441 0.6164276 0.2865872 0.61722 0.2865266 0.6169097 0.2899641 0.6150098 0.2881441 0.6164276 0.2880924 0.6161633 0.3291312 0.3439556 0.3292689 0.3423578 0.3294376 0.3425444 0.2880924 0.6161633 0.2865266 0.6169097 0.2864708 0.6164057 0.2899286 0.6148277 0.2880924 0.6161633 0.2880449 0.615734 0.2910747 0.6133785 0.2899286 0.6148277 0.2898959 0.614532 0.2880449 0.615734 0.2864708 0.6164057 0.2864219 0.6157276 0.2898959 0.614532 0.2880449 0.615734 0.2880033 0.6151562 0.291058 0.6132278 0.2898959 0.614532 0.2898672 0.6141341 0.2880033 0.6151562 0.2864219 0.6157276 0.2863818 0.6149012 0.2898672 0.6141341 0.2880033 0.6151562 0.2879691 0.6144523 0.2910434 0.6130249 0.2898672 0.6141341 0.2898436 0.6136492 0.2879691 0.6144523 0.2863818 0.6149012 0.286352 0.6139584 0.2898436 0.6136492 0.2879691 0.6144523 0.2879437 0.6136492 0.2910314 0.6127777 0.2898436 0.6136492 0.2898261 0.613096 0.2898261 0.613096 0.2879437 0.6136492 0.2879281 0.6127777 0.2910224 0.6124957 0.2898261 0.613096 0.2898154 0.6124957 0.2879437 0.6136492 0.286352 0.6139584 0.2863336 0.6129354 0.2879281 0.6127777 0.2863336 0.6129354 0.2863274 0.6118714 0.2898154 0.6124957 0.2879281 0.6127777 0.2879227 0.6118714 0.2910169 0.6121897 0.2898154 0.6124957 0.2898117 0.6118714 0.8830578 0.3163382 0.8830578 0.2866468 0.8879912 0.2863712 0.8779259 0.3164314 0.8779259 0.28674 0.8830578 0.2866468 0.868975 0.8433721 0.8987323 0.8433721 0.8985013 0.856307 0.8700971 0.8158159 0.8998544 0.8158159 0.8994221 0.8227298 0.8692859 0.8320344 0.8990432 0.8320344 0.8987323 0.8433721 0.868975 0.926505 0.8987323 0.926505 0.8990433 0.9378427 0.8623107 0.3163404 0.8623107 0.2866508 0.8674426 0.2867454 0.8727928 0.3163385 0.8727928 0.2866471 0.8779259 0.28674 0.869286 0.9378427 0.8990433 0.9378427 0.8994221 0.9471473 0.8573774 0.3160607 0.8573774 0.2863712 0.8623107 0.2866508 0.868744 0.91357 0.8985013 0.91357 0.8987323 0.926505 0.8727928 0.3163385 0.8726842 0.3163324 0.8726842 0.2866411 0.8686017 0.8703423 0.898359 0.8703423 0.898311 0.8849385 0.8685536 0.8849385 0.898311 0.8849385 0.898359 0.8995347 0.8696648 0.9471473 0.8994221 0.9471473 0.8998544 0.9540612 0.8686017 0.8995347 0.898359 0.8995347 0.8985013 0.91357 0.868744 0.856307 0.8985013 0.856307 0.898359 0.8703423 0.8696648 0.8227298 0.8994221 0.8227298 0.8990432 0.8320344 0.8674426 0.3164349 0.8674426 0.2867454 0.8725758 0.2866511 0.3271152 0.6845826 0.3271152 0.6845826 0.3204935 0.683761 0.3204935 0.683761 0.314204 0.6813375 0.3271152 0.6845826 0.314204 0.6813375 0.3085618 0.6774336 0.3271152 0.6845826 0.3085618 0.6774336 0.30385 0.672245 0.3271152 0.6845826 0.30385 0.672245 0.3003048 0.6660319 0.3271152 0.6845826 0.3003048 0.6660319 0.298104 0.659106 0.3271152 0.6845826 0.298104 0.659106 0.2973579 0.6518144 0.3271152 0.6845826 0.2973579 0.6518144 0.2973581 0.3750595 0.3271152 0.3422913 0.2973581 0.3750595 0.2981042 0.3677679 0.3271152 0.3422913 0.2981042 0.3677679 0.300305 0.3608419 0.3271152 0.3422913 0.300305 0.3608419 0.3038502 0.3546289 0.3271152 0.3422913 0.3038502 0.3546289 0.308562 0.3494403 0.3271152 0.3422913 0.308562 0.3494403 0.3142041 0.3455364 0.3271152 0.3422913 0.3204936 0.3431129 0.3271152 0.3422913 0.3271152 0.3422913 0.3271152 0.3422913 0.3271152 0.6845826 0.2973579 0.6518144 0.7017052 0.5960775 0.7017052 0.8728322 0.5349191 0.8728322 0.8726843 0.2866451 0.8726843 0.3163346 0.8725758 0.3163407 0.2678605 0.8665075 0.2678605 0.8665075 0.2678605 0.9643665 0.2678605 0.9643665 0.2381031 0.9643665 0.2381031 0.8992757 0.2381031 0.8992757 0.2388492 0.8919841 0.2678605 0.8665075 0.2388492 0.8919841 0.24105 0.8850581 0.2678605 0.8665075 0.24105 0.8850581 0.2445952 0.878845 0.2678605 0.8665075 0.2445952 0.878845 0.249307 0.8736565 0.2678605 0.8665075 0.249307 0.8736565 0.2549492 0.8697525 0.2678605 0.8665075 0.2549492 0.8697525 0.2612388 0.867329 0.2678605 0.8665075 0.9970486 -0.002015829 9.35584e-4 -0.002015829 9.35525e-4 0.2331771 9.35525e-4 0.7627912 9.35525e-4 0.9979842 0.9970486 0.9979842 0.9970486 -0.002015829 9.35525e-4 0.2331771 9.35525e-4 0.7627912 0.8685501 0.8736498 0.701762 0.876654 0.701762 0.876654 0.7018444 0.5944805 0.7018444 0.5944805 0.868548 0.5974922 0.8685501 0.8736498 0.701762 0.876654 0.7018444 0.5944805 0.9296117 0.8485842 0.9296117 0.913675 0.8998544 0.913675 0.8998544 0.8158159 0.8998544 0.8158159 0.906476 0.8166375 0.9296117 0.8485842 0.8998544 0.913675 0.8998544 0.8158159 0.9266648 0.8343666 0.9288656 0.8412926 0.8998544 0.8158159 0.9288656 0.8412926 0.9296117 0.8485842 0.8998544 0.8158159 0.9184077 0.822965 0.9231196 0.8281535 0.8998544 0.8158159 0.9231196 0.8281535 0.9266648 0.8343666 0.8998544 0.8158159 0.906476 0.8166375 0.9127656 0.8190611 0.8998544 0.8158159 0.1667947 0.8540117 0.1667947 0.6127294 0.285728 0.6127613 0.1667881 0.893466 8.45937e-5 0.896479 8.45937e-5 0.896479 0 0.6142875 0 0.6142875 0.1667881 0.6172911 0.1667881 0.893466 8.45937e-5 0.896479 0.1667881 0.6172911 0.3366409 0.6515839 0.4555742 0.6515522 0.4555742 0.8928191 0.6194639 0.0160256 0.7383956 0.0160256 0.7383956 0.03069597 0.8573774 0.2875766 0.7384447 0.2875558 0.7384446 0.0125001 0.6194638 0.2768716 0.7383956 0.2768716 0.7383956 0.291542 0.2973666 0.9660945 0.2973579 0.9660945 0.310308 0.9456892 0.2973579 0.9660945 0.2973579 0.6845826 0.310308 0.704988 0.2973579 0.6845826 0.2973665 0.6845826 0.310308 0.704988 0.9096202 0.5977325 0.8685547 0.5977551 0.8685548 0.5704975 0.6465134 0.3207444 0.5362349 0.3207444 0.5349193 0.3165115 0.5362349 0.4025713 0.5362348 0.429847 0.5349192 0.4293767 0.1129835 0.5647295 0.1134604 0.5920051 0.001309216 0.5920051 0.001309216 0.5920051 2.76715e-7 0.596238 2.56217e-7 0.5680217 0.751921 0.5662252 0.7580441 0.5704581 0.6446348 0.5704581 0.7585211 0.3437871 0.7580442 0.3165115 0.8695374 0.3165115 0.8695374 0.3165115 0.8695374 0.5619924 0.760429 0.4528898 0.8695374 0.5619924 0.7623368 0.5619924 0.7618598 0.5347167 0.7618598 0.5347167 0.7613829 0.5074411 0.8695374 0.5619924 0.7613829 0.5074411 0.7609059 0.4801654 0.8695374 0.5619924 0.7589981 0.3710628 0.7585211 0.3437871 0.8695374 0.3165115 0.760429 0.4528898 0.759952 0.4256141 0.8695374 0.3165115 0.759952 0.4256141 0.7594751 0.3983384 0.8695374 0.3165115 0.7594751 0.3983384 0.7589981 0.3710628 0.8695374 0.3165115 0.1091679 0.3465242 0.1096448 0.3737999 0.001308977 0.3737999 0.1096448 0.3737999 0.1101218 0.4010755 0.001308977 0.4010755 0.1101218 0.4010755 0.1105988 0.4283512 0.001309037 0.4283512 0.1105988 0.4283512 0.1110756 0.4556268 0.001309096 0.4556268 0.1110756 0.4556268 0.1115526 0.4829025 0.001309096 0.4829025 0.1115526 0.4829025 0.1120296 0.5101782 0.001309096 0.5101782 0.1120296 0.5101782 0.1125065 0.5374538 0.001309156 0.5374538 0.1125065 0.5374538 0.1129835 0.5647295 0.001309156 0.5647295 0.5362349 0.3752957 0.5362349 0.4025713 0.5349193 0.4011604 0.1134604 0.5920051 0.1160191 0.596238 2.76715e-7 0.596238 0.5362349 0.3480201 0.5362349 0.3752957 0.5349193 0.3729441 0.001308917 0.3465242 0.001308977 0.3737999 0 0.3705076 0.5362349 0.3207444 0.5362349 0.3480201 0.5349193 0.3447278 0.2198197 0.3465242 0.2260465 0.3422914 0.2260465 0.596238 0.1091679 0.3465242 0.001308917 0.3465242 0 0.3422913 0.2198198 0.5920051 0.2260465 0.596238 0.1160191 0.596238 0.9096197 0.8157933 0.8685536 0.815816 0.8685538 0.7885584 0.1187741 0.5374336 0.119251 0.5647093 0.1129835 0.5647295 0.9096198 0.7612781 0.8685539 0.7613008 0.8685541 0.7340432 0.5331048 0.6391655 0.5331048 0.6800419 0.5268238 0.6799697 0.9096199 0.7067629 0.8685542 0.7067856 0.8685543 0.6795279 0.1159124 0.3737797 0.1163893 0.4010554 0.1101218 0.4010755 0.90962 0.6522477 0.8685545 0.6522703 0.8685546 0.6250128 0.3302507 0.5929858 0.3365339 0.5929136 0.3365339 0.63379 0.1667914 0.9777435 0.1668214 0.8665075 0.2380998 0.8673437 0.4786168 0.03128236 0.3670352 0.03128236 0.357138 0 0.3670352 0.03128236 0.3509231 0.01470136 0.357138 0 0.357138 0 0.5989632 0 0.4786168 0.03128236 0.5989632 0 0.6065093 0.01588654 0.593955 0.03128236 0.6194638 0.2417036 0.7383956 0.2417036 0.7383956 0.2768716 0.6194638 0.2417036 0.6194638 0.2065357 0.7383956 0.2065357 0.6194638 0.2065357 0.6194638 0.1713677 0.7383956 0.1713678 0.6194638 0.1713677 0.6194638 0.1361998 0.7383956 0.1361998 0.6194639 0.1010318 0.7383956 0.1010319 0.7383956 0.1361998 0.6194639 0.1010318 0.6194639 0.0658639 0.7383956 0.06586396 0.6194639 0.0658639 0.6194639 0.03069597 0.7383956 0.03069597 0.9398355 0.6249734 0.9096201 0.6249901 0.9096202 0.5977325 0.9398355 0.652231 0.90962 0.6522477 0.9096201 0.6249901 0.9398355 0.6794886 0.90962 0.6795053 0.90962 0.6522477 0.9398355 0.7067462 0.9096199 0.7067629 0.90962 0.6795053 0.9398355 0.7340038 0.9096199 0.7340205 0.9096199 0.7067629 0.9398355 0.7612614 0.9096198 0.7612781 0.9096199 0.7340205 0.9398355 0.788519 0.9096198 0.7885357 0.9096198 0.7612781 0.9398355 0.8157766 0.9096197 0.8157933 0.9096198 0.7885357 0.2198197 0.3465242 0.1091679 0.3465242 0.1115786 0.3422913 0.001308977 0.3737999 0.001308977 0.4010755 0 0.3987239 0.001308977 0.4010755 0.001309037 0.4283512 0 0.4269402 0.001309037 0.4283512 0.001309096 0.4556268 1.33233e-7 0.4551565 0.5362347 0.5389496 0.5349192 0.5422419 0.5349192 0.5140256 0.001309096 0.4556268 0.001309096 0.4829025 1.5373e-7 0.4833728 0.5362347 0.5116739 0.5349192 0.5140256 0.5349192 0.4858093 0.6422926 0.5662252 0.6446348 0.5704581 0.5349191 0.5704582 0.001309096 0.5101782 1.84476e-7 0.5115891 1.5373e-7 0.4833728 0.751921 0.3207444 0.7580441 0.3165115 0.7580441 0.5704581 0.5362348 0.4843983 0.5349192 0.4858093 0.5349192 0.457593 0.9398355 0.5977158 0.9096202 0.5977325 0.9096202 0.5704749 0.8573774 0.286356 0.8573774 0.2454808 0.8847622 0.2454961 0.2952453 0.8665226 0.2952453 0.9073976 0.2678605 0.9073824 0.9121471 0.245496 0.9121471 0.2863708 0.8847622 0.2863556 0.9121471 0.2863555 0.9121471 0.2454808 0.9395319 0.245496 0.2972369 0.745951 0.2910747 0.7460358 0.2910747 0.7187562 0.2910747 0.595898 0.2973579 0.5958257 0.2973579 0.636702 0.2973557 0.6777952 0.2973557 0.7186714 0.2910747 0.7185992 0.5329861 0.7073215 0.5268238 0.7074064 0.5268238 0.6801267 0.1178202 0.4828823 0.1182971 0.510158 0.1120296 0.5101782 0.3302507 0.511088 0.3365339 0.5110158 0.3365339 0.5518925 0.3302529 0.674739 0.3302529 0.6338623 0.3365339 0.6339344 0.5268238 0.7074912 0.5329861 0.7074064 0.5329861 0.734686 0.1168663 0.428331 0.1173432 0.4556067 0.1110756 0.4556268 0.3365339 0.5928414 0.3302507 0.5929136 0.3302507 0.552037 0.2973557 0.6368464 0.2973557 0.6777229 0.2910747 0.6776507 0.5268238 0.7348557 0.5329861 0.7347708 0.5329861 0.7620505 0.751921 0.3207444 0.6465134 0.3207444 0.6490011 0.3165115 0.001309156 0.5374538 2.15223e-7 0.5398054 1.84476e-7 0.5115891 0.4857763 0.8648237 0.5268238 0.8648237 0.5268238 0.89304 0.254469 0.4103446 0.254469 0.5277699 0.2541608 0.5278745 0.254469 0.4103446 0.2541608 0.5278745 0.2538645 0.5281842 0.2541608 0.5385537 0.2544691 0.5386583 0.2260465 0.5958133 0.2538645 0.5382438 0.2541608 0.5385537 0.2260465 0.5958133 0.254469 0.4103446 0.2538645 0.5281842 0.2535913 0.5286872 0.254469 0.4103446 0.2535913 0.5286872 0.2533519 0.5293643 0.2535913 0.5377407 0.2538645 0.5382438 0.2260465 0.5958133 0.2533519 0.5370636 0.2535913 0.5377407 0.2260465 0.5958133 0.2260465 0.5958133 0.254469 0.4103446 0.2533519 0.5293643 0.2260465 0.5958133 0.2533519 0.5293643 0.2531554 0.5301892 0.2531554 0.5362386 0.2533519 0.5370636 0.2260465 0.5958133 0.2530094 0.5352973 0.2531554 0.5362386 0.2260465 0.5958133 0.2260465 0.5958133 0.2531554 0.5301892 0.2530094 0.5311304 0.2260465 0.5958133 0.2530094 0.5311304 0.2529195 0.5321518 0.2529195 0.534276 0.2530094 0.5352973 0.2260465 0.5958133 0.2260465 0.5958133 0.2529195 0.5321518 0.2528892 0.5332139 0.9106348 0.4282018 0.8695706 0.4286896 0.8696028 0.3173583 0.9999932 8.65163e-4 0.9999966 0.1166197 0.9589319 0.1161212 0.4857764 0.6390933 0.5268238 0.6390933 0.5268238 0.6673097 0.4857764 0.6673097 0.5268238 0.6673097 0.5268238 0.695526 0.4857764 0.695526 0.5268238 0.695526 0.5268238 0.7237422 0.4857763 0.7237423 0.5268238 0.7237422 0.5268238 0.7519585 0.4857763 0.7519586 0.5268238 0.7519585 0.5268238 0.7801748 0.4857763 0.7801749 0.5268238 0.7801748 0.5268238 0.8083911 0.4857763 0.8083911 0.5268238 0.8083911 0.5268238 0.8366074 0.4857763 0.8366074 0.5268238 0.8366074 0.5268238 0.8648237 0.4555742 0.8366075 0.4857763 0.8366074 0.4857763 0.8648237 0.4555742 0.8083912 0.4857763 0.8083911 0.4857763 0.8366074 0.4555742 0.7801749 0.4857763 0.7801749 0.4857763 0.8083911 0.4555742 0.7519586 0.4857763 0.7519586 0.4857763 0.7801749 0.4555742 0.7237423 0.4857763 0.7237423 0.4857763 0.7519586 0.4555742 0.695526 0.4857764 0.695526 0.4857763 0.7237423 0.4555742 0.6673097 0.4857764 0.6673097 0.4857764 0.695526 0.4555742 0.6390933 0.4857764 0.6390933 0.4857764 0.6673097 0.9589477 3.66718e-4 0.9589319 0.1161212 0.928717 0.1157546 0.9408492 0.4278429 0.9106348 0.4282018 0.9106484 0.3168705 0.4555742 0.8648237 0.4857763 0.8648237 0.4857763 0.89304 0.9106348 0.4282018 0.9408492 0.4278429 0.9408492 0.5429222 0.9408492 0.5429222 0.8695374 0.5429038 0.9106348 0.4282018 1 0.2263963 0.9286882 0.2263963 0.9589319 0.1161212 0.9286882 0.2263963 0.928717 0.1157546 0.9589319 0.1161212 0.001309156 0.5647295 2.56217e-7 0.5680217 2.15223e-7 0.5398054 0.5362348 0.4571226 0.5349192 0.457593 0.5349192 0.4293767 0.5362347 0.5662253 0.5349191 0.5704582 0.5349192 0.5422419 0.5268859 0.89304 0.5268859 1 0.4966709 0.8933864 0.5268859 1 0.4555742 0.9999809 0.4966709 0.8933864 0.8573774 0 0.8777509 0.03887194 0.877751 0.08105307 0.4830575 0.285229 0.593955 0.285229 0.5989632 0.3165115 0.593955 0.285229 0.6065093 0.3006249 0.5989632 0.3165115 0.5989632 0.3165115 0.3571383 0.3165115 0.4830575 0.285229 0.3571383 0.3165115 0.3509234 0.30181 0.3670354 0.2852291 0.593955 0.03128236 0.6065093 0.01588654 0.6194638 0.0204975 0.6194638 0.0204975 0.6194638 0.2960139 0.593955 0.03128236 0.6194638 0.2960139 0.6065093 0.3006249 0.593955 0.285229 0.3670354 0.2570128 0.3670354 0.2852291 0.3366377 0.2813435 0.3670354 0.2852291 0.3509234 0.30181 0.3366377 0.2813435 0.3366375 0.07033586 0.3366375 0.03516793 0.3670352 0.05949866 0.3366376 0.1055038 0.3366375 0.07033586 0.3670352 0.08771497 0.3366376 0.1406717 0.3366376 0.1055038 0.3670353 0.1159313 0.3366376 0.1758397 0.3366376 0.1406717 0.3670353 0.1441476 0.3670353 0.2005802 0.3366377 0.2110076 0.3366376 0.1758397 0.3670353 0.2287965 0.3366377 0.2461756 0.3366377 0.2110076 0.3670354 0.2570128 0.3366377 0.2813435 0.3366377 0.2461756 0.3670352 0.03128236 0.3670352 0.05949866 0.3366375 0.03516793 0.3366375 0.03516793 0.3366374 0.0204975 0.3509231 0.01470136 0.701762 0.876654 0.8685501 0.8736498 0.8685505 0.8808717 0.7017624 0.8832066 0.8685505 0.8808717 0.8685517 0.8876237 0.7017636 0.8893228 0.8685517 0.8876237 0.8685536 0.893567 0.7017619 0.8984515 0.5349816 0.8984515 0.5349553 0.8932629 0.7017381 0.8932629 0.5349553 0.8932629 0.5349355 0.8870498 0.7017201 0.8870499 0.5349355 0.8870498 0.5349233 0.8801239 0.701709 0.8801239 0.5349233 0.8801239 0.5349191 0.8728322 8.45937e-5 0.896479 0.1667881 0.893466 0.1667885 0.9007955 8.49655e-5 0.9031391 0.1667885 0.9007955 0.1667896 0.9078638 8.60628e-5 0.9095716 0.1667896 0.9078638 0.1667914 0.9143164 0.3682129 0.316556 0.5349191 0.3165115 0.5349036 0.3219913 0.3681988 0.3220083 0.5349036 0.3219913 0.534892 0.3284196 0.3681883 0.3284159 0.534892 0.3284196 0.5348849 0.3354741 0.3681819 0.3354575 0.5348849 0.3354741 0.5348828 0.342801 0.5349192 0.5960774 0.5349233 0.5887858 0.701709 0.5887858 0.5349233 0.5887858 0.5349357 0.5818598 0.7017201 0.5818598 0.5349357 0.5818598 0.5349554 0.5756467 0.7017381 0.5756468 0.5349554 0.5756467 0.5349817 0.5704582 0.701762 0.5704582 0.1667914 0.5973659 0.1667896 0.6033133 1.46524e-6 0.601615 0.1667896 0.6033133 0.1667885 0.610068 3.69914e-7 0.6077338 0.1667885 0.610068 0.1667881 0.6172911 0 0.6142875 0.5348963 0.6190931 0.5348992 0.626325 0.3681961 0.6263083 0.5348992 0.626325 0.5349069 0.6330993 0.3682032 0.6330956 0.5349069 0.6330993 0.5349191 0.6390763 0.3682143 0.6390933 0.8685535 0.5711181 0.8685511 0.5766362 0.7018476 0.5755 0.8685511 0.5766362 0.8685494 0.5830922 0.7018458 0.5813856 0.8685494 0.5830922 0.8685483 0.5901623 0.7018448 0.5878199 0.8685483 0.5901623 0.868548 0.5974922 0.7018444 0.5944805 1.33233e-7 0.3095231 0 0.0327683 0.03222692 0 0 0.0327683 8.07976e-4 0.02547669 0.03222692 0 8.07976e-4 0.02547669 0.003191411 0.01855069 0.007030844 0.01233768 0.007030844 0.01233768 0.01213371 0.0071491 0.03222692 0 0.01213371 0.0071491 0.01824414 0.003245174 0.03222692 0 0.01824414 0.003245174 0.0250557 8.21676e-4 0.03222692 0 0.03222692 0 0.3044103 0 0.3366373 0.03276818 0.3044103 0 0.3115815 8.21533e-4 0.3366373 0.03276818 0.3115815 8.21533e-4 0.3183931 0.003244996 0.3245035 0.007148921 0.3245035 0.007148921 0.3296064 0.0123375 0.3366373 0.03276818 0.3296064 0.0123375 0.3334458 0.01855057 0.3366373 0.03276818 0.3334458 0.01855057 0.3358293 0.02547657 0.3366373 0.03276818 0.3366373 0.03276818 0.3366374 0.3095229 0.3044105 0.3422912 0.3366374 0.3095229 0.3358295 0.3168146 0.3044105 0.3422912 0.3358295 0.3168146 0.333446 0.3237406 0.3296065 0.3299536 0.3296065 0.3299536 0.3245037 0.3351422 0.3044105 0.3422912 0.3245037 0.3351422 0.3183933 0.3390461 0.3044105 0.3422912 0.3183933 0.3390461 0.3115817 0.3414697 0.3044105 0.3422912 0.3044105 0.3422912 0.03222709 0.3422913 1.33233e-7 0.3095231 0.03222709 0.3422913 0.02505588 0.3414698 1.33233e-7 0.3095231 0.02505588 0.3414698 0.01824432 0.3390463 0.01213389 0.3351424 0.01213389 0.3351424 0.007031023 0.3299538 1.33233e-7 0.3095231 0.007031023 0.3299538 0.00319159 0.3237407 1.33233e-7 0.3095231 0.00319159 0.3237407 8.0812e-4 0.3168147 1.33233e-7 0.3095231 8.07976e-4 0.02547669 0.007030844 0.01233768 0.03222692 0 0.3115815 8.21533e-4 0.3245035 0.007148921 0.3366373 0.03276818 0.3358295 0.3168146 0.3296065 0.3299536 0.3044105 0.3422912 0.02505588 0.3414698 0.01213389 0.3351424 1.33233e-7 0.3095231 1.33233e-7 0.3095231 0.03222692 0 0.3366373 0.03276818 0.8573774 0.0125209 0.7384446 0.0125001 0.7384433 0.007976293 0.8573759 0.007997095 0.7384433 0.007976293 0.7384391 0.00373876 0.8573718 0.003759503 0.7384391 0.00373876 0.7384324 0 0.4555707 0.9093169 0.3366374 0.9093486 0.3366389 0.9058969 0.4555721 0.9058651 0.3366389 0.9058969 0.33664 0.9018585 0.4555732 0.9018267 0.33664 0.9018585 0.3366407 0.8974359 0.4555739 0.8974041 0.3366407 0.8974359 0.3366409 0.8928508 0.6194638 0.291542 0.7383956 0.291542 0.738398 0.2961031 0.6194663 0.2961031 0.738398 0.2961031 0.7384052 0.3004356 0.6194735 0.3004356 0.7384052 0.3004356 0.7384169 0.304322 0.6194851 0.304322 0.7384169 0.304322 0.7384324 0.3075677 0.3366389 0.6391251 0.4555722 0.6390933 0.4555733 0.6428111 0.33664 0.6428428 0.4555733 0.6428111 0.4555739 0.6470346 0.3366407 0.6470664 0.4555739 0.6470346 0.4555742 0.6515522 0.6194639 0.0160256 0.6194663 0.01146447 0.738398 0.01146447 0.6194663 0.01146447 0.6194735 0.007131993 0.7384053 0.007132053 0.6194735 0.007131993 0.6194851 0.003245592 0.7384169 0.003245592 0.6194851 0.003245592 0.6195006 0 0.7384324 0 0.1667928 0.8664756 0.1667938 0.8627553 0.2857271 0.8627871 0.1667938 0.8627553 0.1667945 0.8585301 0.2857278 0.8585619 0.1667945 0.8585301 0.1667947 0.8540117 0.285728 0.8540436 0.8573774 0.2875766 0.857376 0.2921597 0.7384433 0.292139 0.857376 0.2921597 0.8573718 0.2965726 0.7384391 0.2965518 0.8573718 0.2965726 0.8573651 0.3005937 0.7384324 0.3005729 0.2857246 0.5962699 0.285726 0.5997187 0.1667928 0.5996868 0.285726 0.5997187 0.2857271 0.603755 0.1667938 0.6037232 0.2857271 0.603755 0.2857277 0.6081765 0.1667945 0.6081446 0.2857277 0.6081765 0.285728 0.6127613 0.1667947 0.6127294 0.9733702 0.5704582 0.9733788 0.5704582 0.9604287 0.5908635 0.9733788 0.5704582 0.9733788 0.8519704 0.9604287 0.831565 0.9733788 0.8519704 0.9733702 0.8519704 0.9604287 0.831565 0.2973162 0.7460359 0.2973162 0.7598217 0.2910747 0.7598219 0.3304107 0.4688346 0.3365339 0.4688346 0.3365339 0.5110158 0.7384324 0.3112223 0.7384324 0.3005937 0.7446743 0.3108206 0.7384324 0.3005937 0.7446743 0.3005939 0.7446743 0.3108206 0.7446743 0.3108206 0.7446743 0.3143797 0.7384324 0.3112223 0.3304107 0.3844724 0.3366374 0.3844724 0.3366374 0.4266536 0.2973579 0.5958257 0.263134 0.5527869 0.2769842 0.5527893 0.2769842 0.5106788 0.2734085 0.5106781 0.2973579 0.3423038 0.2973579 0.5958257 0.2769842 0.5527893 0.2769842 0.5106788 0.877751 0.1644276 0.877751 0.2066088 0.8573774 0.2454808 0.8573774 0 0.8809229 0.1644276 0.877751 0.1644276 0.7571578 0.3005937 0.7571578 0.3143795 0.7509163 0.3143797 0.3304107 0.4688346 0.3304107 0.4266535 0.3365339 0.4266535 0.7446743 0.3005937 0.7509163 0.3005939 0.7509163 0.3143797 0.3304107 0.3844724 0.3304107 0.3422913 0.3366374 0.3422913 0.2734085 0.5106781 0.263134 0.5106763 0.263134 0.4274412 0.2769842 0.4274436 0.2769842 0.385333 0.2973579 0.3423038 0.2734085 0.5106781 0.263134 0.4274412 0.2769842 0.4274436 0.891601 0.1644276 0.8809229 0.1644276 0.891601 0.08105307 0.8809229 0.1644276 0.877751 0.08105307 0.891601 0.08105307 0.8573774 0.2454808 0.877751 0.2066088 0.891601 0.2066088 0.891601 0.1644276 0.891601 0.08105307 0.9286882 0 0.891601 0.08105307 0.891601 0.03887194 0.9286882 0 0.9286882 0.2454808 0.8573774 0.2454808 0.891601 0.2066088 0.891601 0.2066088 0.891601 0.1644276 0.9286882 0.2454808 0.9286882 0 0.9286882 0.2454808 0.891601 0.1644276 0.8777509 0.03887194 0.8573774 0 0.891601 0.03887194 0.2260465 0.3422913 0.254469 0.3994562 0.2541608 0.3995607 0.2260465 0.3422913 0.2541608 0.3995607 0.2538645 0.3998705 0.2541608 0.4102399 0.254469 0.4103446 0.2260465 0.5958133 0.2538645 0.4099301 0.2541608 0.4102399 0.2260465 0.5958133 0.2260465 0.3422913 0.2538645 0.3998705 0.2535913 0.4003735 0.2260465 0.3422913 0.2535913 0.4003735 0.2533519 0.4010505 0.2535913 0.4094269 0.2538645 0.4099301 0.2260465 0.5958133 0.2533519 0.4087498 0.2535913 0.4094269 0.2260465 0.5958133 0.2260465 0.3422913 0.2533519 0.4010505 0.2531554 0.4018754 0.2260465 0.3422913 0.2531554 0.4018754 0.2530094 0.4028167 0.2533519 0.4087498 0.2260465 0.5958133 0.2260465 0.3422913 0.2531554 0.4079248 0.2533519 0.4087498 0.2260465 0.3422913 0.2260465 0.3422913 0.2530094 0.4028167 0.2529195 0.403838 0.2260465 0.3422913 0.2529195 0.403838 0.2528892 0.4049001 0.2530094 0.4069835 0.2531554 0.4079248 0.2260465 0.3422913 0.2260465 0.3422913 0.2528892 0.4049001 0.2529195 0.4059622 0.2260465 0.5958133 0.2544691 0.5386583 0.263134 0.5527869 0.2544691 0.5386583 0.2547773 0.5385538 0.263134 0.5527869 0.2547773 0.5385538 0.2550737 0.5382441 0.263134 0.5527869 0.263134 0.5527869 0.2973579 0.5958257 0.2260465 0.5958133 0.263134 0.3853306 0.263134 0.4274412 0.256049 0.4049006 0.263134 0.4274412 0.263134 0.5106763 0.254469 0.5277699 0.256049 0.5332144 0.263134 0.5106763 0.263134 0.5527869 0.263134 0.5527869 0.2550737 0.5382441 0.2553468 0.537741 0.263134 0.5106763 0.256049 0.5332144 0.2560186 0.5321522 0.256049 0.5332144 0.263134 0.5527869 0.2560186 0.5342765 0.2973579 0.3423038 0.2769842 0.385333 0.263134 0.3853306 0.2547773 0.3995608 0.254469 0.3994562 0.263134 0.3853306 0.254469 0.3994562 0.2260465 0.3422913 0.263134 0.3853306 0.2550737 0.3998706 0.2547773 0.3995608 0.263134 0.3853306 0.2260465 0.3422913 0.2973579 0.3423038 0.263134 0.3853306 0.263134 0.5527869 0.2553468 0.537741 0.2555863 0.537064 0.263134 0.5527869 0.2555863 0.537064 0.2557828 0.536239 0.2553468 0.4003738 0.2550737 0.3998706 0.263134 0.3853306 0.263134 0.5527869 0.2557828 0.536239 0.2559288 0.5352978 0.263134 0.5527869 0.2559288 0.5352978 0.2560186 0.5342765 0.2555863 0.4010509 0.2553468 0.4003738 0.263134 0.3853306 0.2557827 0.4018759 0.2555863 0.4010509 0.263134 0.3853306 0.263134 0.5106763 0.2560186 0.5321522 0.2559288 0.531131 0.2559288 0.4028172 0.2557827 0.4018759 0.263134 0.3853306 0.2560186 0.4038385 0.2559288 0.4028172 0.263134 0.3853306 0.263134 0.5106763 0.2559288 0.531131 0.2557828 0.5301897 0.263134 0.5106763 0.2557828 0.5301897 0.2555863 0.5293647 0.256049 0.4049006 0.2560186 0.4038385 0.263134 0.3853306 0.2560186 0.4059628 0.256049 0.4049006 0.263134 0.4274412 0.263134 0.5106763 0.2555863 0.5293647 0.2553468 0.5286875 0.263134 0.5106763 0.2553468 0.5286875 0.2550737 0.5281844 0.2559288 0.406984 0.2560186 0.4059628 0.263134 0.4274412 0.2557827 0.4079253 0.2559288 0.406984 0.263134 0.4274412 0.263134 0.5106763 0.2550737 0.5281844 0.2547773 0.5278745 0.263134 0.5106763 0.2547773 0.5278745 0.254469 0.5277699 0.2555863 0.4087502 0.263134 0.4274412 0.2553468 0.4094272 0.2555863 0.4087502 0.2557827 0.4079253 0.263134 0.4274412 0.254469 0.5277699 0.254469 0.4103446 0.263134 0.4274412 0.2553468 0.4094272 0.263134 0.4274412 0.2550737 0.4099303 0.2550737 0.4099303 0.263134 0.4274412 0.2547773 0.4102401 0.3680747 0.4076685 0.3681832 0.407762 0.3629422 0.4062327 0.3681832 0.407762 0.3681904 0.5540901 0.3366374 0.4809221 0.3681904 0.5540901 0.3680819 0.5541836 0.3629494 0.5556181 0.3629494 0.5556181 0.3578169 0.5541822 0.3681904 0.5540901 0.3578169 0.5541822 0.3528814 0.5499311 0.3681904 0.5540901 0.3528814 0.5499311 0.3483327 0.5430282 0.3681904 0.5540901 0.3483327 0.5430282 0.3443456 0.5337387 0.3681904 0.5540901 0.3443456 0.5337387 0.3410732 0.5224196 0.3681904 0.5540901 0.3410732 0.5224196 0.3386415 0.5095059 0.3681904 0.5540901 0.3386415 0.5095059 0.3371437 0.4954938 0.3681904 0.5540901 0.3371437 0.4954938 0.3366374 0.4809221 0.3681904 0.5540901 0.3366374 0.4809221 0.3371422 0.4663503 0.3681832 0.407762 0.3371422 0.4663503 0.3386387 0.4523386 0.3681832 0.407762 0.3681832 0.407762 0.3386387 0.4523386 0.3410692 0.4394256 0.3410692 0.4394256 0.3443404 0.4281073 0.3681832 0.407762 0.3681832 0.407762 0.3443404 0.4281073 0.3483266 0.4188188 0.3483266 0.4188188 0.3528746 0.411917 0.3681832 0.407762 0.3681832 0.407762 0.3528746 0.411917 0.3578097 0.4076672</float_array>
          <technique_common>
            <accessor source="#Cube_001-mesh-map-0-array" count="3426" stride="2">
              <param name="S" type="float"/>
              <param name="T" type="float"/>
            </accessor>
          </technique_common>
        </source>
        <vertices id="Cube_001-mesh-vertices">
          <input semantic="POSITION" source="#Cube_001-mesh-positions"/>
        </vertices>
        <triangles material="USB_Shell-material" count="202">
          <input semantic="VERTEX" source="#Cube_001-mesh-vertices" offset="0"/>
          <input semantic="NORMAL" source="#Cube_001-mesh-normals" offset="1"/>
          <input semantic="TEXCOORD" source="#Cube_001-mesh-map-0" offset="2" set="0"/>
          <p>206 580 801 215 589 802 216 590 803 384 603 825 385 604 826 239 605 827 378 606 828 394 607 829 403 608 830 235 609 831 203 602 832 234 601 833 387 610 834 204 611 835 386 612 836 215 613 837 410 614 838 371 615 839 370 616 840 395 617 841 242 618 842 421 619 843 422 620 844 236 621 845 236 625 849 239 626 850 402 627 851 462 640 864 443 641 865 242 642 866 252 646 870 333 647 871 332 648 872 274 649 873 351 650 874 350 651 875 244 656 882 330 657 883 253 658 884 273 678 912 350 651 913 349 679 914 272 682 918 349 679 919 348 683 920 247 686 924 348 683 925 333 647 926 279 744 1023 354 745 1024 278 746 1025 278 746 1029 353 748 1030 277 749 1031 253 658 1032 335 750 1033 246 751 1034 245 752 1038 331 753 1039 244 656 1040 277 749 1041 352 754 1042 276 755 1043 245 752 1095 332 648 1096 336 801 1097 276 755 1179 351 650 1180 275 850 1181 246 751 1182 334 851 1183 279 744 1184 426 883 1224 401 884 1225 428 885 1226 428 885 1227 400 886 1228 429 887 1229 429 887 1230 399 888 1231 430 889 1232 430 889 1233 398 890 1234 431 891 1235 431 891 1236 397 892 1237 432 893 1238 432 893 1239 396 894 1240 433 895 1241 433 895 1242 394 607 1243 427 896 1244 418 897 1245 417 898 1246 420 899 1247 420 899 1248 416 900 1249 421 901 1250 421 901 1251 415 902 1252 422 903 1253 422 903 1254 414 904 1255 423 905 1256 423 905 1257 413 906 1258 424 907 1259 424 907 1260 412 908 1261 425 909 1262 425 909 1263 410 614 1264 419 910 1265 403 608 1266 380 911 1267 378 606 1268 409 912 1269 381 913 1270 380 911 1271 408 914 1272 382 915 1273 381 913 1274 407 916 1275 383 917 1276 382 915 1277 406 918 1278 384 919 1279 383 917 1280 405 920 1281 385 921 1282 384 919 1283 404 922 1284 379 923 1285 385 921 1286 371 615 1287 388 924 1288 386 925 1289 377 926 1290 389 927 1291 388 924 1292 376 928 1293 390 929 1294 389 927 1295 375 930 1296 391 931 1297 390 929 1298 374 932 1299 392 933 1300 391 931 1301 373 934 1302 393 935 1303 392 933 1304 372 936 1305 387 937 1306 393 935 1307 403 938 1308 395 939 1309 371 940 1310 434 941 1311 437 942 1312 436 943 1313 437 942 1314 438 944 1315 436 943 1316 438 944 1317 439 945 1318 436 943 1319 439 945 1320 440 946 1321 436 943 1322 440 946 1323 441 947 1324 436 943 1325 441 947 1326 442 948 1327 436 943 1328 442 948 1329 435 949 1330 436 943 1331 443 641 1332 446 950 1333 445 951 1334 446 950 1335 447 952 1336 445 951 1337 447 952 1338 448 953 1339 445 951 1340 448 953 1341 449 954 1342 445 951 1343 449 954 1344 450 955 1345 445 951 1346 450 955 1347 451 956 1348 445 951 1349 451 956 1350 444 957 1351 445 951 1352 452 958 1353 455 959 1354 454 960 1355 455 959 1356 456 961 1357 454 960 1358 456 961 1359 457 962 1360 454 960 1361 457 962 1362 458 963 1363 454 960 1364 458 963 1365 459 964 1366 454 960 1367 459 964 1368 460 965 1369 454 960 1370 460 965 1371 453 966 1372 454 960 1373 461 967 1374 464 968 1375 463 969 1376 464 968 1377 465 970 1378 463 969 1379 465 970 1380 466 971 1381 463 969 1382 466 971 1383 467 972 1384 463 969 1385 467 972 1386 468 973 1387 463 969 1388 468 973 1389 469 974 1390 463 969 1391 469 974 1392 462 640 1393 463 969 1394 435 949 1563 452 958 1564 239 1059 1565 206 580 2220 207 1257 2221 215 589 2222 243 1259 2244 426 1260 2245 428 1261 2246 428 1261 2247 429 1262 2248 243 1259 2249 429 1262 2250 430 1263 2251 243 1259 2252 430 1263 2253 431 1264 2254 243 1259 2255 431 1264 2256 432 1265 2257 243 1259 2258 432 1265 2259 433 1266 2260 243 1259 2261 433 1266 2262 427 1267 2263 243 1259 2264 427 1267 2265 378 1268 2266 239 605 2267 378 1268 2268 380 1269 2269 239 605 2270 380 1269 2271 381 1270 2272 239 605 2273 381 1270 2274 382 1271 2275 239 605 2276 382 1271 2277 383 1272 2278 239 605 2279 383 1272 2280 384 603 2281 239 605 2282 385 604 2283 379 1260 2284 239 605 2285 239 605 2286 243 1259 2287 427 1267 2288 378 606 2289 427 896 2290 394 607 2291 235 609 2292 204 1273 2293 203 602 2294 387 610 2295 242 1260 2296 204 611 2297 204 611 2298 235 1274 2299 386 612 2300 386 612 2301 388 1275 2302 387 610 2303 388 1275 2304 389 1276 2305 387 610 2306 389 1276 2307 390 1277 2308 387 610 2309 390 1277 2310 391 1278 2311 387 610 2312 391 1278 2313 392 1279 2314 387 610 2315 392 1279 2316 393 1280 2317 387 610 2318 371 615 2319 386 925 2320 235 1281 2321 215 613 2322 419 910 2323 410 614 2324 371 615 2325 235 1281 2326 215 613 2327 395 617 2328 426 883 2329 243 1282 2330 242 618 2331 387 937 2332 370 616 2333 395 617 2334 243 1282 2335 242 618 2336 419 1283 2337 215 1284 2338 207 1285 2339 236 621 2340 418 1260 2341 420 1286 2342 419 1283 2343 207 1285 2344 236 621 2345 424 1287 2346 425 1288 2347 236 621 2348 425 1288 2349 419 1283 2350 236 621 2351 422 620 2352 423 1289 2353 236 621 2354 423 1289 2355 424 1287 2356 236 621 2357 420 1286 2358 421 619 2359 236 621 2360 411 1290 2364 418 897 2365 236 625 2366 239 626 2367 379 923 2368 402 627 2369 411 1290 2370 236 625 2371 402 627 2372 445 951 2385 242 642 2386 443 641 2387 242 642 2388 243 1292 2389 462 640 2390 243 1292 2391 463 969 2392 462 640 2393 252 646 2397 247 686 2398 333 647 2399 274 649 2400 275 850 2401 351 650 2402 244 656 2409 331 753 2410 330 657 2411 273 678 2463 274 649 2464 350 651 2465 272 682 2469 273 678 2470 349 679 2471 247 686 2475 272 682 2476 348 683 2477 279 744 2583 334 851 2584 354 745 2585 278 746 2589 354 745 2590 353 748 2591 253 658 2592 330 657 2593 335 750 2594 245 752 2598 336 801 2599 331 753 2600 277 749 2601 353 748 2602 352 754 2603 245 752 2655 252 646 2656 332 648 2657 276 755 2790 352 754 2791 351 650 2792 246 751 2793 335 750 2794 334 851 2795 426 883 2859 395 617 2860 401 884 2861 428 885 2862 401 884 2863 400 886 2864 429 887 2865 400 886 2866 399 888 2867 430 889 2868 399 888 2869 398 890 2870 431 891 2871 398 890 2872 397 892 2873 432 893 2874 397 892 2875 396 894 2876 433 895 2877 396 894 2878 394 607 2879 418 897 2880 411 1290 2881 417 898 2882 420 899 2883 417 898 2884 416 900 2885 421 901 2886 416 900 2887 415 902 2888 422 903 2889 415 902 2890 414 904 2891 423 905 2892 414 904 2893 413 906 2894 424 907 2895 413 906 2896 412 908 2897 425 909 2898 412 908 2899 410 614 2900 403 608 2901 409 912 2902 380 911 2903 409 912 2904 408 914 2905 381 913 2906 408 914 2907 407 916 2908 382 915 2909 407 916 2910 406 918 2911 383 917 2912 406 918 2913 405 920 2914 384 919 2915 405 920 2916 404 922 2917 385 921 2918 404 922 2919 402 627 2920 379 923 2921 371 615 2922 377 926 2923 388 924 2924 377 926 2925 376 928 2926 389 927 2927 376 928 2928 375 930 2929 390 929 2930 375 930 2931 374 932 2932 391 931 2933 374 932 2934 373 934 2935 392 933 2936 373 934 2937 372 936 2938 393 935 2939 372 936 2940 370 616 2941 387 937 2942 371 940 2943 410 1343 2944 411 1344 2945 410 1343 2946 412 1078 2947 411 1344 2948 412 1078 2949 413 1078 2950 414 1078 2951 414 1078 2952 415 1078 2953 411 1344 2954 415 1078 2955 416 1078 2956 411 1344 2957 416 1078 2958 417 1078 2959 411 1344 2960 411 1344 2961 402 1078 2962 403 938 2963 402 1078 2964 404 1078 2965 403 938 2966 404 1078 2967 405 1078 2968 406 1078 2969 406 1078 2970 407 1078 2971 403 938 2972 407 1078 2973 408 1078 2974 403 938 2975 408 1078 2976 409 1078 2977 403 938 2978 403 938 2979 394 1345 2980 395 939 2981 394 1345 2982 396 1078 2983 395 939 2984 396 1078 2985 397 1078 2986 398 1078 2987 398 1078 2988 399 1078 2989 395 939 2990 399 1078 2991 400 1078 2992 395 939 2993 400 1078 2994 401 1078 2995 395 939 2996 395 939 2997 370 1078 2998 371 940 2999 370 1078 3000 372 1078 3001 371 940 3002 372 1078 3003 373 1078 3004 374 1078 3005 374 1078 3006 375 1078 3007 371 940 3008 375 1078 3009 376 1078 3010 371 940 3011 376 1078 3012 377 1078 3013 371 940 3014 412 1078 3015 414 1078 3016 411 1344 3017 404 1078 3018 406 1078 3019 403 938 3020 396 1078 3021 398 1078 3022 395 939 3023 372 1078 3024 374 1078 3025 371 940 3026 371 940 3027 411 1344 3028 403 938 3029 454 960 3114 239 1059 3115 452 958 3116 239 1059 3117 236 1347 3118 435 949 3119 236 1347 3120 436 943 3121 435 949 3122</p>
        </triangles>
        <triangles material="Red_Accents-material" count="197">
          <input semantic="VERTEX" source="#Cube_001-mesh-vertices" offset="0"/>
          <input semantic="NORMAL" source="#Cube_001-mesh-normals" offset="1"/>
          <input semantic="TEXCOORD" source="#Cube_001-mesh-map-0" offset="2" set="0"/>
          <p>213 562 768 218 563 769 202 564 770 208 565 771 219 566 772 213 562 773 196 567 774 222 568 775 197 569 776 202 564 777 220 570 778 200 571 779 201 572 780 224 573 781 196 567 782 205 574 783 229 575 784 210 576 785 194 577 786 233 578 787 198 579 788 206 580 789 217 581 790 208 582 791 210 576 792 230 583 793 209 584 794 195 585 795 232 586 796 194 577 797 211 587 798 228 588 799 205 574 800 199 591 804 225 592 805 212 593 806 212 593 807 226 594 808 214 595 809 209 584 810 231 596 811 195 585 812 214 595 813 227 597 814 211 587 815 197 569 816 221 598 817 199 591 818 200 571 819 223 599 820 201 572 821 198 600 822 234 601 823 203 602 824 452 622 846 470 623 847 489 624 848 462 628 852 480 629 853 443 630 854 453 631 855 271 632 856 263 633 857 471 634 858 444 635 859 479 636 860 256 637 861 498 638 862 461 639 863 331 715 963 330 716 964 470 717 965 257 718 966 264 719 967 256 637 968 257 718 969 266 720 970 265 721 971 258 722 972 267 723 973 266 720 974 259 724 975 268 725 976 267 723 977 261 726 978 268 725 979 260 727 980 261 726 981 270 728 982 269 729 983 262 730 984 271 632 985 270 728 986 333 858 1191 332 859 1192 497 860 1193 331 715 1194 479 861 1195 336 862 1196 499 863 1197 498 864 1198 264 865 1199 270 866 1200 334 867 1201 354 868 1202 269 869 1203 354 868 1204 353 870 1205 268 871 1206 353 870 1207 352 872 1208 267 873 1209 352 872 1210 351 874 1211 350 875 1212 267 873 1213 351 874 1214 349 876 1215 266 877 1216 350 875 1217 348 878 1218 265 879 1219 349 876 1220 271 880 1221 490 881 1222 335 882 1223 470 717 1395 473 975 1396 472 976 1397 473 975 1398 474 977 1399 472 976 1400 474 977 1401 475 978 1402 472 976 1403 475 978 1404 476 979 1405 472 976 1406 476 979 1407 477 980 1408 472 976 1409 477 980 1410 478 981 1411 472 976 1412 478 981 1413 471 982 1414 472 976 1415 479 861 1416 482 983 1417 481 984 1418 482 983 1419 483 985 1420 481 984 1421 483 985 1422 484 986 1423 481 984 1424 484 986 1425 485 987 1426 481 984 1427 485 987 1428 486 988 1429 481 984 1430 486 988 1431 487 989 1432 481 984 1433 487 989 1434 480 990 1435 481 984 1436 488 991 1437 491 992 1438 490 881 1439 491 992 1440 492 993 1441 490 881 1442 492 993 1443 493 994 1444 490 881 1445 493 994 1446 494 995 1447 490 881 1448 494 995 1449 495 996 1450 490 881 1451 495 996 1452 496 997 1453 490 881 1454 496 997 1455 489 998 1456 490 881 1457 497 860 1458 500 999 1459 499 863 1460 500 999 1461 501 1000 1462 499 863 1463 501 1000 1464 502 1001 1465 499 863 1466 502 1001 1467 503 1002 1468 499 863 1469 503 1002 1470 504 1003 1471 499 863 1472 504 1003 1473 505 1004 1474 499 863 1475 505 1004 1476 498 864 1477 499 863 1478 479 1005 1479 451 1006 1480 482 1007 1481 482 1007 1482 450 1008 1483 483 1009 1484 483 1009 1485 449 1010 1486 484 1011 1487 484 1011 1488 448 1012 1489 485 1013 1490 485 1013 1491 447 1014 1492 486 1015 1493 486 1015 1494 446 1016 1495 487 1017 1496 487 1017 1497 443 630 1498 480 629 1499 461 639 1500 505 1018 1501 464 1019 1502 464 1019 1503 504 1020 1504 465 1021 1505 465 1021 1506 503 1022 1507 466 1023 1508 466 1023 1509 502 1024 1510 467 1025 1511 467 1025 1512 501 1026 1513 468 1027 1514 468 1027 1515 500 1028 1516 469 1029 1517 469 1029 1518 497 1030 1519 462 628 1520 453 1031 1521 491 1032 1522 488 1033 1523 460 1034 1524 492 1035 1525 491 1032 1526 459 1036 1527 493 1037 1528 492 1035 1529 458 1038 1530 494 1039 1531 493 1037 1532 457 1040 1533 495 1041 1534 494 1039 1535 456 1042 1536 496 1043 1537 495 1041 1538 455 1044 1539 489 624 1540 496 1043 1541 471 634 1542 437 1045 1543 434 1046 1544 478 1047 1545 438 1048 1546 437 1045 1547 477 1049 1548 439 1050 1549 438 1048 1550 476 1051 1551 440 1052 1552 439 1050 1553 475 1053 1554 441 1054 1555 440 1052 1556 474 1055 1557 442 1056 1558 441 1054 1559 473 1057 1560 435 1058 1561 442 1056 1562 219 613 1608 217 613 1609 215 613 1610 213 562 2187 219 566 2188 218 563 2189 208 565 2190 217 1256 2191 219 566 2192 196 567 2193 224 573 2194 222 568 2195 202 564 2196 218 563 2197 220 570 2198 201 572 2199 223 599 2200 224 573 2201 205 574 2202 228 588 2203 229 575 2204 194 577 2205 232 586 2206 233 578 2207 206 580 2208 216 590 2209 217 581 2210 210 576 2211 229 575 2212 230 583 2213 195 585 2214 231 596 2215 232 586 2216 211 587 2217 227 597 2218 228 588 2219 199 591 2223 221 598 2224 225 592 2225 212 593 2226 225 592 2227 226 594 2228 209 584 2229 230 583 2230 231 596 2231 214 595 2232 226 594 2233 227 597 2234 197 569 2235 222 568 2236 221 598 2237 200 571 2238 220 570 2239 223 599 2240 198 600 2241 233 1258 2242 234 601 2243 452 622 2361 435 1058 2362 470 623 2363 462 628 2373 497 1030 2374 480 629 2375 453 631 2376 488 1291 2377 271 632 2378 471 634 2379 434 1046 2380 444 635 2381 256 637 2382 264 719 2383 498 638 2384 330 716 2514 335 882 2515 489 998 2516 335 882 2517 490 881 2518 489 998 2519 489 998 2520 470 717 2521 330 716 2522 470 717 2523 472 976 2524 331 715 2525 257 718 2526 265 721 2527 264 719 2528 257 718 2529 258 722 2530 266 720 2531 258 722 2532 259 724 2533 267 723 2534 259 724 2535 260 727 2536 268 725 2537 261 726 2538 269 729 2539 268 725 2540 261 726 2541 262 730 2542 270 728 2543 262 730 2544 263 633 2545 271 632 2546 332 859 2805 336 862 2806 480 990 2807 336 862 2808 481 984 2809 480 990 2810 480 990 2811 497 860 2812 332 859 2813 497 860 2814 499 863 2815 333 858 2816 331 715 2817 472 976 2818 471 982 2819 471 982 2820 479 861 2821 331 715 2822 479 861 2823 481 984 2824 336 862 2825 348 878 2826 333 858 2827 264 865 2828 333 858 2829 499 863 2830 264 865 2831 270 866 2832 271 880 2833 334 867 2834 269 869 2835 270 866 2836 354 868 2837 268 871 2838 269 869 2839 353 870 2840 267 873 2841 268 871 2842 352 872 2843 350 875 2844 266 877 2845 267 873 2846 349 876 2847 265 879 2848 266 877 2849 348 878 2850 264 865 2851 265 879 2852 335 882 2853 334 867 2854 271 880 2855 271 880 2856 488 991 2857 490 881 2858 479 1005 3030 444 1346 3031 451 1006 3032 482 1007 3033 451 1006 3034 450 1008 3035 483 1009 3036 450 1008 3037 449 1010 3038 484 1011 3039 449 1010 3040 448 1012 3041 485 1013 3042 448 1012 3043 447 1014 3044 486 1015 3045 447 1014 3046 446 1016 3047 487 1017 3048 446 1016 3049 443 630 3050 461 639 3051 498 638 3052 505 1018 3053 464 1019 3054 505 1018 3055 504 1020 3056 465 1021 3057 504 1020 3058 503 1022 3059 466 1023 3060 503 1022 3061 502 1024 3062 467 1025 3063 502 1024 3064 501 1026 3065 468 1027 3066 501 1026 3067 500 1028 3068 469 1029 3069 500 1028 3070 497 1030 3071 453 1031 3072 460 1034 3073 491 1032 3074 460 1034 3075 459 1036 3076 492 1035 3077 459 1036 3078 458 1038 3079 493 1037 3080 458 1038 3081 457 1040 3082 494 1039 3083 457 1040 3084 456 1042 3085 495 1041 3086 456 1042 3087 455 1044 3088 496 1043 3089 455 1044 3090 452 622 3091 489 624 3092 471 634 3093 478 1047 3094 437 1045 3095 478 1047 3096 477 1049 3097 438 1048 3098 477 1049 3099 476 1051 3100 439 1050 3101 476 1051 3102 475 1053 3103 440 1052 3104 475 1053 3105 474 1055 3106 441 1054 3107 474 1055 3108 473 1057 3109 442 1056 3110 473 1057 3111 470 623 3112 435 1058 3113 216 613 3372 215 613 3373 217 613 3374 215 613 3375 235 1281 3376 225 613 3377 235 1281 3378 234 613 3379 233 613 3380 233 613 3381 232 613 3382 235 1281 3383 232 613 3384 231 613 3385 235 1281 3386 231 613 3387 230 613 3388 235 1281 3389 230 613 3390 229 613 3391 235 1281 3392 229 613 3393 228 613 3394 235 1281 3395 228 613 3396 227 613 3397 235 1281 3398 227 613 3399 226 613 3400 235 1281 3401 226 613 3402 225 613 3403 235 1281 3404 225 613 3405 221 613 3406 215 613 3407 221 613 3408 222 613 3409 215 613 3410 215 613 3411 222 613 3412 224 613 3413 224 613 3414 223 613 3415 215 613 3416 215 613 3417 223 613 3418 220 613 3419 220 613 3420 218 613 3421 215 613 3422 215 613 3423 218 613 3424 219 613 3425</p>
        </triangles>
        <triangles material="Metal-material" count="697">
          <input semantic="VERTEX" source="#Cube_001-mesh-vertices" offset="0"/>
          <input semantic="NORMAL" source="#Cube_001-mesh-normals" offset="1"/>
          <input semantic="TEXCOORD" source="#Cube_001-mesh-map-0" offset="2" set="0"/>
          <p>569 0 0 1 1 1 0 2 2 0 3 3 2 4 4 95 5 5 95 6 6 3 7 7 96 8 8 40 9 9 96 9 10 3 9 11 40 10 12 3 10 13 6 10 14 567 11 15 4 12 16 1 13 17 1 14 18 5 15 19 2 16 20 2 17 21 6 18 22 3 19 23 582 20 24 7 21 25 4 22 26 4 23 27 8 24 28 5 25 29 5 26 30 9 27 31 6 28 32 40 29 33 6 29 34 9 29 35 565 30 36 10 31 37 7 32 38 7 33 39 11 34 40 8 35 41 8 36 42 12 37 43 9 38 44 40 39 45 9 39 46 12 39 47 562 40 48 13 41 49 10 42 50 10 43 51 14 44 52 11 45 53 11 46 54 15 47 55 12 48 56 40 49 57 12 49 58 15 49 59 560 50 60 16 51 61 13 52 62 13 53 63 17 54 64 14 55 65 14 56 66 18 57 67 15 58 68 40 59 69 15 59 70 18 59 71 16 60 72 20 61 73 17 62 74 17 63 75 21 64 76 18 65 77 40 66 78 18 66 79 21 66 80 559 67 81 19 68 82 16 69 83 581 70 84 22 71 85 19 72 86 19 73 87 23 74 88 20 75 89 20 76 90 24 77 91 21 78 92 40 79 93 21 79 94 24 79 95 23 80 96 25 81 97 26 82 98 24 83 99 26 84 100 27 85 101 40 86 102 24 86 103 27 86 104 22 87 105 557 88 106 25 89 107 25 90 108 558 91 109 28 92 110 26 93 111 28 94 112 29 95 113 27 96 114 29 97 115 30 98 116 40 99 117 27 99 118 30 99 119 30 100 120 32 101 121 33 102 122 40 103 123 30 103 124 33 103 125 28 104 126 561 105 127 31 106 128 29 107 129 31 108 130 32 109 131 31 110 132 563 111 133 34 112 134 32 113 135 34 114 136 35 115 137 33 116 138 35 117 139 36 118 140 40 119 141 33 119 142 36 119 143 40 120 144 36 120 145 39 120 146 34 121 147 564 122 148 37 123 149 35 124 150 37 125 151 38 126 152 36 127 153 38 128 154 39 129 155 37 130 156 566 131 157 41 132 158 38 133 159 41 134 160 42 135 161 39 136 162 42 137 163 43 138 164 40 139 165 39 139 166 43 139 167 40 140 168 43 140 169 46 140 170 41 141 171 568 142 172 44 143 173 42 144 174 44 145 175 45 146 176 43 147 177 45 148 178 46 149 179 44 150 180 570 151 181 47 152 182 45 153 183 47 154 184 48 155 185 46 156 186 48 157 187 49 158 188 40 159 189 46 159 190 49 159 191 570 160 192 50 161 193 47 162 194 47 163 195 51 164 196 48 165 197 48 166 198 52 167 199 49 168 200 40 169 201 49 169 202 52 169 203 575 170 204 53 171 205 50 172 206 50 173 207 54 174 208 51 175 209 51 176 210 55 177 211 52 178 212 40 179 213 52 179 214 55 179 215 573 180 216 56 181 217 53 182 218 53 183 219 57 184 220 54 185 221 54 186 222 58 187 223 55 188 224 40 189 225 55 189 226 58 189 227 56 190 228 60 191 229 57 192 230 57 193 231 61 194 232 58 195 233 40 196 234 58 196 235 61 196 236 576 197 237 59 198 238 56 199 239 585 200 240 62 201 241 59 202 242 59 203 243 63 204 244 60 205 245 60 206 246 64 207 247 61 208 248 40 209 249 61 209 250 64 209 251 63 210 252 67 211 253 64 212 254 40 213 255 64 213 256 67 213 257 584 214 258 65 215 259 62 216 260 62 217 261 66 218 262 63 219 263 578 220 264 68 221 265 65 222 266 65 223 267 69 224 268 66 225 269 66 226 270 70 227 271 67 228 272 40 229 273 67 229 274 70 229 275 69 230 276 73 231 277 70 232 278 40 233 279 70 233 280 73 233 281 579 234 282 71 235 283 68 236 284 68 237 285 72 238 286 69 239 287 71 240 288 577 241 289 74 242 290 72 243 291 74 244 292 75 245 293 73 246 294 75 247 295 76 248 296 40 249 297 73 249 298 76 249 299 40 250 300 76 250 301 79 250 302 74 251 303 580 252 304 77 253 305 75 254 306 77 255 307 78 256 308 76 257 309 78 258 310 79 259 311 77 260 312 586 261 313 80 262 314 78 263 315 80 264 316 81 265 317 79 266 318 81 267 319 82 268 320 40 269 321 79 269 322 82 269 323 40 270 324 82 270 325 85 270 326 80 271 327 583 272 328 83 273 329 81 274 330 83 275 331 84 276 332 82 277 333 84 278 334 85 279 335 83 280 336 571 281 337 86 282 338 84 283 339 86 284 340 87 285 341 85 286 342 87 287 343 88 288 344 40 289 345 85 289 346 88 289 347 86 290 348 572 291 349 89 292 350 87 293 351 89 294 352 90 295 353 88 296 354 90 297 355 91 298 356 40 299 357 88 299 358 91 299 359 90 300 360 92 301 361 93 302 362 91 303 363 93 304 364 94 305 365 40 306 366 91 306 367 94 306 368 89 307 369 574 308 370 92 309 371 92 310 372 569 311 373 0 312 374 93 313 375 0 314 376 95 315 377 94 316 378 95 317 379 96 318 380 40 319 381 94 319 382 96 319 383 537 320 384 98 321 385 97 322 386 97 323 387 99 324 388 192 325 389 192 326 390 100 327 391 193 328 392 137 9 393 193 9 394 100 9 395 137 10 396 100 10 397 103 10 398 535 329 399 101 330 400 98 331 401 98 332 402 102 333 403 99 334 404 99 17 405 103 18 406 100 19 407 550 335 408 104 336 409 101 337 410 101 338 411 105 339 412 102 25 413 102 26 414 106 27 415 103 28 416 137 340 417 103 340 418 106 340 419 533 341 420 107 342 421 104 343 422 104 344 423 108 345 424 105 35 425 105 346 426 109 347 427 106 348 428 137 349 429 106 349 430 109 349 431 530 350 432 110 351 433 107 352 434 107 353 435 111 354 436 108 355 437 108 46 438 112 47 439 109 48 440 137 356 441 109 356 442 112 356 443 528 357 444 113 358 445 110 359 446 110 360 447 114 361 448 111 362 449 111 363 450 115 364 451 112 365 452 137 366 453 112 366 454 115 366 455 113 367 456 117 368 457 114 369 458 114 63 459 118 64 460 115 65 461 137 66 462 115 66 463 118 66 464 527 370 465 116 371 466 113 69 467 549 372 468 119 373 469 116 374 470 116 375 471 120 376 472 117 377 473 117 378 474 121 379 475 118 78 476 137 380 477 118 380 478 121 380 479 120 381 480 122 382 481 123 383 482 121 384 483 123 385 484 124 85 485 137 386 486 121 386 487 124 386 488 119 387 489 525 388 490 122 389 491 122 390 492 526 391 493 125 92 494 123 392 495 125 393 496 126 394 497 124 395 498 126 396 499 127 397 500 137 99 501 124 99 502 127 99 503 127 398 504 129 399 505 130 400 506 137 401 507 127 401 508 130 401 509 125 402 510 529 403 511 128 106 512 126 404 513 128 405 514 129 406 515 128 407 516 531 408 517 131 409 518 129 410 519 131 411 520 132 412 521 130 116 522 132 117 523 133 118 524 137 413 525 130 413 526 133 413 527 137 414 528 133 414 529 136 414 530 131 415 531 532 416 532 134 417 533 132 418 534 134 419 535 135 126 536 133 420 537 135 421 538 136 422 539 134 423 540 534 424 541 138 425 542 135 426 543 138 427 544 139 135 545 136 428 546 139 429 547 140 430 548 137 431 549 136 431 550 140 431 551 137 140 552 140 140 553 143 140 554 138 432 555 536 433 556 141 434 557 139 435 558 141 436 559 142 437 560 140 147 561 142 148 562 143 149 563 141 438 564 538 439 565 144 440 566 142 441 567 144 442 568 145 443 569 143 444 570 145 445 571 146 446 572 137 159 573 143 159 574 146 159 575 538 447 576 147 448 577 144 449 578 144 163 579 148 164 580 145 165 581 145 450 582 149 451 583 146 452 584 137 169 585 146 169 586 149 169 587 543 453 588 150 454 589 147 455 590 147 456 591 151 457 592 148 458 593 148 176 594 152 177 595 149 178 596 137 179 597 149 179 598 152 179 599 541 459 600 153 460 601 150 182 602 150 461 603 154 462 604 151 463 605 151 464 606 155 465 607 152 466 608 137 189 609 152 189 610 155 189 611 153 190 612 157 191 613 154 192 614 154 467 615 158 468 616 155 469 617 137 470 618 155 470 619 158 470 620 544 471 621 156 472 622 153 473 623 552 474 624 159 201 625 156 202 626 156 203 627 160 204 628 157 205 629 157 475 630 161 476 631 158 208 632 137 477 633 158 477 634 161 477 635 160 478 636 164 479 637 161 480 638 137 481 639 161 481 640 164 481 641 554 214 642 162 215 643 159 216 644 159 482 645 163 483 646 160 484 647 546 485 648 165 486 649 162 222 650 162 487 651 166 488 652 163 225 653 163 489 654 167 490 655 164 228 656 137 229 657 164 229 658 167 229 659 166 491 660 170 492 661 167 493 662 137 494 663 167 494 664 170 494 665 547 495 666 168 496 667 165 497 668 165 498 669 169 499 670 166 500 671 168 501 672 545 502 673 171 242 674 169 503 675 171 504 676 172 505 677 170 506 678 172 507 679 173 508 680 137 509 681 170 509 682 173 509 683 137 250 684 173 250 685 176 250 686 171 251 687 548 510 688 174 253 689 172 511 690 174 512 691 175 256 692 173 513 693 175 514 694 176 259 695 174 515 696 553 516 697 177 517 698 175 518 699 177 519 700 178 520 701 176 521 702 178 522 703 179 523 704 137 524 705 176 524 706 179 524 707 137 525 708 179 525 709 182 525 710 177 526 711 551 527 712 180 528 713 178 529 714 180 275 715 181 276 716 179 530 717 181 531 718 182 279 719 180 532 720 539 533 721 183 534 722 181 535 723 183 536 724 184 537 725 182 538 726 184 539 727 185 540 728 137 541 729 182 541 730 185 541 731 183 542 732 540 543 733 186 544 734 184 545 735 186 546 736 187 295 737 185 547 738 187 548 739 188 549 740 137 299 741 185 299 742 188 299 743 187 550 744 189 551 745 190 552 746 188 303 747 190 304 748 191 305 749 137 306 750 188 306 751 191 306 752 186 553 753 542 554 754 189 555 755 189 556 756 537 557 757 97 558 758 190 313 759 97 314 760 192 315 761 191 559 762 192 560 763 193 561 764 137 319 765 191 319 766 193 319 767 250 653 879 355 655 880 288 654 881 245 659 885 298 660 886 299 661 887 251 680 915 344 681 916 250 653 917 254 664 921 342 684 922 337 685 923 248 687 927 340 688 928 249 689 929 255 662 930 337 685 931 338 690 932 249 689 933 343 691 934 251 680 935 315 695 939 280 652 940 281 677 941 327 699 945 285 700 946 311 701 947 321 705 951 286 667 952 287 665 953 284 709 957 326 710 958 310 711 959 244 712 960 255 713 961 248 714 962 248 687 1011 338 690 1012 341 740 1013 295 663 1014 361 741 1015 342 684 1016 294 666 1017 360 742 1018 361 741 1019 293 668 1020 359 743 1021 360 742 1022 292 670 1026 358 747 1027 359 743 1028 290 674 1035 358 747 1036 291 672 1037 322 757 1047 315 758 1048 323 759 1049 324 760 1050 317 761 1051 325 762 1052 326 763 1053 319 764 1054 327 765 1055 328 766 1056 321 767 1057 329 768 1058 306 769 1059 323 770 1060 307 771 1061 286 772 1062 328 773 1063 312 774 1064 329 775 1065 287 776 1066 313 777 1067 312 778 1068 329 779 1069 313 780 1070 317 781 1071 282 675 1072 283 673 1073 280 782 1074 322 783 1075 306 784 1076 323 785 1077 281 786 1078 307 787 1079 310 788 1080 327 789 1081 311 790 1082 319 791 1083 284 671 1084 285 669 1085 282 792 1086 324 793 1087 308 794 1088 325 795 1089 283 796 1090 309 797 1091 308 798 1092 325 799 1093 309 800 1094 289 676 1098 357 802 1099 290 674 1100 369 803 1101 344 804 1102 346 805 1103 331 806 1104 570 807 1105 568 808 1106 345 809 1107 337 810 1108 339 811 1109 344 812 1110 347 813 1111 346 814 1112 339 815 1113 342 816 1114 362 817 1115 362 817 1116 361 818 1117 363 819 1118 363 819 1119 360 820 1120 364 821 1121 364 821 1122 359 822 1123 365 823 1124 365 823 1125 358 824 1126 366 825 1127 366 825 1128 357 826 1129 367 827 1130 367 827 1131 356 828 1132 368 829 1133 368 829 1134 355 830 1135 369 803 1136 349 831 1137 369 803 1138 348 832 1139 350 833 1140 368 829 1141 349 831 1142 351 834 1143 367 827 1144 350 833 1145 352 835 1146 366 825 1147 351 834 1148 353 836 1149 365 823 1150 352 835 1151 354 837 1152 364 821 1153 353 836 1154 334 838 1155 363 819 1156 354 837 1157 335 839 1158 362 817 1159 334 838 1160 346 814 1161 332 840 1162 333 841 1163 330 842 1164 339 811 1165 335 843 1166 348 832 1167 346 805 1168 333 844 1169 341 845 1170 338 846 1171 345 809 1172 347 813 1173 343 847 1174 340 848 1175 288 654 1176 356 849 1177 289 676 1178 249 852 1185 251 853 1186 305 854 1187 249 855 1188 519 856 1189 513 857 1190 508 1060 1566 511 1061 1567 509 1062 1568 507 1063 1569 508 1064 1570 509 1065 1571 506 1066 1572 507 1067 1573 513 1068 1574 511 1069 1575 514 1070 1576 515 1071 1577 341 1072 1578 506 1073 1579 340 1074 1580 507 1075 1581 248 1076 1582 249 855 1583 518 1077 1584 521 1077 1585 519 1077 1586 516 1078 1587 519 1078 1588 517 1078 1589 523 1079 1590 516 1080 1591 517 1081 1592 520 1082 1593 523 1083 1594 521 680 1595 518 1084 1596 340 1074 1597 512 1085 1598 249 855 1599 245 1086 1600 523 1087 1601 336 1088 1602 536 1089 1603 534 1090 1604 524 1091 1605 549 613 1606 520 1092 1607 569 0 1611 567 1093 1612 1 1 1613 0 3 1614 1 1094 1615 2 4 1616 95 6 1617 2 1095 1618 3 7 1619 567 11 1620 582 1096 1621 4 12 1622 1 14 1623 4 1097 1624 5 15 1625 2 17 1626 5 1098 1627 6 18 1628 582 20 1629 565 1099 1630 7 21 1631 4 23 1632 7 1100 1633 8 24 1634 5 26 1635 8 1101 1636 9 27 1637 565 30 1638 562 1102 1639 10 31 1640 7 33 1641 10 1103 1642 11 34 1643 8 36 1644 11 1104 1645 12 37 1646 562 40 1647 560 1105 1648 13 41 1649 10 43 1650 13 1106 1651 14 44 1652 11 46 1653 14 1107 1654 15 47 1655 560 50 1656 559 1108 1657 16 51 1658 13 53 1659 16 1109 1660 17 54 1661 14 56 1662 17 1110 1663 18 57 1664 16 60 1665 19 1111 1666 20 61 1667 17 63 1668 20 1112 1669 21 64 1670 559 67 1671 581 1113 1672 19 68 1673 581 70 1674 556 1114 1675 22 71 1676 19 73 1677 22 1115 1678 23 74 1679 20 76 1680 23 1116 1681 24 77 1682 23 80 1683 22 1117 1684 25 81 1685 24 83 1686 23 1118 1687 26 84 1688 22 87 1689 556 1119 1690 557 88 1691 25 90 1692 557 1120 1693 558 91 1694 26 93 1695 25 1121 1696 28 94 1697 27 96 1698 26 1122 1699 29 97 1700 30 100 1701 29 1123 1702 32 101 1703 28 104 1704 558 1124 1705 561 105 1706 29 107 1707 28 1125 1708 31 108 1709 31 110 1710 561 1126 1711 563 111 1712 32 113 1713 31 1127 1714 34 114 1715 33 116 1716 32 1128 1717 35 117 1718 34 121 1719 563 1129 1720 564 122 1721 35 124 1722 34 1130 1723 37 125 1724 36 127 1725 35 1131 1726 38 128 1727 37 130 1728 564 1132 1729 566 131 1730 38 133 1731 37 1133 1732 41 134 1733 39 136 1734 38 1134 1735 42 137 1736 41 141 1737 566 1135 1738 568 142 1739 42 144 1740 41 1136 1741 44 145 1742 43 147 1743 42 1137 1744 45 148 1745 44 150 1746 568 1138 1747 570 151 1748 45 153 1749 44 1139 1750 47 154 1751 46 156 1752 45 1140 1753 48 157 1754 570 160 1755 575 1141 1756 50 161 1757 47 163 1758 50 1142 1759 51 164 1760 48 166 1761 51 1143 1762 52 167 1763 575 170 1764 573 1144 1765 53 171 1766 50 173 1767 53 1145 1768 54 174 1769 51 176 1770 54 1146 1771 55 177 1772 573 180 1773 576 1147 1774 56 181 1775 53 183 1776 56 1148 1777 57 184 1778 54 186 1779 57 1149 1780 58 187 1781 56 190 1782 59 1150 1783 60 191 1784 57 193 1785 60 1151 1786 61 194 1787 576 197 1788 585 1152 1789 59 198 1790 585 200 1791 584 1153 1792 62 201 1793 59 203 1794 62 1154 1795 63 204 1796 60 206 1797 63 1155 1798 64 207 1799 63 210 1800 66 1156 1801 67 211 1802 584 214 1803 578 1157 1804 65 215 1805 62 217 1806 65 1158 1807 66 218 1808 578 220 1809 579 1159 1810 68 221 1811 65 223 1812 68 1160 1813 69 224 1814 66 226 1815 69 1161 1816 70 227 1817 69 230 1818 72 1162 1819 73 231 1820 579 234 1821 587 1163 1822 71 235 1823 68 237 1824 71 1164 1825 72 238 1826 71 240 1827 587 1165 1828 577 241 1829 72 243 1830 71 1166 1831 74 244 1832 73 246 1833 72 1167 1834 75 247 1835 74 251 1836 577 1168 1837 580 252 1838 75 254 1839 74 1169 1840 77 255 1841 76 257 1842 75 1170 1843 78 258 1844 77 260 1845 580 1171 1846 586 261 1847 78 263 1848 77 1172 1849 80 264 1850 79 266 1851 78 1173 1852 81 267 1853 80 271 1854 586 1174 1855 583 272 1856 81 274 1857 80 1175 1858 83 275 1859 82 277 1860 81 1176 1861 84 278 1862 83 280 1863 583 1177 1864 571 281 1865 84 283 1866 83 1178 1867 86 284 1868 85 286 1869 84 1179 1870 87 287 1871 86 290 1872 571 1180 1873 572 291 1874 87 293 1875 86 1181 1876 89 294 1877 88 296 1878 87 1182 1879 90 297 1880 90 300 1881 89 1183 1882 92 301 1883 91 303 1884 90 1184 1885 93 304 1886 89 307 1887 572 1185 1888 574 308 1889 92 310 1890 574 1186 1891 569 311 1892 93 313 1893 92 1187 1894 0 314 1895 94 316 1896 93 1188 1897 95 317 1898 537 320 1899 535 1189 1900 98 321 1901 97 323 1902 98 1190 1903 99 324 1904 192 326 1905 99 1191 1906 100 327 1907 535 329 1908 550 1192 1909 101 330 1910 98 332 1911 101 1193 1912 102 333 1913 99 17 1914 102 1098 1915 103 18 1916 550 335 1917 533 1194 1918 104 336 1919 101 338 1920 104 1195 1921 105 339 1922 102 26 1923 105 1101 1924 106 27 1925 533 341 1926 530 1196 1927 107 342 1928 104 344 1929 107 1197 1930 108 345 1931 105 346 1932 108 1198 1933 109 347 1934 530 350 1935 528 1199 1936 110 351 1937 107 353 1938 110 1106 1939 111 354 1940 108 46 1941 111 1107 1942 112 47 1943 528 357 1944 527 1200 1945 113 358 1946 110 360 1947 113 1201 1948 114 361 1949 111 363 1950 114 1202 1951 115 364 1952 113 367 1953 116 1111 1954 117 368 1955 114 63 1956 117 1112 1957 118 64 1958 527 370 1959 549 1203 1960 116 371 1961 549 372 1962 524 1114 1963 119 373 1964 116 375 1965 119 1204 1966 120 376 1967 117 378 1968 120 1205 1969 121 379 1970 120 381 1971 119 1206 1972 122 382 1973 121 384 1974 120 1207 1975 123 385 1976 119 387 1977 524 1119 1978 525 388 1979 122 390 1980 525 1208 1981 526 391 1982 123 392 1983 122 1121 1984 125 393 1985 124 395 1986 123 1209 1987 126 396 1988 127 398 1989 126 1210 1990 129 399 1991 125 402 1992 526 1211 1993 529 403 1994 126 404 1995 125 1212 1996 128 405 1997 128 407 1998 529 1213 1999 531 408 2000 129 410 2001 128 1127 2002 131 411 2003 130 116 2004 129 1128 2005 132 117 2006 131 415 2007 531 1214 2008 532 416 2009 132 418 2010 131 1215 2011 134 419 2012 133 420 2013 132 1216 2014 135 421 2015 134 423 2016 532 1217 2017 534 424 2018 135 426 2019 134 1218 2020 138 427 2021 136 428 2022 135 1219 2023 139 429 2024 138 432 2025 534 1220 2026 536 433 2027 139 435 2028 138 1221 2029 141 436 2030 140 147 2031 139 1137 2032 142 148 2033 141 438 2034 536 1138 2035 538 439 2036 142 441 2037 141 1222 2038 144 442 2039 143 444 2040 142 1223 2041 145 445 2042 538 447 2043 543 1224 2044 147 448 2045 144 163 2046 147 1142 2047 148 164 2048 145 450 2049 148 1225 2050 149 451 2051 543 453 2052 541 1226 2053 150 454 2054 147 456 2055 150 1145 2056 151 457 2057 148 176 2058 151 1146 2059 152 177 2060 541 459 2061 544 1227 2062 153 460 2063 150 461 2064 153 1148 2065 154 462 2066 151 464 2067 154 1149 2068 155 465 2069 153 190 2070 156 1150 2071 157 191 2072 154 467 2073 157 1151 2074 158 468 2075 544 471 2076 552 1228 2077 156 472 2078 552 474 2079 554 1153 2080 159 201 2081 156 203 2082 159 1154 2083 160 204 2084 157 475 2085 160 1229 2086 161 476 2087 160 478 2088 163 1230 2089 164 479 2090 554 214 2091 546 1157 2092 162 215 2093 159 482 2094 162 1231 2095 163 483 2096 546 485 2097 547 1232 2098 165 486 2099 162 487 2100 165 1233 2101 166 488 2102 163 489 2103 166 1234 2104 167 490 2105 166 491 2106 169 1235 2107 170 492 2108 547 495 2109 555 1236 2110 168 496 2111 165 498 2112 168 1164 2113 169 499 2114 168 501 2115 555 1237 2116 545 502 2117 169 503 2118 168 1166 2119 171 504 2120 170 506 2121 169 1238 2122 172 507 2123 171 251 2124 545 1168 2125 548 510 2126 172 511 2127 171 1239 2128 174 512 2129 173 513 2130 172 1240 2131 175 514 2132 174 515 2133 548 1241 2134 553 516 2135 175 518 2136 174 1242 2137 177 519 2138 176 521 2139 175 1243 2140 178 522 2141 177 526 2142 553 1244 2143 551 527 2144 178 529 2145 177 1175 2146 180 275 2147 179 530 2148 178 1245 2149 181 531 2150 180 532 2151 551 1246 2152 539 533 2153 181 535 2154 180 1247 2155 183 536 2156 182 538 2157 181 1248 2158 184 539 2159 183 542 2160 539 1249 2161 540 543 2162 184 545 2163 183 1250 2164 186 546 2165 185 547 2166 184 1251 2167 187 548 2168 187 550 2169 186 1252 2170 189 551 2171 188 303 2172 187 1184 2173 190 304 2174 186 553 2175 540 1253 2176 542 554 2177 189 556 2178 542 1254 2179 537 557 2180 190 313 2181 189 1187 2182 97 314 2183 191 559 2184 190 1255 2185 192 560 2186 250 653 2406 344 681 2407 355 655 2408 303 1294 2412 253 1295 2413 244 1296 2414 244 1296 2415 245 659 2416 299 661 2417 245 659 2418 252 1297 2419 296 1298 2420 296 1298 2421 297 1299 2422 245 659 2423 297 1299 2424 298 660 2425 245 659 2426 302 1300 2427 303 1294 2428 244 1296 2429 299 661 2430 300 1301 2431 244 1296 2432 300 1301 2433 301 1302 2434 244 1296 2435 301 1302 2436 302 1300 2437 244 1296 2438 251 680 2466 343 691 2467 344 681 2468 254 664 2472 295 663 2473 342 684 2474 248 687 2478 341 740 2479 340 688 2480 255 662 2481 254 664 2482 337 685 2483 249 689 2484 340 688 2485 343 691 2486 315 695 2490 314 1304 2491 280 652 2492 327 699 2496 319 1306 2497 285 700 2498 321 705 2502 320 1308 2503 286 667 2504 284 709 2508 318 1310 2509 326 710 2510 244 712 2511 253 1311 2512 255 713 2513 248 687 2571 255 662 2572 338 690 2573 295 663 2574 294 666 2575 361 741 2576 294 666 2577 293 668 2578 360 742 2579 293 668 2580 292 670 2581 359 743 2582 292 670 2586 291 672 2587 358 747 2588 290 674 2595 357 802 2596 358 747 2597 322 757 2607 314 1312 2608 315 758 2609 324 760 2610 316 1313 2611 317 761 2612 326 763 2613 318 1314 2614 319 764 2615 328 766 2616 320 1315 2617 321 767 2618 306 769 2619 322 1316 2620 323 770 2621 286 772 2622 320 1317 2623 328 773 2624 329 775 2625 321 1318 2626 287 776 2627 312 778 2628 328 1319 2629 329 779 2630 317 781 2631 316 1320 2632 282 675 2633 280 782 2634 314 1321 2635 322 783 2636 323 785 2637 315 1322 2638 281 786 2639 310 788 2640 326 1323 2641 327 789 2642 319 791 2643 318 1324 2644 284 671 2645 282 792 2646 316 1325 2647 324 793 2648 325 795 2649 317 1326 2650 283 796 2651 308 798 2652 324 1327 2653 325 799 2654 289 676 2658 356 849 2659 357 802 2660 369 803 2661 355 830 2662 344 804 2663 524 1091 2664 587 1328 2665 579 613 2666 524 1091 2667 579 613 2668 578 1329 2669 557 613 2670 556 1330 2671 331 806 2672 558 613 2673 557 613 2674 331 806 2675 524 1091 2676 578 1329 2677 584 1331 2678 524 1091 2679 584 1331 2680 585 1332 2681 561 613 2682 558 613 2683 331 806 2684 563 613 2685 561 613 2686 331 806 2687 331 806 2688 524 1091 2689 585 1332 2690 331 806 2691 585 1332 2692 576 1333 2693 564 1334 2694 563 613 2695 331 806 2696 566 1335 2697 564 1334 2698 331 806 2699 331 806 2700 576 1333 2701 573 1336 2702 331 806 2703 573 1336 2704 575 1337 2705 568 808 2706 566 1335 2707 331 806 2708 331 806 2709 575 1337 2710 570 807 2711 345 809 2712 338 846 2713 337 810 2714 344 812 2715 343 847 2716 347 813 2717 339 815 2718 337 1338 2719 342 816 2720 362 817 2721 342 816 2722 361 818 2723 363 819 2724 361 818 2725 360 820 2726 364 821 2727 360 820 2728 359 822 2729 365 823 2730 359 822 2731 358 824 2732 366 825 2733 358 824 2734 357 826 2735 367 827 2736 357 826 2737 356 828 2738 368 829 2739 356 828 2740 355 830 2741 349 831 2742 368 829 2743 369 803 2744 350 833 2745 367 827 2746 368 829 2747 351 834 2748 366 825 2749 367 827 2750 352 835 2751 365 823 2752 366 825 2753 353 836 2754 364 821 2755 365 823 2756 354 837 2757 363 819 2758 364 821 2759 334 838 2760 362 817 2761 363 819 2762 335 839 2763 339 815 2764 362 817 2765 346 814 2766 347 813 2767 332 840 2768 330 842 2769 345 809 2770 339 811 2771 348 832 2772 369 803 2773 346 805 2774 345 809 2775 330 842 2776 331 1339 2777 331 1339 2778 341 845 2779 345 809 2780 340 848 2781 336 1340 2782 347 813 2783 336 1340 2784 332 840 2785 347 813 2786 288 654 2787 355 655 2788 356 849 2789 252 1341 2796 245 1342 2797 305 854 2798 245 1342 2799 249 852 2800 305 854 2801 249 855 2802 517 1260 2803 519 856 2804 508 1060 3123 510 1077 3124 511 1061 3125 507 1063 3126 506 1078 3127 508 1064 3128 513 1068 3129 515 1348 3130 512 1349 3131 515 1348 3132 514 1350 3133 512 1349 3134 512 1349 3135 506 1066 3136 513 1068 3137 511 1069 3138 510 680 3139 514 1070 3140 341 1072 3141 510 1351 3142 508 1352 3143 506 1073 3144 512 1085 3145 340 1074 3146 341 1072 3147 508 1352 3148 506 1073 3149 507 1075 3150 509 1353 3151 248 1076 3152 249 855 3153 513 857 3154 507 1075 3155 518 1077 3156 520 1077 3157 521 1077 3158 516 1078 3159 518 1078 3160 519 1078 3161 523 1079 3162 522 1354 3163 516 1080 3164 520 1082 3165 522 1355 3166 523 1083 3167 512 1085 3168 514 1356 3169 520 1092 3170 518 1084 3171 516 1357 3172 340 1074 3173 512 1085 3174 520 1092 3175 518 1084 3176 515 1358 3177 513 857 3178 521 1359 3179 513 857 3180 519 856 3181 521 1359 3182 248 1076 3183 509 1353 3184 511 1360 3185 515 1358 3186 521 1359 3187 245 1086 3188 521 1359 3189 523 1087 3190 245 1086 3191 244 1361 3192 248 1076 3193 511 1360 3194 511 1360 3195 515 1358 3196 244 1361 3197 245 1086 3198 244 1361 3199 515 1358 3200 517 1260 3201 249 855 3202 523 1087 3203 336 1088 3204 555 1362 3205 547 1363 3206 336 1088 3207 547 1363 3208 546 1364 3209 525 613 3210 524 1091 3211 331 806 3212 526 613 3213 525 613 3214 331 806 3215 336 1088 3216 546 1364 3217 554 1365 3218 336 1088 3219 554 1365 3220 552 1366 3221 529 613 3222 526 613 3223 331 806 3224 531 613 3225 529 613 3226 331 806 3227 336 1088 3228 552 1366 3229 544 1367 3230 336 1088 3231 544 1367 3232 541 1368 3233 531 613 3234 331 806 3235 336 1088 3236 532 1369 3237 531 613 3238 336 1088 3239 336 1088 3240 541 1368 3241 543 1370 3242 336 1088 3243 543 1370 3244 538 1371 3245 534 1090 3246 532 1369 3247 336 1088 3248 336 1088 3249 538 1371 3250 536 1089 3251 331 806 3252 556 1330 3253 510 1351 3254 556 1330 3255 581 613 3256 510 1351 3257 581 613 3258 559 1372 3259 510 1351 3260 510 1351 3261 341 1072 3262 331 806 3263 522 1373 3264 520 1092 3265 537 613 3266 520 1092 3267 514 1356 3268 587 1328 3269 569 1374 3270 514 1356 3271 510 1351 3272 510 1351 3273 559 1372 3274 560 1375 3275 514 1356 3276 569 1374 3277 574 1376 3278 569 1374 3279 510 1351 3280 567 1377 3281 340 1074 3282 516 1357 3283 522 1373 3284 545 1378 3285 555 613 3286 522 1373 3287 555 613 3288 336 1379 3289 522 1373 3290 548 1380 3291 545 1378 3292 522 1373 3293 336 1379 3294 340 1074 3295 522 1373 3296 510 1351 3297 560 1375 3298 562 1381 3299 510 1351 3300 562 1381 3301 565 1382 3302 553 613 3303 548 1380 3304 522 1373 3305 510 1351 3306 565 1382 3307 582 1383 3308 510 1351 3309 582 1383 3310 567 1377 3311 551 613 3312 553 613 3313 522 1373 3314 539 613 3315 551 613 3316 522 1373 3317 514 1356 3318 574 1376 3319 572 1384 3320 540 613 3321 539 613 3322 522 1373 3323 542 613 3324 540 613 3325 522 1373 3326 514 1356 3327 572 1384 3328 571 1385 3329 514 1356 3330 571 1385 3331 583 1386 3332 537 613 3333 542 613 3334 522 1373 3335 535 613 3336 537 613 3337 520 1092 3338 514 1356 3339 583 1386 3340 586 1387 3341 514 1356 3342 586 1387 3343 580 1388 3344 550 1389 3345 535 613 3346 520 1092 3347 533 1390 3348 550 1389 3349 520 1092 3350 514 1356 3351 580 1388 3352 577 1391 3353 514 1356 3354 577 1391 3355 587 1328 3356 530 1392 3357 520 1092 3358 528 1393 3359 530 1392 3360 533 1390 3361 520 1092 3362 587 1328 3363 524 1091 3364 520 1092 3365 528 1393 3366 520 1092 3367 527 613 3368 527 613 3369 520 1092 3370 549 613 3371</p>
        </triangles>
        <triangles material="Plastic-material" count="46">
          <input semantic="VERTEX" source="#Cube_001-mesh-vertices" offset="0"/>
          <input semantic="NORMAL" source="#Cube_001-mesh-normals" offset="1"/>
          <input semantic="TEXCOORD" source="#Cube_001-mesh-map-0" offset="2" set="0"/>
          <p>313 643 867 255 644 868 304 645 869 280 652 876 250 653 877 288 654 878 255 662 888 295 663 889 254 664 890 287 665 891 294 666 892 295 663 893 286 667 894 293 668 895 294 666 896 285 669 897 292 670 898 293 668 899 284 671 900 291 672 901 292 670 902 283 673 903 290 674 904 291 672 905 282 675 906 289 676 907 290 674 908 281 677 909 288 654 910 289 676 911 305 692 936 280 693 937 306 694 938 307 696 942 282 697 943 308 698 944 309 702 948 284 703 949 310 704 950 311 706 954 286 707 955 312 708 956 302 731 987 313 643 988 303 732 989 301 733 990 312 708 991 302 731 992 300 734 993 311 706 994 301 733 995 299 735 996 310 704 997 300 734 998 298 736 999 309 702 1000 299 735 1001 297 737 1002 308 698 1003 298 736 1004 296 738 1005 307 696 1006 297 737 1007 252 739 1008 306 694 1009 296 738 1010 303 732 1044 304 645 1045 253 756 1046 313 643 2394 287 1293 2395 255 644 2396 280 652 2403 251 680 2404 250 653 2405 255 662 2439 287 665 2440 295 663 2441 287 665 2442 286 667 2443 294 666 2444 286 667 2445 285 669 2446 293 668 2447 285 669 2448 284 671 2449 292 670 2450 284 671 2451 283 673 2452 291 672 2453 283 673 2454 282 675 2455 290 674 2456 282 675 2457 281 677 2458 289 676 2459 281 677 2460 280 652 2461 288 654 2462 305 692 2487 251 1303 2488 280 693 2489 307 696 2493 281 1305 2494 282 697 2495 309 702 2499 283 1307 2500 284 703 2501 311 706 2505 285 1309 2506 286 707 2507 302 731 2547 312 708 2548 313 643 2549 301 733 2550 311 706 2551 312 708 2552 300 734 2553 310 704 2554 311 706 2555 299 735 2556 309 702 2557 310 704 2558 298 736 2559 308 698 2560 309 702 2561 297 737 2562 307 696 2563 308 698 2564 296 738 2565 306 694 2566 307 696 2567 252 739 2568 305 692 2569 306 694 2570 303 732 2604 313 643 2605 304 645 2606</p>
        </triangles>
      </mesh>
    </geometry>
    <geometry id="Cube_003-mesh" name="Cube.003">
      <mesh>
        <source id="Cube_003-mesh-positions">
          <float_array id="Cube_003-mesh-positions-array" count="531">-0.9923762 10.29794 -0.7632863 0.9923762 10.29794 -0.7632876 0.9923762 10.29794 0.7632861 -0.9923762 10.29794 0.7632861 0.917635 -0.4584904 0.7632859 -0.917635 -0.4584904 0.7632859 0.9176352 -0.4428692 -0.7632876 -0.9176349 -0.4428616 -0.7632862 0.711702 -0.4567375 0.5919914 -0.7117019 -0.4567375 0.5919914 0.7117021 -0.444622 -0.5919929 -0.7117019 -0.4446163 -0.5919917 -0.7117019 -0.4508133 0.01336896 0.7117021 -0.4505787 -0.009800553 -0.713716 -0.4428616 -0.7632864 -0.5097971 -0.4428616 -0.7632865 -0.3058782 -0.4428635 -0.7632867 -0.1019592 -0.4428654 -0.7632868 0.1019596 -0.4428654 -0.763287 0.3058785 -0.4428654 -0.7632872 0.5097975 -0.4428673 -0.7632873 0.7137163 -0.4428692 -0.7632874 -0.5535459 -0.4446163 -0.5919919 -0.3953899 -0.4446163 -0.591992 -0.2372338 -0.4446163 -0.5919921 -0.07907783 -0.4446182 -0.5919922 0.07907807 -0.4446182 -0.5919923 0.2372341 -0.4446182 -0.5919924 0.3953901 -0.4446201 -0.5919926 0.5535461 -0.444622 -0.5919927 0.7362462 -0.4505787 0.00305581 0.7362462 -0.4567375 0.6256015 -0.7362461 -0.4508133 0.02702438 -0.7362461 -0.4446163 -0.5992131 0.572636 -0.444622 -0.5992141 0.7362462 -0.444622 -0.5992143 -0.7362461 -0.4567375 0.6256015 -0.5726358 -0.4446163 -0.5992133 -0.4090255 -0.4446163 -0.5992134 -0.2454152 -0.4446163 -0.5992135 -0.08180499 -0.4446182 -0.5992136 0.08180522 -0.4446182 -0.5992137 0.2454155 -0.4446182 -0.5992138 0.4090257 -0.4446201 -0.599214 -0.7362461 1 0.6256015 0.7362462 1 0.6256015 -0.08180493 1 -0.5986996 0.4090258 1 -0.5987001 0.08180522 1 -0.5986998 0.572636 1 -0.5987002 -0.2454152 1 -0.5986996 -0.4090255 1 -0.5986995 -0.7362461 1 -0.5986992 -0.736246 1 0.02754026 -0.5726358 1 -0.5986993 0.2454155 1 -0.5986998 0.7362462 1 0.003571629 0.7362463 1 -0.5987004 -0.9176349 -22.4162 -0.7632862 -0.917635 -22.4162 0.7256178 -0.713716 -22.4162 -0.7632864 -0.5097971 -22.4162 -0.7632865 -0.3058782 -22.4162 -0.7632867 0.3058785 -22.4162 -0.7632872 0.1019596 -22.4162 -0.763287 -0.1019592 -22.4162 -0.7632868 0.5097975 -22.4162 -0.7632873 0.9176352 -22.4162 -0.7632876 0.7137163 -22.4162 -0.7632874 0.917635 -22.4162 0.7632859 -0.917635 -22.4162 0.7632859 0.0870431 -16.54953 0.9014549 0.0870431 -16.54953 0.763286 0 -16.45353 0.9014549 0 -16.45353 0.763286 -0.08704239 -16.54952 0.9014549 -0.08704239 -16.54952 0.763286 -0.1707406 -16.83383 0.9014549 -0.1707406 -16.83383 0.763286 0.1707412 -16.83383 0.9014549 0.1707412 -16.83383 0.763286 -0.2478772 -17.29552 0.9014549 -0.2478772 -17.29552 0.763286 0.2478777 -17.29553 0.9014549 0.2478777 -17.29553 0.763286 -0.3154882 -17.91686 0.9014549 -0.3154882 -17.91686 0.763286 0.3154886 -17.91686 0.9014549 0.3154886 -17.91686 0.763286 -0.370975 -18.67395 0.9014549 -0.370975 -18.67395 0.763286 0.3709753 -18.67396 0.9014549 0.3709753 -18.67396 0.763286 -0.4122055 -19.53772 0.9014549 -0.4122055 -19.53772 0.763286 0.4122056 -19.53772 0.9014549 0.4122056 -19.53772 0.763286 -0.4375951 -20.47496 0.9014549 -0.4375951 -20.47496 0.763286 0.4375952 -20.47496 0.9014549 0.4375952 -20.47496 0.763286 -0.4461682 -21.44965 0.9014549 -0.4461682 -21.44965 0.763286 0.4461682 -21.44966 0.9014549 0.4461682 -21.44966 0.763286 -0.437667 -22.41621 0.9014549 -0.4376671 -22.4162 0.7632859 0.4376668 -22.4162 0.9014549 0.437667 -22.4162 0.7632859 -0.9764372 -22.4162 -0.7664354 -0.8414177 -22.4162 -0.9014549 -0.973052 -22.4162 -0.7964801 -0.9630661 -22.4162 -0.8250182 -0.9469802 -22.4162 -0.8506187 -0.925601 -22.4162 -0.8719979 -0.9000005 -22.4162 -0.8880838 -0.8714624 -22.4162 -0.8980697 -0.8414177 -22.4162 0.9014549 -0.9764372 -22.4162 0.7664354 -0.9336159 -22.4162 0.7734057 -0.8714624 -22.4162 0.8980697 -0.9000005 -22.4162 0.8880838 -0.925601 -22.4162 0.8719979 -0.9469802 -22.4162 0.8506187 -0.9630661 -22.4162 0.8250182 -0.973052 -22.4162 0.7964801 -0.8414177 1 -0.9014549 -0.9764372 1 -0.7664354 -0.8714624 1 -0.8980697 -0.9000005 1 -0.8880838 -0.925601 1 -0.8719979 -0.9469802 1 -0.8506187 -0.9630661 1 -0.8250182 -0.973052 1 -0.7964801 -0.9764372 1 0.7664354 -0.8414177 1 0.9014549 -0.8877733 1 0.7996267 -0.973052 1 0.7964801 -0.9630661 1 0.8250182 -0.9469802 1 0.8506187 -0.925601 1 0.8719979 -0.9000005 1 0.8880838 -0.8714624 1 0.8980697 0.8414177 -22.4162 -0.9014549 0.9764372 -22.4162 -0.7664354 0.923564 -22.4162 -0.7772185 0.8714624 -22.4162 -0.8980697 0.9000005 -22.4162 -0.8880838 0.925601 -22.4162 -0.8719979 0.9469802 -22.4162 -0.8506187 0.9630661 -22.4162 -0.8250182 0.973052 -22.4162 -0.7964801 0.9764372 -22.4162 0.7664354 0.8414177 -22.4162 0.9014549 0.973052 -22.4162 0.7964801 0.9630661 -22.4162 0.8250182 0.9469802 -22.4162 0.8506187 0.925601 -22.4162 0.8719979 0.9000005 -22.4162 0.8880838 0.8714624 -22.4162 0.8980697 0.9764372 1 -0.7664354 0.8414177 1 -0.9014549 0.8925206 1 -0.7956802 0.973052 1 -0.7964801 0.9630661 1 -0.8250182 0.9469802 1 -0.8506187 0.925601 1 -0.8719979 0.9000005 1 -0.8880838 0.8714624 1 -0.8980697 0.8414177 1 0.9014549 0.9764372 1 0.7664354 0.8714624 1 0.8980697 0.9000005 1 0.8880838 0.925601 1 0.8719979 0.9469802 1 0.8506187 0.9630661 1 0.8250182 0.973052 1 0.7964801</float_array>
          <technique_common>
            <accessor source="#Cube_003-mesh-positions-array" count="177" stride="3">
              <param name="X" type="float"/>
              <param name="Y" type="float"/>
              <param name="Z" type="float"/>
            </accessor>
          </technique_common>
        </source>
        <source id="Cube_003-mesh-normals">
          <float_array id="Cube_003-mesh-normals-array" count="939">0 0 -1 1.90371e-7 0 -1 -5.65007e-7 0 -1 0.005461096 0.999935 0.0100153 -0.002245962 0.9999626 0.008362889 0.005739867 0.9999324 0.01011699 8.98025e-6 1 -9.46187e-6 7.41016e-6 1 -5.53844e-6 2.68347e-6 1 -2.59552e-6 -0.007144987 0.9999606 0.005273878 -0.005406439 0.9999343 0.01010978 -0.005134105 0.9999367 0.01001322 0 1 2.59082e-7 0 1 1.35213e-6 0 1 2.13659e-7 0 1 1.41621e-6 -0.001186788 0.9999912 0.004033684 1.03224e-5 1 2.16094e-5 1.19913e-5 1 2.53424e-5 1.17263e-5 1 1.49493e-5 9.27766e-6 1 1.23251e-5 2.77601e-6 1 1.21996e-5 0.00224483 0.9999626 0.00835812 0.001186132 0.9999912 0.004031419 0.007147967 0.9999606 0.005275905 -0.005439579 0.9999774 0.003972709 0 1 -5.44169e-6 0 1 -3.76524e-6 0.005441904 0.9999773 0.00397402 0 0 -1 7.56551e-7 -3.55742e-4 1 9.9063e-7 -3.55742e-4 1 7.56551e-7 -3.55742e-4 1 2.47469e-7 -3.55742e-4 1 7.3528e-7 -3.55742e-4 1 2.262e-7 -3.55742e-4 1 4.86261e-7 -3.55742e-4 1 9.54417e-7 -3.55761e-4 1 8.10866e-7 -3.55764e-4 1 1.23809e-6 -3.55764e-4 1 9.87462e-7 -3.55761e-4 1 1.13968e-6 -3.5576e-4 1 9.8746e-7 -3.55744e-4 1 7.12452e-7 -3.55782e-4 1 0 -3.55779e-4 1 1 0 0 1 0 0 1 0 0 -1 0 0 -1 0 -1.23699e-7 -1 0 0 5.22473e-7 -3.55743e-4 1 9.72524e-7 -3.55742e-4 1 1 -1.54746e-7 0 1 0 0 4.64381e-6 1 -7.50771e-6 1.34202e-6 1 -2.76114e-6 0.00104916 -0.9999377 -0.01112014 -0.001014828 -0.9999346 -0.01139318 -0.001051247 -0.9999377 -0.01111608 -7.2885e-4 -0.999948 -0.0101816 -2.57094e-6 -0.999943 -0.01068478 3.51022e-4 -0.999947 -0.01029449 -7.68283e-6 -0.9999429 -0.01068824 -1.0036e-5 -0.999943 -0.01068991 -1.08516e-5 -0.999943 -0.0106886 -6.40891e-6 -0.999943 -0.01068598 -4.53133e-6 -0.999943 -0.01068443 0 -0.999943 -0.0106827 0 -0.999943 -0.01068258 -5.66178e-6 -0.999943 -0.01068145 -5.37875e-6 -0.999943 -0.01068228 -6.36303e-6 -0.999943 -0.01068121 -3.32069e-6 -0.999943 -0.01068854 -6.63684e-6 -0.999943 -0.01068311 0 -0.9999428 -0.0106945 -3.04361e-6 -0.9999429 -0.01069253 -3.53865e-4 -0.9999469 -0.01030325 0 -0.9999429 -0.01069456 -1.70415e-4 -0.9999468 -0.01031845 7.67389e-4 -0.9999479 -0.01018649 0 -1 -3.51677e-6 0 -1 2.7204e-6 0 -1 2.7468e-5 0 1 0 0 1 0 0 -1 -6.69564e-5 0 -1 2.32127e-5 0 -1 -6.79696e-6 -0.05606889 0 0.9984269 -6.90252e-7 0 1 -2.64675e-7 0 1 -0.998427 0 0.0560683 -0.998427 0 -0.0560683 -0.998427 0 -0.05606877 -9.69612e-5 -1 -4.48666e-5 -3.73246e-6 -1 0 -3.5133e-6 -1 0 8.53863e-7 0 1 8.48832e-7 0 1 1.27702e-6 0 1 -1 0 0 8.51347e-7 0 1 8.51347e-7 0 1 8.51347e-7 0 1 -1 0 0 -1 0 0 4.25674e-7 0 1 1 0 0 1 0 0 8.48831e-7 0 1 4.28189e-7 0 1 5.86947e-7 1 0 0 1 0 8.48831e-7 0 1 8.51347e-7 0 1 4.30705e-7 0 1 1.69263e-6 0 1 1.27702e-6 0 1 8.51347e-7 0 1 0.998427 0 0.0560683 0.998427 0 -0.0560683 0.998427 0 -0.05606877 -0.9998392 -0.01793819 0 -0.9993011 -0.03738129 0 -0.9998391 -0.01793819 0 -1 0 0 -1 0 0 -0.9981749 -0.06039071 0 -0.9906347 -0.1365392 0 -0.9745875 -0.2240069 0 -0.9958829 -0.09064894 0 -0.9958829 -0.09064894 0 0.9906346 -0.1365394 0 0.9958829 -0.09064912 0 0.9906347 -0.1365394 0 0.9998391 -0.01793831 0 1 -1.79062e-7 0 0.9998392 -0.01793831 0 -0.9999614 0.008795201 -8.78834e-7 0.9993011 -0.03738141 0 0.9993011 -0.03738141 0 0.9958829 -0.09064906 0 0.9981748 -0.060391 0 0.9745874 -0.224008 0 0.9745874 -0.224008 0 -0.872057 -0.4894044 0 -0.7408171 -0.6717068 0 -0.8720569 -0.4894044 0 0.7408131 -0.6717112 0 0.872055 -0.489408 0 0.7408133 -0.671711 0 0.9981748 -0.060391 0 -0.9745876 -0.224007 0 0.8720549 -0.489408 0 1 -1.84102e-7 0 0.9999613 0.008794963 -5.06887e-7 -0.9981749 -0.06039071 0 3.05881e-6 -1 -1.0737e-5 -1.45786e-5 -1 8.27832e-6 8.05624e-6 -1 -2.4324e-5 1.48013e-5 -1 1.88781e-5 2.35094e-5 -1 1.88923e-5 3.35561e-5 -1 5.31922e-5 4.22136e-5 -1 0 4.04633e-5 -1 1.40089e-5 -2.03711e-7 1 0 -2.23654e-7 1 0 -1.34969e-7 1 0 0 -1 -8.40239e-6 0 -1 1.15417e-5 0 -1 -9.72842e-5 0 -1 2.78747e-5 0 -1 -4.38341e-6 0 -1 0 0 -1 -5.232e-5 0 -1 -1.26879e-5 0 -1 4.00201e-5 -0.05606973 0 -0.9984269 -0.2225208 0 -0.974928 -0.05606788 0 -0.998427 -0.2225177 0 -0.9749287 -0.4338865 0 -0.9009676 -0.4338833 0 -0.9009691 -0.6234907 0 -0.7818309 -0.6234899 0 -0.7818315 -0.7818322 0 -0.623489 -0.7818301 0 -0.6234917 -0.9009699 0 -0.4338817 -0.9009685 0 -0.4338847 -0.9749287 0 -0.222518 -0.974928 0 -0.2225209 -0.2225208 0 0.974928 -0.05606788 0 0.998427 -0.2225177 0 0.9749287 -0.4338865 0 0.9009676 -0.4338833 0 0.9009691 -0.6234907 0 0.7818309 -0.6234899 0 0.7818315 -0.7818322 0 0.623489 -0.7818301 0 0.6234917 -0.9009699 0 0.4338817 -0.9009685 0 0.4338847 -0.9749287 0 0.222518 -0.974928 0 0.2225209 0.05606973 0 -0.9984269 0.2225208 0 -0.974928 0.05606788 0 -0.998427 0.2225177 0 -0.9749287 0.4338865 0 -0.9009676 0.4338833 0 -0.9009691 0.6234907 0 -0.7818309 0.6234899 0 -0.7818315 0.7818322 0 -0.623489 0.7818301 0 -0.6234917 0.9009699 0 -0.4338817 0.9009685 0 -0.4338847 0.9749287 0 -0.222518 0.974928 0 -0.2225209 0.05607002 0 0.9984268 0.2225208 0 0.974928 0.05606752 0 0.998427 0.2225177 0 0.9749287 0.4338865 0 0.9009676 0.4338833 0 0.9009691 0.6234907 0 0.7818309 0.6234899 0 0.7818315 0.7818322 0 0.623489 0.7818301 0 0.6234917 0.9009699 0 0.4338817 0.9009685 0 0.4338847 0.9749287 0 0.222518 0.974928 0 0.2225209 0 0 -1 0 0 -1 0 0 -1 1.12055e-6 0 -1 0 0 -1 -1.58567e-7 0 -1 0 0 -1 0 0 -1 2.75558e-7 0 -1 0 0 -1 0 0 -1 0 0 -1 3.71405e-7 0 -1 -1.10902e-6 0 -1 0 0 -1 -1.14823e-6 0 -1 0 0 -1 0 0 -1 5.53824e-7 0 -1 -2.82704e-7 0 -1 7.56551e-7 -3.55742e-4 1 1.5131e-6 -3.55741e-4 1 1 0 0 -1 0 -1.97933e-7 5.04367e-7 -3.55743e-4 1 0.001013278 -0.9999347 -0.01139497 1.67407e-4 -0.9999468 -0.0103116 0 -1 6.72134e-6 0 -1 -8.06118e-5 0 -1 -2.71838e-5 0 -1 5.49365e-5 0 -1 -1.19071e-4 0 -1 -5.55593e-6 0 -1 -1.67766e-5 0 -1 -3.68856e-5 3.8831e-7 -1 0 1.51444e-5 -1 1.10608e-6 0 -1 -1.47025e-5 2.83652e-7 1 0 0 1 0 3.16289e-7 1 0 -3.25307e-7 1 1.20511e-7 0 -1 -7.36728e-7 0 -1 -6.76886e-6 0 -1 -5.34803e-6 0 -1 -4.94364e-5 0 -1 -2.18278e-5 0 -1 -8.32213e-6 0 -1 -3.51614e-6 0 -1 4.14863e-5 1.68594e-7 0 1 -1.61224e-6 0 1 -2.02362e-7 0 1 0 0 1 -2.765e-7 0 1 3.19986e-7 0 1 2.765e-7 0 1 0 0 1 -8.95864e-7 0 1 2.32596e-6 0 1 -1.81943e-6 0 1 -2.2286e-6 0 1 0 0 1 -2.47527e-7 0 1 1.35992e-6 0 1 6.2848e-7 0 1 -0.998427 0 0.05606877 -4.72408e-6 -1 0 1 0 0 1 0 0 0 1 0 0 1 -2.9054e-7 -6.1961e-7 1 -1.02328e-6 0 1 0 0 1 -1.4527e-7 0 1 -2.04657e-6 0.998427 0 0.05606877 -0.9999614 0.008795201 -9.66165e-7 -0.7408171 -0.6717069 0 0.9999613 0.008795022 -5.57256e-7</float_array>
          <technique_common>
            <accessor source="#Cube_003-mesh-normals-array" count="313" stride="3">
              <param name="X" type="float"/>
              <param name="Y" type="float"/>
              <param name="Z" type="float"/>
            </accessor>
          </technique_common>
        </source>
        <source id="Cube_003-mesh-map-0">
          <float_array id="Cube_003-mesh-map-0-array" count="2076">0.3967313 0.6288101 0.3967313 0.3990753 0.3967313 0.375 0.4976434 0.1212199 0.6032187 0.1212514 0.4976434 0.1212199 0.6032519 0.2904171 0.6032631 0.3468057 0.6032519 0.2904171 0 0 0 0 0 0 0.6032409 0.2340286 0.6032519 0.2904171 0.6032409 0.2340286 0.6032298 0.17764 0.6032409 0.2340286 0.6032298 0.17764 0.6032187 0.1212514 0.6032298 0.17764 0.6032187 0.1212514 0.6033075 0.5723599 0.6032965 0.5159714 0.6032965 0.5159714 0.6032965 0.5159714 0.6032853 0.4595828 0.6032853 0.4595828 0.5017348 0.6287788 0.6033186 0.6287485 0.6033186 0.6287485 0.3967313 0.1211899 0.3967313 0.6288101 0.3967313 0.6288101 0.6032853 0.4595828 0.6032741 0.4031943 0.6032741 0.4031943 0 0 0 0 0 0 0.3967313 0.1211899 0.3967313 0.6288101 0.3967313 0.6288101 0.6032409 0.2340286 0.6032298 0.17764 0.6032409 0.2340286 0.6032519 0.2904171 0.6032409 0.2340286 0.6032409 0.2340286 0.6032631 0.3468057 0.6032519 0.2904171 0.6032631 0.3468057 0.6032741 0.4031943 0.6032631 0.3468057 0.6032741 0.4031943 0.6032853 0.4595828 0.6032741 0.4031943 0.6032853 0.4595828 0.6032965 0.5159714 0.6032853 0.4595828 0.6032965 0.5159714 0.6033075 0.5723599 0.6032965 0.5159714 0.6033075 0.5723599 0.6033186 0.6287485 0.6033075 0.5723599 0.6033075 0.5723599 0.6032187 0.1212514 0.4976434 0.1212199 0.4976434 0.1212199 0.5017348 0.6287788 0.6033186 0.6287485 0.5017348 0.6287788 0.6032298 0.17764 0.6032187 0.1212514 0.6032298 0.17764 0 0 0 0 0 0 0.6032741 0.4031943 0.6032631 0.3468057 0.6032631 0.3468057 0.6033186 0.6287485 0.6033075 0.5723599 0.6033075 0.5723599 0.3967313 0.1211899 0.3967313 0.6288101 0.3967313 0.6288101 0 0 0 0 0 0 0 0 0 0 0 0 0 0 0 0 0 0 0 0 0 0 0 0 0 0 0 0 0 0 0 0 0 0 0 0 0 0 0 0 0 0 0 0 0 0 0 0 0 0 0 0 0 0 0 0 0 0 0 0 0 0 0 0 0 0 0.375 0.9827153 0.4045891 0.9132347 0.4045892 0.9387246 0.6178861 0.4987261 0.6104334 0.4998525 0.625 0.4827153 0.6062775 0.75 0.6103729 0.7501638 0.5954108 0.7602956 0.8577153 0.5 0.7611429 0.6873652 0.7499999 0.6863403 0.6062775 0 0.3937225 0.25 0.3937224 0 0.5954107 0.9897043 0.5954107 0.9297084 0.625 0.9827153 0.603263 0.3468057 0.603252 0.2904171 0.603263 0.3468057 0 0 0 0 0 0 0.6033186 0.6287485 0.6033075 0.5723599 0.6033186 0.6287485 0.3967313 0.6288101 0.6033186 0.6287485 0.3967313 0.6288101 0.6033075 0.5723599 0.6032965 0.5159714 0.6033075 0.5723599 0.3967313 0.1211899 0.3967313 0.1211899 0.4018264 0.1211915 0.6032965 0.5159714 0.6032853 0.4595828 0.6032965 0.5159714 0.4251625 0.4261282 0.4251625 0.4465795 0.375 0.4827153 0.603252 0.2904171 0.603241 0.2340286 0.603252 0.2904171 0.6032742 0.4031943 0.603263 0.3468057 0.6032742 0.4031943 0.6032298 0.17764 0.6032187 0.1212514 0.6032298 0.17764 0.6032853 0.4595828 0.6032742 0.4031943 0.6032853 0.4595828 0.6062775 0.5 0.3937225 0.75 0.3937224 0.5 0.603241 0.2340286 0.6032298 0.17764 0.603241 0.2340286 0.78125 0.8929599 0.8125 0.7149038 0.78125 0.7149038 0.7500001 0.8929599 0.78125 0.7149038 0.7500001 0.7149038 0.8125 0.8929599 0.84375 0.7149038 0.8125 0.7149038 0.90625 0.8929599 0.9375001 0.7149038 0.90625 0.7149038 0.875 0.8929599 0.90625 0.7149038 0.875 0.7149038 0.09375 0.8929599 0.125 0.7149038 0.09375 0.7149038 0.21875 0.8929599 0.25 0.7149038 0.21875 0.7149038 0.7500001 0.7149038 0.7190114 0.8929599 0.7500001 0.8929599 0.1875 0.8929599 0.21875 0.7149038 0.1875 0.7149038 0.125 0.8929599 0.15625 0.7149038 0.125 0.7149038 0.0625 0.8929599 0.09375 0.7149038 0.0625 0.7149038 0.96875 0.8929599 1 0.7149038 0.96875 0.7149038 0 0.8929599 0.03125 0.7149038 0 0.7149038 0.15625 0.8929599 0.1875 0.7149038 0.15625 0.7149038 0.9375 0.8929599 0.96875 0.7149038 0.9375001 0.7149038 0.03125 0.8929599 0.0625 0.7149038 0.03125 0.7149038 0.25 0.8929599 0.2809887 0.7149037 0.25 0.7149038 0.84375 0.8929599 0.875 0.7149038 0.84375 0.7149038 0.8577153 0.75 0.8615615 0.75 0.8695182 0.75 0.8615615 0.75 0.8652148 0.75 0.8695182 0.75 0.8652148 0.75 0.8684921 0.75 0.8695182 0.75 0.8684921 0.75 0.871229 0.75 0.8695182 0.75 0.871229 0.75 0.8732883 0.75 0.8695182 0.75 0.8732883 0.75 0.8745666 0.75 0.8695182 0.75 0.8745666 0.75 0.875 0.75 0.8695182 0.75 0.6062775 0.25 0.6103262 0.250464 0.6077244 0.2621702 0.6103262 0.250464 0.613931 0.2518336 0.6077244 0.2621702 0.613931 0.2518336 0.6176195 0.2551994 0.6077244 0.2621702 0.6176195 0.2551994 0.6178863 0.2550114 0.6077244 0.2621702 0.6178863 0.2550114 0.6172875 0.2554333 0.6077244 0.2621702 0.6172875 0.2554333 0.6158533 0.2564436 0.6077244 0.2621702 0.6158533 0.2564436 0.6136556 0.2579919 0.6077244 0.2621702 0.375 0.7672847 0.3757237 0.7635011 0.4016057 0.7592575 0.3757237 0.7635011 0.3778596 0.7600396 0.4016057 0.7592575 0.3778596 0.7600396 0.375 0.7565079 0.4016057 0.7592575 0.375 0.7565079 0.3864903 0.7539981 0.4016057 0.7592575 0.3864903 0.7539981 0.3898908 0.7551813 0.4016057 0.7592575 0.3898908 0.7551813 0.3942946 0.7567136 0.4016057 0.7592575 0.3942946 0.7567136 0.3994809 0.7585182 0.4016057 0.7592575 0.3937224 0.5 0.3896697 0.4995358 0.3925254 0.4884814 0.3896697 0.4995358 0.3860514 0.4981662 0.3925254 0.4884814 0.3860514 0.4981662 0.3825457 0.4950406 0.3925254 0.4884814 0.3825457 0.4950406 0.3820964 0.4953359 0.3925254 0.4884814 0.3820964 0.4953359 0.3825259 0.4950535 0.3925254 0.4884814 0.3825259 0.4950535 0.3838128 0.4942078 0.3925254 0.4884814 0.3838128 0.4942078 0.3858923 0.492841 0.3925254 0.4884814 0.1422847 0.75 0.1384385 0.5 0.1422847 0.5 0.1384385 0.75 0.1347851 0.5 0.1384385 0.5 0.1347851 0.75 0.1315078 0.5 0.1347851 0.5 0.1315078 0.75 0.125 0.5 0.1315078 0.5 0.3820492 0 0.3855991 0.25 0.3820492 0.25 0.3855991 0 0.3895563 0.25 0.3855991 0.25 0.3895563 0 0.3937225 0.25 0.3895563 0.25 0.8577153 0.5 0.8615615 0.75 0.8577153 0.75 0.8615615 0.5 0.8652148 0.75 0.8615615 0.75 0.8652149 0.5 0.8684921 0.75 0.8652148 0.75 0.8684921 0.5 0.875 0.75 0.8684921 0.75 0.6179509 0.25 0.6144009 0 0.6179509 0 0.6144009 0.25 0.6104437 0 0.6144009 0 0.6104437 0.25 0.6062775 0 0.6104437 0 0.3577153 0.5 0.3615615 0.75 0.3577153 0.75 0.3615615 0.5 0.3652149 0.75 0.3615615 0.75 0.3652149 0.5 0.3684921 0.75 0.3652149 0.75 0.3684921 0.5 0.3820492 0.75 0.3684921 0.75 0.3820492 0.5 0.3855991 0.75 0.3820492 0.75 0.3855991 0.5 0.3895563 0.75 0.3855991 0.75 0.3895563 0.5 0.3937225 0.75 0.3895563 0.75 0.6422848 0.75 0.6337909 0.4955179 0.6422848 0.5 0.6337521 0.7544906 0.6308655 0.496729 0.6337909 0.4955179 0.6307308 0.7533018 0.6279105 0.4978144 0.6308655 0.496729 0.6276748 0.7522417 0.6178861 0.4987261 0.6279105 0.4978144 0.6176304 0.7513373 0.614364 0.4994192 0.6178861 0.4987261 0.6141902 0.7506258 0.6104334 0.4998525 0.614364 0.4994192 0.6103729 0.7501638 0.6062775 0.5 0.6104334 0.4998525 0.3577153 0.5 0.1422847 0.75 0.1422847 0.5 0.3967313 0.1211899 0.3967313 0.1211899 0.3967313 0.2877386 0.3967313 0.1211899 0.3967313 0.6288101 0.3967313 0.375 0.3967313 0.1211899 0.3967313 0.2877386 0.3967314 0.2723914 0.3967313 0.6288101 0.3967313 0.6288101 0.3967313 0.4622614 0.3967313 0.6288101 0.3967313 0.496055 0.3967313 0.4984062 0.3967313 0.6288101 0.3967313 0.4984062 0.3967313 0.4960351 0.3967313 0.2515936 0.3967313 0.2539449 0.3967313 0.1211899 0.3967313 0.2539649 0.3967313 0.2515936 0.3967313 0.1211899 0.3967313 0.6288101 0.3967313 0.4960351 0.3967313 0.4890126 0.3967313 0.6288101 0.3967313 0.4890126 0.3967313 0.4776086 0.3967313 0.2609874 0.3967313 0.2539649 0.3967313 0.1211899 0.3967314 0.2723914 0.3967313 0.2609874 0.3967313 0.1211899 0.3967313 0.6288101 0.3967313 0.4776086 0.3967313 0.4622614 0.3967313 0.2877386 0.3967313 0.1211899 0.3967313 0.3064392 0.3967313 0.3064392 0.3967313 0.1211899 0.3967313 0.3277746 0.3967313 0.6288101 0.3967313 0.4622614 0.3967313 0.4435608 0.3967313 0.6288101 0.3967313 0.4435608 0.3967313 0.4222255 0.3967313 0.3277746 0.3967313 0.1211899 0.3967313 0.3509247 0.3967313 0.3509247 0.3967313 0.1211899 0.3967313 0.375 0.3967313 0.6288101 0.3967313 0.4222255 0.3967313 0.3990753 0.4976434 0.1212199 0.6032187 0.1212514 0.6032187 0.1212514 0.6032519 0.2904171 0.6032631 0.3468057 0.6032631 0.3468057 0 0 0 0 0 0 0.6032409 0.2340286 0.6032519 0.2904171 0.6032519 0.2904171 0.6032298 0.17764 0.6032409 0.2340286 0.6032409 0.2340286 0.6032187 0.1212514 0.6032298 0.17764 0.6032298 0.17764 0.6033075 0.5723599 0.6033075 0.5723599 0.6032965 0.5159714 0.6032965 0.5159714 0.6032965 0.5159714 0.6032853 0.4595828 0.5017348 0.6287788 0.5017348 0.6287788 0.6033186 0.6287485 0.3967313 0.1211899 0.3967313 0.1211899 0.3967313 0.6288101 0.6032853 0.4595828 0.6032853 0.4595828 0.6032741 0.4031943 0 0 0 0 0 0 0.3967313 0.1211899 0.3967313 0.1211899 0.3967313 0.6288101 0.6032409 0.2340286 0.6032298 0.17764 0.6032298 0.17764 0.6032519 0.2904171 0.6032519 0.2904171 0.6032409 0.2340286 0.6032631 0.3468057 0.6032519 0.2904171 0.6032519 0.2904171 0.6032741 0.4031943 0.6032631 0.3468057 0.6032631 0.3468057 0.6032853 0.4595828 0.6032741 0.4031943 0.6032741 0.4031943 0.6032965 0.5159714 0.6032853 0.4595828 0.6032853 0.4595828 0.6033075 0.5723599 0.6032965 0.5159714 0.6032965 0.5159714 0.6033186 0.6287485 0.6033186 0.6287486 0.6033075 0.5723599 0.6032187 0.1212514 0.6032187 0.1212514 0.4976434 0.1212199 0.5017348 0.6287788 0.6033186 0.6287486 0.6033186 0.6287485 0.6032298 0.17764 0.6032187 0.1212514 0.6032187 0.1212514 0 0 0 0 0 0 0.6032741 0.4031943 0.6032741 0.4031943 0.6032631 0.3468057 0.6033186 0.6287485 0.6033186 0.6287485 0.6033075 0.5723599 0.3967313 0.1211899 0.3967313 0.1211899 0.3967313 0.6288101 0 0 0 0 0 0 0 0 0 0 0 0 0 0 0 0 0 0 0 0 0 0 0 0 0 0 0 0 0 0 0 0 0 0 0 0 0 0 0 0 0 0 0 0 0 0 0 0 0 0 0 0 0 0 0 0 0 0 0 0 0 0 0 0 0 0 0 0 0 0 0 0 0 0 0 0 0 0 0.375 0.9827153 0.375 0.7672847 0.4045891 0.862255 0.375 0.7672847 0.4016057 0.7592575 0.4045891 0.7602956 0.4045891 0.7857854 0.375 0.7672847 0.4045891 0.7602956 0.4045891 0.7857854 0.4045891 0.8112753 0.375 0.7672847 0.4045891 0.8112753 0.4045891 0.8367652 0.375 0.7672847 0.375 0.7672847 0.4045891 0.8367652 0.4045891 0.862255 0.3773775 0.9900965 0.3756207 0.9865289 0.4045892 0.9897044 0.3756207 0.9865289 0.375 0.9827153 0.4045892 0.9897044 0.3830038 0.9959909 0.3799881 0.9932776 0.4045892 0.9897044 0.3799881 0.9932776 0.3773775 0.9900965 0.4045892 0.9897044 0.3897662 0.9995092 0.3862246 0.9981245 0.4045892 0.9897044 0.3862246 0.9981245 0.3830038 0.9959909 0.4045892 0.9897044 0.6062776 1 0.3937225 1 0.5907022 0.9897044 0.3937225 1 0.3897662 0.9995092 0.4045892 0.9897044 0.5907022 0.9897044 0.6000235 0.9925025 0.6062776 1 0.4045892 0.9387246 0.4045892 0.9642145 0.375 0.9827153 0.4045892 0.9642145 0.4045892 0.9897044 0.375 0.9827153 0.4045892 0.9897044 0.5907022 0.9897044 0.3937225 1 0.4045891 0.862255 0.4045891 0.8877449 0.375 0.9827153 0.4045891 0.8877449 0.4045891 0.9132347 0.375 0.9827153 0.6062776 0.5 0.3937224 0.5 0.5004464 0.4670308 0.3937224 0.5 0.3925254 0.4884814 0.4251624 0.4670308 0.5004464 0.4670308 0.3937224 0.5 0.4251624 0.4670308 0.5782002 0.4670308 0.5782002 0.2829692 0.625 0.2672847 0.5782002 0.2829692 0.6077244 0.2621702 0.625 0.2672847 0.5004464 0.4670308 0.5782002 0.4670308 0.6062776 0.5 0.6062776 0.5 0.5782002 0.4670308 0.625 0.4827153 0.6104334 0.4998525 0.6062776 0.5 0.625 0.4827153 0.6178861 0.4987261 0.614364 0.4994192 0.6104334 0.4998525 0.6308655 0.496729 0.6279105 0.4978144 0.625 0.4827153 0.6279105 0.4978144 0.6178861 0.4987261 0.625 0.4827153 0.625 0.4827153 0.6337909 0.4955179 0.6308655 0.496729 0.625 0.2672847 0.625 0.4827153 0.5782002 0.4670308 0.625 0.7672847 0.625 0.8189715 0.5954107 0.8202916 0.5954108 0.7602956 0.4045891 0.7602956 0.3937224 0.75 0.4045891 0.7602956 0.4016057 0.7592575 0.3937224 0.75 0.625 0.7672847 0.5954107 0.8202916 0.5954108 0.7602956 0.6307308 0.7533018 0.6337521 0.7544906 0.5954108 0.7602956 0.6337521 0.7544906 0.625 0.7672847 0.5954108 0.7602956 0.6176304 0.7513373 0.6276748 0.7522417 0.5954108 0.7602956 0.6276748 0.7522417 0.6307308 0.7533018 0.5954108 0.7602956 0.6103729 0.7501638 0.6141902 0.7506258 0.5954108 0.7602956 0.6141902 0.7506258 0.6176304 0.7513373 0.5954108 0.7602956 0.3937224 0.75 0.6062775 0.75 0.5954108 0.7602956 0.6422848 0.75 0.6422848 0.5 0.7096123 0.7019633 0.6422848 0.5 0.8577153 0.5 0.7499999 0.6863403 0.6422848 0.75 0.7096123 0.7019633 0.7025092 0.7100465 0.8577153 0.5 0.8577153 0.75 0.7903876 0.7019634 0.8577153 0.75 0.8060286 0.75 0.8071169 0.7396808 0.8577153 0.75 0.8071169 0.7396808 0.8060194 0.7292746 0.6928831 0.7396809 0.6939715 0.75 0.6422848 0.75 0.6939806 0.7292746 0.6928831 0.7396809 0.6422848 0.75 0.8577153 0.75 0.8060194 0.7292746 0.802769 0.7192682 0.8577153 0.75 0.802769 0.7192682 0.797491 0.7100465 0.6972308 0.7192682 0.6939806 0.7292746 0.6422848 0.75 0.7025092 0.7100465 0.6972308 0.7192682 0.6422848 0.75 0.8577153 0.75 0.797491 0.7100465 0.7903876 0.7019634 0.7096123 0.7019633 0.6422848 0.5 0.7182676 0.6953297 0.7182676 0.6953297 0.6422848 0.5 0.7281423 0.6904006 0.8577153 0.5 0.7903876 0.7019634 0.7817323 0.6953297 0.8577153 0.5 0.7817323 0.6953297 0.7718577 0.6904006 0.7281423 0.6904006 0.6422848 0.5 0.7388571 0.6873652 0.7388571 0.6873652 0.6422848 0.5 0.7499999 0.6863403 0.8577153 0.5 0.7718577 0.6904006 0.7611429 0.6873652 0.6062775 0 0.6062776 0.25 0.3937225 0.25 0.625 0.9310286 0.625 0.9827153 0.5954107 0.9297084 0.625 0.9827153 0.6000235 0.9925025 0.5954107 0.9897043 0.6000235 0.9925025 0.5907022 0.9897044 0.5954107 0.9897043 0.603263 0.3468057 0.603252 0.2904171 0.603252 0.2904171 0 0 0 0 0 0 0.6033186 0.6287485 0.6033075 0.5723599 0.6033075 0.5723599 0.3967313 0.6288101 0.6033186 0.6287485 0.6033186 0.6287485 0.6033075 0.5723599 0.6032965 0.5159714 0.6032965 0.5159714 0.4018264 0.1211915 0.6032187 0.1212514 0.3967313 0.1211899 0.6032187 0.1212514 0.6032187 0.1212514 0.3967313 0.1211899 0.6032965 0.5159714 0.6032853 0.4595828 0.6032853 0.4595828 0.375 0.4827153 0.375 0.2672847 0.4251625 0.3852257 0.375 0.2672847 0.3755009 0.2634455 0.3937224 0.25 0.4251625 0.3443231 0.375 0.2672847 0.4251626 0.3238718 0.3755009 0.2634455 0.3769615 0.2598103 0.379264 0.2565525 0.379264 0.2565525 0.3822242 0.2538173 0.3856989 0.2517398 0.3856989 0.2517398 0.3895843 0.2504417 0.3937224 0.25 0.3937224 0.25 0.6062775 0.25 0.5034425 0.2829692 0.6062775 0.25 0.6077244 0.2621702 0.5782002 0.2829692 0.5034425 0.2829692 0.6062775 0.25 0.5782002 0.2829692 0.4251626 0.2829692 0.4251626 0.3034206 0.375 0.2672847 0.4251626 0.3034206 0.4251626 0.3238718 0.375 0.2672847 0.5034425 0.2829692 0.4251626 0.2829692 0.3937224 0.25 0.3937224 0.25 0.4251626 0.2829692 0.375 0.2672847 0.3856989 0.2517398 0.3937224 0.25 0.3755009 0.2634455 0.3755009 0.2634455 0.379264 0.2565525 0.3856989 0.2517398 0.3925254 0.4884814 0.375 0.4827153 0.4251624 0.4670308 0.375 0.2672847 0.4251625 0.3443231 0.4251626 0.3647744 0.4251625 0.3852257 0.375 0.2672847 0.4251626 0.3647744 0.4251625 0.4465795 0.4251624 0.4670308 0.375 0.4827153 0.4251625 0.3852257 0.4251625 0.4056769 0.375 0.4827153 0.4251625 0.4056769 0.4251625 0.4261282 0.375 0.4827153 0.603252 0.2904171 0.603241 0.2340286 0.603241 0.2340286 0.6032742 0.4031943 0.603263 0.3468057 0.603263 0.3468057 0.6032298 0.17764 0.6032187 0.1212514 0.6032187 0.1212514 0.6032853 0.4595828 0.6032742 0.4031943 0.6032742 0.4031943 0.6062775 0.5 0.6062776 0.75 0.3937225 0.75 0.603241 0.2340286 0.6032298 0.17764 0.6032298 0.17764 0.78125 0.8929599 0.8125 0.8929599 0.8125 0.7149038 0.7500001 0.8929599 0.78125 0.8929599 0.78125 0.7149038 0.8125 0.8929599 0.84375 0.8929599 0.84375 0.7149038 0.90625 0.8929599 0.9375 0.8929599 0.9375001 0.7149038 0.875 0.8929599 0.90625 0.8929599 0.90625 0.7149038 0.09375 0.8929599 0.125 0.8929599 0.125 0.7149038 0.21875 0.8929599 0.25 0.8929599 0.25 0.7149038 0.7500001 0.7149038 0.7190114 0.7149037 0.7190114 0.8929599 0.1875 0.8929599 0.21875 0.8929599 0.21875 0.7149038 0.125 0.8929599 0.15625 0.8929599 0.15625 0.7149038 0.0625 0.8929599 0.09375 0.8929599 0.09375 0.7149038 0.96875 0.8929599 1 0.8929599 1 0.7149038 0 0.8929599 0.03125 0.8929599 0.03125 0.7149038 0.15625 0.8929599 0.1875 0.8929599 0.1875 0.7149038 0.9375 0.8929599 0.96875 0.8929599 0.96875 0.7149038 0.03125 0.8929599 0.0625 0.8929599 0.0625 0.7149038 0.25 0.8929599 0.2809888 0.8929598 0.2809887 0.7149037 0.84375 0.8929599 0.875 0.8929599 0.875 0.7149038 0.1422847 0.75 0.1384385 0.75 0.1384385 0.5 0.1384385 0.75 0.1347851 0.75 0.1347851 0.5 0.1347851 0.75 0.1315078 0.75 0.1315078 0.5 0.1315078 0.75 0.125 0.75 0.125 0.5 0.3820492 0 0.3855991 0 0.3855991 0.25 0.3855991 0 0.3895563 0 0.3895563 0.25 0.3895563 0 0.3937224 0 0.3937225 0.25 0.8577153 0.5 0.8615615 0.5 0.8615615 0.75 0.8615615 0.5 0.8652149 0.5 0.8652148 0.75 0.8652149 0.5 0.8684921 0.5 0.8684921 0.75 0.8684921 0.5 0.875 0.5 0.875 0.75 0.6179509 0.25 0.6144009 0.25 0.6144009 0 0.6144009 0.25 0.6104437 0.25 0.6104437 0 0.6104437 0.25 0.6062776 0.25 0.6062775 0 0.3577153 0.5 0.3615615 0.5 0.3615615 0.75 0.3615615 0.5 0.3652149 0.5 0.3652149 0.75 0.3652149 0.5 0.3684921 0.5 0.3684921 0.75 0.3684921 0.5 0.3820492 0.5 0.3820492 0.75 0.3820492 0.5 0.3855991 0.5 0.3855991 0.75 0.3855991 0.5 0.3895563 0.5 0.3895563 0.75 0.3895563 0.5 0.3937224 0.5 0.3937225 0.75 0.6422848 0.75 0.6337521 0.7544906 0.6337909 0.4955179 0.6337521 0.7544906 0.6307308 0.7533018 0.6308655 0.496729 0.6307308 0.7533018 0.6276748 0.7522417 0.6279105 0.4978144 0.6276748 0.7522417 0.6176304 0.7513373 0.6178861 0.4987261 0.6176304 0.7513373 0.6141902 0.7506258 0.614364 0.4994192 0.6141902 0.7506258 0.6103729 0.7501638 0.6104334 0.4998525 0.6103729 0.7501638 0.6062776 0.75 0.6062775 0.5 0.3577153 0.5 0.3577153 0.75 0.1422847 0.75</float_array>
          <technique_common>
            <accessor source="#Cube_003-mesh-map-0-array" count="1038" stride="2">
              <param name="S" type="float"/>
              <param name="T" type="float"/>
            </accessor>
          </technique_common>
        </source>
        <vertices id="Cube_003-mesh-vertices">
          <input semantic="POSITION" source="#Cube_003-mesh-positions"/>
        </vertices>
        <triangles material="USB_Shell-material" count="346">
          <input semantic="VERTEX" source="#Cube_003-mesh-vertices" offset="0"/>
          <input semantic="NORMAL" source="#Cube_003-mesh-normals" offset="1"/>
          <input semantic="TEXCOORD" source="#Cube_003-mesh-map-0" offset="2" set="0"/>
          <p>4 0 0 72 1 1 74 2 2 12 3 3 33 4 4 32 5 5 24 6 6 40 7 7 39 8 8 8 9 9 30 10 10 13 11 11 23 12 12 39 8 13 38 13 14 22 14 15 38 13 16 37 15 17 11 16 18 37 15 19 33 4 20 29 17 21 43 18 22 28 19 23 28 19 24 42 20 25 27 21 26 13 11 27 35 22 28 10 23 29 9 24 30 31 25 31 8 9 32 27 21 33 41 26 34 26 27 35 9 24 36 32 5 37 36 28 38 36 29 39 45 29 40 31 29 41 51 30 42 37 31 43 38 32 44 39 33 45 51 30 46 38 32 47 46 34 48 39 33 49 40 35 50 48 36 51 40 35 52 41 37 53 55 38 54 41 37 55 42 39 56 47 40 57 42 39 58 43 41 59 49 42 60 43 41 61 34 43 62 35 44 63 49 42 64 34 43 65 33 45 66 53 46 67 32 47 68 56 48 69 35 49 70 30 50 71 54 51 72 33 52 73 37 31 74 32 47 75 44 53 76 36 54 77 26 27 78 40 7 79 25 55 80 10 23 81 34 56 82 29 17 83 5 57 84 31 58 85 4 59 86 4 59 87 31 58 88 30 60 89 21 61 90 35 62 91 34 63 92 20 64 93 34 63 94 43 65 95 19 66 96 43 65 97 42 67 98 18 68 99 42 67 100 41 69 101 17 70 102 41 69 103 40 71 104 39 72 105 17 70 106 40 71 107 38 73 108 16 74 109 39 72 110 37 75 111 15 76 112 38 73 113 33 77 114 14 78 115 37 75 116 7 79 117 33 77 118 32 80 119 110 81 120 62 82 121 61 83 122 174 84 123 176 84 124 169 85 125 152 86 126 154 87 127 69 88 128 135 89 129 75 90 130 73 91 131 118 92 132 127 93 133 109 94 134 70 95 135 106 96 136 117 97 137 17 98 138 62 99 139 65 100 140 30 50 141 45 101 142 56 48 143 6 102 144 68 103 145 67 104 146 4 105 147 67 105 148 69 106 149 21 102 150 66 107 151 68 103 152 5 108 153 70 54 154 59 109 155 20 110 156 63 111 157 66 107 158 47 112 159 49 84 160 161 113 161 16 114 162 61 111 163 62 99 164 18 115 165 65 100 166 64 115 167 14 116 168 58 117 169 60 118 170 19 119 171 64 115 172 63 111 173 170 120 174 144 121 175 160 122 176 15 115 177 60 118 178 61 111 179 99 123 180 96 124 181 100 125 182 103 126 183 100 125 184 104 127 185 95 124 186 92 128 187 96 124 188 83 129 189 80 130 190 84 129 191 87 131 192 84 129 193 88 132 194 81 133 195 86 134 196 82 135 197 97 136 198 102 137 199 98 138 200 104 127 201 107 139 202 103 126 203 93 140 204 98 138 205 94 141 206 85 142 207 90 143 208 86 134 209 77 144 210 82 135 211 78 145 212 71 146 213 74 147 214 72 148 215 73 149 216 76 150 217 74 151 218 89 152 219 94 141 220 90 143 221 79 153 222 72 148 223 80 130 224 75 154 225 78 145 226 76 150 227 101 155 228 106 156 229 102 137 230 91 157 231 88 132 232 92 128 233 117 97 234 120 158 235 119 159 236 120 158 237 121 160 238 119 159 239 121 160 240 122 161 241 119 159 242 122 161 243 123 162 244 119 159 245 123 162 246 124 163 247 119 159 248 124 163 249 125 164 250 119 159 251 125 164 252 118 165 253 119 159 254 134 166 255 137 84 256 136 167 257 137 84 258 138 84 259 136 167 260 138 84 261 139 84 262 136 167 263 139 84 264 140 84 265 136 167 266 140 84 267 141 84 268 136 167 269 141 84 270 142 84 271 136 167 272 142 84 273 135 168 274 136 167 275 143 169 276 146 170 277 145 171 278 146 170 279 147 172 280 145 171 281 147 172 282 148 173 283 145 171 284 148 173 285 149 174 286 145 171 287 149 174 288 150 175 289 145 171 290 150 175 291 151 176 292 145 171 293 151 176 294 144 177 295 145 171 296 160 84 297 163 84 298 162 84 299 163 84 300 164 84 301 162 84 302 164 84 303 165 84 304 162 84 305 165 84 306 166 84 307 162 84 308 166 84 309 167 84 310 162 84 311 167 84 312 168 84 313 162 84 314 168 84 315 161 113 316 162 84 317 110 178 318 128 179 319 126 180 320 116 181 321 129 182 322 128 179 323 115 183 324 130 184 325 129 182 326 114 185 327 131 186 328 130 184 329 113 187 330 132 188 331 131 186 332 112 189 333 133 190 334 132 188 335 111 191 336 127 93 337 133 190 338 135 89 339 120 192 340 117 193 341 142 194 342 121 195 343 120 192 344 141 196 345 122 197 346 121 195 347 140 198 348 123 199 349 122 197 350 139 200 351 124 201 352 123 199 353 138 202 354 125 203 355 124 201 356 137 204 357 118 92 358 125 203 359 161 205 360 146 206 361 143 207 362 168 208 363 147 209 364 146 206 365 167 210 366 148 211 367 147 209 368 166 212 369 149 213 370 148 211 371 165 214 372 150 215 373 149 213 374 164 216 375 151 217 376 150 215 377 163 218 378 144 121 379 151 217 380 153 219 381 171 220 382 169 221 383 159 222 384 172 223 385 171 220 386 158 224 387 173 225 388 172 223 389 157 226 390 174 227 391 173 225 392 156 228 393 175 229 394 174 227 395 155 230 396 176 231 397 175 229 398 154 232 399 170 120 400 176 231 401 161 205 402 110 178 403 126 180 404 70 233 405 5 234 406 86 235 407 5 234 408 4 0 409 74 2 410 70 233 411 86 235 412 90 236 413 4 0 414 69 237 415 88 238 416 69 237 417 108 239 418 104 240 419 69 237 420 104 240 421 100 241 422 102 242 423 106 243 424 70 233 425 98 244 426 102 242 427 70 233 428 69 237 429 100 241 430 96 245 431 69 237 432 96 245 433 92 246 434 94 247 435 98 244 436 70 233 437 90 236 438 94 247 439 70 233 440 69 237 441 92 246 442 88 238 443 86 235 444 5 234 445 82 248 446 82 248 447 5 234 448 78 249 449 4 0 450 88 238 451 84 250 452 4 0 453 84 250 454 80 251 455 78 249 456 5 234 457 76 252 458 76 252 459 5 234 460 74 2 461 4 0 462 80 251 463 72 1 464 12 3 465 11 16 466 33 4 467 24 6 468 25 55 469 40 7 470 8 9 471 31 25 472 30 10 473 23 12 474 24 6 475 39 8 476 22 14 477 23 12 478 38 13 479 11 16 480 22 14 481 37 15 482 29 17 483 34 56 484 43 18 485 28 19 486 43 18 487 42 20 488 13 11 489 30 10 490 35 22 491 9 24 492 36 28 493 31 25 494 27 21 495 42 20 496 41 26 497 9 24 498 12 3 499 32 5 500 36 29 501 44 29 502 45 29 503 51 30 504 54 51 505 37 31 506 39 33 507 50 253 508 51 30 509 46 34 510 50 253 511 39 33 512 48 36 513 46 34 514 40 35 515 55 38 516 48 36 517 41 37 518 47 40 519 55 38 520 42 39 521 49 42 522 47 40 523 43 41 524 35 44 525 57 254 526 49 42 527 33 45 528 52 255 529 53 46 530 56 48 531 57 256 532 35 49 533 54 51 534 52 257 535 33 52 536 32 47 537 53 46 538 44 53 539 26 27 540 41 26 541 40 7 542 10 23 543 35 22 544 34 56 545 5 57 546 36 258 547 31 58 548 30 60 549 35 62 550 6 259 551 6 259 552 4 59 553 30 60 554 21 61 555 6 259 556 35 62 557 20 64 558 21 61 559 34 63 560 19 66 561 20 64 562 43 65 563 18 68 564 19 66 565 42 67 566 17 70 567 18 68 568 41 69 569 39 72 570 16 74 571 17 70 572 38 73 573 15 76 574 16 74 575 37 75 576 14 78 577 15 76 578 33 77 579 7 79 580 14 78 581 32 80 582 36 258 583 5 57 584 5 57 585 7 79 586 32 80 587 110 81 588 143 169 589 64 260 590 143 169 591 145 171 592 67 261 593 68 262 594 143 169 595 67 261 596 68 262 597 66 263 598 143 169 599 66 263 600 63 264 601 143 169 602 143 169 603 63 264 604 64 260 605 115 174 606 116 174 607 58 265 608 116 174 609 110 81 610 58 265 611 113 266 612 114 174 613 58 265 614 114 174 615 115 174 616 58 265 617 111 174 618 112 267 619 58 265 620 112 267 621 113 266 622 58 265 623 118 165 624 109 268 625 59 269 626 109 268 627 111 174 628 58 265 629 59 269 630 119 159 631 118 165 632 61 83 633 60 270 634 110 81 635 60 270 636 58 265 637 110 81 638 58 265 639 59 269 640 109 268 641 64 260 642 65 174 643 110 81 644 65 174 645 62 82 646 110 81 647 170 271 648 160 84 649 56 272 650 160 84 651 162 84 652 57 84 653 56 272 654 160 84 655 57 84 656 45 273 657 44 274 658 135 168 659 44 274 660 136 167 661 135 168 662 56 272 663 45 273 664 170 271 665 170 271 666 45 273 667 169 85 668 176 84 669 170 271 670 169 85 671 174 84 672 175 84 673 176 84 674 172 84 675 173 84 676 169 85 677 173 84 678 174 84 679 169 85 680 169 85 681 171 84 682 172 84 683 135 168 684 169 85 685 45 273 686 153 275 687 107 276 688 108 277 689 69 88 690 67 261 691 144 177 692 67 261 693 145 171 694 144 177 695 153 275 696 108 277 697 69 88 698 158 278 699 159 279 700 69 88 701 159 279 702 153 275 703 69 88 704 156 280 705 157 281 706 69 88 707 157 281 708 158 278 709 69 88 710 154 87 711 155 282 712 69 88 713 155 282 714 156 280 715 69 88 716 144 177 717 152 86 718 69 88 719 153 219 720 169 221 721 87 283 722 169 221 723 135 89 724 73 91 725 153 219 726 87 283 727 91 284 728 135 89 729 117 193 730 85 285 731 117 193 732 105 286 733 101 287 734 117 193 735 101 287 736 97 288 737 103 289 738 107 286 739 153 219 740 99 290 741 103 289 742 153 219 743 117 193 744 97 288 745 93 291 746 117 193 747 93 291 748 89 292 749 95 293 750 99 290 751 153 219 752 91 284 753 95 293 754 153 219 755 117 193 756 89 292 757 85 285 758 87 283 759 169 221 760 83 294 761 83 294 762 169 221 763 79 295 764 135 89 765 85 285 766 81 296 767 135 89 768 81 296 769 77 297 770 79 295 771 169 221 772 71 298 773 71 298 774 169 221 775 73 91 776 135 89 777 77 297 778 75 90 779 118 92 780 134 299 781 127 93 782 105 300 783 117 97 784 106 96 785 117 97 786 119 159 787 70 95 788 119 159 789 59 269 790 70 95 791 17 98 792 16 114 793 62 99 794 30 50 795 31 101 796 45 101 797 6 102 798 21 102 799 68 103 800 4 105 801 6 105 802 67 105 803 21 102 804 20 110 805 66 107 806 59 109 807 58 301 808 5 108 809 58 301 810 7 302 811 5 108 812 20 110 813 19 119 814 63 111 815 161 113 816 126 303 817 48 304 818 126 303 819 128 84 820 127 84 821 50 305 822 126 303 823 51 84 824 128 84 825 129 84 826 130 84 827 130 84 828 131 84 829 132 84 830 132 84 831 133 84 832 127 84 833 127 84 834 134 166 835 53 306 836 134 166 837 136 167 838 44 274 839 53 306 840 134 166 841 44 274 842 52 84 843 54 84 844 126 303 845 54 84 846 51 84 847 126 303 848 53 306 849 52 84 850 127 84 851 127 84 852 52 84 853 126 303 854 132 84 855 127 84 856 128 84 857 128 84 858 130 84 859 132 84 860 162 84 861 161 113 862 57 84 863 126 303 864 50 305 865 46 307 866 48 304 867 126 303 868 46 307 869 49 84 870 57 84 871 161 113 872 48 304 873 55 308 874 161 113 875 55 308 876 47 112 877 161 113 878 16 114 879 15 115 880 61 111 881 18 115 882 17 98 883 65 100 884 14 116 885 7 286 886 58 117 887 19 119 888 18 115 889 64 115 890 170 120 891 152 309 892 144 121 893 15 115 894 14 116 895 60 118 896 99 123 897 95 124 898 96 124 899 103 126 900 99 123 901 100 125 902 95 124 903 91 157 904 92 128 905 83 129 906 79 153 907 80 130 908 87 131 909 83 129 910 84 129 911 81 133 912 85 142 913 86 134 914 97 136 915 101 155 916 102 137 917 104 127 918 108 310 919 107 139 920 93 140 921 97 136 922 98 138 923 85 142 924 89 152 925 90 143 926 77 144 927 81 133 928 82 135 929 71 146 930 73 311 931 74 147 932 73 149 933 75 154 934 76 150 935 89 152 936 93 140 937 94 141 938 79 153 939 71 146 940 72 148 941 75 154 942 77 144 943 78 145 944 101 155 945 105 312 946 106 156 947 91 157 948 87 131 949 88 132 950 110 178 951 116 181 952 128 179 953 116 181 954 115 183 955 129 182 956 115 183 957 114 185 958 130 184 959 114 185 960 113 187 961 131 186 962 113 187 963 112 189 964 132 188 965 112 189 966 111 191 967 133 190 968 111 191 969 109 94 970 127 93 971 135 89 972 142 194 973 120 192 974 142 194 975 141 196 976 121 195 977 141 196 978 140 198 979 122 197 980 140 198 981 139 200 982 123 199 983 139 200 984 138 202 985 124 201 986 138 202 987 137 204 988 125 203 989 137 204 990 134 299 991 118 92 992 161 205 993 168 208 994 146 206 995 168 208 996 167 210 997 147 209 998 167 210 999 166 212 1000 148 211 1001 166 212 1002 165 214 1003 149 213 1004 165 214 1005 164 216 1006 150 215 1007 164 216 1008 163 218 1009 151 217 1010 163 218 1011 160 122 1012 144 121 1013 153 219 1014 159 222 1015 171 220 1016 159 222 1017 158 224 1018 172 223 1019 158 224 1020 157 226 1021 173 225 1022 157 226 1023 156 228 1024 174 227 1025 156 228 1026 155 230 1027 175 229 1028 155 230 1029 154 232 1030 176 231 1031 154 232 1032 152 309 1033 170 120 1034 161 205 1035 143 207 1036 110 178 1037</p>
        </triangles>
      </mesh>
    </geometry>
  </library_geometries>
  <library_visual_scenes>
    <visual_scene id="Scene" name="Scene">
      <node id="USB" name="USB" type="NODE">
        <matrix sid="transform">11.1125 -2.77567e-6 4.16351e-7 0 9.71486e-7 31.75 -7.7591e-7 0 9.71486e-7 -5.17273e-6 -4.7625 4.578395 0 0 0 1</matrix>
        <instance_geometry url="#Cube_001-mesh" name="USB">
          <bind_material>
            <technique_common>
              <instance_material symbol="USB_Shell-material" target="#USB_Shell-material">
                <bind_vertex_input semantic="UVMap" input_semantic="TEXCOORD" input_set="0"/>
              </instance_material>
              <instance_material symbol="Red_Accents-material" target="#Red_Accents-material">
                <bind_vertex_input semantic="UVMap" input_semantic="TEXCOORD" input_set="0"/>
              </instance_material>
              <instance_material symbol="Metal-material" target="#Metal-material">
                <bind_vertex_input semantic="UVMap" input_semantic="TEXCOORD" input_set="0"/>
              </instance_material>
              <instance_material symbol="Plastic-material" target="#Plastic-material">
                <bind_vertex_input semantic="UVMap" input_semantic="TEXCOORD" input_set="0"/>
              </instance_material>
            </technique_common>
          </bind_material>
        </instance_geometry>
        <node id="USB_Slider" name="USB Slider" type="NODE">
          <matrix sid="transform">1.007682 -4.75577e-9 0 -1.42109e-14 1.52156e-7 0.03149606 1.77636e-15 0.6845339 0 -3.55271e-15 -1.082359 -2.82425e-8 0 0 0 1</matrix>
          <instance_geometry url="#Cube_003-mesh" name="USB Slider">
            <bind_material>
              <technique_common>
                <instance_material symbol="USB_Shell-material" target="#USB_Shell-material">
                  <bind_vertex_input semantic="UVMap" input_semantic="TEXCOORD" input_set="0"/>
                </instance_material>
              </technique_common>
            </bind_material>
          </instance_geometry>
        </node>
      </node>
    </visual_scene>
  </library_visual_scenes>
  <scene>
    <instance_visual_scene url="#Scene"/>
  </scene>
</COLLADA>