# Blender 3.4.1
# www.blender.org
mtllib Sketchfab_2023_05_26_10_56_32.mtl
o Circle.001
v 2.543760 -0.859277 4.887372
v 2.541703 -0.859734 4.888394
v 2.539960 -0.861035 4.889260
v 2.538795 -0.862982 4.889839
v 2.538386 -0.865278 4.890042
v 2.538795 -0.867575 4.889839
v 2.539960 -0.869522 4.889260
v 2.541703 -0.870823 4.888394
v 2.543760 -0.871280 4.887372
v 2.545817 -0.870823 4.886350
v 2.547560 -0.869522 4.885483
v 2.548725 -0.867575 4.884904
v 2.549134 -0.865278 4.884701
v 2.548725 -0.862982 4.884904
v 2.547560 -0.861035 4.885483
v 2.545817 -0.859734 4.886350
v 2.543828 -0.859458 4.887507
v 2.541833 -0.859901 4.888499
v 2.540142 -0.861163 4.889339
v 2.539012 -0.863051 4.889900
v 2.538615 -0.865278 4.890098
v 2.539012 -0.867506 4.889900
v 2.540142 -0.869394 4.889339
v 2.541833 -0.870656 4.888499
v 2.543828 -0.871099 4.887507
v 2.545822 -0.870656 4.886516
v 2.547513 -0.869394 4.885676
v 2.548643 -0.867506 4.885115
v 2.549040 -0.865278 4.884917
v 2.548643 -0.863051 4.885115
v 2.547513 -0.861163 4.885676
v 2.545822 -0.859901 4.886516
v 2.543233 -0.864794 4.886312
v 2.543067 -0.864831 4.886394
v 2.542927 -0.864936 4.886464
v 2.542833 -0.865093 4.886511
v 2.542800 -0.865278 4.886527
v 2.542833 -0.865464 4.886511
v 2.542873 -0.865547 4.886491
v 2.542927 -0.865621 4.886464
v 2.543067 -0.865726 4.886394
v 2.543233 -0.865763 4.886312
v 2.543399 -0.865726 4.886230
v 2.543540 -0.865621 4.886159
v 2.543594 -0.865547 4.886133
v 2.543634 -0.865464 4.886113
v 2.543667 -0.865278 4.886096
v 2.543634 -0.865093 4.886113
v 2.543540 -0.864936 4.886159
v 2.543399 -0.864831 4.886230
v 2.543240 -0.865278 4.886325
v 2.542021 -0.860723 4.888112
v 2.542021 -0.869834 4.888112
v 2.542376 -0.868191 4.887297
v 2.542807 -0.866547 4.886635
v 2.544147 -0.864307 4.885969
v 2.545452 -0.863049 4.885768
v 2.546833 -0.861792 4.885720
v 2.543710 -0.860347 4.887272
v 2.543456 -0.862126 4.886760
v 2.543278 -0.863905 4.886401
v 2.542376 -0.862366 4.887297
v 2.542807 -0.864009 4.886635
v 2.543710 -0.870209 4.887272
v 2.543456 -0.868431 4.886760
v 2.543278 -0.866652 4.886401
v 2.545400 -0.860723 4.886432
v 2.544536 -0.862366 4.886223
v 2.543749 -0.864009 4.886167
v 2.540588 -0.861792 4.888824
v 2.541460 -0.863049 4.887752
v 2.542408 -0.864307 4.886833
v 2.545400 -0.869834 4.886432
v 2.544536 -0.868191 4.886223
v 2.543749 -0.866547 4.886167
v 2.539631 -0.863391 4.889299
v 2.540848 -0.864072 4.888056
v 2.542141 -0.864753 4.886966
v 2.546833 -0.868765 4.885720
v 2.545452 -0.867507 4.885768
v 2.544147 -0.866250 4.885969
v 2.539295 -0.865278 4.889466
v 2.540633 -0.865278 4.888163
v 2.542048 -0.865278 4.887012
v 2.547790 -0.867165 4.885244
v 2.546064 -0.866485 4.885464
v 2.544414 -0.865804 4.885837
v 2.539631 -0.867165 4.889299
v 2.540848 -0.866485 4.888056
v 2.542141 -0.865804 4.886966
v 2.548126 -0.865278 4.885077
v 2.546279 -0.865278 4.885357
v 2.544508 -0.865278 4.885790
v 2.540588 -0.868765 4.888824
v 2.541460 -0.867507 4.887752
v 2.542408 -0.866250 4.886833
v 2.547790 -0.863391 4.885244
v 2.546064 -0.864072 4.885464
v 2.544414 -0.864753 4.885837
v 2.543007 -0.859360 4.887746
v 2.544347 -0.859342 4.887080
v 2.544043 -0.862199 4.886468
v 2.543831 -0.865550 4.886043
v 2.543135 -0.865550 4.886367
v 2.542502 -0.864930 4.886729
v 2.542516 -0.864438 4.886756
v 2.543478 -0.865550 4.886194
v 2.544415 -0.859523 4.887216
v 2.543236 -0.865550 4.886318
v 2.542992 -0.865550 4.886436
v 2.543865 -0.864079 4.886109
v 2.542958 -0.860430 4.887646
v 2.543842 -0.864623 4.886065
v 2.543337 -0.865550 4.886267
v 2.542525 -0.864200 4.886775
v 2.542593 -0.863249 4.886911
v 2.543075 -0.859541 4.887882
v 2.543893 -0.863696 4.886166
v 2.543832 -0.865007 4.886043
v 2.542658 -0.865550 4.886626
v 2.544297 -0.860412 4.886980
v 2.542703 -0.862255 4.887134
v 2.543829 -0.865278 4.886037
v 2.542498 -0.865278 4.886722
v 2.542501 -0.865550 4.886726
v 2.543361 -0.859277 4.886568
v 2.541304 -0.859734 4.887590
v 2.539561 -0.861035 4.888456
v 2.538395 -0.862982 4.889035
v 2.537986 -0.865278 4.889238
v 2.538395 -0.867575 4.889035
v 2.539561 -0.869522 4.888456
v 2.541304 -0.870823 4.887590
v 2.543361 -0.871280 4.886568
v 2.545417 -0.870823 4.885546
v 2.547161 -0.869522 4.884679
v 2.548326 -0.867575 4.884100
v 2.548735 -0.865278 4.883897
v 2.548326 -0.862982 4.884100
v 2.547161 -0.861035 4.884679
v 2.545417 -0.859734 4.885546
v 2.542608 -0.859360 4.886942
v 2.543947 -0.859342 4.886276
v 2.537124 -0.859277 4.874016
v 2.535067 -0.859734 4.875039
v 2.533324 -0.861035 4.875905
v 2.532158 -0.862982 4.876484
v 2.531749 -0.865278 4.876687
v 2.532158 -0.867575 4.876484
v 2.533324 -0.869522 4.875905
v 2.535067 -0.870823 4.875039
v 2.537124 -0.871280 4.874016
v 2.539180 -0.870823 4.872994
v 2.540924 -0.869522 4.872128
v 2.542089 -0.867575 4.871549
v 2.542498 -0.865278 4.871346
v 2.542089 -0.862982 4.871549
v 2.540924 -0.861035 4.872128
v 2.539180 -0.859734 4.872994
v 2.536371 -0.859360 4.874391
v 2.537710 -0.859342 4.873725
vn 0.7478 0.4541 0.4844
vn 0.5705 0.5903 0.5710
vn 0.5723 0.5894 0.5701
vn 0.3411 -0.6422 0.6864
vn 0.5612 -0.5933 0.5771
vn 0.4327 0.6374 0.6376
vn 0.4389 0.6367 0.6340
vn -0.0656 0.4541 0.8885
vn -0.1902 0.2458 0.9505
vn 0.7478 -0.4541 0.4844
vn -0.2340 -0.0000 0.9722
vn 0.8724 -0.2458 0.4224
vn -0.1902 -0.2458 0.9505
vn 0.9162 -0.0000 0.4007
vn -0.0656 -0.4541 0.8885
vn 0.8724 0.2458 0.4224
vn 0.1210 -0.5933 0.7958
vn 0.2347 0.6355 0.7355
vn 0.2426 0.6365 0.7322
vn 0.1058 0.5889 0.8013
vn 0.1033 0.5877 0.8025
vn 0.3411 0.6422 0.6864
vn 0.4846 -0.1509 0.8616
vn 0.4609 -0.0450 0.8863
vn 0.4445 -0.0490 0.8945
vn 0.4371 -0.1721 0.8828
vn 0.1920 -0.1086 0.9754
vn 0.2470 -0.2006 0.9480
vn 0.2395 -0.2076 0.9484
vn 0.1825 -0.1123 0.9768
vn 0.4296 -0.2651 0.8633
vn 0.4767 -0.2663 0.8377
vn 0.5091 -0.2014 0.8368
vn 0.3721 -0.0783 0.9249
vn 0.3573 -0.1368 0.9239
vn 0.3955 -0.1504 0.9061
vn 0.4282 -0.0451 0.9025
vn 0.4140 -0.0345 0.9096
vn 0.4448 -0.0316 0.8951
vn 0.4556 -0.0292 0.8897
vn 0.4450 -0.0000 0.8955
vn 0.3792 0.1594 0.9115
vn 0.4277 0.0452 0.9028
vn 0.4445 0.0490 0.8945
vn 0.4383 0.1725 0.8821
vn 0.5133 -0.0775 0.8547
vn 0.5345 -0.0427 0.8441
vn 0.4850 -0.0187 0.8743
vn 0.4752 -0.0344 0.8792
vn 0.4147 0.0330 0.9094
vn 0.4638 -0.0235 0.8856
vn 0.5419 -0.0001 0.8404
vn 0.4880 -0.0002 0.8728
vn 0.5276 -0.1348 0.8387
vn 0.5358 -0.2484 0.8070
vn 0.6026 -0.1887 0.7754
vn 0.5536 -0.1175 0.8244
vn 0.5417 0.0219 0.8403
vn 0.5343 0.0420 0.8442
vn 0.4838 0.0152 0.8750
vn 0.2838 -0.0000 0.9589
vn 0.3424 -0.0000 0.9396
vn 0.3497 0.0423 0.9359
vn 0.2955 0.0662 0.9530
vn 0.5929 0.0001 0.8052
vn 0.5811 -0.0660 0.8112
vn 0.3500 -0.0427 0.9358
vn 0.4040 -0.0187 0.9146
vn 0.4006 -0.0000 0.9162
vn 0.3825 -0.2631 0.8857
vn 0.3256 -0.2448 0.9133
vn 0.3174 -0.2695 0.9092
vn 0.3784 -0.2922 0.8783
vn 0.4287 0.2683 0.8627
vn 0.3367 0.2479 0.9084
vn -0.6332 -0.7071 0.3147
vn -0.3427 -0.9239 0.1703
vn 0.4098 0.0238 0.9118
vn 0.4049 0.0154 0.9142
vn 0.4792 0.0238 0.8774
vn 0.4258 -0.0235 0.9045
vn 0.4339 -0.0292 0.9005
vn 0.4743 0.0330 0.8797
vn 0.4613 0.0452 0.8861
vn 0.3242 -0.2611 0.9092
vn 0.3849 -0.2824 0.8787
vn 0.5206 0.2479 0.8170
vn 0.5986 0.1897 0.7783
vn 0.6113 0.2076 0.7637
vn 0.5260 0.2712 0.8061
vn 0.4755 -0.2902 0.8305
vn 0.5353 -0.2683 0.8009
vn 0.3267 -0.1202 0.9374
vn 0.2956 -0.0660 0.9530
vn 0.2067 -0.1027 0.9730
vn 0.2571 -0.1892 0.9477
vn 0.4975 0.1594 0.8527
vn 0.1884 -0.0000 0.9821
vn 0.1625 -0.0000 0.9867
vn 0.6064 0.2006 0.7694
vn 0.5240 0.2621 0.8104
vn 0.5476 0.1221 0.8278
vn 0.5812 0.0662 0.8111
vn 0.6507 0.1027 0.7524
vn 0.6683 0.1123 0.7354
vn 0.1726 -0.0000 0.9850
vn 0.2067 0.1027 0.9730
vn 0.1825 0.1123 0.9768
vn 0.6615 0.1086 0.7421
vn 0.6690 -0.0000 0.7433
vn 0.6883 -0.0000 0.7255
vn 0.1920 0.1086 0.9754
vn 0.3290 0.1221 0.9364
vn 0.2588 0.1897 0.9471
vn 0.2395 0.2076 0.9484
vn 0.6808 -0.0000 0.7325
vn 0.6507 -0.1027 0.7524
vn 0.6683 -0.1123 0.7354
vn 0.2470 0.2006 0.9480
vn 0.3248 0.2712 0.9061
vn 0.6615 -0.1086 0.7421
vn 0.6113 -0.2076 0.7637
vn 0.3295 0.2621 0.9070
vn 0.4267 -0.2932 0.8555
vn 0.6064 -0.2006 0.7694
vn 0.4267 0.2837 0.8587
vn 0.4254 0.2935 0.8561
vn 0.3644 -0.1995 0.9096
vn 0.5313 -0.2605 0.8061
vn 0.4701 -0.2819 0.8364
vn 0.4267 -0.2838 0.8587
vn 0.8274 0.3827 -0.4111
vn 0.6332 0.7071 -0.3147
vn -0.1558 0.9848 0.0774
vn -0.0000 1.0000 -0.0000
vn -0.0000 -1.0000 -0.0000
vn -0.3654 0.9130 0.1816
vn 0.3585 0.9164 -0.1781
vn -0.6332 0.7071 0.3147
vn 0.3427 -0.9239 -0.1703
vn 0.1483 0.9862 -0.0737
vn -0.8274 0.3827 0.4111
vn 0.6332 -0.7071 -0.3147
vn -0.8955 -0.0000 0.4450
vn 0.8274 -0.3827 -0.4111
vn -0.8274 -0.3827 0.4111
vn 0.8955 -0.0000 -0.4450
vt 0.000000 0.000000
vt 0.000000 0.000000
vt 0.000000 0.000000
vt 0.000000 0.000000
vt 0.000000 0.000000
vt 0.000000 0.000000
vt 0.000000 0.000000
vt 0.000000 0.000000
vt 0.000000 0.000000
vt 0.000000 0.000000
vt 0.000000 0.000000
vt 0.000000 0.000000
vt 0.000000 0.000000
vt 0.000000 0.000000
vt 0.000000 0.000000
vt 0.000000 0.000000
vt 0.000000 0.000000
vt 0.000000 0.000000
vt 0.000000 0.000000
vt 0.000000 0.000000
vt 0.000000 0.000000
vt 0.000000 0.000000
vt 0.000000 0.000000
vt 0.000000 0.000000
vt 0.000000 0.000000
vt 0.000000 0.000000
vt 0.000000 0.000000
vt 0.000000 0.000000
vt 0.000000 0.000000
vt 0.000000 0.000000
vt 0.000000 0.000000
vt 0.000000 0.000000
vt 0.000000 0.000000
vt 0.000000 0.000000
vt 0.000000 0.000000
vt 0.000000 0.000000
vt 0.000000 0.000000
vt 0.000000 0.000000
vt 0.000000 0.000000
vt 0.000000 0.000000
vt 0.000000 0.000000
vt 0.000000 0.000000
vt 0.000000 0.000000
vt 0.000000 0.000000
vt 0.000000 0.000000
vt 0.000000 0.000000
vt 0.000000 0.000000
vt 0.000000 0.000000
vt 0.000000 0.000000
vt 0.000000 0.000000
vt 0.000000 0.000000
vt 0.000000 0.000000
vt 0.000000 0.000000
vt 0.000000 0.000000
vt 0.000000 0.000000
vt 0.000000 0.000000
vt 0.000000 0.000000
vt 0.000000 0.000000
vt 0.000000 0.000000
vt 0.000000 0.000000
vt 0.000000 0.000000
vt 0.000000 0.000000
vt 0.000000 0.000000
vt 0.000000 0.000000
vt 0.000000 0.000000
vt 0.000000 0.000000
vt 0.000000 0.000000
vt 0.000000 0.000000
vt 0.000000 0.000000
vt 0.000000 0.000000
vt 0.000000 0.000000
vt 0.000000 0.000000
vt 0.000000 0.000000
vt 0.000000 0.000000
vt 0.000000 0.000000
vt 0.000000 0.000000
vt 0.000000 0.000000
vt 0.000000 0.000000
vt 0.000000 0.000000
vt 0.000000 0.000000
vt 0.000000 0.000000
vt 0.000000 0.000000
vt 0.000000 0.000000
vt 0.000000 0.000000
vt 0.000000 0.000000
vt 0.000000 0.000000
vt 0.000000 0.000000
vt 0.000000 0.000000
vt 0.000000 0.000000
vt 0.000000 0.000000
vt 0.000000 0.000000
vt 0.000000 0.000000
vt 0.000000 0.000000
vt 0.000000 0.000000
vt 0.000000 0.000000
vt 0.000000 0.000000
vt 0.000000 0.000000
vt 0.000000 0.000000
vt 0.000000 0.000000
vt 0.000000 0.000000
vt 0.000000 0.000000
vt 0.000000 0.000000
vt 0.000000 0.000000
vt 0.000000 0.000000
vt 0.000000 0.000000
vt 0.000000 0.000000
vt 0.000000 0.000000
vt 0.000000 0.000000
vt 0.000000 0.000000
vt 0.000000 0.000000
vt 0.000000 0.000000
vt 0.000000 0.000000
vt 0.000000 0.000000
vt 0.000000 0.000000
vt 0.000000 0.000000
vt 0.000000 0.000000
vt 0.000000 0.000000
vt 0.000000 0.000000
vt 0.000000 0.000000
vt 0.000000 0.000000
vt 0.000000 0.000000
vt 0.000000 0.000000
vt 0.000000 0.000000
vt 0.000000 0.000000
vt 0.000000 0.000000
vt 0.000000 0.000000
vt 0.000000 0.000000
vt 0.000000 0.000000
vt 0.000000 0.000000
vt 0.000000 0.000000
vt 0.000000 0.000000
vt 0.000000 0.000000
vt 0.000000 0.000000
vt 0.000000 0.000000
vt 0.000000 0.000000
vt 0.000000 0.000000
vt 0.000000 0.000000
vt 0.000000 0.000000
vt 0.000000 0.000000
vt 0.000000 0.000000
vt 0.000000 0.000000
vt 0.000000 0.000000
vt 0.000000 0.000000
vt 0.000000 0.000000
vt 0.000000 0.000000
vt 0.000000 0.000000
vt 0.000000 0.000000
vt 0.000000 0.000000
vt 0.000000 0.000000
vt 0.000000 0.000000
vt 0.000000 0.000000
vt 0.000000 0.000000
vt 0.000000 0.000000
vt 0.000000 0.000000
vt 0.000000 0.000000
vt 0.000000 0.000000
vt 0.000000 0.000000
vt 0.000000 0.000000
vt 0.000000 0.000000
vt 0.000000 0.000000
vt 0.000000 0.000000
s 1
usemtl Black_Plastic
f 15/15/1 16/16/2 32/32/3 31/31/1
f 9/9/4 10/10/5 26/26/5 25/25/4
f 16/16/2 101/101/6 108/108/7 32/32/3
f 3/3/8 4/4/9 20/20/9 19/19/8
f 10/10/5 11/11/10 27/27/10 26/26/5
f 4/4/9 5/5/11 21/21/11 20/20/9
f 11/11/10 12/12/12 28/28/12 27/27/10
f 5/5/11 6/6/13 22/22/13 21/21/11
f 12/12/12 13/13/14 29/29/14 28/28/12
f 6/6/13 7/7/15 23/23/15 22/22/13
f 13/13/14 14/14/16 30/30/16 29/29/14
f 7/7/15 8/8/17 24/24/17 23/23/15
f 14/14/16 15/15/1 31/31/1 30/30/16
f 117/117/18 100/100/19 2/2/20 18/18/21
f 8/8/17 9/9/4 25/25/4 24/24/17
f 30/30/27 31/31/28 58/58/29 97/97/30
f 75/75/42 43/43/43 42/42/44 66/66/45
f 43/43/43 44/44/50 107/107/51 114/114/40
f 115/115/54 116/116/33 62/62/55 71/71/56 72/72/57
f 93/93/61 123/123/62 103/103/63 87/87/64
f 84/84/65 124/124/52 105/105/47 78/78/66
f 102/102/70 68/68/71 67/67/72 121/121/73
f 75/75/42 66/66/45 65/65/74 74/74/75
f 42/42/44 43/43/43 114/114/40 109/109/39
f 7/7/76 132/132/76 133/133/77 8/8/77
f 44/44/50 45/45/78 107/107/51
f 78/78/66 105/105/47 106/106/46 72/72/57
f 40/40/83 41/41/84 104/104/82 110/110/81
f 32/32/85 108/108/86 121/121/73 67/67/72
f 54/54/87 95/95/88 94/94/89 53/53/90
f 122/122/32 112/112/91 52/52/92 62/62/55
f 56/56/93 99/99/94 98/98/95 57/57/96
f 66/66/45 42/42/44 41/41/84 55/55/97
f 99/99/94 56/56/93 113/113/34 119/119/67
f 99/99/94 93/93/61 92/92/98 98/98/95
f 98/98/95 92/92/98 91/91/99 97/97/30
f 23/23/100 24/24/101 53/53/90 94/94/89
f 96/96/102 90/90/103 89/89/104 95/95/88
f 95/95/88 89/89/104 88/88/105 94/94/89
f 29/29/106 30/30/27 97/97/30 91/91/99
f 93/93/61 87/87/64 86/86/107 92/92/98
f 92/92/98 86/86/107 85/85/108 91/91/99
f 22/22/109 23/23/100 94/94/89 88/88/105
f 90/90/103 84/84/65 83/83/110 89/89/104
f 89/89/104 83/83/110 82/82/111 88/88/105
f 28/28/112 29/29/106 91/91/99 85/85/108
f 87/87/64 81/81/113 80/80/114 86/86/107
f 86/86/107 80/80/114 79/79/115 85/85/108
f 21/21/116 22/22/109 88/88/105 82/82/111
f 84/84/65 78/78/66 77/77/117 83/83/110
f 83/83/110 77/77/117 76/76/118 82/82/111
f 27/27/119 28/28/112 85/85/108 79/79/115
f 81/81/113 75/75/42 74/74/75 80/80/114
f 80/80/114 74/74/75 73/73/120 79/79/115
f 20/20/121 21/21/116 82/82/111 76/76/118
f 78/78/66 72/72/57 71/71/56 77/77/117
f 77/77/117 71/71/56 70/70/122 76/76/118
f 26/26/123 27/27/119 79/79/115 73/73/120
f 19/19/125 20/20/121 76/76/118 70/70/122
f 25/25/126 26/26/123 73/73/120 64/64/127
f 74/74/75 65/65/74 64/64/127 73/73/120
f 118/118/128 68/68/71 102/102/70
f 18/18/129 19/19/125 70/70/122 52/52/92
f 111/111/35 56/56/93 57/57/96 68/68/71 118/118/128
f 41/41/84 42/42/44 109/109/39 104/104/82
f 31/31/28 32/32/85 67/67/72 58/58/29
f 66/66/45 55/55/97 54/54/87 65/65/74
f 68/68/71 57/57/96 58/58/29 67/67/72
f 24/24/101 25/25/126 64/64/127 53/53/90
f 57/57/96 98/98/95 97/97/30 58/58/29
f 65/65/74 54/54/87 53/53/90 64/64/127
f 112/112/91 117/117/130 18/18/129 52/52/92
f 2/2/20 3/3/8 19/19/8 18/18/21
f 96/96/102 40/40/83 39/39/80 120/120/59 90/90/103
f 55/55/97 41/41/84 40/40/83 96/96/102
f 99/99/94 119/119/67 123/123/62 93/93/61
f 116/116/33 122/122/32 62/62/55
f 106/106/46 115/115/54 72/72/57
f 81/81/113 44/44/50 43/43/43 75/75/42
f 71/71/56 62/62/55 52/52/92 70/70/122
f 90/90/103 120/120/59 125/125/58 124/124/52 84/84/65
f 87/87/64 103/103/63 45/45/78 44/44/50 81/81/113
f 111/111/35 113/113/34 56/56/93
f 14/14/132 139/139/132 140/140/133 15/15/133
f 9/9/136 8/8/77 133/133/77 134/134/136
f 2/2/137 100/100/134 142/142/134 127/127/137
f 16/16/138 15/15/133 140/140/133 141/141/138
f 3/3/139 2/2/137 127/127/137 128/128/139
f 10/10/140 9/9/136 134/134/136 135/135/140
f 101/101/141 16/16/138 141/141/138 143/143/141
f 4/4/142 3/3/139 128/128/139 129/129/142
f 11/11/143 10/10/140 135/135/140 136/136/143
f 5/5/144 4/4/142 129/129/142 130/130/144
f 12/12/145 11/11/143 136/136/143 137/137/145
f 6/6/146 5/5/144 130/130/144 131/131/146
f 13/13/147 12/12/145 137/137/145 138/138/147
f 7/7/76 6/6/146 131/131/146 132/132/76
f 14/14/132 13/13/147 138/138/147 139/139/132
f 138/138/147 137/137/145 155/155/145 156/156/147
f 130/130/144 148/148/144 149/149/146 131/131/146
f 132/132/76 131/131/146 149/149/146 150/150/76
f 139/139/132 138/138/147 156/156/147 157/157/132
f 133/133/77 132/132/76 150/150/76 151/151/77
f 140/140/133 139/139/132 157/157/132 158/158/133
f 134/134/136 133/133/77 151/151/77 152/152/136
f 127/127/137 142/142/134 160/160/134 145/145/137
f 141/141/138 140/140/133 158/158/133 159/159/138
f 128/128/139 127/127/137 145/145/137 146/146/139
f 135/135/140 134/134/136 152/152/136 153/153/140
f 143/143/141 141/141/138 159/159/138 161/161/141
f 129/129/142 128/128/139 146/146/139 147/147/142
f 136/136/143 135/135/140 153/153/140 154/154/143
f 130/130/144 129/129/142 147/147/142 148/148/144
f 137/137/145 136/136/143 154/154/143 155/155/145
f 55/55/97 96/96/102 95/95/88 54/54/87
usemtl Material.006
f 1/1/22 100/100/19 117/117/18 17/17/22
f 63/63/23 34/34/24 33/33/25 61/61/26
f 63/63/23 61/61/26 60/60/31 122/122/32 116/116/33
f 113/113/34 111/111/35 69/69/36 50/50/37 49/49/38
f 109/109/39 114/114/40 51/51/41
f 61/61/26 33/33/25 50/50/37 69/69/36
f 106/106/46 105/105/47 36/36/48 35/35/49
f 105/105/47 124/124/52 37/37/53 36/36/48
f 124/124/52 125/125/58 120/120/59 38/38/60 37/37/53
f 123/123/62 119/119/67 48/48/68 47/47/69
f 50/50/37 33/33/25 51/51/41
f 35/35/49 36/36/48 51/51/41
f 114/114/40 107/107/51 51/51/41
f 37/37/53 38/38/60 51/51/41
f 45/45/78 46/46/79 51/51/41
f 46/46/79 47/47/69 51/51/41
f 47/47/69 48/48/68 51/51/41
f 38/38/60 39/39/80 51/51/41
f 110/110/81 104/104/82 51/51/41
f 39/39/80 110/110/81 51/51/41
f 33/33/25 34/34/24 51/51/41
f 104/104/82 109/109/39 51/51/41
f 119/119/67 113/113/34 49/49/38 48/48/68
f 102/102/70 121/121/73 59/59/124 60/60/31
f 116/116/33 115/115/54 63/63/23
f 34/34/24 35/35/49 51/51/41
f 122/122/32 60/60/31 59/59/124 112/112/91
f 17/17/131 117/117/130 112/112/91 59/59/124
f 48/48/68 49/49/38 51/51/41
f 36/36/48 37/37/53 51/51/41
f 49/49/38 50/50/37 51/51/41
f 103/103/63 123/123/62 47/47/69 46/46/79
f 45/45/78 103/103/63 46/46/79
f 110/110/81 39/39/80 40/40/83
f 115/115/54 106/106/46 35/35/49 34/34/24 63/63/23
f 121/121/73 108/108/86 17/17/131 59/59/124
f 120/120/59 39/39/80 38/38/60
f 118/118/128 102/102/70 60/60/31 61/61/26 69/69/36
f 108/108/7 101/101/6 1/1/22 17/17/22
f 111/111/35 118/118/128 69/69/36
f 107/107/51 45/45/78 51/51/41
f 100/100/134 1/1/135 126/126/135 142/142/134
f 1/1/135 101/101/141 143/143/141 126/126/135
f 142/142/134 126/126/135 144/144/135 160/160/134
f 126/126/135 143/143/141 161/161/141 144/144/135
o Circle.002
v 2.540201 -0.906028 4.882094
v 2.539041 -0.906565 4.882670
v 2.538153 -0.907557 4.883112
v 2.537672 -0.908852 4.883351
v 2.537672 -0.910255 4.883351
v 2.538153 -0.911550 4.883112
v 2.539041 -0.912542 4.882670
v 2.540201 -0.913078 4.882094
v 2.541457 -0.913078 4.881470
v 2.542617 -0.912542 4.880894
v 2.543505 -0.911550 4.880452
v 2.543986 -0.910255 4.880213
v 2.543986 -0.908852 4.880213
v 2.543505 -0.907557 4.880452
v 2.542617 -0.906565 4.880894
v 2.541457 -0.906028 4.881470
v 2.540421 -0.907264 4.881985
v 2.539668 -0.907612 4.882359
v 2.539091 -0.908256 4.882646
v 2.538779 -0.909098 4.882801
v 2.538779 -0.910009 4.882801
v 2.539091 -0.910850 4.882646
v 2.539668 -0.911494 4.882359
v 2.540421 -0.911843 4.881985
v 2.541237 -0.911843 4.881579
v 2.541991 -0.911494 4.881205
v 2.542567 -0.910850 4.880919
v 2.542880 -0.910009 4.880763
v 2.542880 -0.909098 4.880763
v 2.542567 -0.908256 4.880919
v 2.541991 -0.907612 4.881205
v 2.541237 -0.907264 4.881579
v 2.542038 -0.906028 4.885791
v 2.540878 -0.906565 4.886368
v 2.539990 -0.907557 4.886809
v 2.539510 -0.908852 4.887048
v 2.539510 -0.910255 4.887048
v 2.539990 -0.911550 4.886809
v 2.540878 -0.912542 4.886368
v 2.542038 -0.913078 4.885791
v 2.543294 -0.913078 4.885167
v 2.544455 -0.912542 4.884591
v 2.545342 -0.911550 4.884149
v 2.545823 -0.910255 4.883910
v 2.545823 -0.908852 4.883910
v 2.545342 -0.907557 4.884149
v 2.544455 -0.906565 4.884591
v 2.543294 -0.906028 4.885167
v 2.542259 -0.907264 4.885682
v 2.541505 -0.907612 4.886056
v 2.540928 -0.908256 4.886343
v 2.540616 -0.909098 4.886498
v 2.540616 -0.910009 4.886498
v 2.540928 -0.910850 4.886343
v 2.541505 -0.911494 4.886056
v 2.542259 -0.911843 4.885682
v 2.543074 -0.911843 4.885276
v 2.543828 -0.911494 4.884902
v 2.544405 -0.910850 4.884615
v 2.544717 -0.910009 4.884460
v 2.544717 -0.909098 4.884460
v 2.544405 -0.908256 4.884615
v 2.543828 -0.907612 4.884902
v 2.543074 -0.907264 4.885276
vn -0.4450 -0.0000 -0.8955
vn 0.4450 -0.0000 0.8955
vn 0.7446 -0.5556 -0.3700
vn 0.8783 -0.1951 -0.4365
vn -0.4975 0.8315 0.2472
vn -0.1747 0.9808 0.0868
vn 0.8783 0.1951 -0.4365
vn -0.7446 0.5556 0.3700
vn 0.7446 0.5556 -0.3700
vn 0.1747 0.9808 -0.0868
vn -0.8783 0.1951 0.4365
vn 0.4975 0.8315 -0.2472
vn -0.8783 -0.1951 0.4365
vn -0.7446 -0.5556 0.3700
vn 0.1747 -0.9808 -0.0868
vn -0.1747 -0.9808 0.0868
vn -0.4975 -0.8315 0.2472
vn 0.4975 -0.8315 -0.2472
vt 0.000000 0.000000
vt 0.000000 0.000000
vt 0.000000 0.000000
vt 0.000000 0.000000
vt 0.000000 0.000000
vt 0.000000 0.000000
vt 0.000000 0.000000
vt 0.000000 0.000000
vt 0.000000 0.000000
vt 0.000000 0.000000
vt 0.000000 0.000000
vt 0.000000 0.000000
vt 0.000000 0.000000
vt 0.000000 0.000000
vt 0.000000 0.000000
vt 0.000000 0.000000
vt 0.000000 0.000000
vt 0.000000 0.000000
vt 0.000000 0.000000
vt 0.000000 0.000000
vt 0.000000 0.000000
vt 0.000000 0.000000
vt 0.000000 0.000000
vt 0.000000 0.000000
vt 0.000000 0.000000
vt 0.000000 0.000000
vt 0.000000 0.000000
vt 0.000000 0.000000
vt 0.000000 0.000000
vt 0.000000 0.000000
vt 0.000000 0.000000
vt 0.000000 0.000000
vt 0.000000 0.000000
vt 0.000000 0.000000
vt 0.000000 0.000000
vt 0.000000 0.000000
vt 0.000000 0.000000
vt 0.000000 0.000000
vt 0.000000 0.000000
vt 0.000000 0.000000
vt 0.000000 0.000000
vt 0.000000 0.000000
vt 0.000000 0.000000
vt 0.000000 0.000000
vt 0.000000 0.000000
vt 0.000000 0.000000
vt 0.000000 0.000000
vt 0.000000 0.000000
vt 0.000000 0.000000
vt 0.000000 0.000000
vt 0.000000 0.000000
vt 0.000000 0.000000
vt 0.000000 0.000000
vt 0.000000 0.000000
vt 0.000000 0.000000
vt 0.000000 0.000000
vt 0.000000 0.000000
vt 0.000000 0.000000
vt 0.000000 0.000000
vt 0.000000 0.000000
vt 0.000000 0.000000
vt 0.000000 0.000000
vt 0.000000 0.000000
vt 0.000000 0.000000
s 1
usemtl Black_Plastic
f 183/183/148 184/184/148 168/168/148 167/167/148
f 190/190/148 191/191/148 175/175/148 174/174/148
f 184/184/148 185/185/148 169/169/148 168/168/148
f 177/177/148 193/193/148 178/178/148 162/162/148
f 191/191/148 192/192/148 176/176/148 175/175/148
f 178/178/148 179/179/148 163/163/148 162/162/148
f 185/185/148 186/186/148 170/170/148 169/169/148
f 192/192/148 193/193/148 177/177/148 176/176/148
f 179/179/148 180/180/148 164/164/148 163/163/148
f 186/186/148 187/187/148 171/171/148 170/170/148
f 180/180/148 181/181/148 165/165/148 164/164/148
f 187/187/148 188/188/148 172/172/148 171/171/148
f 181/181/148 182/182/148 166/166/148 165/165/148
f 188/188/148 189/189/148 173/173/148 172/172/148
f 182/182/148 183/183/148 167/167/148 166/166/148
f 205/205/149 206/206/149 222/222/149 221/221/149
f 199/199/149 200/200/149 216/216/149 215/215/149
f 206/206/149 207/207/149 223/223/149 222/222/149
f 200/200/149 201/201/149 217/217/149 216/216/149
f 209/209/149 194/194/149 210/210/149 225/225/149
f 207/207/149 208/208/149 224/224/149 223/223/149
f 194/194/149 195/195/149 211/211/149 210/210/149
f 201/201/149 202/202/149 218/218/149 217/217/149
f 208/208/149 209/209/149 225/225/149 224/224/149
f 195/195/149 196/196/149 212/212/149 211/211/149
f 202/202/149 203/203/149 219/219/149 218/218/149
f 196/196/149 197/197/149 213/213/149 212/212/149
f 203/203/149 204/204/149 220/220/149 219/219/149
f 197/197/149 198/198/149 214/214/149 213/213/149
f 204/204/149 205/205/149 221/221/149 220/220/149
f 198/198/149 199/199/149 215/215/149 214/214/149
f 172/172/150 173/173/151 205/205/151 204/204/150
f 187/187/152 186/186/153 218/218/153 219/219/152
f 173/173/151 174/174/154 206/206/154 205/205/151
f 188/188/155 187/187/152 219/219/152 220/220/155
f 174/174/154 175/175/156 207/207/156 206/206/154
f 177/177/157 162/162/153 194/194/153 209/209/157
f 189/189/158 188/188/155 220/220/155 221/221/158
f 175/175/156 176/176/159 208/208/159 207/207/156
f 162/162/153 163/163/152 195/195/152 194/194/153
f 190/190/160 189/189/158 221/221/158 222/222/160
f 176/176/159 177/177/157 209/209/157 208/208/159
f 163/163/152 164/164/155 196/196/155 195/195/152
f 191/191/161 190/190/160 222/222/160 223/223/161
f 164/164/155 165/165/158 197/197/158 196/196/155
f 178/178/162 193/193/163 225/225/163 210/210/162
f 192/192/164 191/191/161 223/223/161 224/224/164
f 179/179/165 178/178/162 210/210/162 211/211/165
f 165/165/158 166/166/160 198/198/160 197/197/158
f 193/193/163 192/192/164 224/224/164 225/225/163
f 180/180/150 179/179/165 211/211/165 212/212/150
f 166/166/160 167/167/161 199/199/161 198/198/160
f 181/181/151 180/180/150 212/212/150 213/213/151
f 167/167/161 168/168/164 200/200/164 199/199/161
f 182/182/154 181/181/151 213/213/151 214/214/154
f 168/168/164 169/169/163 201/201/163 200/200/164
f 183/183/156 182/182/154 214/214/154 215/215/156
f 169/169/163 170/170/162 202/202/162 201/201/163
f 184/184/159 183/183/156 215/215/156 216/216/159
f 170/170/162 171/171/165 203/203/165 202/202/162
f 185/185/157 184/184/159 216/216/159 217/217/157
f 171/171/165 172/172/150 204/204/150 203/203/165
f 186/186/153 185/185/157 217/217/157 218/218/153
f 173/173/148 189/189/148 190/190/148 174/174/148
o Circle.003
v 2.540847 -0.892220 4.881882
v 2.539575 -0.892502 4.882514
v 2.538497 -0.893307 4.883050
v 2.537777 -0.894511 4.883408
v 2.537524 -0.895931 4.883534
v 2.537777 -0.897352 4.883408
v 2.538497 -0.898556 4.883050
v 2.539575 -0.899360 4.882514
v 2.540847 -0.899643 4.881882
v 2.542119 -0.899360 4.881250
v 2.543197 -0.898556 4.880714
v 2.543918 -0.897352 4.880356
v 2.544171 -0.895931 4.880230
v 2.543918 -0.894511 4.880356
v 2.543197 -0.893307 4.880714
v 2.542119 -0.892502 4.881250
v 2.540847 -0.893521 4.881882
v 2.540021 -0.893704 4.882293
v 2.539321 -0.894227 4.882641
v 2.538853 -0.895009 4.882873
v 2.538688 -0.895931 4.882955
v 2.538853 -0.896854 4.882873
v 2.539321 -0.897636 4.882641
v 2.540021 -0.898158 4.882293
v 2.540847 -0.898342 4.881882
v 2.541673 -0.898158 4.881472
v 2.542374 -0.897636 4.881124
v 2.542842 -0.896854 4.880891
v 2.543006 -0.895931 4.880809
v 2.542842 -0.895009 4.880891
v 2.542374 -0.894227 4.881124
v 2.541673 -0.893704 4.881472
v 2.542744 -0.892220 4.885700
v 2.541472 -0.892502 4.886332
v 2.540394 -0.893307 4.886868
v 2.539674 -0.894511 4.887226
v 2.539421 -0.895931 4.887352
v 2.539674 -0.897352 4.887226
v 2.540394 -0.898556 4.886868
v 2.541472 -0.899360 4.886332
v 2.542744 -0.899643 4.885700
v 2.544016 -0.899360 4.885068
v 2.545094 -0.898556 4.884532
v 2.545815 -0.897352 4.884174
v 2.546068 -0.895931 4.884048
v 2.545815 -0.894511 4.884174
v 2.545094 -0.893307 4.884532
v 2.544016 -0.892502 4.885068
v 2.542744 -0.893521 4.885700
v 2.541918 -0.893704 4.886110
v 2.541218 -0.894227 4.886458
v 2.540750 -0.895009 4.886691
v 2.540586 -0.895931 4.886773
v 2.540750 -0.896854 4.886691
v 2.541218 -0.897636 4.886458
v 2.541918 -0.898158 4.886110
v 2.542744 -0.898342 4.885700
v 2.543571 -0.898158 4.885289
v 2.544271 -0.897636 4.884941
v 2.544739 -0.896854 4.884709
v 2.544903 -0.895931 4.884627
v 2.544739 -0.895009 4.884709
v 2.544271 -0.894227 4.884941
v 2.543571 -0.893704 4.885289
vn -0.4450 -0.0000 -0.8955
vn 0.4450 -0.0000 0.8955
vn 0.8274 -0.3827 -0.4111
vn 0.8955 -0.0000 -0.4450
vn -0.0000 1.0000 -0.0000
vn -0.3427 0.9239 0.1703
vn -0.6332 0.7071 0.3147
vn 0.8274 0.3827 -0.4111
vn -0.8274 0.3827 0.4111
vn 0.6332 0.7071 -0.3147
vn -0.8955 -0.0000 0.4450
vn 0.3427 0.9239 -0.1703
vn -0.8274 -0.3827 0.4111
vn -0.6332 -0.7071 0.3147
vn 0.3427 -0.9239 -0.1703
vn -0.0000 -1.0000 -0.0000
vn -0.3427 -0.9239 0.1703
vn 0.6332 -0.7071 -0.3147
vt 0.000000 0.000000
vt 0.000000 0.000000
vt 0.000000 0.000000
vt 0.000000 0.000000
vt 0.000000 0.000000
vt 0.000000 0.000000
vt 0.000000 0.000000
vt 0.000000 0.000000
vt 0.000000 0.000000
vt 0.000000 0.000000
vt 0.000000 0.000000
vt 0.000000 0.000000
vt 0.000000 0.000000
vt 0.000000 0.000000
vt 0.000000 0.000000
vt 0.000000 0.000000
vt 0.000000 0.000000
vt 0.000000 0.000000
vt 0.000000 0.000000
vt 0.000000 0.000000
vt 0.000000 0.000000
vt 0.000000 0.000000
vt 0.000000 0.000000
vt 0.000000 0.000000
vt 0.000000 0.000000
vt 0.000000 0.000000
vt 0.000000 0.000000
vt 0.000000 0.000000
vt 0.000000 0.000000
vt 0.000000 0.000000
vt 0.000000 0.000000
vt 0.000000 0.000000
vt 0.000000 0.000000
vt 0.000000 0.000000
vt 0.000000 0.000000
vt 0.000000 0.000000
vt 0.000000 0.000000
vt 0.000000 0.000000
vt 0.000000 0.000000
vt 0.000000 0.000000
vt 0.000000 0.000000
vt 0.000000 0.000000
vt 0.000000 0.000000
vt 0.000000 0.000000
vt 0.000000 0.000000
vt 0.000000 0.000000
vt 0.000000 0.000000
vt 0.000000 0.000000
vt 0.000000 0.000000
vt 0.000000 0.000000
vt 0.000000 0.000000
vt 0.000000 0.000000
vt 0.000000 0.000000
vt 0.000000 0.000000
vt 0.000000 0.000000
vt 0.000000 0.000000
vt 0.000000 0.000000
vt 0.000000 0.000000
vt 0.000000 0.000000
vt 0.000000 0.000000
vt 0.000000 0.000000
vt 0.000000 0.000000
vt 0.000000 0.000000
vt 0.000000 0.000000
s 1
usemtl Black_Plastic
f 231/231/166 247/247/166 248/248/166 232/232/166
f 248/248/166 249/249/166 233/233/166 232/232/166
f 255/255/166 256/256/166 240/240/166 239/239/166
f 242/242/166 243/243/166 227/227/166 226/226/166
f 249/249/166 250/250/166 234/234/166 233/233/166
f 256/256/166 257/257/166 241/241/166 240/240/166
f 243/243/166 244/244/166 228/228/166 227/227/166
f 250/250/166 251/251/166 235/235/166 234/234/166
f 257/257/166 242/242/166 226/226/166 241/241/166
f 244/244/166 245/245/166 229/229/166 228/228/166
f 251/251/166 252/252/166 236/236/166 235/235/166
f 245/245/166 246/246/166 230/230/166 229/229/166
f 252/252/166 253/253/166 237/237/166 236/236/166
f 246/246/166 247/247/166 231/231/166 230/230/166
f 253/253/166 254/254/166 238/238/166 237/237/166
f 270/270/167 271/271/167 287/287/167 286/286/167
f 263/263/167 264/264/167 280/280/167 279/279/167
f 264/264/167 265/265/167 281/281/167 280/280/167
f 271/271/167 272/272/167 288/288/167 287/287/167
f 258/258/167 259/259/167 275/275/167 274/274/167
f 265/265/167 266/266/167 282/282/167 281/281/167
f 272/272/167 273/273/167 289/289/167 288/288/167
f 259/259/167 260/260/167 276/276/167 275/275/167
f 266/266/167 267/267/167 283/283/167 282/282/167
f 273/273/167 258/258/167 274/274/167 289/289/167
f 260/260/167 261/261/167 277/277/167 276/276/167
f 267/267/167 268/268/167 284/284/167 283/283/167
f 261/261/167 262/262/167 278/278/167 277/277/167
f 268/268/167 269/269/167 285/285/167 284/284/167
f 262/262/167 263/263/167 279/279/167 278/278/167
f 269/269/167 270/270/167 286/286/167 285/285/167
f 237/237/168 238/238/169 270/270/169 269/269/168
f 250/250/170 282/282/170 283/283/171 251/251/171
f 252/252/172 251/251/171 283/283/171 284/284/172
f 238/238/169 239/239/173 271/271/173 270/270/169
f 253/253/174 252/252/172 284/284/172 285/285/174
f 239/239/173 240/240/175 272/272/175 271/271/173
f 226/226/170 227/227/171 259/259/171 258/258/170
f 254/254/176 253/253/174 285/285/174 286/286/176
f 240/240/175 241/241/177 273/273/177 272/272/175
f 227/227/171 228/228/172 260/260/172 259/259/171
f 255/255/178 254/254/176 286/286/176 287/287/178
f 241/241/177 226/226/170 258/258/170 273/273/177
f 228/228/172 229/229/174 261/261/174 260/260/172
f 256/256/179 255/255/178 287/287/178 288/288/179
f 243/243/180 242/242/181 274/274/181 275/275/180
f 229/229/174 230/230/176 262/262/176 261/261/174
f 257/257/182 256/256/179 288/288/179 289/289/182
f 244/244/183 243/243/180 275/275/180 276/276/183
f 230/230/176 231/231/178 263/263/178 262/262/176
f 242/242/181 257/257/182 289/289/182 274/274/181
f 245/245/168 244/244/183 276/276/183 277/277/168
f 231/231/178 232/232/179 264/264/179 263/263/178
f 246/246/169 245/245/168 277/277/168 278/278/169
f 232/232/179 233/233/182 265/265/182 264/264/179
f 247/247/173 246/246/169 278/278/169 279/279/173
f 233/233/182 234/234/181 266/266/181 265/265/182
f 248/248/175 247/247/173 279/279/173 280/280/175
f 234/234/181 235/235/180 267/267/180 266/266/181
f 249/249/177 248/248/175 280/280/175 281/281/177
f 235/235/180 236/236/183 268/268/183 267/267/180
f 250/250/170 249/249/177 281/281/177 282/282/170
f 236/236/183 237/237/168 269/269/168 268/268/183
f 254/254/166 255/255/166 239/239/166 238/238/166
o Cube
v 2.495445 -0.852235 4.728165
v 2.537654 -0.858762 4.875313
v 2.497677 -0.854727 4.727057
v 2.536828 -0.976201 4.889459
v 2.536502 -0.858888 4.875886
v 2.494336 -0.854727 4.725934
v 2.535394 -0.859263 4.876436
v 2.534374 -0.859873 4.876944
v 2.496299 -0.852425 4.727741
v 2.497023 -0.852965 4.727381
v 2.533479 -0.860693 4.877388
v 2.532744 -0.861692 4.877753
v 2.495021 -0.852425 4.727311
v 2.532199 -0.862832 4.878024
v 2.495885 -0.852654 4.726855
v 2.496497 -0.853092 4.726606
v 2.531863 -0.864068 4.878191
v 2.534610 -0.976291 4.890562
v 2.496093 -0.853289 4.726237
v 2.531749 -0.865355 4.878247
v 2.497082 -0.854727 4.726287
v 2.531863 -0.866641 4.878191
v 2.496239 -0.854727 4.725803
v 2.532199 -0.867878 4.878024
v 2.532744 -0.869018 4.877753
v 2.497507 -0.853774 4.727141
v 2.533479 -0.870017 4.877388
v 2.496867 -0.853750 4.726367
v 2.534374 -0.870837 4.876944
v 2.496182 -0.853800 4.725973
v 2.535394 -0.871446 4.876436
v 2.494421 -0.853774 4.726104
v 2.494661 -0.852965 4.726587
v 2.536502 -0.871821 4.875886
v 2.495275 -0.854727 4.725679
v 2.537654 -0.871948 4.875313
v 2.538806 -0.871821 4.874741
v 2.495398 -0.853750 4.725873
v 2.495548 -0.853092 4.726288
v 2.539913 -0.871446 4.874191
v 2.495445 -1.076024 4.728165
v 2.540934 -0.870837 4.873683
v 2.494336 -1.073532 4.725934
v 2.541829 -0.870017 4.873239
v 2.497677 -1.073532 4.727057
v 2.542563 -0.869018 4.872874
v 2.495021 -1.075834 4.727311
v 2.543109 -0.867878 4.872603
v 2.494661 -1.075294 4.726587
v 2.543445 -0.866641 4.872436
v 2.496299 -1.075834 4.727741
v 2.543558 -0.865355 4.872380
v 2.495885 -1.075605 4.726855
v 2.543445 -0.864068 4.872436
v 2.543109 -0.862832 4.872603
v 2.495548 -1.075167 4.726288
v 2.496093 -1.074971 4.726237
v 2.542563 -0.861692 4.872874
v 2.541829 -0.860693 4.873239
v 2.495275 -1.073532 4.725679
v 2.496239 -1.073532 4.725803
v 2.540934 -0.859873 4.873683
v 2.539913 -0.859263 4.874191
v 2.494421 -1.074486 4.726104
v 2.538806 -0.858888 4.874741
v 2.495398 -1.074510 4.725873
v 2.496182 -1.074460 4.725973
v 2.497507 -1.074486 4.727141
v 2.497023 -1.075294 4.727381
v 2.497082 -1.073532 4.726287
v 2.496867 -1.074510 4.726367
v 2.496497 -1.075167 4.726606
v 2.566948 -0.852235 4.872058
v 2.568057 -0.854727 4.874290
v 2.569180 -0.854727 4.870949
v 2.567373 -0.852425 4.872912
v 2.567732 -0.852965 4.873636
v 2.567802 -0.852425 4.871634
v 2.568259 -0.852654 4.872499
v 2.568507 -0.853092 4.873110
v 2.568877 -0.853289 4.872706
v 2.568827 -0.854727 4.873696
v 2.569310 -0.854727 4.872852
v 2.567973 -0.853774 4.874120
v 2.568746 -0.853750 4.873480
v 2.569140 -0.853800 4.872795
v 2.569010 -0.853774 4.871034
v 2.568526 -0.852965 4.871274
v 2.569434 -0.854727 4.871888
v 2.569240 -0.853750 4.872011
v 2.568826 -0.853092 4.872161
v 2.566948 -1.076024 4.872058
v 2.569180 -1.073532 4.870949
v 2.568057 -1.073532 4.874290
v 2.567802 -1.075834 4.871634
v 2.568526 -1.075294 4.871274
v 2.567373 -1.075834 4.872912
v 2.568259 -1.075605 4.872499
v 2.568826 -1.075167 4.872161
v 2.568877 -1.074971 4.872706
v 2.569434 -1.073532 4.871888
v 2.569310 -1.073532 4.872852
v 2.569010 -1.074486 4.871034
v 2.569240 -1.074510 4.872011
v 2.569140 -1.074460 4.872795
v 2.567973 -1.074486 4.874120
v 2.567732 -1.075294 4.873636
v 2.568827 -1.073532 4.873696
v 2.568746 -1.074510 4.873480
v 2.568507 -1.075167 4.873110
v 2.459762 -0.854727 4.743114
v 2.458640 -0.854727 4.746455
v 2.460871 -0.852235 4.745346
v 2.458993 -0.854727 4.743708
v 2.458509 -0.854727 4.744552
v 2.459847 -0.853774 4.743284
v 2.459073 -0.853750 4.743924
v 2.458679 -0.853800 4.744609
v 2.458942 -0.853289 4.744698
v 2.458809 -0.853774 4.746370
v 2.459293 -0.852965 4.746130
v 2.458385 -0.854727 4.745516
v 2.458580 -0.853750 4.745393
v 2.458994 -0.853092 4.745243
v 2.460447 -0.852425 4.744492
v 2.460087 -0.852965 4.743768
v 2.460017 -0.852425 4.745770
v 2.459561 -0.852654 4.744905
v 2.459312 -0.853092 4.744294
v 2.459762 -1.073532 4.743114
v 2.460871 -1.076024 4.745346
v 2.458640 -1.073532 4.746455
v 2.459847 -1.074486 4.743284
v 2.460087 -1.075294 4.743768
v 2.458993 -1.073532 4.743708
v 2.459073 -1.074510 4.743924
v 2.459312 -1.075167 4.744294
v 2.458942 -1.074971 4.744698
v 2.460017 -1.075834 4.745770
v 2.459293 -1.075294 4.746130
v 2.460447 -1.075834 4.744492
v 2.459561 -1.075605 4.744905
v 2.458994 -1.075167 4.745243
v 2.458385 -1.073532 4.745516
v 2.458509 -1.073532 4.744552
v 2.458809 -1.074486 4.746370
v 2.458580 -1.074510 4.745393
v 2.458679 -1.074460 4.744609
v 2.533483 -0.854727 4.891470
v 2.532374 -0.852235 4.889239
v 2.530143 -0.854727 4.890347
v 2.533399 -0.853774 4.891301
v 2.533159 -0.852965 4.890817
v 2.532545 -0.854727 4.891725
v 2.532422 -0.853750 4.891531
v 2.532271 -0.853092 4.891116
v 2.531726 -0.853289 4.891168
v 2.531520 -0.852425 4.889663
v 2.530796 -0.852965 4.890023
v 2.532799 -0.852425 4.890093
v 2.531934 -0.852654 4.890549
v 2.548312 -1.073254 4.868523
v 2.531323 -0.853092 4.890798
v 2.530737 -0.854727 4.891117
v 2.547865 -1.072249 4.867623
v 2.531580 -0.854727 4.891601
v 2.549665 -1.072249 4.866728
v 2.530313 -0.853774 4.890263
v 2.550112 -1.073254 4.867629
v 2.530953 -0.853750 4.891037
v 2.548175 -1.073201 4.868246
v 2.548050 -1.073060 4.867996
v 2.531638 -0.853800 4.891431
v 2.548672 -1.073254 4.868344
v 2.533483 -1.073532 4.891470
v 2.530143 -1.073532 4.890347
v 2.548528 -1.073201 4.868055
v 2.532374 -1.076024 4.889239
v 2.548406 -1.073057 4.867808
v 2.532545 -1.073532 4.891725
v 2.549032 -1.073254 4.868165
v 2.548886 -1.073199 4.867871
v 2.531580 -1.073532 4.891601
v 2.548764 -1.073054 4.867626
v 2.533399 -1.074486 4.891301
v 2.532422 -1.074510 4.891531
v 2.548225 -1.072249 4.867444
v 2.548585 -1.072249 4.867265
v 2.531638 -1.074460 4.891431
v 2.547887 -1.072560 4.867667
v 2.531726 -1.074971 4.891168
v 2.548249 -1.072572 4.867492
v 2.530313 -1.074486 4.890263
v 2.548609 -1.072577 4.867314
v 2.530796 -1.075294 4.890023
v 2.530737 -1.073532 4.891117
v 2.547950 -1.072840 4.867795
v 2.548313 -1.072849 4.867621
v 2.530953 -1.074510 4.891037
v 2.548674 -1.072852 4.867445
v 2.531323 -1.075167 4.890798
v 2.549689 -1.072559 4.866776
v 2.532799 -1.075834 4.890093
v 2.549752 -1.072838 4.866902
v 2.533159 -1.075294 4.890817
v 2.549305 -1.072249 4.866907
v 2.531520 -1.075834 4.889663
v 2.549329 -1.072572 4.866955
v 2.531934 -1.075605 4.890549
v 2.549393 -1.072848 4.867085
v 2.532271 -1.075167 4.891116
v 2.548945 -1.072249 4.867086
v 2.548970 -1.072577 4.867136
v 2.549034 -1.072852 4.867266
v 2.549752 -1.073254 4.867807
v 2.549392 -1.073254 4.867986
v 2.549974 -1.073205 4.867350
v 2.549609 -1.073201 4.867518
v 2.549246 -1.073199 4.867692
v 2.549850 -1.073063 4.867099
v 2.549486 -1.073056 4.867270
v 2.549124 -1.073054 4.867447
v 2.549212 -0.855527 4.868076
v 2.550112 -0.854521 4.867629
v 2.549665 -0.855527 4.866728
v 2.549256 -0.855216 4.868054
v 2.549384 -0.854936 4.867990
v 2.549118 -0.855527 4.867775
v 2.549167 -0.855206 4.867743
v 2.549292 -0.854949 4.867692
v 2.549121 -0.855527 4.867461
v 2.549173 -0.855217 4.867450
v 2.549278 -0.854995 4.867449
v 2.549974 -0.854571 4.867350
v 2.549850 -0.854713 4.867099
v 2.549834 -0.854571 4.867767
v 2.549684 -0.854629 4.867483
v 2.549579 -0.854764 4.867249
v 2.549583 -0.854713 4.867891
v 2.549458 -0.854764 4.867609
v 2.549399 -0.854860 4.867389
v 2.549409 -0.855527 4.866910
v 2.549222 -0.855527 4.867163
v 2.549687 -0.855216 4.866773
v 2.549426 -0.855208 4.866967
v 2.549256 -0.855218 4.867202
v 2.549750 -0.854936 4.866900
v 2.549496 -0.854949 4.867084
v 2.549339 -0.854995 4.867268
v 2.561038 -1.073254 4.862199
v 2.560591 -1.072249 4.861300
v 2.561938 -1.072249 4.861752
v 2.560899 -1.073205 4.861921
v 2.560775 -1.073063 4.861670
v 2.561316 -1.073205 4.862061
v 2.561181 -1.073147 4.861770
v 2.561057 -1.073012 4.861546
v 2.561567 -1.073063 4.861937
v 2.561417 -1.073012 4.861665
v 2.561277 -1.072916 4.861486
v 2.560890 -1.072249 4.861205
v 2.561205 -1.072249 4.861208
v 2.560612 -1.072560 4.861343
v 2.560925 -1.072568 4.861253
v 2.561215 -1.072558 4.861259
v 2.560676 -1.072840 4.861471
v 2.560976 -1.072827 4.861379
v 2.561217 -1.072781 4.861366
v 2.561894 -1.072560 4.861774
v 2.561766 -1.072840 4.861837
v 2.561755 -1.072249 4.861496
v 2.561700 -1.072570 4.861515
v 2.561584 -1.072826 4.861584
v 2.561503 -1.072249 4.861309
v 2.561463 -1.072559 4.861343
v 2.561398 -1.072781 4.861426
v 2.560591 -0.855527 4.861300
v 2.561038 -0.854521 4.862199
v 2.561938 -0.855527 4.861752
v 2.560612 -0.855216 4.861343
v 2.560676 -0.854936 4.861471
v 2.560890 -0.855527 4.861205
v 2.560924 -0.855206 4.861254
v 2.560974 -0.854949 4.861379
v 2.561205 -0.855527 4.861208
v 2.561216 -0.855217 4.861260
v 2.561217 -0.854995 4.861366
v 2.561316 -0.854571 4.862061
v 2.561567 -0.854713 4.861937
v 2.560899 -0.854571 4.861921
v 2.561183 -0.854629 4.861771
v 2.561417 -0.854764 4.861666
v 2.560775 -0.854713 4.861670
v 2.561058 -0.854764 4.861545
v 2.561277 -0.854860 4.861486
v 2.561755 -0.855527 4.861496
v 2.561503 -0.855527 4.861309
v 2.561894 -0.855216 4.861774
v 2.561699 -0.855208 4.861513
v 2.561464 -0.855218 4.861343
v 2.561766 -0.854936 4.861837
v 2.561583 -0.854949 4.861583
v 2.561398 -0.854995 4.861426
v 2.547865 -0.983413 4.867623
v 2.548312 -0.982408 4.868523
v 2.549212 -0.981403 4.868076
v 2.549665 -0.981403 4.866728
v 2.549665 -0.983413 4.866728
v 2.547889 -0.983104 4.867671
v 2.547951 -0.982824 4.867797
v 2.548225 -0.983413 4.867444
v 2.548256 -0.983070 4.867508
v 2.548305 -0.982762 4.867620
v 2.548585 -0.983413 4.867265
v 2.548614 -0.983038 4.867325
v 2.548655 -0.982675 4.867418
v 2.548589 -0.982354 4.868385
v 2.548840 -0.982213 4.868261
v 2.548175 -0.982462 4.868246
v 2.548478 -0.982412 4.868085
v 2.548748 -0.982282 4.867939
v 2.548050 -0.982602 4.867996
v 2.548379 -0.982537 4.867815
v 2.548692 -0.982408 4.867630
v 2.549123 -0.981403 4.867775
v 2.549124 -0.981403 4.867462
v 2.549164 -0.981712 4.868100
v 2.549066 -0.981744 4.867791
v 2.549056 -0.981778 4.867478
v 2.549038 -0.981992 4.868162
v 2.548950 -0.982053 4.867838
v 2.548932 -0.982140 4.867511
v 2.549665 -0.981805 4.866728
v 2.549665 -0.982207 4.866728
v 2.549412 -0.981403 4.866914
v 2.549393 -0.981804 4.866948
v 2.549359 -0.982206 4.866955
v 2.549224 -0.981403 4.867165
v 2.549170 -0.981798 4.867192
v 2.549079 -0.982201 4.867207
v 2.549305 -0.983413 4.866907
v 2.548945 -0.983413 4.867086
v 2.549665 -0.983011 4.866728
v 2.549316 -0.983012 4.866927
v 2.548966 -0.983017 4.867127
v 2.549665 -0.982609 4.866728
v 2.549331 -0.982609 4.866946
v 2.548998 -0.982615 4.867179
v 2.560591 -0.983413 4.861300
v 2.560591 -0.981403 4.861300
v 2.561938 -0.981403 4.861752
v 2.561938 -0.983413 4.861752
v 2.560591 -0.983011 4.861300
v 2.560591 -0.982609 4.861300
v 2.560890 -0.983413 4.861205
v 2.560903 -0.983011 4.861203
v 2.560909 -0.982609 4.861203
v 2.561205 -0.983413 4.861208
v 2.561215 -0.983011 4.861210
v 2.561219 -0.982609 4.861211
v 2.560891 -0.981403 4.861210
v 2.561204 -0.981403 4.861211
v 2.560591 -0.981805 4.861300
v 2.560903 -0.981805 4.861203
v 2.561214 -0.981805 4.861210
v 2.560591 -0.982207 4.861300
v 2.560909 -0.982207 4.861203
v 2.561219 -0.982207 4.861211
v 2.561938 -0.981805 4.861752
v 2.561938 -0.982207 4.861752
v 2.561755 -0.981403 4.861496
v 2.561747 -0.981805 4.861487
v 2.561742 -0.982207 4.861483
v 2.561503 -0.981403 4.861309
v 2.561494 -0.981805 4.861304
v 2.561490 -0.982207 4.861302
v 2.561752 -0.983413 4.861499
v 2.561502 -0.983413 4.861311
v 2.561938 -0.983011 4.861752
v 2.561746 -0.983011 4.861486
v 2.561494 -0.983011 4.861304
v 2.561938 -0.982609 4.861752
v 2.561742 -0.982609 4.861483
v 2.561490 -0.982609 4.861302
v 2.528641 -1.073254 4.878298
v 2.527740 -1.072249 4.878746
v 2.528193 -1.072249 4.877398
v 2.528362 -1.073205 4.878437
v 2.528111 -1.073063 4.878561
v 2.528502 -1.073205 4.878020
v 2.528211 -1.073147 4.878155
v 2.527986 -1.073012 4.878279
v 2.528378 -1.073063 4.877769
v 2.528106 -1.073012 4.877919
v 2.527928 -1.072916 4.878058
v 2.527646 -1.072249 4.878446
v 2.527649 -1.072249 4.878131
v 2.527784 -1.072560 4.878724
v 2.527694 -1.072568 4.878410
v 2.527700 -1.072558 4.878121
v 2.527912 -1.072840 4.878660
v 2.527820 -1.072827 4.878360
v 2.527807 -1.072781 4.878119
v 2.528215 -1.072560 4.877442
v 2.528279 -1.072840 4.877570
v 2.527937 -1.072249 4.877581
v 2.527956 -1.072570 4.877636
v 2.528025 -1.072826 4.877752
v 2.527750 -1.072249 4.877833
v 2.527784 -1.072559 4.877872
v 2.527868 -1.072781 4.877938
v 2.528193 -0.983413 4.877398
v 2.527740 -0.983413 4.878746
v 2.528641 -0.982408 4.878298
v 2.527937 -0.983413 4.877581
v 2.527750 -0.983413 4.877833
v 2.528215 -0.983102 4.877442
v 2.527954 -0.983094 4.877637
v 2.527784 -0.983104 4.877872
v 2.528279 -0.982822 4.877570
v 2.528024 -0.982835 4.877753
v 2.527868 -0.982881 4.877938
v 2.527784 -0.983102 4.878724
v 2.527912 -0.982822 4.878660
v 2.527646 -0.983413 4.878446
v 2.527695 -0.983092 4.878412
v 2.527820 -0.982836 4.878362
v 2.527649 -0.983413 4.878131
v 2.527701 -0.983104 4.878120
v 2.527807 -0.982881 4.878119
v 2.528502 -0.982457 4.878020
v 2.528378 -0.982600 4.877769
v 2.528362 -0.982457 4.878437
v 2.528212 -0.982515 4.878153
v 2.528107 -0.982650 4.877919
v 2.528111 -0.982600 4.878561
v 2.527986 -0.982651 4.878278
v 2.527928 -0.982746 4.878058
v 2.541726 -0.892055 4.887019
v 2.529393 -0.892055 4.862201
v 2.541081 -0.892440 4.887340
v 2.528748 -0.892440 4.862522
v 2.540515 -0.892958 4.887621
v 2.528183 -0.892958 4.862803
v 2.540051 -0.893590 4.887852
v 2.527718 -0.893590 4.863033
v 2.539706 -0.894310 4.888023
v 2.527373 -0.894310 4.863204
v 2.539494 -0.895092 4.888128
v 2.527161 -0.895092 4.863310
v 2.539422 -0.895906 4.888164
v 2.527089 -0.895906 4.863346
v 2.539494 -0.896719 4.888128
v 2.527161 -0.896719 4.863310
v 2.539706 -0.897501 4.888023
v 2.527373 -0.897501 4.863204
v 2.540051 -0.898221 4.887852
v 2.527718 -0.898221 4.863033
v 2.540515 -0.898853 4.887621
v 2.528183 -0.898853 4.862803
v 2.541081 -0.899371 4.887340
v 2.528748 -0.899371 4.862522
v 2.541726 -0.899756 4.887019
v 2.529393 -0.899756 4.862201
v 2.542426 -0.899994 4.886671
v 2.530094 -0.899994 4.861853
v 2.543154 -0.900074 4.886309
v 2.530822 -0.900074 4.861491
v 2.543883 -0.899994 4.885947
v 2.531550 -0.899994 4.861129
v 2.544583 -0.899756 4.885600
v 2.532250 -0.899756 4.860781
v 2.545228 -0.899371 4.885279
v 2.532896 -0.899371 4.860460
v 2.545794 -0.898853 4.884998
v 2.533461 -0.898853 4.860179
v 2.546258 -0.898221 4.884767
v 2.533926 -0.898221 4.859949
v 2.546603 -0.897501 4.884595
v 2.534271 -0.897501 4.859777
v 2.546815 -0.896719 4.884490
v 2.534483 -0.896719 4.859672
v 2.546887 -0.895906 4.884454
v 2.534554 -0.895906 4.859636
v 2.546815 -0.895092 4.884490
v 2.534483 -0.895092 4.859672
v 2.546603 -0.894310 4.884595
v 2.534271 -0.894310 4.859777
v 2.546258 -0.893590 4.884767
v 2.533926 -0.893590 4.859949
v 2.545794 -0.892958 4.884998
v 2.533461 -0.892958 4.860179
v 2.545228 -0.892440 4.885279
v 2.532896 -0.892440 4.860460
v 2.544583 -0.892055 4.885600
v 2.532250 -0.892055 4.860781
v 2.543883 -0.891817 4.885947
v 2.531550 -0.891817 4.861129
v 2.543154 -0.891737 4.886309
v 2.530822 -0.891737 4.861491
v 2.541726 -0.905730 4.887019
v 2.529393 -0.905730 4.862201
v 2.530094 -0.891817 4.861853
v 2.542426 -0.891817 4.886671
v 2.541081 -0.906115 4.887340
v 2.528748 -0.906115 4.862522
v 2.540515 -0.906634 4.887621
v 2.528183 -0.906634 4.862803
v 2.540051 -0.907265 4.887852
v 2.527718 -0.907265 4.863033
v 2.539706 -0.907986 4.888023
v 2.527373 -0.907986 4.863204
v 2.539494 -0.908768 4.888128
v 2.527161 -0.908768 4.863310
v 2.539422 -0.909581 4.888164
v 2.527089 -0.909581 4.863346
v 2.539494 -0.910394 4.888128
v 2.527161 -0.910394 4.863310
v 2.539706 -0.911176 4.888023
v 2.527373 -0.911176 4.863204
v 2.540051 -0.911897 4.887852
v 2.527718 -0.911897 4.863033
v 2.540515 -0.912529 4.887621
v 2.528183 -0.912529 4.862803
v 2.541081 -0.913047 4.887340
v 2.528748 -0.913047 4.862522
v 2.541726 -0.913432 4.887019
v 2.529393 -0.913432 4.862201
v 2.542426 -0.913669 4.886671
v 2.530094 -0.913669 4.861853
v 2.543154 -0.913749 4.886309
v 2.530822 -0.913749 4.861491
v 2.543883 -0.913669 4.885947
v 2.531550 -0.913669 4.861129
v 2.544583 -0.913432 4.885600
v 2.532250 -0.913432 4.860781
v 2.545228 -0.913047 4.885279
v 2.532896 -0.913047 4.860460
v 2.545794 -0.912529 4.884998
v 2.533461 -0.912529 4.860179
v 2.546258 -0.911897 4.884767
v 2.533926 -0.911897 4.859949
v 2.546603 -0.911176 4.884595
v 2.534271 -0.911176 4.859777
v 2.546815 -0.910394 4.884490
v 2.534483 -0.910394 4.859672
v 2.546887 -0.909581 4.884454
v 2.534554 -0.909581 4.859636
v 2.546815 -0.908768 4.884490
v 2.534483 -0.908768 4.859672
v 2.546603 -0.907986 4.884595
v 2.534271 -0.907986 4.859777
v 2.546258 -0.907265 4.884767
v 2.533926 -0.907265 4.859949
v 2.545794 -0.906634 4.884998
v 2.533461 -0.906634 4.860179
v 2.545228 -0.906115 4.885279
v 2.532896 -0.906115 4.860460
v 2.544583 -0.905730 4.885600
v 2.532250 -0.905730 4.860781
v 2.543883 -0.905493 4.885947
v 2.531550 -0.905493 4.861129
v 2.543154 -0.905413 4.886309
v 2.530822 -0.905413 4.861491
v 2.530094 -0.905493 4.861853
v 2.542426 -0.905493 4.886671
v 2.538891 -0.940029 4.885093
v 2.538502 -0.939595 4.885286
v 2.538698 -0.939595 4.884704
v 2.538616 -0.939902 4.885230
v 2.538555 -0.939846 4.884980
v 2.538479 -0.939595 4.884955
v 2.538754 -0.939902 4.884818
v 2.538891 -0.923332 4.885093
v 2.538698 -0.923766 4.884704
v 2.538502 -0.923766 4.885286
v 2.538754 -0.923459 4.884818
v 2.538555 -0.923515 4.884980
v 2.538479 -0.923766 4.884955
v 2.538616 -0.923459 4.885230
v 2.544811 -0.940029 4.882152
v 2.544618 -0.939595 4.881763
v 2.545200 -0.939595 4.881958
v 2.544675 -0.939902 4.881876
v 2.544924 -0.939846 4.881815
v 2.544950 -0.939595 4.881740
v 2.545086 -0.939902 4.882015
v 2.544811 -0.923332 4.882152
v 2.545200 -0.923766 4.881958
v 2.544618 -0.923766 4.881763
v 2.545086 -0.923459 4.882015
v 2.544924 -0.923515 4.881815
v 2.544950 -0.923766 4.881740
v 2.544675 -0.923459 4.881876
v 2.544675 -0.948168 4.881876
v 2.544950 -0.948475 4.881740
v 2.544924 -0.948225 4.881815
v 2.545086 -0.948168 4.882015
v 2.544618 -0.948475 4.881763
v 2.545200 -0.948475 4.881958
v 2.544811 -0.948041 4.882152
v 2.545086 -0.964612 4.882015
v 2.544950 -0.964305 4.881740
v 2.544924 -0.964555 4.881815
v 2.544675 -0.964612 4.881876
v 2.545200 -0.964305 4.881958
v 2.544618 -0.964305 4.881763
v 2.544811 -0.964739 4.882152
v 2.538616 -0.948168 4.885230
v 2.538479 -0.948475 4.884955
v 2.538555 -0.948225 4.884980
v 2.538754 -0.948168 4.884818
v 2.538502 -0.948475 4.885286
v 2.538698 -0.948475 4.884704
v 2.538891 -0.948041 4.885093
v 2.538754 -0.964612 4.884818
v 2.538479 -0.964305 4.884955
v 2.538555 -0.964555 4.884980
v 2.538616 -0.964612 4.885230
v 2.538698 -0.964305 4.884704
v 2.538502 -0.964305 4.885286
v 2.538891 -0.964739 4.885093
v 2.540113 -0.940029 4.887551
v 2.539838 -0.939902 4.887688
v 2.539724 -0.939595 4.887745
v 2.540113 -0.923332 4.887551
v 2.539838 -0.923459 4.887688
v 2.539724 -0.923766 4.887745
v 2.546033 -0.940029 4.884610
v 2.546308 -0.939902 4.884473
v 2.546422 -0.939595 4.884416
v 2.546033 -0.923332 4.884610
v 2.546308 -0.923459 4.884473
v 2.546422 -0.923766 4.884416
v 2.540113 -0.964739 4.887551
v 2.539838 -0.964612 4.887688
v 2.539724 -0.964305 4.887745
v 2.540113 -0.948041 4.887551
v 2.539838 -0.948168 4.887688
v 2.539724 -0.948475 4.887745
v 2.546033 -0.964739 4.884610
v 2.546308 -0.964612 4.884473
v 2.546422 -0.964305 4.884416
v 2.546033 -0.948041 4.884610
v 2.546308 -0.948168 4.884473
v 2.546422 -0.948475 4.884416
v 2.548545 -0.862832 4.883543
v 2.547999 -0.861692 4.883814
v 2.539810 -0.870837 4.887884
v 2.540831 -0.871446 4.887376
v 2.543090 -0.858762 4.886253
v 2.541938 -0.858888 4.886826
v 2.547265 -0.860693 4.884179
v 2.541938 -0.871821 4.886826
v 2.540831 -0.859263 4.887376
v 2.546370 -0.859873 4.884624
v 2.543090 -0.871948 4.886253
v 2.539810 -0.859873 4.887884
v 2.545350 -0.859263 4.885131
v 2.544242 -0.871821 4.885681
v 2.538915 -0.860693 4.888328
v 2.544242 -0.858888 4.885681
v 2.545350 -0.871446 4.885131
v 2.538181 -0.861692 4.888693
v 2.546370 -0.870837 4.884624
v 2.537635 -0.862832 4.888964
v 2.547265 -0.870017 4.884179
v 2.537299 -0.864068 4.889131
v 2.547999 -0.869018 4.883814
v 2.537186 -0.865355 4.889187
v 2.548545 -0.867878 4.883543
v 2.537299 -0.866641 4.889131
v 2.548881 -0.866641 4.883376
v 2.537635 -0.867878 4.888964
v 2.548994 -0.865355 4.883319
v 2.538181 -0.869018 4.888693
v 2.548881 -0.864068 4.883376
v 2.538915 -0.870017 4.888328
v 2.536872 -0.865355 4.889786
v 2.536995 -0.866748 4.889725
v 2.536995 -0.863962 4.889725
v 2.537359 -0.868087 4.889544
v 2.537359 -0.862622 4.889544
v 2.537950 -0.869321 4.889251
v 2.538745 -0.870403 4.888855
v 2.538745 -0.860306 4.888855
v 2.537950 -0.861388 4.889251
v 2.539714 -0.859418 4.888374
v 2.540382 -0.892652 4.888042
v 2.541007 -0.892080 4.887732
v 2.540820 -0.871951 4.887825
v 2.541719 -0.900156 4.887378
v 2.542019 -0.872358 4.887228
v 2.541719 -0.891655 4.887378
v 2.541719 -0.905330 4.887378
v 2.541007 -0.899731 4.887732
v 2.540820 -0.858758 4.887825
v 2.539870 -0.893349 4.888297
v 2.539714 -0.871291 4.888374
v 2.542019 -0.858352 4.887228
v 2.542492 -0.900418 4.886993
v 2.542492 -0.905068 4.886993
v 2.542909 -0.900464 4.886786
v 2.542492 -0.891393 4.886993
v 2.543267 -0.872495 4.886609
v 2.543296 -0.900507 4.886594
v 2.543296 -0.904980 4.886594
v 2.543683 -0.905023 4.886402
v 2.544100 -0.905068 4.886195
v 2.543296 -0.914182 4.886594
v 2.543296 -0.891304 4.886594
v 2.543267 -0.858214 4.886609
v 2.544873 -0.905330 4.885811
v 2.544873 -0.900156 4.885811
v 2.544100 -0.900418 4.886195
v 2.544100 -0.891393 4.886195
v 2.544514 -0.872358 4.885989
v 2.545585 -0.905755 4.885457
v 2.545585 -0.899731 4.885457
v 2.545585 -0.892080 4.885457
v 2.545714 -0.871951 4.885393
v 2.544873 -0.891655 4.885811
v 2.544873 -0.913832 4.885811
v 2.544238 -0.922789 4.886126
v 2.544100 -0.914094 4.886195
v 2.544514 -0.858352 4.885989
v 2.546210 -0.899159 4.885146
v 2.546210 -0.906328 4.885146
v 2.546210 -0.892652 4.885146
v 2.546722 -0.907025 4.884892
v 2.546722 -0.898462 4.884892
v 2.546210 -0.912835 4.885146
v 2.546722 -0.893349 4.884892
v 2.546819 -0.871291 4.884844
v 2.547068 -0.923252 4.884720
v 2.547103 -0.911342 4.884703
v 2.547038 -0.923172 4.884735
v 2.546940 -0.922924 4.884783
v 2.547103 -0.907820 4.884703
v 2.547103 -0.897666 4.884703
v 2.547338 -0.910479 4.884586
v 2.547338 -0.908684 4.884586
v 2.547338 -0.896803 4.884586
v 2.547338 -0.895008 4.884586
v 2.546633 -0.922789 4.884936
v 2.546869 -0.922891 4.884819
v 2.546722 -0.912137 4.884892
v 2.547103 -0.894145 4.884703
v 2.546819 -0.859418 4.884844
v 2.548583 -0.869321 4.883967
v 2.547788 -0.870403 4.884362
v 2.548583 -0.861388 4.883967
v 2.549538 -0.863962 4.883492
v 2.554797 -0.982354 4.880879
v 2.549538 -0.866748 4.883492
v 2.549661 -0.865355 4.883431
v 2.549174 -0.868087 4.883673
v 2.549174 -0.862622 4.883673
v 2.555372 -0.981712 4.880593
v 2.555246 -0.981992 4.880656
v 2.555465 -0.855216 4.880548
v 2.567974 -1.072840 4.874331
v 2.568057 -1.072658 4.874290
v 2.568057 -0.855118 4.874290
v 2.567974 -0.854936 4.874331
v 2.567788 -0.854727 4.874424
v 2.555048 -0.982213 4.880754
v 2.555421 -0.981403 4.880569
v 2.555421 -0.940162 4.880569
v 2.555421 -0.855527 4.880569
v 2.555779 -0.854727 4.880391
v 2.555592 -0.854936 4.880484
v 2.554520 -0.982408 4.881017
v 2.547788 -0.860306 4.884362
v 2.547068 -0.940109 4.884720
v 2.547417 -0.909581 4.884547
v 2.547417 -0.895906 4.884547
v 2.545585 -0.913407 4.885457
v 2.545714 -0.858758 4.885393
v 2.533949 -1.072249 4.891239
v 2.533993 -1.072560 4.891217
v 2.533949 -0.983413 4.891239
v 2.534121 -1.072840 4.891154
v 2.534121 -0.982822 4.891154
v 2.534320 -1.073063 4.891055
v 2.533993 -0.983102 4.891217
v 2.534571 -1.073205 4.890930
v 2.539176 -0.895906 4.888642
v 2.539176 -0.909581 4.888642
v 2.539255 -0.908684 4.888602
v 2.534849 -1.073254 4.890792
v 2.534320 -0.982600 4.891055
v 2.539489 -0.907820 4.888486
v 2.539255 -0.896803 4.888602
v 2.539576 -0.947961 4.888443
v 2.539605 -0.940189 4.888428
v 2.539576 -0.940109 4.888443
v 2.539489 -0.911342 4.888486
v 2.539576 -0.923252 4.888443
v 2.539489 -0.897666 4.888486
v 2.539703 -0.965146 4.888380
v 2.539774 -0.965179 4.888344
v 2.539605 -0.964899 4.888428
v 2.539703 -0.947634 4.888380
v 2.539774 -0.940470 4.888344
v 2.539703 -0.940437 4.888380
v 2.539939 -0.922822 4.888262
v 2.539703 -0.922924 4.888380
v 2.539673 -0.923004 4.888394
v 2.539870 -0.912137 4.888297
v 2.539870 -0.907025 4.888297
v 2.539870 -0.898462 4.888297
v 2.539673 -0.947714 4.888394
v 2.539489 -0.894145 4.888486
v 2.539576 -0.964819 4.888443
v 2.539255 -0.910479 4.888602
v 2.539255 -0.895008 4.888602
v 2.540011 -0.940572 4.888227
v 2.539939 -0.947532 4.888262
v 2.540011 -0.947499 4.888227
v 2.540382 -0.899159 4.888042
v 2.540382 -0.906328 4.888042
v 2.541007 -0.905755 4.887732
v 2.540382 -0.912835 4.888042
v 2.541719 -0.913832 4.887378
v 2.546633 -0.947499 4.884936
v 2.546633 -0.940572 4.884936
v 2.541548 -0.922789 4.887463
v 2.542492 -0.914094 4.886993
v 2.540011 -0.922789 4.888227
v 2.541007 -0.913407 4.887732
v 2.546970 -0.940357 4.884768
v 2.546940 -0.940437 4.884783
v 2.546869 -0.947601 4.884819
v 2.546940 -0.947634 4.884783
v 2.546704 -0.940539 4.884901
v 2.547068 -0.964819 4.884720
v 2.547068 -0.947961 4.884720
v 2.548075 -0.982408 4.884219
v 2.546940 -0.965146 4.884783
v 2.546970 -0.965066 4.884768
v 2.547038 -0.947881 4.884735
v 2.567775 -1.073063 4.874430
v 2.567246 -1.073254 4.874693
v 2.567524 -1.073205 4.874555
v 2.555241 -1.073254 4.880659
v 2.555601 -1.073254 4.880480
v 2.555961 -1.073254 4.880301
v 2.556321 -1.073254 4.880122
v 2.554520 -1.073254 4.881017
v 2.554880 -1.073254 4.880838
v 2.540011 -0.965282 4.888227
v 2.546633 -0.965282 4.884936
v 2.546704 -0.965249 4.884901
v 2.555790 -0.854713 4.880383
v 2.556302 -0.854521 4.880085
v 2.556029 -0.854571 4.880232
v 2.567228 -0.854521 4.874656
v 2.567510 -0.854571 4.874527
v 2.567774 -0.854713 4.874428
v 2.568098 -1.072560 4.874259
v 2.568137 -1.072249 4.874228
v 2.568137 -0.983413 4.874228
v 2.568137 -0.981805 4.874228
v 2.568137 -0.981403 4.874228
v 2.568137 -0.983011 4.874228
v 2.568137 -0.982609 4.874228
v 2.568137 -0.982207 4.874228
v 2.568137 -0.855527 4.874228
v 2.568098 -0.855216 4.874259
v 2.534995 -0.976291 4.890719
v 2.534919 -0.975929 4.890757
v 2.534431 -0.976291 4.890999
v 2.534345 -0.982585 4.891042
v 2.534912 -0.982408 4.890760
v 2.536967 -0.976475 4.889739
v 2.536967 -0.975845 4.889739
v 2.537064 -0.976207 4.889691
v 2.547576 -0.976475 4.884468
v 2.547523 -0.975845 4.884494
v 2.555421 -0.976475 4.880569
v 2.555421 -0.975845 4.880569
v 2.534813 -0.982408 4.890720
v 2.555281 -0.976201 4.880290
v 2.534473 -0.982457 4.890733
v 2.534526 -0.982440 4.890603
vn -0.1346 -0.9899 -0.0452
vn 0.0452 -0.9899 -0.1346
vn 0.1346 -0.9899 0.0452
vn -0.0000 -1.0000 -0.0000
vn -0.8955 -0.0000 0.4450
vn -0.5304 -0.1004 -0.8418
vn -0.5304 0.1004 -0.8418
vn -0.3506 0.1004 -0.9311
vn -0.3506 -0.1004 -0.9311
vn 0.0452 0.9899 -0.1346
vn -0.1346 0.9899 -0.0452
vn -0.0000 1.0000 -0.0000
vn 0.1346 0.9899 0.0452
vn 0.4450 -0.0000 0.8955
vn 0.2959 0.9201 -0.2566
vn 0.1655 0.8545 -0.4924
vn -0.0809 0.9201 -0.3833
vn 0.5896 0.7041 -0.3956
vn 0.4477 0.6663 -0.5963
vn 0.0033 0.6663 -0.7457
vn -0.2310 0.7041 -0.6715
vn 0.2601 0.5774 -0.7740
vn 0.8418 0.1004 -0.5304
vn 0.6552 0.0981 -0.7490
vn 0.6017 0.3673 -0.7092
vn 0.7803 0.3792 -0.4973
vn 0.3172 0.0919 -0.9439
vn 0.3002 0.3347 -0.8932
vn -0.3216 0.3792 -0.8676
vn -0.0513 0.3673 -0.9287
vn -0.0699 0.0981 -0.9927
vn -0.0809 -0.9201 -0.3833
vn 0.1655 -0.8545 -0.4924
vn 0.2959 -0.9201 -0.2566
vn -0.2310 -0.7041 -0.6715
vn 0.0033 -0.6663 -0.7457
vn 0.4477 -0.6663 -0.5963
vn 0.5896 -0.7041 -0.3956
vn 0.2601 -0.5774 -0.7740
vn -0.0699 -0.0981 -0.9927
vn -0.0513 -0.3673 -0.9287
vn -0.3216 -0.3792 -0.8676
vn 0.3172 -0.0919 -0.9439
vn 0.3002 -0.3347 -0.8932
vn 0.8418 -0.1004 -0.5304
vn 0.7803 -0.3792 -0.4973
vn 0.6017 -0.3674 -0.7092
vn 0.6552 -0.0981 -0.7490
vn 0.2566 0.9201 0.2959
vn 0.4924 0.8545 0.1655
vn 0.3833 0.9201 -0.0809
vn 0.3956 0.7041 0.5896
vn 0.5963 0.6663 0.4477
vn 0.7457 0.6663 0.0032
vn 0.6715 0.7041 -0.2310
vn 0.7740 0.5774 0.2601
vn 0.5569 0.1340 0.8197
vn 0.7490 0.0981 0.6552
vn 0.7092 0.3673 0.6017
vn 0.4973 0.3792 0.7803
vn 0.9439 0.0919 0.3172
vn 0.8932 0.3347 0.3002
vn 0.9311 0.1004 -0.3506
vn 0.8676 0.3792 -0.3216
vn 0.9287 0.3674 -0.0513
vn 0.9927 0.0981 -0.0698
vn 0.3833 -0.9201 -0.0809
vn 0.4924 -0.8545 0.1655
vn 0.2566 -0.9201 0.2959
vn 0.6715 -0.7041 -0.2310
vn 0.7457 -0.6663 0.0032
vn 0.5963 -0.6663 0.4477
vn 0.3957 -0.7041 0.5896
vn 0.7740 -0.5774 0.2601
vn 0.9311 -0.1004 -0.3506
vn 0.9927 -0.0981 -0.0698
vn 0.9287 -0.3674 -0.0513
vn 0.8676 -0.3792 -0.3216
vn 0.9439 -0.0919 0.3172
vn 0.8932 -0.3347 0.3002
vn 0.5569 -0.1340 0.8197
vn 0.4973 -0.3792 0.7803
vn 0.7092 -0.3673 0.6017
vn 0.7490 -0.0981 0.6552
vn -0.7490 0.0981 -0.6552
vn -0.7092 0.3673 -0.6017
vn -0.4973 0.3792 -0.7803
vn -0.9439 0.0919 -0.3172
vn -0.8932 0.3347 -0.3002
vn -0.5963 0.6663 -0.4477
vn -0.3956 0.7041 -0.5896
vn -0.7740 0.5774 -0.2601
vn -0.9389 0.1340 0.3170
vn -0.8676 0.3792 0.3216
vn -0.9287 0.3673 0.0513
vn -0.9927 0.0981 0.0699
vn -0.6715 0.7041 0.2310
vn -0.7457 0.6663 -0.0032
vn -0.2566 0.9201 -0.2959
vn -0.4924 0.8545 -0.1655
vn -0.3833 0.9201 0.0809
vn -0.4973 -0.3792 -0.7803
vn -0.7092 -0.3673 -0.6017
vn -0.7490 -0.0981 -0.6552
vn -0.3957 -0.7041 -0.5896
vn -0.5963 -0.6663 -0.4477
vn -0.8932 -0.3347 -0.3002
vn -0.9439 -0.0919 -0.3172
vn -0.7740 -0.5774 -0.2601
vn -0.3833 -0.9201 0.0809
vn -0.4924 -0.8545 -0.1655
vn -0.2566 -0.9201 -0.2959
vn -0.6715 -0.7041 0.2310
vn -0.7457 -0.6663 -0.0033
vn -0.9389 -0.1340 0.3170
vn -0.9927 -0.0981 0.0699
vn -0.9287 -0.3673 0.0513
vn -0.8676 -0.3792 0.3216
vn 0.3170 0.1340 0.9389
vn 0.3216 0.3792 0.8676
vn 0.0513 0.3673 0.9287
vn 0.0699 0.0981 0.9927
vn 0.2310 0.7041 0.6715
vn -0.0033 0.6663 0.7457
vn -0.3002 0.3347 0.8932
vn -0.3172 0.0919 0.9439
vn -0.2601 0.5774 0.7740
vn -0.0604 0.9819 0.1796
vn -0.2959 0.9201 0.2566
vn -0.1655 0.8545 0.4924
vn 0.0809 0.9201 0.3833
vn -0.5896 0.7041 0.3957
vn -0.4477 0.6663 0.5963
vn -0.8197 0.1340 0.5569
vn -0.6552 0.0981 0.7490
vn -0.6017 0.3674 0.7092
vn -0.7803 0.3792 0.4973
vn 0.3170 -0.1340 0.9389
vn 0.0699 -0.0981 0.9927
vn 0.0513 -0.3673 0.9287
vn 0.3216 -0.3792 0.8676
vn -0.3172 -0.0919 0.9439
vn -0.3002 -0.3347 0.8932
vn -0.0033 -0.6663 0.7457
vn 0.2310 -0.7041 0.6715
vn -0.2601 -0.5774 0.7740
vn -0.8197 -0.1340 0.5569
vn -0.7803 -0.3792 0.4973
vn -0.6017 -0.3674 0.7092
vn -0.6552 -0.0981 0.7490
vn -0.5896 -0.7041 0.3957
vn -0.4477 -0.6663 0.5963
vn -0.0604 -0.9819 0.1796
vn 0.0809 -0.9201 0.3833
vn -0.1655 -0.8545 0.4924
vn -0.2959 -0.9201 0.2566
vn 0.4365 0.1951 0.8783
vn 0.6112 -0.0000 0.7915
vn 0.0710 -0.9969 -0.0353
vn 0.1075 -0.9935 0.0361
vn -0.0361 -0.9935 0.1075
vn -0.0710 -0.9969 0.0353
vn -0.8556 0.0008 0.5177
vn -0.8531 0.0802 0.5155
vn -0.8927 0.0792 0.4436
vn 0.0325 -0.9993 -0.0161
vn 0.1083 -0.9934 0.0378
vn 0.1128 -0.9928 0.0413
vn 0.0768 -0.9963 -0.0382
vn 0.8955 -0.0000 -0.4450
vn 0.8922 -0.0858 -0.4434
vn 0.9263 -0.0860 -0.3667
vn 0.9261 -0.0802 -0.3686
vn 0.8928 -0.0785 -0.4436
vn 0.4402 -0.0883 0.8936
vn 0.5139 -0.0820 0.8539
vn 0.5139 0.0802 0.8541
vn 0.4430 0.0793 0.8930
vn -0.8541 -0.0802 0.5139
vn -0.8574 0.0006 0.5146
vn -0.8927 -0.0792 0.4436
vn 0.5237 0.0047 0.8519
vn 0.3692 -0.0008 0.9293
vn 0.3686 -0.0802 0.9261
vn 0.5155 -0.0802 0.8531
vn -0.0702 0.9969 0.0349
vn -0.0361 0.9936 0.1075
vn 0.0358 0.9969 0.0707
vn 0.4428 0.0829 0.8928
vn 0.3703 0.0820 0.9253
vn 0.3726 -0.0006 0.9280
vn 0.4513 -0.0071 0.8923
vn 0.9254 0.0802 -0.3703
vn 0.9254 -0.0802 -0.3703
vn 0.8928 0.0785 -0.4436
vn 0.0376 0.9966 0.0738
vn 0.0374 0.9965 0.0741
vn 0.1444 0.9480 0.2836
vn 0.1417 0.9501 0.2779
vn 0.2672 0.8069 0.5268
vn 0.2643 0.8111 0.5218
vn 0.3604 0.5936 0.7196
vn 0.3611 0.5899 0.7222
vn 0.0365 0.9966 0.0742
vn 0.1426 0.9471 0.2875
vn 0.2648 0.8043 0.5320
vn 0.3583 0.5943 0.7200
vn 0.4226 0.3096 0.8518
vn 0.4214 0.3171 0.8496
vn 0.4427 0.0812 0.8930
vn 0.4213 0.3209 0.8483
vn 0.4432 0.0827 0.8926
vn 0.4217 0.3209 0.8481
vn 0.4437 0.0827 0.8923
vn 0.3575 0.5943 0.7204
vn 0.4430 0.0830 0.8927
vn 0.4190 0.3182 0.8504
vn 0.4199 0.3119 0.8523
vn 0.3547 0.5906 0.7248
vn 0.3570 0.5849 0.7283
vn 0.2619 0.8048 0.5327
vn 0.2607 0.8075 0.5292
vn 0.2640 0.8042 0.5324
vn 0.1383 0.9509 0.2770
vn 0.1418 0.9484 0.2836
vn 0.0370 0.9967 0.0723
vn 0.1430 0.9471 0.2873
vn 0.0370 0.9966 0.0739
vn 0.9863 -0.0804 -0.1444
vn 0.9431 -0.3077 -0.1260
vn 0.8845 -0.3083 -0.3500
vn 0.8172 -0.5697 -0.0874
vn 0.7564 -0.5856 -0.2916
vn 0.6375 -0.7705 0.0024
vn 0.5579 -0.8072 -0.1926
vn 0.9835 -0.0758 0.1644
vn 0.9435 -0.2859 0.1674
vn 0.8424 -0.5155 0.1571
vn 0.6911 -0.6844 0.2322
vn 0.3120 -0.9478 -0.0652
vn 0.4117 -0.9006 0.1390
vn 0.2090 -0.9479 0.2404
vn 0.5091 -0.7707 0.3831
vn 0.3281 -0.8071 0.4908
vn 0.5988 -0.5698 0.5628
vn 0.4271 -0.5853 0.6892
vn 0.7662 -0.5156 0.3835
vn 0.4938 -0.3085 0.8130
vn 0.6764 -0.3068 0.6696
vn 0.6988 -0.0801 0.7108
vn 0.8531 -0.2854 0.4367
vn 0.8833 -0.0754 0.4628
vn -0.2404 0.9478 0.2093
vn -0.1378 0.9006 0.4121
vn 0.0654 0.9479 0.3117
vn -0.0021 0.7707 0.6372
vn 0.1935 0.8064 0.5588
vn 0.0869 0.5698 0.8172
vn 0.2920 0.5839 0.7575
vn -0.4905 0.8072 0.3283
vn -0.3831 0.7705 0.5096
vn -0.2323 0.6844 0.6911
vn -0.1571 0.5156 0.8423
vn 0.3497 0.3096 0.8842
vn 0.1252 0.3068 0.9435
vn 0.1457 0.0802 0.9861
vn -0.1672 0.2854 0.9437
vn -0.1664 0.0754 0.9832
vn -0.4364 0.2858 0.8531
vn -0.4641 0.0757 0.8826
vn -0.3835 0.5155 0.7663
vn -0.7107 0.0804 0.6989
vn -0.6700 0.3077 0.6756
vn -0.8132 0.3083 0.4936
vn -0.5632 0.5697 0.5986
vn -0.6892 0.5856 0.4267
vn 0.1443 -0.0804 0.9863
vn 0.1260 -0.3077 0.9431
vn 0.3500 -0.3083 0.8846
vn 0.0874 -0.5696 0.8172
vn 0.2916 -0.5855 0.7564
vn -0.0024 -0.7704 0.6375
vn 0.1926 -0.8072 0.5579
vn -0.1631 -0.0758 0.9837
vn -0.1674 -0.2859 0.9435
vn -0.1571 -0.5155 0.8424
vn -0.2322 -0.6844 0.6911
vn 0.0652 -0.9478 0.3120
vn -0.1391 -0.9006 0.4117
vn -0.2404 -0.9479 0.2090
vn -0.3831 -0.7707 0.5091
vn -0.4908 -0.8071 0.3281
vn -0.5628 -0.5698 0.5988
vn -0.6892 -0.5853 0.4271
vn -0.3835 -0.5156 0.7662
vn -0.8130 -0.3085 0.4938
vn -0.6696 -0.3068 0.6764
vn -0.7117 -0.0802 0.6979
vn -0.4367 -0.2854 0.8531
vn -0.4611 -0.0754 0.8841
vn 0.4429 -0.0945 0.8916
vn 0.4524 -0.2772 0.8476
vn 0.4274 -0.3022 0.8520
vn 0.4847 -0.5102 0.7105
vn 0.4012 -0.5658 0.7204
vn 0.4652 -0.7677 0.4408
vn 0.3274 -0.8049 0.4950
vn 0.4529 -0.0835 0.8877
vn 0.4881 -0.2146 0.8460
vn 0.5883 -0.3812 0.7131
vn 0.6670 -0.6155 0.4198
vn 0.2097 -0.9472 0.2427
vn 0.3896 -0.9054 0.1689
vn 0.3154 -0.9482 -0.0388
vn 0.6331 -0.7696 0.0835
vn 0.5714 -0.8086 -0.1400
vn 0.8520 -0.5229 -0.0260
vn 0.7823 -0.5706 -0.2499
vn 0.8514 -0.4059 0.3322
vn 0.8929 -0.3010 -0.3348
vn 0.9543 -0.2760 -0.1147
vn 0.9858 -0.0873 -0.1438
vn 0.9534 -0.2203 0.2060
vn 0.9818 -0.0764 0.1739
vn 0.8333 -0.1176 0.5402
vn 0.8720 -0.0359 0.4883
vn 0.7402 -0.2111 0.6384
vn 0.6957 -0.0000 0.7183
vn 0.6770 -0.0278 0.7355
vn 0.5303 -0.0001 0.8478
vn 0.6265 -0.0643 0.7768
vn 0.5195 -0.0120 0.8544
vn 0.5618 -0.0709 0.8242
vn 0.4959 -0.0146 0.8683
vn 0.6153 -0.2133 0.7589
vn 0.4704 -0.0145 0.8824
vn 0.4992 -0.0624 0.8642
vn 0.4577 -0.0286 0.8886
vn 0.5032 -0.1363 0.8533
vn 0.4573 -0.0577 0.8874
vn 0.1458 -0.0005 0.9893
vn 0.1380 -0.0007 0.9904
vn 0.3708 -0.0009 0.9287
vn 0.1341 -0.0002 0.9910
vn 0.3694 -0.0003 0.9293
vn 0.1341 0.0002 0.9910
vn 0.3694 0.0003 0.9293
vn -0.1690 0.0020 0.9856
vn -0.1734 0.0025 0.9848
vn -0.1743 0.0005 0.9847
vn -0.1743 -0.0004 0.9847
vn 0.3691 -0.0005 0.9294
vn 0.1369 -0.0032 0.9906
vn 0.1435 -0.0033 0.9897
vn -0.1698 -0.0049 0.9855
vn -0.1629 -0.0045 0.9866
vn -0.4566 -0.0025 0.8897
vn -0.4606 -0.0020 0.8876
vn -0.4558 -0.0005 0.8901
vn -0.7137 0.0006 0.7004
vn -0.7082 0.0007 0.7060
vn -0.8564 0.0009 0.5163
vn -0.7053 0.0002 0.7089
vn -0.8557 0.0003 0.5175
vn -0.7054 -0.0002 0.7088
vn -0.8556 -0.0003 0.5176
vn -0.4558 0.0004 0.8901
vn -0.8555 0.0005 0.5178
vn -0.7074 0.0032 0.7069
vn -0.7120 0.0033 0.7021
vn -0.4598 0.0049 0.8880
vn -0.4660 0.0045 0.8847
vn 0.1083 0.9934 0.0378
vn 0.2097 0.9475 0.2415
vn 0.4121 0.9006 0.1378
vn 0.3117 0.9479 -0.0654
vn 0.6371 0.7707 0.0021
vn 0.5579 0.8071 -0.1930
vn 0.8172 0.5698 -0.0869
vn 0.7566 0.5853 -0.2914
vn 0.3276 0.8083 0.4892
vn 0.5096 0.7705 0.3831
vn 0.6911 0.6845 0.2323
vn 0.8423 0.5156 0.1571
vn 0.8846 0.3084 -0.3497
vn 0.9435 0.3068 -0.1252
vn 0.9861 0.0802 -0.1457
vn 0.9437 0.2854 0.1672
vn 0.9834 0.0754 0.1652
vn 0.8531 0.2858 0.4364
vn 0.8834 0.0758 0.4624
vn 0.7663 0.5155 0.3835
vn 0.6980 0.0805 0.7116
vn 0.6756 0.3077 0.6700
vn 0.4936 0.3083 0.8132
vn 0.5986 0.5696 0.5632
vn 0.4264 0.5866 0.6886
vn 0.4936 -0.3096 0.8127
vn 0.6979 -0.0802 0.7117
vn 0.8836 -0.0754 0.4622
vn 0.9435 -0.2858 0.1674
vn 0.9834 -0.0758 0.1650
vn 0.4272 -0.5848 0.6896
vn 0.9861 -0.0805 -0.1456
vn 0.7564 -0.5855 -0.2916
vn 0.2094 -0.9475 0.2415
vn 0.3278 -0.8075 0.4904
vn 0.2818 -0.9492 -0.1400
vn 0.5346 -0.8023 -0.2657
vn 0.6332 -0.7071 -0.3147
vn 0.7245 -0.5878 -0.3600
vn 0.8517 -0.3090 -0.4232
vn -0.2767 0.9511 0.1375
vn -0.5264 0.8090 0.2616
vn -0.7245 0.5878 0.3600
vn -0.8500 0.3147 0.4224
vn -0.7979 0.4540 0.3965
vn -0.2818 -0.9492 0.1401
vn -0.5346 -0.8023 0.2657
vn -0.7245 -0.5878 0.3600
vn -0.6332 -0.7071 0.3147
vn -0.8500 -0.3147 0.4224
vn -0.7979 -0.4540 0.3965
vn 0.8503 -0.3136 -0.4226
vn 0.7258 -0.5858 -0.3607
vn 0.5246 -0.8105 -0.2607
vn 0.2809 -0.9495 -0.1396
vn 0.0702 0.9969 -0.0349
vn 0.2767 0.9511 -0.1375
vn 0.5264 0.8090 -0.2616
vn 0.7245 0.5878 -0.3600
vn 0.8517 0.3090 -0.4232
vn 0.3359 -0.9270 -0.1669
vn 0.1401 -0.9877 -0.0696
vn 0.5264 -0.8090 -0.2616
vn 0.4065 -0.8910 -0.2020
vn 0.8783 -0.1951 -0.4365
vn 0.8274 -0.3827 -0.4111
vn -0.8783 0.1951 0.4365
vn -0.8274 0.3827 0.4111
vn -0.1747 -0.9808 0.0868
vn 0.7446 0.5556 -0.3700
vn 0.8274 0.3827 -0.4111
vn -0.0164 0.4187 0.9080
vn 0.0639 0.4924 0.8680
vn -0.7446 -0.5556 0.3700
vn 0.6332 0.7071 -0.3147
vn 0.7446 -0.5556 -0.3700
vn 0.8783 0.1951 -0.4365
vn -0.4975 -0.8315 0.2472
vn -0.8783 -0.1951 0.4365
vn -0.3427 -0.9239 0.1703
vn 0.4975 -0.8315 -0.2472
vn -0.8274 -0.3827 0.4111
vn -0.7446 0.5556 0.3700
vn 0.3427 -0.9239 -0.1703
vn 0.4975 0.8315 -0.2472
vn -0.6332 0.7071 0.3147
vn 0.3427 0.9239 -0.1703
vn -0.4975 0.8315 0.2472
vn 0.1747 0.9808 -0.0868
vn -0.3427 0.9239 0.1703
vn -0.1747 0.9808 0.0868
vn 0.1747 -0.9808 -0.0868
vn -0.1616 -0.1155 0.9801
vn -0.1717 -0.0000 0.9851
vn 0.4357 0.8881 0.1464
vn 0.9399 0.3251 -0.1041
vn 0.6863 0.3251 0.6506
vn 0.4357 -0.8881 0.1464
vn 0.6863 -0.3250 0.6506
vn 0.9399 -0.3251 -0.1041
vn -0.1464 0.8881 0.4357
vn 0.1041 0.3251 0.9399
vn -0.6506 0.3251 0.6863
vn -0.1464 -0.8881 0.4358
vn -0.6506 -0.3251 0.6863
vn 0.1041 -0.3251 0.9399
vn 0.7538 -0.0000 0.6571
vn 0.9977 -0.0000 -0.0684
vn 0.1703 0.9239 0.3427
vn 0.4111 0.3827 0.8274
vn 0.1703 -0.9239 0.3427
vn 0.4111 -0.3827 0.8274
vn -0.6571 -0.0000 0.7538
vn 0.0684 -0.0000 0.9977
vn -0.1464 -0.8881 0.4357
vn 0.0639 -0.4924 0.8680
vn -0.0164 -0.4187 0.9080
vn 0.7336 -0.4187 0.5353
vn 0.6532 -0.4924 0.5752
vn 0.8787 -0.1155 0.4631
vn 0.8485 -0.2266 0.4781
vn 0.8787 0.1155 0.4631
vn 0.8889 -0.0000 0.4581
vn -0.0824 0.3290 0.9407
vn -0.0824 -0.3290 0.9407
vn -0.1314 -0.2266 0.9651
vn 0.5615 0.5471 0.6208
vn 0.6532 0.4924 0.5752
vn 0.7336 0.4187 0.5353
vn 0.1556 0.5471 0.8225
vn 0.7995 -0.3290 0.5025
vn -0.1314 0.2266 0.9651
vn 0.3586 0.5922 0.7216
vn 0.4620 0.5808 0.6702
vn 0.1556 -0.5471 0.8225
vn 0.5615 -0.5471 0.6208
vn -0.1616 0.1155 0.9801
vn 0.2551 -0.5808 0.7730
vn 0.4620 -0.5808 0.6702
vn 0.2551 0.5808 0.7730
vn 0.7995 0.3290 0.5025
vn 0.3586 -0.5922 0.7216
vn 0.8485 0.2266 0.4781
vn 0.4101 0.5912 0.6945
vn 0.3058 -0.5912 0.7463
vn -0.2325 0.2654 0.9357
vn 0.1195 0.6037 0.7882
vn 0.8862 -0.2654 0.3798
vn 0.5560 -0.6037 0.5712
vn 0.9782 -0.0000 0.2075
vn 0.3098 0.7178 0.6235
vn -0.2313 -0.2651 0.9361
vn 0.1201 -0.6029 0.7887
vn 0.8858 0.2650 0.3810
vn 0.5561 0.6029 0.5721
vn 0.3098 -0.7178 0.6235
vn -0.4254 -0.0000 0.9050
vn -0.2313 -0.2650 0.9361
vn 0.6524 0.4882 0.5797
vn 0.7320 0.4152 0.5401
vn -0.1256 -0.2247 0.9663
vn -0.1556 -0.1146 0.9812
vn 0.7974 0.3262 0.5076
vn -0.1657 -0.0000 0.9862
vn 0.8460 0.2247 0.4835
vn -0.1555 0.1146 0.9812
vn 0.8760 0.1146 0.4686
vn -0.1256 0.2247 0.9663
vn 0.8861 -0.0000 0.4636
vn -0.0770 0.3262 0.9421
vn 0.8760 -0.1146 0.4686
vn -0.0116 0.4152 0.9096
vn 0.8460 -0.2247 0.4835
vn 0.0681 0.4882 0.8701
vn 0.7974 -0.3262 0.5076
vn 0.1590 0.5425 0.8249
vn 0.3602 -0.5872 0.7249
vn 0.2576 -0.5759 0.7759
vn 0.7320 -0.4152 0.5401
vn 0.2576 0.5759 0.7759
vn 0.1590 -0.5425 0.8249
vn 0.6524 -0.4883 0.5797
vn 0.3602 0.5872 0.7249
vn 0.0681 -0.4882 0.8701
vn 0.5614 -0.5425 0.6249
vn 0.4628 0.5759 0.6739
vn -0.0116 -0.4152 0.9096
vn 0.4628 -0.5759 0.6739
vn 0.5614 0.5425 0.6249
vn -0.0770 -0.3262 0.9421
vn 0.3890 -0.6718 0.6303
vn 0.2939 0.7509 0.5914
vn 0.3341 -0.6604 0.6724
vn 0.9255 -0.0101 0.3785
vn -0.3785 0.0114 0.9255
vn 0.6504 -0.3548 -0.6716
vn -0.0184 0.9988 0.0451
vt 0.169655 0.352401
vt 0.000000 0.000000
vt 0.169655 0.352401
vt 0.000000 0.000000
vt 0.000000 0.000000
vt 0.169655 0.852401
vt 0.000000 0.000000
vt 0.000000 0.000000
vt 0.169655 0.352401
vt 0.169655 0.352401
vt 0.000000 0.000000
vt 0.000000 0.000000
vt 0.169655 0.352401
vt 0.000000 0.000000
vt 0.169655 0.352401
vt 0.169655 0.352401
vt 0.000000 0.000000
vt 0.000000 0.000000
vt 0.169655 0.352401
vt 0.169655 0.852401
vt 0.000000 0.000000
vt 0.169655 0.352401
vt 0.000000 0.000000
vt 0.169655 0.352401
vt 0.169655 0.852401
vt 0.000000 0.000000
vt 0.000000 0.000000
vt 0.169655 0.352401
vt 0.000000 0.000000
vt 0.169655 0.352401
vt 0.000000 0.000000
vt 0.169655 0.352401
vt 0.169655 0.852400
vt 0.000000 0.000000
vt 0.169655 0.852400
vt 0.169655 0.352401
vt 0.169655 0.852401
vt 0.000000 0.000000
vt 0.169655 0.852401
vt 0.000000 0.000000
vt 0.000000 0.000000
vt 0.169655 0.852401
vt 0.169655 0.352401
vt 0.169655 0.852401
vt 0.000000 0.000000
vt 0.169655 0.352401
vt 0.000000 0.000000
vt 0.169655 0.852401
vt 0.000000 0.000000
vt 0.169655 0.352401
vt 0.000000 0.000000
vt 0.169655 0.352401
vt 0.000000 0.000000
vt 0.169655 0.352401
vt 0.169655 0.852401
vt 0.000000 0.000000
vt 0.169655 0.352401
vt 0.000000 0.000000
vt 0.169655 0.352401
vt 0.000000 0.000000
vt 0.000000 0.000000
vt 0.169655 0.352401
vt 0.169655 0.852401
vt 0.169655 0.852401
vt 0.169655 0.352401
vt 0.000000 0.000000
vt 0.000000 0.000000
vt 0.169655 0.852401
vt 0.169655 0.352401
vt 0.169655 0.852401
vt 0.000000 0.000000
vt 0.000000 0.000000
vt 0.169655 0.852400
vt 0.000000 0.000000
vt 0.169655 0.852401
vt 0.169655 0.852401
vt 0.169655 0.352401
vt 0.169655 0.352401
vt 0.169655 0.352401
vt 0.169655 0.352401
vt 0.169655 0.352401
vt 0.169655 0.352401
vt 0.169655 0.352401
vt 1.508209 1.211252
vt 0.169655 0.352401
vt 0.169655 0.352401
vt 0.169655 0.352401
vt 1.508209 1.234632
vt 0.169655 0.352401
vt 0.169655 0.352401
vt 0.169655 0.352401
vt 1.543723 1.234632
vt 1.603583 1.224751
vt 0.169655 0.352401
vt 1.544707 1.211252
vt 1.603583 1.211252
vt 0.169655 0.352401
vt 1.508209 1.220199
vt 1.545622 1.220424
vt 1.603583 1.219959
vt 0.169655 0.352401
vt 0.169655 0.352401
vt 0.169655 0.352401
vt 0.169655 0.352401
vt 0.169655 0.352401
vt 0.169655 0.352401
vt 0.169655 0.352401
vt 0.169655 0.352401
vt 1.508209 -0.841639
vt 0.169655 0.352401
vt 0.169655 0.352401
vt 0.169655 0.352401
vt 0.169655 0.352401
vt 0.169655 0.352401
vt 0.169655 0.352401
vt 1.563273 -0.865019
vt 0.169655 0.352401
vt 1.603583 -0.841639
vt 0.169655 0.352401
vt 0.169655 0.352401
vt 0.169655 0.352401
vt 0.169655 0.352401
vt 1.603583 -0.850345
vt 1.508209 -0.850586
vt 0.169655 0.352401
vt 1.508209 -0.865019
vt 1.544707 -0.841639
vt 1.545622 -0.850810
vt 0.169655 0.352401
vt 1.543723 -0.865019
vt 0.169655 0.852401
vt 0.169655 0.352401
vt 0.169655 0.352401
vt 0.169655 0.852401
vt 0.169655 0.852401
vt 0.169655 0.352401
vt 0.169655 0.852400
vt 0.169655 0.852401
vt 0.169655 0.852401
vt 0.169655 0.352401
vt 0.169655 0.852401
vt 0.169655 0.352401
vt 0.169655 0.352401
vt 0.169655 0.352401
vt 0.169655 0.352401
vt 0.169655 0.352401
vt 0.169655 0.352401
vt 0.169655 0.352401
vt 0.169655 0.352401
vt 0.169655 0.852401
vt 0.169655 0.352401
vt 0.169655 0.352401
vt 0.169655 0.852401
vt 0.169655 0.352401
vt 0.169655 0.852401
vt 0.169655 0.352401
vt 0.169655 0.352401
vt 0.169655 0.852400
vt 0.169655 0.352401
vt 0.169655 0.852401
vt 0.169655 0.852401
vt 0.169655 0.852401
vt 0.169655 0.852401
vt 0.169655 0.352401
vt 0.169655 0.852401
vt 0.169655 0.352401
vt 0.169655 0.352401
vt 0.169655 0.352401
vt 0.169655 0.352401
vt 0.169655 0.352401
vt 0.169655 0.352401
vt 0.169655 0.352401
vt 0.169655 0.852401
vt 0.169655 0.352401
vt 0.169655 0.352401
vt 0.169655 0.352401
vt 0.169655 0.852401
vt 0.169655 0.352401
vt 0.030597 1.211252
vt 0.169655 0.352401
vt 0.169655 0.352401
vt 0.030597 1.220199
vt 0.169655 0.352401
vt 0.030597 1.234632
vt -0.005902 1.211252
vt -0.006816 1.220424
vt -0.004918 1.234632
vt 0.169655 0.352401
vt -0.024468 1.234632
vt 0.169655 0.352401
vt 0.169655 0.352401
vt 0.169655 0.352401
vt 0.169655 0.352401
vt 0.169655 0.352401
vt 0.000000 0.000000
vt 0.169655 0.352401
vt 0.169655 0.352401
vt 0.000000 0.000000
vt -0.064778 1.211252
vt 0.169655 0.352401
vt 0.000000 0.000000
vt 0.169655 0.352401
vt 0.000000 0.000000
vt 0.169655 0.352401
vt 0.000000 0.000000
vt 0.000000 0.000000
vt -0.064778 1.219959
vt 0.169655 0.352401
vt 0.000000 0.000000
vt 0.030597 -0.841639
vt 0.169655 0.352401
vt 0.000000 0.000000
vt 0.169655 0.352401
vt 0.000000 0.000000
vt -0.005902 -0.841639
vt 0.000000 0.000000
vt 0.000000 0.000000
vt -0.064778 -0.841639
vt 0.169655 0.352401
vt 0.000000 0.000000
vt 0.030597 -0.850586
vt -0.006816 -0.850810
vt 0.000000 0.000000
vt 0.000000 0.000000
vt -0.064778 -0.850345
vt 0.169655 0.352401
vt 0.000000 0.000000
vt -0.064778 -0.855138
vt 0.169655 0.352401
vt 0.000000 0.000000
vt 0.169655 0.352401
vt 0.000000 0.000000
vt 0.169655 0.352401
vt 0.169655 0.352401
vt 0.000000 0.000000
vt 0.000000 0.000000
vt 0.169655 0.352401
vt 0.000000 0.000000
vt 0.169655 0.352401
vt 0.000000 0.000000
vt 0.169655 0.352401
vt 0.000000 0.000000
vt 0.169655 0.352401
vt 0.030597 -0.865019
vt 0.000000 0.000000
vt 0.169655 0.352401
vt 0.000000 0.000000
vt 0.169655 0.352401
vt 0.000000 0.000000
vt -0.004918 -0.865019
vt 0.169655 0.352401
vt 0.000000 0.000000
vt 0.000000 0.000000
vt 0.000000 0.000000
vt 0.000000 0.000000
vt 0.000000 0.000000
vt 0.000000 0.000000
vt 0.000000 0.000000
vt 0.000000 0.000000
vt 0.000000 0.000000
vt 0.000000 0.000000
vt 0.000000 0.000000
vt 0.000000 0.000000
vt 0.000000 0.000000
vt 0.000000 0.000000
vt 0.000000 0.000000
vt 0.000000 0.000000
vt 0.000000 0.000000
vt 0.000000 0.000000
vt 0.000000 0.000000
vt 0.000000 0.000000
vt 0.000000 0.000000
vt 0.000000 0.000000
vt 0.000000 0.000000
vt 0.000000 0.000000
vt 0.000000 0.000000
vt 0.000000 0.000000
vt 0.000000 0.000000
vt 0.000000 0.000000
vt 0.000000 0.000000
vt 0.000000 0.000000
vt 0.000000 0.000000
vt 0.000000 0.000000
vt 0.000000 0.000000
vt 0.000000 0.000000
vt 0.000000 0.000000
vt 0.000000 0.000000
vt 0.000000 0.000000
vt 0.000000 0.000000
vt 0.000000 0.000000
vt 0.000000 0.000000
vt 0.000000 0.000000
vt 0.000000 0.000000
vt 0.000000 0.000000
vt 0.000000 0.000000
vt 0.000000 0.000000
vt 0.000000 0.000000
vt 0.000000 0.000000
vt 0.000000 0.000000
vt 0.000000 0.000000
vt 0.000000 0.000000
vt 0.000000 0.000000
vt 0.000000 0.000000
vt 0.000000 0.000000
vt 0.000000 0.000000
vt 0.000000 0.000000
vt 0.000000 0.000000
vt 0.000000 0.000000
vt 0.000000 0.000000
vt 0.000000 0.000000
vt 0.000000 0.000000
vt 0.000000 0.000000
vt 0.000000 0.000000
vt 0.000000 0.000000
vt 0.000000 0.000000
vt 0.000000 0.000000
vt 0.000000 0.000000
vt 0.000000 0.000000
vt 0.000000 0.000000
vt 0.000000 0.000000
vt 0.000000 0.000000
vt 0.000000 0.000000
vt 0.000000 0.000000
vt 0.000000 0.000000
vt 0.000000 0.000000
vt 0.000000 0.000000
vt 0.000000 0.000000
vt 0.000000 0.000000
vt 0.000000 0.000000
vt 0.000000 0.000000
vt 0.000000 0.000000
vt 0.000000 0.000000
vt 0.000000 0.000000
vt 0.000000 0.000000
vt 0.000000 0.000000
vt 0.000000 0.000000
vt 0.000000 0.000000
vt 0.000000 0.000000
vt 0.000000 0.000000
vt 0.000000 0.000000
vt 0.000000 0.000000
vt 0.000000 0.000000
vt 0.000000 0.000000
vt 0.000000 0.000000
vt 0.000000 0.000000
vt 0.000000 0.000000
vt 0.000000 0.000000
vt 0.000000 0.000000
vt 0.000000 0.000000
vt 0.000000 0.000000
vt 0.000000 0.000000
vt 0.000000 0.000000
vt 0.000000 0.000000
vt 0.000000 0.000000
vt 0.000000 0.000000
vt 0.000000 0.000000
vt 0.000000 0.000000
vt 0.000000 0.000000
vt 0.000000 0.000000
vt 0.000000 0.000000
vt 0.000000 0.000000
vt 0.000000 0.000000
vt 0.000000 0.000000
vt 0.000000 0.000000
vt 0.000000 0.000000
vt 0.000000 0.000000
vt 0.000000 0.000000
vt 0.000000 0.000000
vt 0.000000 0.000000
vt 0.000000 0.000000
vt 0.000000 0.000000
vt 0.000000 0.000000
vt 0.000000 0.000000
vt 0.000000 0.000000
vt 0.000000 0.000000
vt 0.000000 0.000000
vt 0.000000 0.000000
vt 0.000000 0.000000
vt 0.000000 0.000000
vt 0.000000 0.000000
vt 0.000000 0.000000
vt 0.000000 0.000000
vt 0.000000 0.000000
vt 0.000000 0.000000
vt 0.000000 0.000000
vt 0.000000 0.000000
vt 0.000000 0.000000
vt 0.000000 0.000000
vt 0.000000 0.000000
vt 0.000000 0.000000
vt 0.000000 0.000000
vt 0.000000 0.000000
vt 0.000000 0.000000
vt 0.000000 0.000000
vt 0.000000 0.000000
vt 0.000000 0.000000
vt 0.000000 0.000000
vt 0.000000 0.000000
vt 0.000000 0.000000
vt 0.000000 0.000000
vt 0.000000 0.000000
vt 0.000000 0.000000
vt 0.000000 0.000000
vt 0.000000 0.000000
vt 0.000000 0.000000
vt 0.000000 0.000000
vt 0.000000 0.000000
vt 0.000000 0.000000
vt 0.000000 0.000000
vt 0.000000 0.000000
vt 0.000000 0.000000
vt 0.000000 0.000000
vt 0.000000 0.000000
vt 0.000000 0.000000
vt 0.000000 0.000000
vt 0.000000 0.000000
vt 0.000000 0.000000
vt 0.000000 0.000000
vt 0.000000 0.000000
vt 0.000000 0.000000
vt 0.000000 0.000000
vt 0.000000 0.000000
vt 0.000000 0.000000
vt 0.000000 0.000000
vt 0.000000 0.000000
vt 0.000000 0.000000
vt 0.000000 0.000000
vt 0.000000 0.000000
vt 0.000000 0.000000
vt 0.000000 0.000000
vt 0.000000 0.000000
vt 0.000000 0.000000
vt 0.000000 0.000000
vt 0.000000 0.000000
vt 0.000000 0.000000
vt 0.000000 0.000000
vt 0.000000 0.000000
vt 0.000000 0.000000
vt 0.000000 0.000000
vt 0.000000 0.000000
vt 0.000000 0.000000
vt 0.000000 0.000000
vt 0.000000 0.000000
vt 0.000000 0.000000
vt 0.000000 0.000000
vt 0.000000 0.000000
vt 0.000000 0.000000
vt 0.000000 0.000000
vt 0.000000 0.000000
vt 0.000000 0.000000
vt 0.000000 0.000000
vt 0.000000 0.000000
vt 0.000000 0.000000
vt 0.000000 0.000000
vt 0.000000 0.000000
vt 0.000000 0.000000
vt 0.000000 0.000000
vt 0.000000 0.000000
vt 0.000000 0.000000
vt 0.000000 0.000000
vt 0.000000 0.000000
vt 0.000000 0.000000
vt 0.000000 0.000000
vt 0.000000 0.000000
vt 0.000000 0.000000
vt 0.000000 0.000000
vt 0.000000 0.000000
vt 0.000000 0.000000
vt 0.000000 0.000000
vt 0.000000 0.000000
vt 0.000000 0.000000
vt 0.000000 0.000000
vt 0.000000 0.000000
vt 0.000000 0.000000
vt 0.000000 0.000000
vt 0.000000 0.000000
vt 0.000000 0.000000
vt 0.000000 0.000000
vt 0.000000 0.000000
vt 0.000000 0.000000
vt 0.000000 0.000000
vt 0.000000 0.000000
vt 0.000000 0.000000
vt 0.000000 0.000000
vt 0.000000 0.000000
vt 0.000000 0.000000
vt 0.000000 0.000000
vt 0.000000 0.000000
vt 0.000000 0.000000
vt 0.000000 0.000000
vt 0.000000 0.000000
vt 0.000000 0.000000
vt 0.000000 0.000000
vt 0.000000 0.000000
vt 0.000000 0.000000
vt 0.000000 0.000000
vt 0.000000 0.000000
vt 0.000000 0.000000
vt 0.000000 0.000000
vt 0.000000 0.000000
vt 0.000000 0.000000
vt 0.000000 0.000000
vt 0.000000 0.000000
vt 0.000000 0.000000
vt 0.000000 0.000000
vt 0.000000 0.000000
vt 0.000000 0.000000
vt 0.000000 0.000000
vt 0.000000 0.000000
vt 0.000000 0.000000
vt 0.000000 0.000000
vt 0.000000 0.000000
vt 0.000000 0.000000
vt 0.000000 0.000000
vt 0.000000 0.000000
vt 0.000000 0.000000
vt 0.000000 0.000000
vt 0.000000 0.000000
vt 0.000000 0.000000
vt 0.000000 0.000000
vt 0.000000 0.000000
vt 0.000000 0.000000
vt 0.000000 0.000000
vt 0.000000 0.000000
vt 0.000000 0.000000
vt 0.000000 0.000000
vt 0.000000 0.000000
vt 0.000000 0.000000
vt 0.000000 0.000000
vt 0.000000 0.000000
vt 0.000000 0.000000
vt 0.000000 0.000000
vt 0.000000 0.000000
vt 0.000000 0.000000
vt 0.000000 0.000000
vt 0.000000 0.000000
vt 0.000000 0.000000
vt 0.000000 0.000000
vt 0.000000 0.000000
vt 0.000000 0.000000
vt 0.000000 0.000000
vt 0.000000 0.000000
vt 0.000000 0.000000
vt 0.000000 0.000000
vt 0.000000 0.000000
vt 0.000000 0.000000
vt 0.000000 0.000000
vt 0.000000 0.000000
vt 0.000000 0.000000
vt 0.000000 0.000000
vt 0.000000 0.000000
vt 0.000000 0.000000
vt 0.000000 0.000000
vt 0.000000 0.000000
vt 0.000000 0.000000
vt 0.000000 0.000000
vt 0.000000 0.000000
vt 0.000000 0.000000
vt 0.000000 0.000000
vt 0.000000 0.000000
vt 0.000000 0.000000
vt 0.000000 0.000000
vt 0.000000 0.000000
vt 0.000000 0.000000
vt 0.000000 0.000000
vt 0.000000 0.000000
vt 0.000000 0.000000
vt 0.000000 0.000000
vt 0.000000 0.000000
vt 0.000000 0.000000
vt 0.000000 0.000000
vt 0.000000 0.000000
vt 0.000000 0.000000
vt 0.000000 0.000000
vt 0.000000 0.000000
vt 0.000000 0.000000
vt 0.000000 0.000000
vt 0.000000 0.000000
vt 0.000000 0.000000
vt 0.000000 0.000000
vt 0.000000 0.000000
vt 0.000000 0.000000
vt 0.000000 0.000000
vt 0.000000 0.000000
vt 0.000000 0.000000
vt 0.000000 0.000000
vt 0.000000 0.000000
vt 0.000000 0.000000
vt 0.000000 0.000000
vt 0.000000 0.000000
vt 0.000000 0.000000
vt 0.000000 0.000000
vt 0.000000 0.000000
vt 0.000000 0.000000
vt 0.000000 0.000000
vt 0.000000 0.000000
vt 0.000000 0.000000
vt 0.000000 0.000000
vt 0.000000 0.000000
vt 0.000000 0.000000
vt 0.000000 0.000000
vt 0.000000 0.000000
vt 0.000000 0.000000
vt 0.000000 0.000000
vt 0.000000 0.000000
vt 0.000000 0.000000
vt 0.000000 0.000000
vt 0.000000 0.000000
vt 0.000000 0.000000
vt 0.000000 0.000000
vt 0.000000 0.000000
vt 0.000000 0.000000
vt 0.000000 0.000000
vt 0.000000 0.000000
vt 0.000000 0.000000
vt 0.000000 0.000000
vt 0.000000 0.000000
vt 0.000000 0.000000
vt 0.000000 0.000000
vt 0.000000 0.000000
vt 0.000000 0.000000
vt 0.000000 0.000000
vt 0.000000 0.000000
vt 0.000000 0.000000
vt 0.000000 0.000000
vt 0.000000 0.000000
vt 0.000000 0.000000
vt 0.000000 0.000000
vt 0.000000 0.000000
vt 0.000000 0.000000
vt 0.000000 0.000000
vt 0.000000 0.000000
vt 0.000000 0.000000
vt 0.000000 0.000000
vt 0.000000 0.000000
vt 0.000000 0.000000
vt 0.000000 0.000000
vt 0.000000 0.000000
vt 0.000000 0.000000
vt 0.000000 0.000000
vt 0.000000 0.000000
vt 0.000000 0.000000
vt 0.000000 0.000000
vt 0.000000 0.000000
vt 0.000000 0.000000
vt 0.000000 0.000000
vt 0.000000 0.000000
vt 0.000000 0.000000
vt 0.000000 0.000000
vt 0.000000 0.000000
vt 0.000000 0.000000
vt 0.000000 0.000000
vt 0.000000 0.000000
vt 0.000000 0.000000
vt 0.000000 0.000000
vt 0.000000 0.000000
vt 0.000000 0.000000
vt 0.000000 0.000000
vt 0.000000 0.000000
vt 0.000000 0.000000
vt 0.000000 0.000000
vt 0.000000 0.000000
vt 0.000000 0.000000
vt 0.000000 0.000000
vt 0.000000 0.000000
vt 0.000000 0.000000
vt 0.000000 0.000000
vt 0.000000 0.000000
vt 0.000000 0.000000
vt 0.000000 0.000000
vt 0.000000 0.000000
vt 0.000000 0.000000
vt 0.000000 0.000000
vt 0.000000 0.000000
vt 0.000000 0.000000
vt 0.000000 0.000000
vt 0.000000 0.000000
vt 0.000000 0.000000
vt 0.000000 0.000000
vt 0.000000 0.000000
vt 0.000000 0.000000
vt 0.000000 0.000000
vt 0.000000 0.000000
vt 0.000000 0.000000
vt 0.000000 0.000000
vt 0.000000 0.000000
vt 0.000000 0.000000
vt 0.000000 0.000000
vt 0.000000 0.000000
vt 0.000000 0.000000
vt 0.000000 0.000000
vt 0.000000 0.000000
vt 0.000000 0.000000
vt 0.000000 0.000000
vt 0.000000 0.000000
vt 0.000000 0.000000
vt 0.000000 0.000000
vt 0.000000 0.000000
vt 0.000000 0.000000
vt 0.000000 0.000000
vt 0.000000 0.000000
vt 0.000000 0.000000
vt 0.000000 0.000000
vt 0.000000 0.000000
vt 0.000000 0.000000
vt 0.000000 0.000000
vt 0.000000 0.000000
vt 0.000000 0.000000
vt 0.000000 0.000000
vt 0.000000 0.000000
vt 0.000000 0.000000
vt 0.000000 0.000000
vt 0.000000 0.000000
vt 0.000000 0.000000
vt 0.000000 0.000000
vt 0.000000 0.000000
vt 0.000000 0.000000
vt 0.000000 0.000000
vt 0.175440 1.111545
vt 0.000000 0.000000
vt 0.180691 1.098476
vt 0.000000 0.000000
vt 0.180691 1.124614
vt 0.000000 0.000000
vt 0.196242 1.085909
vt 0.000000 0.000000
vt 0.196242 1.137181
vt 0.000000 0.000000
vt 0.221495 1.074327
vt 0.000000 0.000000
vt 0.255480 1.064175
vt 0.000000 0.000000
vt 0.255480 1.158914
vt 0.000000 0.000000
vt 0.221495 1.148763
vt 0.000000 0.000000
vt 0.296891 1.167246
vt 0.000000 0.000000
vt 0.325452 0.855432
vt 0.000000 0.000000
vt 0.352137 0.860801
vt 0.000000 0.000000
vt 0.344136 1.049654
vt 0.000000 0.000000
vt 0.382583 0.785023
vt 0.000000 0.000000
vt 0.395400 1.045841
vt 0.000000 0.000000
vt 0.382583 0.864790
vt 0.000000 0.000000
vt 0.382583 0.736482
vt 0.000000 0.000000
vt 0.352137 0.789013
vt 0.000000 0.000000
vt 0.344136 1.173436
vt 0.000000 0.000000
vt 0.303551 0.848891
vt 0.000000 0.000000
vt 0.296891 1.055844
vt 0.000000 0.000000
vt 0.395400 1.177248
vt 0.000000 0.000000
vt 0.415618 0.782567
vt 0.000000 0.000000
vt 0.415618 0.738938
vt 0.000000 0.000000
vt 0.433447 0.782136
vt 0.000000 0.000000
vt 0.415618 0.867247
vt 0.000000 0.000000
vt 0.448713 1.044554
vt 0.000000 0.000000
vt 0.449974 0.781737
vt 0.000000 0.000000
vt 0.449973 0.739768
vt 0.000000 0.000000
vt 0.466500 0.739369
vt 0.000000 0.000000
vt 0.484329 0.738938
vt 0.000000 0.000000
vt 0.449973 0.653428
vt 0.000000 0.000000
vt 0.449974 0.868076
vt 0.000000 0.000000
vt 0.448713 1.178535
vt 0.000000 0.000000
vt 0.517364 0.736482
vt 0.000000 0.000000
vt 0.517364 0.785023
vt 0.000000 0.000000
vt 0.484329 0.782567
vt 0.000000 0.000000
vt 0.484329 0.867247
vt 0.000000 0.000000
vt 0.502026 1.045841
vt 0.000000 0.000000
vt 0.547810 0.732492
vt 0.000000 0.000000
vt 0.547810 0.789013
vt 0.000000 0.000000
vt 0.547810 0.860801
vt 0.000000 0.000000
vt 0.553290 1.049654
vt 0.000000 0.000000
vt 0.517364 0.864790
vt 0.000000 0.000000
vt 0.517364 0.656714
vt 0.000000 0.000000
vt 0.490224 0.572679
vt 0.000000 0.000000
vt 0.484329 0.654258
vt 0.000000 0.000000
vt 0.502026 1.177248
vt 0.000000 0.000000
vt 0.574495 0.794381
vt 0.000000 0.000000
vt 0.574495 0.727124
vt 0.000000 0.000000
vt 0.574495 0.855432
vt 0.000000 0.000000
vt 0.596396 0.720582
vt 0.000000 0.000000
vt 0.596396 0.800923
vt 0.000000 0.000000
vt 0.574495 0.666072
vt 0.000000 0.000000
vt 0.596396 0.848890
vt 0.000000 0.000000
vt 0.600535 1.055844
vt 0.000000 0.000000
vt 0.611168 0.568338
vt 0.000000 0.000000
vt 0.612669 0.680078
vt 0.000000 0.000000
vt 0.609903 0.569087
vt 0.000000 0.000000
vt 0.605721 0.571407
vt 0.000000 0.000000
vt 0.612669 0.713118
vt 0.000000 0.000000
vt 0.612669 0.808387
vt 0.000000 0.000000
vt 0.622690 0.688176
vt 0.000000 0.000000
vt 0.622690 0.705020
vt 0.000000 0.000000
vt 0.622690 0.816485
vt 0.000000 0.000000
vt 0.622690 0.833329
vt 0.000000 0.000000
vt 0.592572 0.572678
vt 0.000000 0.000000
vt 0.602668 0.571717
vt 0.000000 0.000000
vt 0.596396 0.672614
vt 0.000000 0.000000
vt 0.612669 0.841427
vt 0.000000 0.000000
vt 0.600535 1.167246
vt 0.000000 0.000000
vt 0.675931 1.074327
vt 0.000000 0.000000
vt 0.641946 1.064175
vt 0.000000 0.000000
vt 0.675931 1.148763
vt 0.000000 0.000000
vt 0.716735 1.124614
vt 0.000000 0.000000
vt 0.941512 0.013819
vt 0.000000 0.000000
vt 0.716735 1.098476
vt 0.000000 0.000000
vt 0.721986 1.111545
vt 0.000000 0.000000
vt 0.701184 1.085909
vt 0.000000 0.000000
vt 0.701184 1.137181
vt 0.000000 0.000000
vt 0.966093 0.019845
vt 0.000000 0.000000
vt 0.960705 0.017221
vt 0.000000 0.000000
vt 0.970029 1.206670
vt 0.000000 0.000000
vt 1.504665 -0.835145
vt 0.000000 0.000000
vt 1.508209 -0.833440
vt 0.000000 0.000000
vt 1.508209 1.207592
vt 0.000000 0.000000
vt 1.504665 1.209297
vt 0.000000 0.000000
vt 1.496691 1.211252
vt 0.000000 0.000000
vt 0.952215 0.015140
vt 0.000000 0.000000
vt 0.968145 0.022746
vt 0.000000 0.000000
vt 0.968145 0.409675
vt 0.000000 0.000000
vt 0.968145 1.203755
vt 0.000000 0.000000
vt 0.983463 1.211252
vt 0.000000 0.000000
vt 0.975489 1.209297
vt 0.000000 0.000000
vt 0.929677 0.013316
vt 0.000000 0.000000
vt 0.641946 1.158914
vt 0.000000 0.000000
vt 0.611168 0.410173
vt 0.000000 0.000000
vt 0.626074 0.696598
vt 0.000000 0.000000
vt 0.626074 0.824907
vt 0.000000 0.000000
vt 0.547810 0.660704
vt 0.000000 0.000000
vt 0.553290 1.173436
vt 0.000000 0.000000
vt 0.050485 -0.829603
vt 0.000000 0.000000
vt 0.052368 -0.832518
vt 0.000000 0.000000
vt 0.050485 0.003886
vt 0.000000 0.000000
vt 0.057829 -0.835145
vt 0.000000 0.000000
vt 0.057829 0.009428
vt 0.000000 0.000000
vt 0.066346 -0.837233
vt 0.000000 0.000000
vt 0.052368 0.006801
vt 0.000000 0.000000
vt 0.077063 -0.838572
vt 0.000000 0.000000
vt 0.273873 0.824907
vt 0.000000 0.000000
vt 0.273873 0.696598
vt 0.000000 0.000000
vt 0.277257 0.705020
vt 0.000000 0.000000
vt 0.088953 -0.839033
vt 0.000000 0.000000
vt 0.066346 0.011516
vt 0.000000 0.000000
vt 0.287278 0.713118
vt 0.000000 0.000000
vt 0.277257 0.816485
vt 0.000000 0.000000
vt 0.290965 0.336506
vt 0.000000 0.000000
vt 0.292229 0.409424
vt 0.000000 0.000000
vt 0.290965 0.410173
vt 0.000000 0.000000
vt 0.287278 0.680078
vt 0.000000 0.000000
vt 0.290965 0.568338
vt 0.000000 0.000000
vt 0.287278 0.808387
vt 0.000000 0.000000
vt 0.296411 0.175272
vt 0.000000 0.000000
vt 0.299464 0.174962
vt 0.000000 0.000000
vt 0.292229 0.177592
vt 0.000000 0.000000
vt 0.296411 0.339575
vt 0.000000 0.000000
vt 0.299464 0.406794
vt 0.000000 0.000000
vt 0.296411 0.407104
vt 0.000000 0.000000
vt 0.306507 0.572369
vt 0.000000 0.000000
vt 0.296411 0.571407
vt 0.000000 0.000000
vt 0.295147 0.570659
vt 0.000000 0.000000
vt 0.303551 0.672614
vt 0.000000 0.000000
vt 0.303551 0.720582
vt 0.000000 0.000000
vt 0.303551 0.800923
vt 0.000000 0.000000
vt 0.295147 0.338827
vt 0.000000 0.000000
vt 0.287278 0.841427
vt 0.000000 0.000000
vt 0.290965 0.178340
vt 0.000000 0.000000
vt 0.277257 0.688176
vt 0.000000 0.000000
vt 0.277257 0.833329
vt 0.000000 0.000000
vt 0.309560 0.405832
vt 0.000000 0.000000
vt 0.306507 0.340536
vt 0.000000 0.000000
vt 0.309560 0.340846
vt 0.000000 0.000000
vt 0.325452 0.794381
vt 0.000000 0.000000
vt 0.325452 0.727124
vt 0.000000 0.000000
vt 0.352137 0.732492
vt 0.000000 0.000000
vt 0.325452 0.666072
vt 0.000000 0.000000
vt 0.382583 0.656714
vt 0.000000 0.000000
vt 0.592572 0.340846
vt 0.000000 0.000000
vt 0.592572 0.405832
vt 0.000000 0.000000
vt 0.375271 0.572679
vt 0.000000 0.000000
vt 0.415618 0.654258
vt 0.000000 0.000000
vt 0.309560 0.572679
vt 0.000000 0.000000
vt 0.352137 0.660704
vt 0.000000 0.000000
vt 0.606986 0.407852
vt 0.000000 0.000000
vt 0.605721 0.407104
vt 0.000000 0.000000
vt 0.602668 0.339885
vt 0.000000 0.000000
vt 0.605721 0.339575
vt 0.000000 0.000000
vt 0.595625 0.406142
vt 0.000000 0.000000
vt 0.611167 0.178340
vt 0.000000 0.000000
vt 0.611167 0.336506
vt 0.000000 0.000000
vt 0.654234 0.013316
vt 0.000000 0.000000
vt 0.605721 0.175272
vt 0.000000 0.000000
vt 0.606986 0.176020
vt 0.000000 0.000000
vt 0.609903 0.337255
vt 0.000000 0.000000
vt 1.496148 -0.837233
vt 0.000000 0.000000
vt 1.473541 -0.839033
vt 0.000000 0.000000
vt 1.485430 -0.838572
vt 0.000000 0.000000
vt 0.960452 -0.839033
vt 0.000000 0.000000
vt 0.975839 -0.839033
vt 0.000000 0.000000
vt 0.991226 -0.839033
vt 0.000000 0.000000
vt 1.006613 -0.839033
vt 0.000000 0.000000
vt 0.929677 -0.839033
vt 0.000000 0.000000
vt 0.945065 -0.839033
vt 0.000000 0.000000
vt 0.309560 0.174000
vt 0.000000 0.000000
vt 0.592572 0.174000
vt 0.000000 0.000000
vt 0.595625 0.174310
vt 0.000000 0.000000
vt 0.984006 1.211385
vt 0.000000 0.000000
vt 1.006613 1.213186
vt 0.000000 0.000000
vt 0.994724 1.212724
vt 0.000000 0.000000
vt 1.473541 1.213186
vt 0.000000 0.000000
vt 1.485430 1.212724
vt 0.000000 0.000000
vt 1.496148 1.211385
vt 0.000000 0.000000
vt 1.510125 -0.832518
vt 0.000000 0.000000
vt 1.512009 -0.829603
vt 0.000000 0.000000
vt 1.512009 0.003886
vt 0.000000 0.000000
vt 1.512009 0.018974
vt 0.000000 0.000000
vt 1.512009 0.022746
vt 0.000000 0.000000
vt 1.512009 0.007658
vt 0.000000 0.000000
vt 1.512009 0.011430
vt 0.000000 0.000000
vt 1.512009 0.015202
vt 0.000000 0.000000
vt 1.512009 1.203756
vt 0.000000 0.000000
vt 1.510125 1.206670
vt 0.000000 0.000000
vt 0.095205 0.070705
vt 0.000000 0.000000
vt 0.091939 0.074103
vt 0.000000 0.000000
vt 0.071089 0.070705
vt 0.000000 0.000000
vt 0.067421 0.011650
vt 0.000000 0.000000
vt 0.091641 0.013316
vt 0.000000 0.000000
vt 0.179489 0.068977
vt 0.000000 0.000000
vt 0.179489 0.074889
vt 0.000000 0.000000
vt 0.183629 0.071498
vt 0.000000 0.000000
vt 0.632875 0.068977
vt 0.000000 0.000000
vt 0.630606 0.074889
vt 0.000000 0.000000
vt 0.968145 0.068977
vt 0.000000 0.000000
vt 0.968145 0.074889
vt 0.000000 0.000000
vt 0.000000 0.000000
vt 0.000000 0.000000
vt 0.000000 0.000000
vt 0.000000 0.000000
s 1
usemtl Black_Plastic
f 420/445/184 330/335/185 381/396/186 467/502/187
f 465/500/188 440/470/188 401/421/188 421/446/188
f 419/444/189 400/420/190 295/295/191 332/337/192
f 290/290/193 402/422/194 439/469/195 362/372/196
f 995/1062/197 992/1056/197 996/1064/197 997/1066/197
f 997/1066/197 998/1068/197 1002/1076/197 1007/1086/197 1017/1106/197 1019/1110/197 1028/1128/197 1031/1134/197 1065/1202/197 1030/1132/197 1025/1122/197 1036/1144/197 1021/1114/197 1067/1206/197 1012/1096/197 1014/1100/197 999/1070/197 1013/1098/197 1034/1140/197 1035/1142/197 1027/1126/197 1026/1124/197 1024/1120/197 1064/1200/197 1058/1188/197 1059/1190/197 1041/1154/197 1047/1166/197 1042/1156/197 1045/1162/197 1044/1160/197 1046/1164/197 1039/1150/197 1040/1152/197 1023/1118/197 1010/1092/197 1006/1084/197 994/1060/197 982/1036/197 980/1032/197 988/1048/197 974/1020/197 973/1018/197 971/1014/197 969/1010/197 968/1008/197 970/1012/197 972/1016/197 976/1024/197 975/1022/197 438/468/197 464/499/197 383/398/197 1052/1176/197 1051/1174/197 1132/1336/197 1134/1340/197 1133/1338/197 1138/1348/197 1137/1346/197 1136/1344/197 1135/1342/197 1140/1352/197 1139/1350/197 1080/1232/197 1076/1224/197 1074/1220/197 1072/1216/197 1070/1212/197 1069/1210/197 1071/1214/197 1075/1222/197 1073/1218/197 1081/1234/197 1163/1398/197 1162/1396/197 1161/1394/197 1166/1404/197 1169/1410/197 1142/1356/197 1141/1354/197 1091/1254/197 1090/1252/197 1092/1256/197 1104/1280/197 1084/1240/197 1102/1276/197 1093/1258/197 1108/1288/197 1109/1290/197 1107/1286/197 1094/1260/197 1095/1262/197 1085/1242/197 1086/1244/197 1088/1248/197 1098/1268/197 1097/1266/197 1096/1264/197 1119/1310/197 1117/1306/197 1118/1308/197 1114/1300/197 1120/1312/197 1113/1298/197 1099/1270/197 1087/1246/197 1105/1282/197 1078/1228/197 1079/1230/197 1082/1236/197 1100/1272/197 1111/1294/197 1112/1296/197 984/1040/197 991/1054/197 996/1064/197 992/1056/197 990/1052/197 981/1034/197 985/1042/197 1110/1292/197 1101/1274/197 1089/1250/197 1083/1238/197 1077/1226/197 1106/1284/197 1103/1278/197 987/1046/197 978/1028/197 979/1030/197 983/1038/197 993/1058/197 1000/1072/197 1005/1082/197 1011/1094/197 1009/1090/197 1018/1108/197 1022/1116/197 1037/1146/197 1033/1138/197 1066/1204/197 1032/1136/197 1029/1130/197 1020/1112/197 1016/1104/197 1008/1088/197 1003/1078/197 1004/1080/197 995/1062/197
f 1160/1392/197 1164/1400/197 1128/1328/197 1168/1408/197 1165/1402/197 1167/1406/197
f 999/1070/197 1118/1308/197 1117/1306/197 1013/1098/197
f 1056/1184/197 1049/1170/197 1048/1168/197 1057/1186/197 1170/1412/197 1168/1408/197 1128/1328/197 1062/1196/197 1043/1158/197
f 1122/1316/197 1125/1322/197 1116/1304/197 1107/1286/197 1109/1290/197 1115/1302/197 1123/1318/197 1124/1320/197 1131/1334/197 1127/1326/197 1126/1324/197 1130/1332/197 1129/1330/197 1143/1358/197 1142/1356/197 1169/1410/197 1171/1414/197 1058/1188/197 1064/1200/197 1121/1314/197
f 1053/1178/197 363/373/197 1055/1182/197 1054/1180/197
f 1063/1198/197 1041/1154/197 1059/1190/197 1050/1172/197 1061/1194/197 1060/1192/197 438/468/197 975/1022/197 977/1026/197 986/1044/197 989/1050/197 1001/1074/197 1015/1102/197 1068/1208/197 1038/1148/197
f 290/290/193 298/298/198 304/304/199 302/302/200
f 298/298/198 299/299/201 305/305/202 304/304/199
f 302/302/200 304/304/199 328/332/203 322/325/204
f 304/304/199 305/305/202 308/308/205 328/332/203
f 292/292/206 310/311/207 317/319/208 315/317/209
f 310/311/207 312/313/210 319/321/211 317/319/208
f 315/317/209 317/319/208 305/305/202 299/299/201
f 317/319/208 319/321/211 308/308/205 305/305/202
f 295/295/191 321/324/212 327/331/213 324/328/214
f 321/324/212 322/326/204 328/333/203 327/331/213
f 324/328/214 327/331/213 319/322/211 312/314/210
f 327/331/213 328/333/203 308/309/205 319/322/211
f 330/335/185 336/341/215 342/348/216 340/346/217
f 336/341/215 338/343/218 345/351/219 342/348/216
f 340/346/217 342/348/216 361/371/220 358/368/221
f 342/348/216 345/351/219 346/354/222 361/371/220
f 332/337/192 349/357/223 355/364/224 353/362/225
f 349/357/223 350/359/226 356/365/227 355/364/224
f 353/362/225 355/364/224 345/352/219 338/344/218
f 355/364/224 356/365/227 346/353/222 345/352/219
f 334/339/228 357/367/229 360/370/230 359/369/231
f 357/367/229 358/368/221 361/371/220 360/370/230
f 359/369/231 360/370/230 356/366/227 350/358/226
f 360/370/230 361/371/220 346/354/222 356/366/227
f 362/372/196 365/375/232 368/379/233 367/378/234
f 365/375/232 366/376/235 369/380/236 368/379/233
f 367/378/234 368/379/233 380/395/237 377/392/238
f 368/379/233 369/380/236 370/383/239 380/395/237
f 363/373/240 371/384/241 374/388/242 373/387/243
f 371/384/241 372/385/244 375/389/245 374/388/242
f 373/387/243 374/388/242 369/381/236 366/377/235
f 374/388/242 375/389/245 370/382/239 369/381/236
f 364/374/246 376/391/247 379/394/248 378/393/249
f 376/391/247 377/392/238 380/395/237 379/394/248
f 378/393/249 379/394/248 375/390/245 372/386/244
f 379/394/248 380/395/237 370/383/239 375/390/245
f 381/396/186 384/399/250 387/402/251 386/401/252
f 384/399/250 385/400/253 388/403/254 387/402/251
f 386/401/252 387/402/251 399/418/255 396/414/256
f 387/402/251 388/403/254 389/404/257 399/418/255
f 382/397/258 390/406/259 393/410/260 392/409/261
f 390/406/259 391/408/262 394/411/263 393/410/260
f 392/409/261 393/410/260 388/403/254 385/400/253
f 393/410/260 394/411/263 389/404/257 388/403/254
f 383/398/264 395/413/265 398/417/266 397/416/267
f 395/413/265 396/415/256 399/419/255 398/417/266
f 397/416/267 398/417/266 394/412/263 391/407/262
f 398/417/266 399/419/255 389/405/257 394/412/263
f 400/420/190 403/423/268 406/427/269 405/426/270
f 403/423/268 404/424/271 407/428/272 406/427/269
f 405/426/270 406/427/269 418/442/273 415/439/274
f 406/427/269 407/428/272 408/430/275 418/442/273
f 401/421/276 409/432/277 412/435/278 411/434/279
f 409/432/277 410/433/280 413/436/281 412/435/278
f 411/434/279 412/435/278 407/429/272 404/425/271
f 412/435/278 413/436/281 408/431/275 407/429/272
f 402/422/194 414/437/282 417/441/283 416/440/284
f 414/437/282 415/438/274 418/443/273 417/441/283
f 416/440/284 417/441/283 413/436/281 410/433/280
f 417/441/283 418/443/273 408/431/275 413/436/281
f 419/444/189 422/447/285 425/451/286 424/450/287
f 422/447/285 423/449/288 426/452/289 425/451/286
f 424/450/287 425/451/286 437/466/290 434/462/291
f 425/451/286 426/452/289 427/454/292 437/466/290
f 420/445/184 428/456/293 431/459/294 430/458/295
f 428/456/293 429/457/296 432/460/297 431/459/294
f 430/458/295 431/459/294 426/453/289 423/448/288
f 431/459/294 432/460/297 427/455/292 426/453/289
f 421/446/298 433/461/299 436/465/300 435/464/301
f 433/461/299 434/463/291 437/467/290 436/465/300
f 435/464/301 436/465/300 432/460/297 429/457/296
f 436/465/300 437/467/290 427/455/292 432/460/297
f 438/468/302 441/471/303 444/475/304 443/474/305
f 441/471/303 442/473/306 445/476/307 444/475/304
f 443/474/305 444/475/304 462/496/308 455/488/309
f 444/475/304 445/476/307 446/478/310 462/496/308
f 439/469/311 447/480/312 450/483/313 449/482/314
f 447/480/312 448/481/315 452/485/316 450/483/313
f 449/482/314 450/483/313 445/477/307 442/472/306
f 450/483/313 452/485/316 446/479/310 445/477/307
f 440/470/317 453/486/318 459/493/319 457/491/320
f 453/486/318 455/489/309 462/497/308 459/493/319
f 457/491/320 459/493/319 452/485/316 448/481/315
f 459/493/319 462/497/308 446/479/310 452/485/316
f 464/499/321 469/504/322 475/511/323 474/510/324
f 469/504/322 472/507/325 478/514/326 475/511/323
f 474/510/324 475/511/323 500/539/327 494/533/328
f 475/511/323 478/514/326 480/517/329 500/539/327
f 465/500/330 482/520/331 488/526/332 485/523/333
f 482/520/331 484/522/334 490/528/335 488/526/332
f 485/523/333 488/526/332 478/515/326 472/508/325
f 488/526/332 490/528/335 480/518/329 478/515/326
f 467/502/336 492/530/337 498/537/338 496/535/339
f 492/530/337 494/532/328 500/540/327 498/537/338
f 496/535/339 498/537/338 490/528/335 484/522/334
f 498/537/338 500/540/327 480/518/329 490/528/335
f 362/372/196 439/469/311 449/482/314 365/375/232
f 365/375/232 449/482/314 442/472/306 366/376/235
f 366/377/235 442/473/306 441/471/303 373/387/243
f 1149/1370/340 1055/1182/340 363/373/240 373/387/243 441/471/303 438/468/302 1060/1192/340 1144/1360/340 1146/1364/340 1145/1362/340 1147/1366/340 1148/1368/340
f 400/420/190 419/444/189 424/450/287 403/423/268
f 403/423/268 424/450/287 434/462/291 404/424/271
f 404/425/271 434/463/291 433/461/299 411/434/279
f 411/434/279 433/461/299 421/446/298 401/421/276
f 439/469/311 402/422/194 416/440/284 447/480/312
f 447/480/312 416/440/284 410/433/280 448/481/315
f 448/481/315 410/433/280 409/432/277 457/491/320
f 457/491/320 409/432/277 401/421/276 440/470/317
f 464/499/321 438/468/302 443/474/305 469/504/322
f 469/504/322 443/474/305 455/488/309 472/507/325
f 472/508/325 455/489/309 453/486/318 485/523/333
f 485/523/333 453/486/318 440/470/317 465/500/330
f 420/445/184 467/502/336 496/535/339 428/456/293
f 428/456/293 496/535/339 484/522/334 429/457/296
f 429/457/296 484/522/334 482/520/331 435/464/301
f 435/464/301 482/520/331 465/500/330 421/446/298
f 467/502/336 381/396/186 386/401/252 492/530/337
f 492/530/337 386/401/252 396/414/256 494/532/328
f 494/533/328 396/415/256 395/413/265 474/510/324
f 474/510/324 395/413/265 383/398/264 464/499/321
f 1052/1176/341 383/398/264 397/416/267 371/384/241 363/373/240 1053/1178/341 1159/1390/341 1158/1388/341 1154/1380/341 1153/1378/341 1157/1386/341 1156/1384/341 1155/1382/341 1152/1376/341 1151/1374/341 1150/1372/341
f 371/384/241 397/416/267 391/407/262 372/385/244
f 372/386/244 391/408/262 390/406/259 378/393/249
f 378/393/249 390/406/259 382/397/258 364/374/246
f 290/290/193 362/372/196 367/378/234 298/298/198
f 298/298/198 367/378/234 377/392/238 299/299/201
f 299/299/201 377/392/238 376/391/247 315/317/209
f 315/317/209 376/391/247 364/374/246 292/292/206
f 381/396/186 330/335/185 340/346/217 384/399/250
f 384/399/250 340/346/217 358/368/221 385/400/253
f 385/400/253 358/368/221 357/367/229 392/409/261
f 392/409/261 357/367/229 334/339/228 382/397/258
f 292/292/206 334/339/228 359/369/231 310/311/207
f 310/311/207 359/369/231 350/358/226 312/313/210
f 312/314/210 350/359/226 349/357/223 324/328/214
f 324/328/214 349/357/223 332/337/192 295/295/191
f 402/422/194 290/290/193 302/302/200 414/437/282
f 414/437/282 302/302/200 322/325/204 415/438/274
f 415/439/274 322/326/204 321/324/212 405/426/270
f 405/426/270 321/324/212 295/295/191 400/420/190
f 330/335/185 420/445/184 430/458/295 336/341/215
f 336/341/215 430/458/295 423/448/288 338/343/218
f 338/344/218 423/449/288 422/447/285 353/362/225
f 353/362/225 422/447/285 419/444/189 332/337/192
f 334/339/228 292/292/206 364/374/246 382/397/258
f 354/363/197 291/291/197 294/294/197 296/296/197 297/297/197 300/300/197 301/301/197 303/303/197 306/306/197 309/310/197 311/312/197 313/315/197 314/316/197 316/318/197 318/320/197 320/323/197 323/327/197 325/329/197 326/330/197 329/334/197 331/336/197 333/338/197 335/340/197 337/342/197 339/345/197 341/347/197 343/349/197 344/350/197 347/355/197 348/356/197 351/360/197 352/361/197
f 1145/1363/342 513/553/343 567/607/344 1147/1367/345
f 641/681/346 541/581/347 1151/1375/348 1152/1377/188
f 1128/1329/187 1164/1401/187 1172/1416/349 703/743/350 594/634/351 1062/1197/352
f 1170/1413/353 1057/1187/354 595/635/355 512/552/356 1059/1191/357 1058/1189/353 1171/1415/353 1173/1417/353
f 593/633/358 701/741/359 676/716/360 454/487/361
f 568/608/362 640/680/363 1154/1381/188 1158/1389/364
f 596/636/365 639/679/366 566/606/367 514/554/368
f 1133/1339/369 539/579/370 458/492/371 1138/1349/195
f 456/490/372 540/580/373 638/678/374 597/637/375
f 675/715/376 702/742/377 1071/1215/357 1069/1211/378
f 451/484/379 463/498/380 466/501/381 460/494/382
f 460/494/382 466/501/381 468/503/383 461/495/384
f 461/495/384 468/503/383 487/525/385 486/524/386
f 463/498/380 470/505/387 471/506/388 466/501/381
f 466/501/381 471/506/388 473/509/389 468/503/383
f 468/503/383 473/509/389 489/527/390 487/525/385
f 454/487/361 479/516/391 481/519/392 476/512/393
f 476/512/393 481/519/392 483/521/394 477/513/395
f 477/513/395 483/521/394 502/542/396 501/541/397
f 479/516/391 486/524/386 487/525/385 481/519/392
f 481/519/392 487/525/385 489/527/390 483/521/394
f 483/521/394 489/527/390 503/543/398 502/542/396
f 456/490/372 495/534/399 497/536/400 491/529/401
f 491/529/401 497/536/400 499/538/402 493/531/403
f 493/531/403 499/538/402 510/550/404 509/549/405
f 495/534/399 501/541/397 502/542/396 497/536/400
f 497/536/400 502/542/396 503/543/398 499/538/402
f 499/538/402 503/543/398 511/551/406 510/550/404
f 458/492/371 506/546/407 507/547/408 504/544/409
f 504/544/409 507/547/408 508/548/410 505/545/411
f 505/545/411 508/548/410 471/506/388 470/505/387
f 506/546/407 509/549/405 510/550/404 507/547/408
f 507/547/408 510/550/404 511/551/406 508/548/410
f 508/548/410 511/551/406 473/509/389 471/506/388
f 473/509/389 511/551/406 503/543/398 489/527/390
f 512/552/356 517/557/412 518/558/413 515/555/414
f 515/555/414 518/558/413 519/559/415 516/556/416
f 516/556/416 519/559/415 529/569/417 528/568/418
f 517/557/412 520/560/419 521/561/420 518/558/413
f 518/558/413 521/561/420 522/562/421 519/559/415
f 519/559/415 522/562/421 530/570/422 529/569/417
f 513/553/343 525/565/423 526/566/424 523/563/425
f 523/563/425 526/566/424 527/567/426 524/564/427
f 524/564/427 527/567/426 537/577/428 536/576/429
f 525/565/423 528/568/418 529/569/417 526/566/424
f 526/566/424 529/569/417 530/570/422 527/567/426
f 527/567/426 530/570/422 538/578/430 537/577/428
f 514/554/368 533/573/431 534/574/432 531/571/433
f 531/571/433 534/574/432 535/575/434 532/572/435
f 532/572/435 535/575/434 521/561/420 520/560/419
f 533/573/431 536/576/429 537/577/428 534/574/432
f 534/574/432 537/577/428 538/578/430 535/575/434
f 535/575/434 538/578/430 522/562/421 521/561/420
f 522/562/421 538/578/430 530/570/422
f 539/579/370 544/584/436 545/585/437 542/582/438
f 542/582/438 545/585/437 546/586/439 543/583/440
f 543/583/440 546/586/439 556/596/441 555/595/442
f 544/584/436 547/587/443 548/588/444 545/585/437
f 545/585/437 548/588/444 549/589/445 546/586/439
f 546/586/439 549/589/445 557/597/446 556/596/441
f 540/580/373 552/592/447 553/593/448 550/590/449
f 550/590/449 553/593/448 554/594/450 551/591/451
f 551/591/451 554/594/450 564/604/452 563/603/453
f 552/592/447 555/595/442 556/596/441 553/593/448
f 553/593/448 556/596/441 557/597/446 554/594/450
f 554/594/450 557/597/446 565/605/454 564/604/452
f 541/581/347 560/600/455 561/601/456 558/598/457
f 558/598/457 561/601/456 562/602/458 559/599/459
f 559/599/459 562/602/458 548/588/444 547/587/443
f 560/600/455 563/603/453 564/604/452 561/601/456
f 561/601/456 564/604/452 565/605/454 562/602/458
f 562/602/458 565/605/454 549/589/445 548/588/444
f 549/589/445 565/605/454 557/597/446
f 566/606/367 571/611/460 572/612/461 569/609/462
f 569/609/462 572/612/461 573/613/463 570/610/464
f 570/610/464 573/613/463 583/623/465 582/622/466
f 571/611/460 574/614/467 575/615/468 572/612/461
f 572/612/461 575/615/468 576/616/469 573/613/463
f 573/613/463 576/616/469 584/624/470 583/623/465
f 567/607/344 579/619/471 580/620/472 577/617/473
f 577/617/473 580/620/472 581/621/474 578/618/475
f 578/618/475 581/621/474 591/631/476 590/630/477
f 579/619/471 582/622/466 583/623/465 580/620/472
f 580/620/472 583/623/465 584/624/470 581/621/474
f 581/621/474 584/624/470 592/632/478 591/631/476
f 568/608/362 587/627/479 588/628/480 585/625/481
f 585/625/481 588/628/480 589/629/482 586/626/483
f 586/626/483 589/629/482 575/615/468 574/614/467
f 587/627/479 590/630/477 591/631/476 588/628/480
f 588/628/480 591/631/476 592/632/478 589/629/482
f 589/629/482 592/632/478 576/616/469 575/615/468
f 576/616/469 592/632/478 584/624/470
f 593/633/358 600/640/484 601/641/485 598/638/486
f 598/638/486 601/641/485 602/642/487 599/639/488
f 599/639/488 602/642/487 612/652/489 611/651/490
f 600/640/484 603/643/491 604/644/492 601/641/485
f 601/641/485 604/644/492 605/645/493 602/642/487
f 602/642/487 605/645/493 613/653/494 612/652/489
f 594/634/351 608/648/495 609/649/496 606/646/497
f 606/646/497 609/649/496 610/650/498 607/647/499
f 607/647/499 610/650/498 620/660/500 619/659/501
f 608/648/495 611/651/490 612/652/489 609/649/496
f 609/649/496 612/652/489 613/653/494 610/650/498
f 610/650/498 613/653/494 621/661/502 620/660/500
f 595/635/355 616/656/503 617/657/504 614/654/505
f 614/654/505 617/657/504 618/658/506 615/655/507
f 615/655/507 618/658/506 628/668/508 627/667/509
f 616/656/503 619/659/501 620/660/500 617/657/504
f 617/657/504 620/660/500 621/661/502 618/658/506
f 618/658/506 621/661/502 629/669/510 628/668/508
f 596/636/365 624/664/511 625/665/512 622/662/513
f 622/662/513 625/665/512 626/666/514 623/663/515
f 623/663/515 626/666/514 636/676/516 635/675/517
f 624/664/511 627/667/509 628/668/508 625/665/512
f 625/665/512 628/668/508 629/669/510 626/666/514
f 626/666/514 629/669/510 637/677/518 636/676/516
f 597/637/375 632/672/519 633/673/520 630/670/521
f 630/670/521 633/673/520 634/674/522 631/671/523
f 631/671/523 634/674/522 604/644/492 603/643/491
f 632/672/519 635/675/517 636/676/516 633/673/520
f 633/673/520 636/676/516 637/677/518 634/674/522
f 634/674/522 637/677/518 605/645/493 604/644/492
f 621/661/502 613/653/494 605/645/493 637/677/518 629/669/510
f 638/678/374 644/684/524 645/685/525 642/682/526
f 642/682/526 645/685/525 646/686/527 643/683/528
f 643/683/528 646/686/527 656/696/529 655/695/530
f 644/684/524 647/687/531 648/688/532 645/685/525
f 645/685/525 648/688/532 649/689/533 646/686/527
f 646/686/527 649/689/533 657/697/534 656/696/529
f 639/679/366 652/692/535 653/693/536 650/690/537
f 650/690/537 653/693/536 654/694/538 651/691/539
f 651/691/539 654/694/538 664/704/540 663/703/541
f 652/692/535 655/695/530 656/696/529 653/693/536
f 653/693/536 656/696/529 657/697/534 654/694/538
f 654/694/538 657/697/534 665/705/542 664/704/540
f 640/680/363 660/700/543 661/701/544 658/698/545
f 658/698/545 661/701/544 662/702/546 659/699/547
f 659/699/547 662/702/546 672/712/548 671/711/549
f 660/700/543 663/703/541 664/704/540 661/701/544
f 661/701/544 664/704/540 665/705/542 662/702/546
f 662/702/546 665/705/542 673/713/550 672/712/548
f 641/681/346 668/708/551 669/709/552 666/706/553
f 666/706/553 669/709/552 670/710/554 667/707/555
f 667/707/555 670/710/554 648/688/532 647/687/531
f 668/708/551 671/711/549 672/712/548 669/709/552
f 669/709/552 672/712/548 673/713/550 670/710/554
f 670/710/554 673/713/550 649/689/533 648/688/532
f 649/689/533 673/713/550 665/705/542 657/697/534
f 674/714/556 679/719/557 680/720/558 677/717/559
f 677/717/559 680/720/558 681/721/560 678/718/561
f 678/718/561 681/721/560 691/731/562 690/730/563
f 679/719/557 682/722/564 683/723/565 680/720/558
f 680/720/558 683/723/565 684/724/566 681/721/560
f 681/721/560 684/724/566 692/732/567 691/731/562
f 675/715/376 687/727/568 688/728/569 685/725/570
f 685/725/570 688/728/569 689/729/571 686/726/572
f 686/726/572 689/729/571 699/739/573 698/738/574
f 687/727/568 690/730/563 691/731/562 688/728/569
f 688/728/569 691/731/562 692/732/567 689/729/571
f 689/729/571 692/732/567 700/740/575 699/739/573
f 676/716/360 695/735/576 696/736/577 693/733/578
f 693/733/578 696/736/577 697/737/579 694/734/580
f 694/734/580 697/737/579 683/723/565 682/722/564
f 695/735/576 698/738/574 699/739/573 696/736/577
f 696/736/577 699/739/573 700/740/575 697/737/579
f 697/737/579 700/740/575 684/724/566 683/723/565
f 684/724/566 700/740/575 692/732/567
f 701/741/359 706/746/581 707/747/432 704/744/582
f 704/744/582 707/747/432 708/748/434 705/745/583
f 705/745/583 708/748/434 718/758/584 717/757/585
f 706/746/581 709/749/586 710/750/428 707/747/432
f 707/747/432 710/750/428 711/751/430 708/748/434
f 708/748/434 711/751/430 719/759/421 718/758/584
f 702/742/377 714/754/587 715/755/413 712/752/414
f 712/752/414 715/755/413 716/756/415 713/753/588
f 713/753/588 716/756/415 726/766/417 725/765/418
f 714/754/587 717/757/585 718/758/584 715/755/413
f 715/755/413 718/758/584 719/759/421 716/756/415
f 716/756/415 719/759/421 727/767/422 726/766/417
f 703/743/350 722/762/423 723/763/424 720/760/589
f 720/760/589 723/763/424 724/764/426 721/761/590
f 721/761/590 724/764/426 710/750/428 709/749/586
f 722/762/423 725/765/418 726/766/417 723/763/424
f 723/763/424 726/766/417 727/767/422 724/764/426
f 724/764/426 727/767/422 711/751/430 710/750/428
f 711/751/430 727/767/422 719/759/421
f 1138/1349/195 458/492/371 504/544/409 1137/1347/195
f 1137/1347/195 504/544/409 505/545/411 1136/1345/195
f 1136/1345/195 505/545/411 470/505/387 1135/1343/195
f 1135/1343/195 470/505/387 463/498/380 1140/1353/195
f 1140/1353/195 463/498/380 451/484/379 1139/1351/195
f 1146/1365/591 525/565/423 513/553/343 1145/1363/342
f 1144/1361/592 528/568/418 525/565/423 1146/1365/591
f 1144/1361/592 1060/1193/593 1061/1195/594 516/556/416 528/568/418
f 1050/1173/595 515/555/414 516/556/416 1061/1195/594
f 1059/1191/357 512/552/356 515/555/414 1050/1173/595
f 597/637/375 630/670/521 495/534/399 456/490/372
f 630/670/521 631/671/523 501/541/397 495/534/399
f 631/671/523 603/643/491 477/513/395 501/541/397
f 603/643/491 600/640/484 476/512/393 477/513/395
f 600/640/484 593/633/358 454/487/361 476/512/393
f 539/579/370 542/582/438 506/546/407 458/492/371
f 542/582/438 543/583/440 509/549/405 506/546/407
f 543/583/440 555/595/442 493/531/403 509/549/405
f 555/595/442 552/592/447 491/529/401 493/531/403
f 552/592/447 540/580/373 456/490/372 491/529/401
f 513/553/343 523/563/425 579/619/471 567/607/344
f 523/563/425 524/564/427 582/622/466 579/619/471
f 524/564/427 536/576/429 570/610/464 582/622/466
f 536/576/429 533/573/431 569/609/462 570/610/464
f 533/573/431 514/554/368 566/606/367 569/609/462
f 641/681/346 666/706/553 560/600/455 541/581/347
f 666/706/553 667/707/555 563/603/453 560/600/455
f 667/707/555 647/687/531 551/591/451 563/603/453
f 647/687/531 644/684/524 550/590/449 551/591/451
f 644/684/524 638/678/374 540/580/373 550/590/449
f 1134/1341/596 544/584/436 539/579/370 1133/1339/369
f 1132/1337/597 547/587/443 544/584/436 1134/1341/596
f 1051/1175/598 559/599/459 547/587/443 1132/1337/597
f 1150/1373/599 558/598/457 559/599/459 1051/1175/598 1052/1177/600
f 1151/1375/348 541/581/347 558/598/457 1150/1373/599
f 1147/1367/345 567/607/344 577/617/473 1148/1369/601
f 1148/1369/601 577/617/473 578/618/475 1149/1371/602
f 1149/1371/602 578/618/475 590/630/477 1054/1181/603 1055/1183/604
f 1159/1391/605 1053/1179/606 1054/1181/603 590/630/477 587/627/479
f 1159/1391/605 587/627/479 568/608/362 1158/1389/364
f 514/554/368 531/571/433 624/664/511 596/636/365
f 531/571/433 532/572/435 627/667/509 624/664/511
f 532/572/435 520/560/419 615/655/507 627/667/509
f 520/560/419 517/557/412 614/654/505 615/655/507
f 517/557/412 512/552/356 595/635/355 614/654/505
f 568/608/362 585/625/481 660/700/543 640/680/363
f 585/625/481 586/626/483 663/703/541 660/700/543
f 586/626/483 574/614/467 651/691/539 663/703/541
f 574/614/467 571/611/460 650/690/537 651/691/539
f 571/611/460 566/606/367 639/679/366 650/690/537
f 1154/1381/188 640/680/363 658/698/545 1153/1379/188
f 1153/1379/188 658/698/545 659/699/547 1157/1387/188
f 1157/1387/188 659/699/547 671/711/549 1156/1385/188
f 1156/1385/188 671/711/549 668/708/551 1155/1383/188
f 1155/1383/188 668/708/551 641/681/346 1152/1377/188
f 596/636/365 622/662/513 652/692/535 639/679/366
f 622/662/513 623/663/515 655/695/530 652/692/535
f 623/663/515 635/675/517 643/683/528 655/695/530
f 635/675/517 632/672/519 642/682/526 643/683/528
f 632/672/519 597/637/375 638/678/374 642/682/526
f 1048/1169/607 616/656/503 595/635/355 1057/1187/354
f 1049/1171/608 619/659/501 616/656/503 1048/1169/607
f 1056/1185/609 607/647/499 619/659/501 1049/1171/608
f 1043/1159/610 606/646/497 607/647/499 1056/1185/609
f 1062/1197/352 594/634/351 606/646/497 1043/1159/610
f 1080/1233/611 674/714/556 677/717/559 1076/1225/612
f 1076/1225/612 677/717/559 678/718/561 1074/1221/613
f 1074/1221/613 678/718/561 690/730/563 1072/1217/614
f 1072/1217/614 690/730/563 687/727/568 1070/1213/615
f 1070/1213/615 687/727/568 675/715/376 1069/1211/378
f 701/741/359 704/744/582 695/735/576 676/716/360
f 704/744/582 705/745/583 698/738/574 695/735/576
f 705/745/583 717/757/585 686/726/572 698/738/574
f 717/757/585 714/754/587 685/725/570 686/726/572
f 714/754/587 702/742/377 675/715/376 685/725/570
f 1174/1418/616 722/762/423 703/743/350 1172/1416/349 1175/1419/617
f 1081/1235/618 725/765/418 722/762/423 1174/1418/616 1163/1399/619
f 1073/1219/594 713/753/588 725/765/418 1081/1235/618
f 1075/1223/595 712/752/414 713/753/588 1073/1219/594
f 1071/1215/357 702/742/377 712/752/414 1075/1223/595
f 676/716/360 693/733/578 479/516/391 454/487/361
f 693/733/578 694/734/580 486/524/386 479/516/391
f 694/734/580 682/722/564 461/495/384 486/524/386
f 682/722/564 679/719/557 460/494/382 461/495/384
f 679/719/557 674/714/556 451/484/379 460/494/382
f 703/743/350 720/760/589 608/648/495 594/634/351
f 720/760/589 721/761/590 611/651/490 608/648/495
f 721/761/590 709/749/586 599/639/488 611/651/490
f 709/749/586 706/746/581 598/638/486 599/639/488
f 706/746/581 701/741/359 593/633/358 598/638/486
f 1139/1351/195 451/484/379 674/714/556 1080/1233/611
f 803/843/620 801/841/621 800/840/621 802/842/620
f 771/811/622 769/809/623 768/808/623 770/810/622
f 789/829/187 787/827/624 786/826/624 788/828/187
f 811/851/625 809/849/626 808/848/626 810/850/625
f 1016/1105/627 764/804/627 762/802/628 1008/1089/628
f 781/821/604 779/819/629 778/818/629 780/820/604
f 813/853/630 811/851/625 810/850/625 812/852/630
f 801/841/621 799/839/631 798/838/631 800/840/621
f 773/813/188 771/811/622 770/810/622 772/812/188
f 809/849/626 807/847/632 806/846/632 808/848/626
f 783/823/633 781/821/604 780/820/604 782/822/633
f 799/839/631 797/837/593 796/836/593 798/838/631
f 775/815/634 773/813/188 772/812/188 774/814/634
f 807/847/632 805/845/353 804/844/353 806/846/632
f 785/825/635 783/823/633 782/822/633 784/824/635
f 797/837/593 795/835/636 794/834/636 796/836/593
f 777/817/637 775/815/634 774/814/634 776/816/637
f 805/845/353 803/843/620 802/842/620 804/844/353
f 787/827/624 785/825/635 784/824/635 786/826/624
f 769/809/623 767/807/638 766/806/638 768/808/623
f 795/835/636 791/831/639 790/830/639 794/834/636
f 779/819/629 777/817/637 776/816/637 778/818/629
f 815/855/640 813/853/630 812/852/630 814/854/640
f 767/807/638 765/805/641 764/804/641 766/806/638
f 817/857/642 815/855/640 814/854/640 816/856/642
f 765/805/641 763/803/643 762/802/643 764/804/641
f 819/859/644 817/857/642 816/856/642 818/858/644
f 763/803/643 761/801/645 760/800/645 762/802/643
f 821/861/195 819/859/644 818/858/644 820/860/195
f 761/801/645 759/799/646 758/798/646 760/800/645
f 823/863/646 821/861/195 820/860/195 822/862/646
f 759/799/646 757/797/195 756/796/195 758/798/646
f 825/865/645 823/863/646 822/862/646 824/864/645
f 757/797/195 755/795/644 754/794/644 756/796/195
f 827/867/643 825/865/645 824/864/645 826/866/643
f 755/795/644 753/793/642 752/792/642 754/794/644
f 829/869/641 827/867/643 826/866/643 828/868/641
f 753/793/642 751/791/640 750/790/640 752/792/642
f 831/871/638 829/869/641 828/868/641 830/870/638
f 751/791/640 749/789/630 748/788/630 750/790/640
f 843/883/629 841/881/637 840/880/637 842/882/629
f 749/789/630 747/787/625 746/786/625 748/788/630
f 833/873/623 831/871/638 830/870/638 832/872/623
f 747/787/625 745/785/626 744/784/626 746/786/625
f 851/891/624 849/889/635 848/888/635 850/890/624
f 745/785/626 743/783/632 742/782/632 744/784/626
f 841/881/637 839/879/634 838/878/634 840/880/637
f 743/783/632 741/781/353 740/780/353 742/782/632
f 849/889/635 847/887/633 846/886/633 848/888/635
f 741/781/353 739/779/620 738/778/620 740/780/353
f 839/879/634 837/877/188 836/876/188 838/878/634
f 739/779/620 737/777/621 736/776/621 738/778/620
f 847/887/633 845/885/604 844/884/604 846/886/633
f 737/777/621 735/775/631 734/774/631 736/776/621
f 837/877/188 835/875/622 834/874/622 836/876/188
f 735/775/631 733/773/593 732/772/593 734/774/631
f 853/893/197 854/894/197 791/831/197 795/835/197 797/837/197 799/839/197 801/841/197 803/843/197 805/845/197 807/847/197 809/849/197 811/851/197 813/853/197 815/855/197 817/857/197 819/859/197 821/861/197 823/863/197 825/865/197 827/867/197 829/869/197 831/871/197 833/873/197 835/875/197 837/877/197 839/879/197 841/881/197 843/883/197 845/885/197 847/887/197 849/889/197 851/891/197
f 845/885/604 843/883/629 842/882/629 844/884/604
f 733/773/593 731/771/636 730/770/636 732/772/593
f 854/894/647 853/893/187 852/892/187 855/895/647
f 853/893/187 851/891/624 850/890/624 852/892/187
f 731/771/636 729/769/639 728/768/639 730/770/636
f 1033/1139/648 774/814/648 772/812/649 1066/1205/649
f 835/875/622 833/873/623 832/872/623 834/874/622
f 729/769/639 792/832/647 793/833/647 728/768/639
f 791/831/639 854/894/647 855/895/647 790/830/639
f 792/832/647 789/829/187 788/828/187 793/833/647
f 789/829/197 792/832/197 729/769/197 731/771/197 733/773/197 735/775/197 737/777/197 739/779/197 741/781/197 743/783/197 745/785/197 747/787/197 749/789/197 751/791/197 753/793/197 755/795/197 757/797/197 759/799/197 761/801/197 763/803/197 765/805/197 767/807/197 769/809/197 771/811/197 773/813/197 775/815/197 777/817/197 779/819/197 781/821/197 783/823/197 785/825/197 787/827/197
s 0
f 914/954/353 857/897/353 865/905/353 917/957/353
f 858/898/197 871/911/197 879/919/197 864/904/197
f 856/896/650 862/902/650 860/900/650 859/899/650
f 857/897/651 859/899/651 860/900/651 861/901/651
f 858/898/652 861/901/652 860/900/652 862/902/652
f 863/903/653 869/909/653 867/907/653 866/906/653
f 864/904/654 866/906/654 867/907/654 868/908/654
f 865/905/655 868/908/655 867/907/655 869/909/655
f 870/910/656 876/916/656 874/914/656 873/913/656
f 871/911/657 873/913/657 874/914/657 875/915/657
f 872/912/658 875/915/658 874/914/658 876/916/658
f 877/917/659 883/923/659 881/921/659 880/920/659
f 878/918/660 880/920/660 881/921/660 882/922/660
f 879/919/661 882/922/661 881/921/661 883/923/661
f 915/955/639 916/956/639 869/909/639 863/903/639
f 916/956/621 917/957/621 865/905/621 869/909/621
f 864/904/662 868/908/662 861/901/662 858/898/662
f 868/908/663 865/905/663 857/897/663 861/901/663
f 870/910/664 873/913/664 862/902/664 856/896/664
f 873/913/665 871/911/665 858/898/665 862/902/665
f 863/903/666 866/906/666 883/923/666 877/917/666
f 866/906/667 864/904/667 879/919/667 883/923/667
f 878/918/668 882/922/668 875/915/668 872/912/668
f 882/922/669 879/919/669 871/911/669 875/915/669
f 918/958/645 919/959/645 876/916/645 870/910/645
f 919/959/623 920/960/623 872/912/623 876/916/623
f 931/971/623 932/972/623 895/935/623 891/931/623
f 930/970/645 931/971/645 891/931/645 897/937/645
f 885/925/669 888/928/669 896/936/669 892/932/669
f 889/929/668 885/925/668 892/932/668 895/935/668
f 901/941/667 903/943/667 888/928/667 884/924/667
f 904/944/666 901/941/666 884/924/666 890/930/666
f 894/934/665 896/936/665 909/949/665 905/945/665
f 897/937/664 894/934/664 905/945/664 911/951/664
f 899/939/663 902/942/663 910/950/663 906/946/663
f 903/943/662 899/939/662 906/946/662 909/949/662
f 928/968/621 929/969/621 902/942/621 898/938/621
f 927/967/639 928/968/639 898/938/639 904/944/639
f 888/928/661 885/925/661 886/926/661 884/924/661
f 889/929/660 887/927/660 886/926/660 885/925/660
f 890/930/670 884/924/670 886/926/670 887/927/670
f 895/935/658 892/932/658 893/933/658 891/931/658
f 896/936/657 894/934/657 893/933/657 892/932/657
f 897/937/656 891/931/656 893/933/656 894/934/656
f 902/942/655 899/939/655 900/940/655 898/938/655
f 903/943/654 901/941/654 900/940/654 899/939/654
f 904/944/653 898/938/653 900/940/653 901/941/653
f 909/949/652 906/946/652 907/947/652 905/945/652
f 910/950/651 908/948/651 907/947/651 906/946/651
f 911/951/650 905/945/650 907/947/650 908/948/650
f 909/949/197 896/936/197 888/928/197 903/943/197
f 926/966/353 910/950/353 902/942/353 929/969/353
s 1
f 1009/1091/671 782/822/671 780/820/672 1018/1109/672
f 732/772/673 730/770/674 979/1031/674 978/1029/673
f 1021/1115/627 828/868/627 826/866/628 1067/1207/628
f 802/842/675 800/840/676 1082/1237/676 1079/1231/675
f 1083/1239/677 742/782/677 740/780/678 1077/1227/678
f 1020/1113/679 766/806/679 764/804/627 1016/1105/627
f 1019/1111/680 842/882/680 840/880/681 1028/1129/681
f 981/1035/682 752/792/682 750/790/683 985/1043/683
f 1120/1313/683 814/854/683 812/852/684 1113/1299/684
f 1067/1207/628 826/866/628 824/864/685 1012/1097/685
f 1114/1301/682 816/856/682 814/854/683 1120/1313/683
f 800/840/676 798/838/686 1100/1273/686 1082/1237/676
f 1029/1131/687 768/808/687 766/806/679 1020/1113/679
f 999/1071/688 820/860/688 818/858/689 1118/1309/689
f 1011/1095/690 784/824/690 782/822/671 1009/1091/671
f 730/770/674 728/768/691 983/1039/691 979/1031/674
f 1002/1077/690 848/888/690 846/886/671 1007/1087/671
f 740/780/678 738/778/675 1106/1285/675 1077/1227/678
f 798/838/686 796/836/673 1111/1295/673 1100/1273/686
f 985/1043/683 750/790/683 748/788/684 1110/1293/684
f 1031/1135/648 838/878/648 836/876/649 1065/1203/649
f 1118/1309/689 818/858/689 816/856/682 1114/1301/682
f 1066/1205/649 772/812/649 770/810/692 1032/1137/692
f 796/836/673 794/834/674 1112/1297/674 1111/1295/673
f 1005/1083/693 786/826/693 784/824/690 1011/1095/690
f 728/768/691 793/833/694 993/1059/694 983/1039/691
f 738/778/675 736/776/676 1103/1279/676 1106/1285/675
f 1025/1123/687 832/872/687 830/870/679 1036/1145/679
f 1004/1081/695 758/798/695 756/796/688 995/1063/688
f 1110/1293/684 748/788/684 746/786/696 1101/1275/696
f 794/834/674 790/830/691 984/1041/691 1112/1297/674
f 793/833/694 788/828/697 1000/1073/697 993/1059/694
f 1065/1203/649 836/876/649 834/874/692 1030/1133/692
f 1037/1147/681 776/816/681 774/814/648 1033/1139/648
f 1014/1101/695 822/862/695 820/860/688 999/1071/688
f 1032/1137/692 770/810/692 768/808/687 1029/1131/687
f 1099/1271/696 810/850/696 808/848/698 1087/1247/698
f 992/1057/699 995/1063/688 756/796/688 754/794/689 990/1053/689
f 1012/1097/685 824/864/685 822/862/695 1014/1101/695
f 790/830/691 855/895/694 991/1055/694 984/1041/691
f 1000/1073/697 788/828/697 786/826/693 1005/1083/693
f 1103/1279/676 736/776/676 734/774/686 987/1047/686
f 1022/1117/680 778/818/680 776/816/681 1037/1147/681
f 1101/1275/696 746/786/696 744/784/698 1089/1251/698
f 1028/1129/681 840/880/681 838/878/648 1031/1135/648
f 998/1069/693 850/890/693 848/888/690 1002/1077/690
f 1087/1247/698 808/848/698 806/846/677 1105/1283/677
f 997/1067/700 996/1065/697 852/892/697 850/890/693 998/1069/693
f 855/895/694 852/892/697 996/1065/697 991/1055/694
f 1030/1133/692 834/874/692 832/872/687 1025/1123/687
f 1036/1145/679 830/870/679 828/868/627 1021/1115/627
f 1113/1299/684 812/852/684 810/850/696 1099/1271/696
f 1003/1079/685 760/800/685 758/798/695 1004/1081/695
f 1017/1107/672 844/884/672 842/882/680 1019/1111/680
f 1105/1283/677 806/846/677 804/844/678 1078/1229/678
f 1018/1109/672 780/820/672 778/818/680 1022/1117/680
f 734/774/686 732/772/673 978/1029/673 987/1047/686
f 1008/1089/628 762/802/628 760/800/685 1003/1079/685
f 1007/1087/671 846/886/671 844/884/672 1017/1107/672
f 1089/1251/698 744/784/698 742/782/677 1083/1239/677
f 990/1053/689 754/794/689 752/792/682 981/1035/682
f 804/844/678 802/842/675 1079/1231/675 1078/1229/678
s 0
f 856/896/195 912/952/195 918/958/195 870/910/195
f 880/920/637 878/918/637 923/963/637 922/962/637
f 877/917/635 880/920/635 922/962/635 921/961/635
f 1064/1201/701 920/960/701 919/959/701 1122/1317/701 1121/1315/701
f 1122/1317/702 919/959/702 918/958/702 1116/1305/702 1125/1323/702
f 1098/1269/703 1088/1249/703 917/957/703 916/956/703 1097/1267/703
f 1097/1267/704 916/956/704 915/955/704 1119/1311/704 1096/1265/704
f 859/899/626 857/897/626 914/954/626 913/953/626
f 856/896/642 859/899/642 913/953/642 912/952/642
f 914/954/705 917/957/705 1088/1249/705 1086/1245/705
f 877/917/187 921/961/187 915/955/187 863/903/187
f 872/912/188 920/960/188 923/963/188 878/918/188
f 1116/1305/706 918/958/706 912/952/706 1107/1287/706
f 1026/1125/707 1027/1127/707 922/962/707 923/963/707 1024/1121/707
f 1035/1143/708 1034/1141/708 921/961/708 922/962/708 1027/1127/708
f 1095/1263/709 913/953/709 914/954/709 1086/1245/709 1085/1243/709
f 1094/1261/710 1107/1287/710 912/952/710 913/953/710 1095/1263/710
f 1117/1307/711 1119/1311/711 915/955/711 921/961/711 1034/1141/711 1013/1099/711
f 923/963/712 920/960/712 1064/1201/712 1024/1121/712
f 911/951/195 924/964/195 930/970/195 897/937/195
f 887/927/637 889/929/637 935/975/637 934/974/637
f 890/930/635 887/927/635 934/974/635 933/973/635
f 1126/1325/701 932/972/701 931/971/701 1129/1331/701 1130/1333/701
f 1129/1331/702 931/971/702 930/970/702 1142/1357/702 1143/1359/702
f 1102/1277/703 1084/1241/703 929/969/703 928/968/703 1093/1259/703
f 1093/1259/704 928/968/704 927/967/704 1109/1291/704 1108/1289/704
f 908/948/626 910/950/626 926/966/626 925/965/626
f 911/951/642 908/948/642 925/965/642 924/964/642
f 926/966/705 929/969/705 1084/1241/705 1104/1281/705
f 890/930/187 933/973/187 927/967/187 904/944/187
f 895/935/188 932/972/188 935/975/188 889/929/188
f 1142/1357/706 930/970/706 924/964/706 1141/1355/706
f 1131/1335/713 1124/1321/713 934/974/713 935/975/713 1127/1327/713
f 1123/1319/708 1115/1303/708 933/973/708 934/974/708 1124/1321/708
f 1104/1281/709 1092/1257/709 1090/1253/709 925/965/709 926/966/709
f 1091/1255/710 1141/1355/710 924/964/710 925/965/710 1090/1253/710
f 1109/1291/711 927/967/711 933/973/711 1115/1303/711
f 935/975/712 932/972/712 1126/1325/712 1127/1327/712
s 1
f 316/318/630 967/1007/630 938/978/640 318/320/640
f 343/349/634 966/1006/634 936/976/637 344/350/637
f 314/316/625 965/1005/625 967/1007/630 316/318/630
f 341/347/188 964/1004/188 966/1006/634 343/349/634
f 313/315/626 963/1003/626 965/1005/625 314/316/625
f 339/345/622 962/1002/622 964/1004/188 341/347/188
f 311/312/632 961/1001/632 963/1003/626 313/315/626
f 337/342/623 960/1000/623 962/1002/622 339/345/622
f 309/310/353 959/999/353 961/1001/632 311/312/632
f 335/340/638 958/998/638 960/1000/623 337/342/623
f 306/306/620 957/997/620 959/999/353 309/310/353
f 333/338/641 956/996/641 958/998/638 335/340/638
f 303/303/621 955/995/621 957/997/620 306/306/620
f 331/336/643 954/994/643 956/996/641 333/338/641
f 301/301/631 953/993/631 955/995/621 303/303/621
f 329/334/645 952/992/645 954/994/643 331/336/643
f 354/363/624 951/991/624 940/980/187 291/291/187
f 300/300/593 950/990/593 953/993/631 301/301/631
f 326/330/646 949/989/646 952/992/645 329/334/645
f 352/361/635 948/988/635 951/991/624 354/363/624
f 297/297/636 947/987/636 950/990/593 300/300/593
f 325/329/195 946/986/195 949/989/646 326/330/646
f 351/360/633 945/985/633 948/988/635 352/361/635
f 296/296/639 944/984/639 947/987/636 297/297/636
f 323/327/644 943/983/644 946/986/195 325/329/195
f 348/356/604 942/982/604 945/985/633 351/360/633
f 294/294/647 941/981/647 944/984/639 296/296/639
f 320/323/642 939/979/642 943/983/644 323/327/644
f 347/355/629 937/977/629 942/982/604 348/356/604
f 291/291/187 940/980/187 941/981/647 294/294/647
f 318/320/640 938/978/640 939/979/642 320/323/642
f 344/350/637 936/976/637 937/977/629 347/355/629
f 988/1049/714 938/978/714 967/1007/715 974/1021/715
f 1047/1167/716 936/976/716 966/1006/717 1042/1157/717
f 974/1021/715 967/1007/715 965/1005/718 973/1019/718
f 1042/1157/717 966/1006/717 964/1004/719 1045/1163/719
f 973/1019/718 965/1005/718 963/1003/720 971/1015/720
f 1045/1163/719 964/1004/719 962/1002/721 1044/1161/721
f 971/1015/720 963/1003/720 961/1001/722 969/1011/722
f 1044/1161/721 962/1002/721 960/1000/723 1046/1165/723
f 969/1011/722 961/1001/722 959/999/724 968/1009/724
f 1046/1165/723 960/1000/723 958/998/725 1039/1151/725
f 959/999/724 957/997/726 970/1013/726 968/1009/724
f 1039/1151/725 958/998/725 956/996/727 1040/1153/727
f 957/997/726 955/995/728 972/1017/728 970/1013/726
f 1040/1153/727 956/996/727 954/994/729 1023/1119/729
f 955/995/728 953/993/730 976/1025/730 972/1017/728
f 1023/1119/729 954/994/729 952/992/731 1010/1093/731
f 1001/1075/732 940/980/732 951/991/733 1015/1103/733
f 953/993/730 950/990/734 975/1023/734 976/1025/730
f 1010/1093/731 952/992/731 949/989/735 1006/1085/735
f 1015/1103/733 951/991/733 948/988/736 1068/1209/736
f 950/990/734 947/987/737 977/1027/737 975/1023/734
f 1006/1085/735 949/989/735 946/986/738 994/1061/738
f 1068/1209/736 948/988/736 945/985/739 1038/1149/739
f 947/987/737 944/984/740 986/1045/740 977/1027/737
f 994/1061/738 946/986/738 943/983/741 982/1037/741
f 1038/1149/739 945/985/739 942/982/742 1063/1199/742
f 944/984/740 941/981/743 989/1051/743 986/1045/740
f 982/1037/741 943/983/741 939/979/744 980/1033/744
f 1063/1199/742 942/982/742 937/977/745 1041/1155/745
f 941/981/743 940/980/732 1001/1075/732 989/1051/743
f 980/1033/744 939/979/744 938/978/714 988/1049/714
f 1041/1155/745 937/977/745 936/976/716 1047/1167/716
s 0
f 1162/1397/746 307/307/746 293/293/746 1166/1405/746 1161/1395/746
f 293/293/747 1165/1403/747 1168/1409/747 1170/1413/747 1173/1417/747
f 1169/1411/748 1166/1405/748 293/293/748 1173/1417/748 1171/1415/748
f 1175/1419/749 307/307/749 1162/1397/749 1163/1399/749 1174/1418/749
f 1160/1393/750 307/307/750 1175/1419/750 1172/1416/750 1164/1401/750
f 293/293/752 307/307/752 1160/1393/752 1167/1407/752
usemtl 
f 1167/1407/751 1165/1403/751 293/293/751
o Cube.001
v 2.555170 -1.073839 4.880089
v 2.554862 -0.854019 4.880241
v 2.548565 -1.073839 4.866798
v 2.548258 -0.854019 4.866951
v 2.568153 -1.073839 4.873637
v 2.568153 -0.854019 4.873637
v 2.561549 -1.073839 4.860347
v 2.561549 -0.854019 4.860347
v 2.555170 -0.981782 4.880089
v 2.548565 -0.981782 4.866798
v 2.561549 -0.981782 4.860347
v 2.568153 -0.981782 4.873637
v 2.526624 -1.073839 4.877701
v 2.533228 -1.073839 4.890992
v 2.526624 -0.981782 4.877701
v 2.533228 -0.981782 4.890992
v 2.565891 -0.981782 4.874761
v 2.557195 -0.981782 4.879082
v 2.565888 -1.068983 4.874763
v 2.557193 -1.069313 4.879084
v 2.556930 -0.857459 4.879214
v 2.565895 -0.857368 4.874759
v 2.559948 -0.981782 4.862803
v 2.551142 -0.981782 4.867179
v 2.559946 -1.068983 4.862804
v 2.551250 -1.069313 4.867125
v 2.550987 -0.857459 4.867256
v 2.559952 -0.857368 4.862801
v 2.555170 -1.069383 4.880089
v 2.555170 -0.984161 4.880089
v 2.546094 -0.984199 4.884599
v 2.546106 -1.069383 4.884593
v 2.546539 -1.073839 4.862720
v 2.553143 -1.073839 4.876011
v 2.546539 -0.981782 4.862720
v 2.549977 -0.984161 4.869640
v 2.553143 -0.981782 4.876011
v 2.549977 -1.069383 4.869640
v 2.540902 -0.984199 4.874149
v 2.540914 -1.069383 4.874143
v 2.535443 -0.984204 4.889891
v 2.544138 -0.984259 4.885571
v 2.544286 -1.069230 4.885498
v 2.535591 -1.069230 4.889818
v 2.530273 -0.984204 4.879487
v 2.538968 -0.984259 4.875165
v 2.539115 -1.069230 4.875093
v 2.530420 -1.069230 4.879413
vn -0.8955 -0.0027 0.4450
vn -0.4450 -0.0000 -0.8955
vn 0.8955 -0.0000 -0.4450
vn 0.4450 -0.0000 0.8955
vn -0.0000 -1.0000 -0.0000
vn -0.0000 1.0000 -0.0000
vn -0.8955 -0.0000 0.4450
vn 0.0082 -1.0000 -0.0041
vn 0.8935 0.0019 -0.4492
vn -0.0303 0.9994 0.0151
vn 0.8935 0.0007 -0.4492
vn 0.0034 -1.0000 -0.0017
vn 0.8955 0.0002 -0.4450
vn 0.8955 0.0019 -0.4450
vn -0.8955 -0.0019 0.4450
vn -0.0051 -1.0000 0.0025
vt 0.240633 0.770245
vt 0.109069 0.638682
vt 0.372196 0.243992
vt 0.372196 0.770245
vt 0.503760 0.638682
vt 0.109069 0.507118
vt 0.240633 0.375555
vt 0.372196 0.375555
vt 0.503760 0.507118
vt 0.240633 0.638682
vt 0.372196 0.638682
vt 0.240633 0.507118
vt 0.372196 0.507118
vt 0.295729 0.243992
vt 0.295729 0.770245
vt 0.295729 0.375555
vt 0.295729 0.507118
vt 0.295729 0.638682
vt 0.109069 0.507118
vt 0.240633 0.375555
vt 0.109069 0.638682
vt 0.240633 0.243992
vt 0.240633 0.770245
vt 0.295729 0.375555
vt 0.295729 0.243992
vt 0.295729 0.770245
vt 0.295729 0.661075
vt 0.295729 0.748253
vt 0.243539 0.661103
vt 0.243342 0.747176
vt 0.370137 0.749784
vt 0.370192 0.661036
vt 0.295729 0.661075
vt 0.295729 0.748253
vt 0.243539 0.661103
vt 0.243342 0.747176
vt 0.370137 0.749784
vt 0.370192 0.661036
vt 0.243300 0.770245
vt 0.294306 0.770245
vt 0.294283 0.770245
vt 0.243300 0.770245
vt 0.109069 0.507118
vt 0.240633 0.375555
vt 0.240633 0.770245
vt 0.109069 0.638682
vt 0.295729 0.375555
vt 0.294306 0.770245
vt 0.295729 0.770245
vt 0.243300 0.770245
vt 0.294283 0.770245
vt 0.243300 0.770245
vt 0.294280 0.770245
vt 0.294247 0.770245
vt 0.243391 0.770245
vt 0.243391 0.770245
vt 0.294280 0.770245
vt 0.294247 0.770245
vt 0.243391 0.770245
vt 0.243391 0.770245
s 0
usemtl Black_Plastic
f 1184/1433/753 1177/1422/753 1179/1427/753 1185/1435/753
f 1185/1435/754 1179/1427/754 1183/1432/754 1186/1436/754
f 1186/1436/755 1183/1432/755 1181/1430/755 1187/1437/755
f 1187/1437/756 1181/1430/756 1177/1423/756 1184/1434/756 1193/1447/756 1196/1450/756 1197/1451/756 1192/1446/756
f 1178/1425/757 1182/1431/757 1180/1429/757 1176/1421/757
f 1183/1432/758 1179/1428/758 1177/1424/758 1181/1430/758
f 1180/1429/756 1187/1437/756 1192/1446/756 1194/1448/756 1195/1449/756 1193/1447/756 1184/1434/756 1205/1459/756 1204/1458/756 1176/1420/756
f 1182/1431/755 1186/1436/755 1187/1437/755 1180/1429/755
f 1178/1426/754 1185/1435/754 1186/1436/754 1182/1431/754
f 1178/1425/757 1176/1421/757 1189/1440/757 1188/1438/757
f 1189/1441/759 1191/1444/759 1190/1443/759 1188/1439/759
f 1185/1435/754 1178/1426/754 1188/1439/754 1190/1443/754
f 1176/1420/756 1204/1458/756 1207/1461/756 1218/1474/756 1219/1475/756 1216/1472/756 1191/1445/756 1189/1442/756
f 1184/1433/758 1185/1435/758 1190/1443/758 1191/1444/758
f 1199/1453/756 1201/1455/756 1200/1454/756 1198/1452/756
f 1197/1451/760 1196/1450/760 1202/1456/760 1203/1457/760
f 1196/1450/761 1193/1447/761 1199/1453/761 1202/1456/761
f 1198/1452/756 1203/1457/756 1202/1456/756 1199/1453/756
f 1195/1449/762 1194/1448/762 1200/1454/762 1201/1455/762
f 1192/1446/759 1197/1451/759 1203/1457/759 1198/1452/759
f 1193/1447/763 1195/1449/763 1201/1455/763 1199/1453/763
f 1194/1448/759 1192/1446/759 1198/1452/759 1200/1454/759
f 1211/1467/756 1214/1470/756 1215/1471/756 1213/1469/756
f 1184/1434/755 1205/1459/755 1211/1467/755 1212/1468/755
f 1207/1461/758 1204/1458/758 1213/1469/758 1215/1471/758
f 1205/1459/764 1206/1460/764 1214/1470/764 1211/1467/764
f 1204/1458/755 1176/1420/755 1209/1464/755 1213/1469/755
f 1176/1421/755 1178/1425/755 1208/1462/755 1209/1465/755
f 1206/1460/765 1207/1461/765 1215/1471/765 1214/1470/765
f 1204/1458/759 1205/1459/759 1211/1467/759 1213/1469/759
f 1178/1426/759 1185/1435/759 1210/1466/759 1208/1463/759
f 1221/1477/756 1220/1476/756 1223/1479/756 1222/1478/756
f 1191/1445/756 1216/1472/756 1217/1473/756 1218/1474/756 1207/1461/756 1206/1460/756 1205/1459/756 1184/1434/756
f 1216/1472/766 1219/1475/766 1223/1479/766 1220/1476/766
f 1218/1474/767 1217/1473/767 1221/1477/767 1222/1478/767
f 1219/1475/758 1218/1474/758 1222/1478/758 1223/1479/758
f 1217/1473/768 1216/1472/768 1220/1476/768 1221/1477/768
o Cube.002
v 2.556986 -0.865272 4.879118
v 2.557256 -0.865443 4.878986
v 2.557454 -0.865008 4.879277
v 2.557014 -0.865439 4.879105
v 2.557114 -0.865222 4.879250
v 2.557137 -0.865381 4.879230
v 2.557347 -0.865369 4.879135
v 2.557113 -0.865501 4.879056
v 2.557207 -0.865425 4.879196
v 2.557285 -0.865125 4.879308
v 2.557420 -0.865210 4.879242
v 2.557258 -0.865313 4.879271
v 2.556520 -0.865272 4.878181
v 2.556678 -0.865008 4.877715
v 2.556790 -0.865443 4.878048
v 2.556493 -0.865222 4.878001
v 2.556549 -0.865439 4.878167
v 2.556523 -0.865381 4.877994
v 2.556685 -0.865210 4.877763
v 2.556551 -0.865125 4.877830
v 2.556564 -0.865313 4.877873
v 2.556648 -0.865501 4.878119
v 2.556726 -0.865369 4.877886
v 2.556593 -0.865425 4.877960
v 2.565876 -0.859727 4.874746
v 2.566132 -0.859200 4.874620
v 2.565980 -0.859355 4.875084
v 2.566016 -0.859595 4.874678
v 2.565940 -0.859673 4.874909
v 2.566071 -0.859547 4.874836
v 2.566162 -0.859216 4.874800
v 2.566110 -0.859402 4.874631
v 2.566137 -0.859410 4.874804
v 2.565978 -0.859536 4.875033
v 2.566106 -0.859273 4.874970
v 2.566098 -0.859451 4.874924
v 2.565796 -0.857579 4.874786
v 2.565928 -0.858004 4.875110
v 2.566077 -0.857745 4.874648
v 2.565864 -0.857649 4.874947
v 2.565938 -0.857520 4.874716
v 2.565997 -0.857593 4.874873
v 2.566052 -0.857888 4.874997
v 2.565912 -0.857805 4.875066
v 2.566031 -0.857703 4.874957
v 2.566041 -0.857581 4.874666
v 2.566107 -0.857793 4.874827
v 2.566069 -0.857636 4.874837
v 2.565411 -0.859727 4.873809
v 2.565204 -0.859355 4.873522
v 2.565666 -0.859200 4.873683
v 2.565319 -0.859673 4.873660
v 2.565550 -0.859595 4.873740
v 2.565457 -0.859547 4.873600
v 2.565371 -0.859273 4.873492
v 2.565243 -0.859536 4.873554
v 2.565403 -0.859451 4.873526
v 2.565644 -0.859402 4.873694
v 2.565541 -0.859216 4.873551
v 2.565523 -0.859410 4.873568
v 2.565152 -0.858004 4.873548
v 2.565331 -0.857579 4.873849
v 2.565611 -0.857745 4.873711
v 2.565178 -0.857805 4.873587
v 2.565318 -0.857888 4.873518
v 2.565336 -0.857703 4.873559
v 2.565472 -0.857520 4.873779
v 2.565243 -0.857649 4.873697
v 2.565383 -0.857593 4.873637
v 2.565486 -0.857793 4.873578
v 2.565575 -0.857581 4.873728
v 2.565455 -0.857636 4.873601
v 2.558153 -0.863319 4.878933
v 2.557796 -0.863047 4.878720
v 2.558032 -0.863183 4.878941
v 2.557901 -0.863083 4.878863
v 2.557454 -0.864714 4.879277
v 2.556985 -0.864665 4.879119
v 2.557276 -0.864689 4.879313
v 2.557105 -0.864671 4.879254
v 2.557658 -0.863926 4.879177
v 2.557222 -0.863751 4.879002
v 2.557497 -0.863838 4.879204
v 2.557338 -0.863774 4.879140
v 2.556678 -0.864714 4.877715
v 2.556520 -0.864665 4.878181
v 2.556542 -0.864689 4.877834
v 2.556484 -0.864671 4.878005
v 2.557377 -0.863319 4.877371
v 2.557331 -0.863047 4.877783
v 2.557297 -0.863183 4.877463
v 2.557280 -0.863083 4.877613
v 2.556882 -0.863926 4.877614
v 2.556756 -0.863751 4.878065
v 2.556762 -0.863838 4.877726
v 2.556717 -0.863774 4.877891
v 2.556986 -0.872336 4.879118
v 2.557256 -0.872506 4.878986
v 2.557454 -0.872072 4.879277
v 2.557014 -0.872502 4.879105
v 2.557114 -0.872285 4.879250
v 2.557137 -0.872444 4.879230
v 2.557347 -0.872432 4.879135
v 2.557113 -0.872564 4.879056
v 2.557207 -0.872488 4.879196
v 2.557285 -0.872188 4.879308
v 2.557420 -0.872273 4.879242
v 2.557258 -0.872376 4.879271
v 2.556520 -0.872336 4.878181
v 2.556678 -0.872072 4.877715
v 2.556790 -0.872506 4.878048
v 2.556493 -0.872285 4.878001
v 2.556549 -0.872502 4.878167
v 2.556523 -0.872444 4.877994
v 2.556685 -0.872273 4.877763
v 2.556551 -0.872188 4.877830
v 2.556564 -0.872376 4.877873
v 2.556648 -0.872564 4.878119
v 2.556726 -0.872432 4.877886
v 2.556593 -0.872488 4.877960
v 2.565876 -0.866790 4.874746
v 2.566132 -0.866263 4.874620
v 2.565980 -0.866418 4.875084
v 2.566016 -0.866659 4.874678
v 2.565940 -0.866736 4.874909
v 2.566071 -0.866610 4.874836
v 2.566162 -0.866280 4.874800
v 2.566110 -0.866465 4.874631
v 2.566137 -0.866474 4.874804
v 2.565978 -0.866600 4.875033
v 2.566106 -0.866337 4.874970
v 2.566098 -0.866514 4.874924
v 2.565796 -0.864642 4.874786
v 2.565928 -0.865067 4.875110
v 2.566077 -0.864808 4.874648
v 2.565864 -0.864713 4.874947
v 2.565938 -0.864583 4.874716
v 2.565997 -0.864656 4.874873
v 2.566052 -0.864952 4.874997
v 2.565912 -0.864869 4.875066
v 2.566031 -0.864766 4.874957
v 2.566041 -0.864644 4.874666
v 2.566107 -0.864857 4.874827
v 2.566069 -0.864699 4.874837
v 2.565411 -0.866790 4.873809
v 2.565204 -0.866418 4.873522
v 2.565666 -0.866263 4.873683
v 2.565319 -0.866736 4.873660
v 2.565550 -0.866659 4.873740
v 2.565457 -0.866610 4.873600
v 2.565371 -0.866337 4.873492
v 2.565243 -0.866600 4.873554
v 2.565403 -0.866514 4.873526
v 2.565644 -0.866465 4.873694
v 2.565541 -0.866280 4.873551
v 2.565523 -0.866474 4.873568
v 2.565152 -0.865067 4.873548
v 2.565331 -0.864642 4.873849
v 2.565611 -0.864808 4.873711
v 2.565178 -0.864869 4.873587
v 2.565318 -0.864952 4.873518
v 2.565336 -0.864766 4.873559
v 2.565472 -0.864583 4.873779
v 2.565243 -0.864713 4.873697
v 2.565383 -0.864656 4.873637
v 2.565486 -0.864857 4.873578
v 2.565575 -0.864644 4.873728
v 2.565455 -0.864699 4.873601
v 2.558153 -0.870382 4.878933
v 2.557796 -0.870110 4.878720
v 2.558032 -0.870246 4.878941
v 2.557901 -0.870147 4.878863
v 2.557454 -0.871777 4.879277
v 2.556985 -0.871728 4.879119
v 2.557276 -0.871752 4.879313
v 2.557105 -0.871734 4.879254
v 2.557658 -0.870989 4.879177
v 2.557222 -0.870814 4.879002
v 2.557497 -0.870901 4.879204
v 2.557338 -0.870837 4.879140
v 2.556678 -0.871777 4.877715
v 2.556520 -0.871728 4.878181
v 2.556542 -0.871752 4.877834
v 2.556484 -0.871734 4.878005
v 2.557377 -0.870382 4.877371
v 2.557331 -0.870110 4.877783
v 2.557297 -0.870246 4.877463
v 2.557280 -0.870147 4.877613
v 2.556882 -0.870989 4.877614
v 2.556756 -0.870814 4.878065
v 2.556762 -0.870901 4.877726
v 2.556717 -0.870837 4.877891
v 2.556986 -0.879399 4.879118
v 2.557256 -0.879569 4.878986
v 2.557454 -0.879135 4.879277
v 2.557014 -0.879565 4.879105
v 2.557114 -0.879348 4.879250
v 2.557137 -0.879507 4.879230
v 2.557347 -0.879496 4.879135
v 2.557113 -0.879627 4.879056
v 2.557207 -0.879551 4.879196
v 2.557285 -0.879251 4.879308
v 2.557420 -0.879336 4.879242
v 2.557258 -0.879439 4.879271
v 2.556520 -0.879399 4.878181
v 2.556678 -0.879135 4.877715
v 2.556790 -0.879569 4.878048
v 2.556493 -0.879348 4.878001
v 2.556549 -0.879565 4.878167
v 2.556523 -0.879507 4.877994
v 2.556685 -0.879336 4.877763
v 2.556551 -0.879251 4.877830
v 2.556564 -0.879439 4.877873
v 2.556648 -0.879627 4.878119
v 2.556726 -0.879496 4.877886
v 2.556593 -0.879551 4.877960
v 2.565876 -0.873853 4.874746
v 2.566132 -0.873326 4.874620
v 2.565980 -0.873481 4.875084
v 2.566016 -0.873722 4.874678
v 2.565940 -0.873799 4.874909
v 2.566071 -0.873673 4.874836
v 2.566162 -0.873343 4.874800
v 2.566110 -0.873528 4.874631
v 2.566137 -0.873537 4.874804
v 2.565978 -0.873663 4.875033
v 2.566106 -0.873400 4.874970
v 2.566098 -0.873577 4.874924
v 2.565796 -0.871705 4.874786
v 2.565928 -0.872130 4.875110
v 2.566077 -0.871871 4.874648
v 2.565864 -0.871776 4.874947
v 2.565938 -0.871646 4.874716
v 2.565997 -0.871720 4.874873
v 2.566052 -0.872015 4.874997
v 2.565912 -0.871932 4.875066
v 2.566031 -0.871829 4.874957
v 2.566041 -0.871707 4.874666
v 2.566107 -0.871920 4.874827
v 2.566069 -0.871763 4.874837
v 2.565411 -0.873853 4.873809
v 2.565204 -0.873481 4.873522
v 2.565666 -0.873326 4.873683
v 2.565319 -0.873799 4.873660
v 2.565550 -0.873722 4.873740
v 2.565457 -0.873673 4.873600
v 2.565371 -0.873400 4.873492
v 2.565243 -0.873663 4.873554
v 2.565403 -0.873577 4.873526
v 2.565644 -0.873528 4.873694
v 2.565541 -0.873343 4.873551
v 2.565523 -0.873537 4.873568
v 2.565152 -0.872130 4.873548
v 2.565331 -0.871705 4.873849
v 2.565611 -0.871871 4.873711
v 2.565178 -0.871932 4.873587
v 2.565318 -0.872015 4.873518
v 2.565336 -0.871829 4.873559
v 2.565472 -0.871646 4.873779
v 2.565243 -0.871776 4.873697
v 2.565383 -0.871720 4.873637
v 2.565486 -0.871920 4.873578
v 2.565575 -0.871707 4.873728
v 2.565455 -0.871763 4.873601
v 2.558153 -0.877445 4.878933
v 2.557796 -0.877173 4.878720
v 2.558032 -0.877309 4.878941
v 2.557901 -0.877210 4.878863
v 2.557454 -0.878840 4.879277
v 2.556985 -0.878791 4.879119
v 2.557276 -0.878815 4.879313
v 2.557105 -0.878797 4.879254
v 2.557658 -0.878052 4.879177
v 2.557222 -0.877877 4.879002
v 2.557497 -0.877965 4.879204
v 2.557338 -0.877901 4.879140
v 2.556678 -0.878840 4.877715
v 2.556520 -0.878791 4.878181
v 2.556542 -0.878815 4.877834
v 2.556484 -0.878797 4.878005
v 2.557377 -0.877445 4.877371
v 2.557331 -0.877173 4.877783
v 2.557297 -0.877309 4.877463
v 2.557280 -0.877210 4.877613
v 2.556882 -0.878052 4.877614
v 2.556756 -0.877877 4.878065
v 2.556762 -0.877965 4.877726
v 2.556717 -0.877901 4.877891
v 2.556986 -0.886462 4.879118
v 2.557256 -0.886632 4.878986
v 2.557454 -0.886198 4.879277
v 2.557014 -0.886628 4.879105
v 2.557114 -0.886411 4.879250
v 2.557137 -0.886571 4.879230
v 2.557347 -0.886559 4.879135
v 2.557113 -0.886691 4.879056
v 2.557207 -0.886615 4.879196
v 2.557285 -0.886314 4.879308
v 2.557420 -0.886399 4.879242
v 2.557258 -0.886502 4.879271
v 2.556520 -0.886462 4.878181
v 2.556678 -0.886198 4.877715
v 2.556790 -0.886632 4.878048
v 2.556493 -0.886411 4.878001
v 2.556549 -0.886628 4.878167
v 2.556523 -0.886571 4.877994
v 2.556685 -0.886399 4.877763
v 2.556551 -0.886314 4.877830
v 2.556564 -0.886502 4.877873
v 2.556648 -0.886691 4.878119
v 2.556726 -0.886559 4.877886
v 2.556593 -0.886615 4.877960
v 2.565876 -0.880916 4.874746
v 2.566132 -0.880389 4.874620
v 2.565980 -0.880545 4.875084
v 2.566016 -0.880785 4.874678
v 2.565940 -0.880862 4.874909
v 2.566071 -0.880736 4.874836
v 2.566162 -0.880406 4.874800
v 2.566110 -0.880591 4.874631
v 2.566137 -0.880600 4.874804
v 2.565978 -0.880726 4.875033
v 2.566106 -0.880463 4.874970
v 2.566098 -0.880640 4.874924
v 2.565796 -0.878768 4.874786
v 2.565928 -0.879193 4.875110
v 2.566077 -0.878934 4.874648
v 2.565864 -0.878839 4.874947
v 2.565938 -0.878710 4.874716
v 2.565997 -0.878783 4.874873
v 2.566052 -0.879078 4.874997
v 2.565912 -0.878995 4.875066
v 2.566031 -0.878893 4.874957
v 2.566041 -0.878771 4.874666
v 2.566107 -0.878983 4.874827
v 2.566069 -0.878826 4.874837
v 2.565411 -0.880916 4.873809
v 2.565204 -0.880545 4.873522
v 2.565666 -0.880389 4.873683
v 2.565319 -0.880862 4.873660
v 2.565550 -0.880785 4.873740
v 2.565457 -0.880736 4.873600
v 2.565371 -0.880463 4.873492
v 2.565243 -0.880726 4.873554
v 2.565403 -0.880640 4.873526
v 2.565644 -0.880591 4.873694
v 2.565541 -0.880406 4.873551
v 2.565523 -0.880600 4.873568
v 2.565152 -0.879193 4.873548
v 2.565331 -0.878768 4.873849
v 2.565611 -0.878934 4.873711
v 2.565178 -0.878995 4.873587
v 2.565318 -0.879078 4.873518
v 2.565336 -0.878893 4.873559
v 2.565472 -0.878710 4.873779
v 2.565243 -0.878839 4.873697
v 2.565383 -0.878783 4.873637
v 2.565486 -0.878983 4.873578
v 2.565575 -0.878771 4.873728
v 2.565455 -0.878826 4.873601
v 2.558153 -0.884508 4.878933
v 2.557796 -0.884237 4.878720
v 2.558032 -0.884372 4.878941
v 2.557901 -0.884273 4.878863
v 2.557454 -0.885903 4.879277
v 2.556985 -0.885854 4.879119
v 2.557276 -0.885879 4.879313
v 2.557105 -0.885861 4.879254
v 2.557658 -0.885115 4.879177
v 2.557222 -0.884940 4.879002
v 2.557497 -0.885028 4.879204
v 2.557338 -0.884964 4.879140
v 2.556678 -0.885903 4.877715
v 2.556520 -0.885854 4.878181
v 2.556542 -0.885879 4.877834
v 2.556484 -0.885861 4.878005
v 2.557377 -0.884508 4.877371
v 2.557331 -0.884237 4.877783
v 2.557297 -0.884372 4.877463
v 2.557280 -0.884273 4.877613
v 2.556882 -0.885115 4.877614
v 2.556756 -0.884940 4.878065
v 2.556762 -0.885028 4.877726
v 2.556717 -0.884964 4.877891
v 2.556986 -0.893525 4.879118
v 2.557256 -0.893696 4.878986
v 2.557454 -0.893261 4.879277
v 2.557014 -0.893691 4.879105
v 2.557114 -0.893474 4.879250
v 2.557137 -0.893634 4.879230
v 2.557347 -0.893622 4.879135
v 2.557113 -0.893754 4.879056
v 2.557207 -0.893678 4.879196
v 2.557285 -0.893377 4.879308
v 2.557420 -0.893462 4.879242
v 2.557258 -0.893565 4.879271
v 2.556520 -0.893525 4.878181
v 2.556678 -0.893261 4.877715
v 2.556790 -0.893696 4.878048
v 2.556493 -0.893474 4.878001
v 2.556549 -0.893691 4.878167
v 2.556523 -0.893634 4.877994
v 2.556685 -0.893462 4.877763
v 2.556551 -0.893377 4.877830
v 2.556564 -0.893565 4.877873
v 2.556648 -0.893754 4.878119
v 2.556726 -0.893622 4.877886
v 2.556593 -0.893678 4.877960
v 2.565876 -0.887979 4.874746
v 2.566132 -0.887452 4.874620
v 2.565980 -0.887608 4.875084
v 2.566016 -0.887848 4.874678
v 2.565940 -0.887926 4.874909
v 2.566071 -0.887799 4.874836
v 2.566162 -0.887469 4.874800
v 2.566110 -0.887655 4.874631
v 2.566137 -0.887663 4.874804
v 2.565978 -0.887789 4.875033
v 2.566106 -0.887526 4.874970
v 2.566098 -0.887703 4.874924
v 2.565796 -0.885831 4.874786
v 2.565928 -0.886256 4.875110
v 2.566077 -0.885997 4.874648
v 2.565864 -0.885902 4.874947
v 2.565938 -0.885773 4.874716
v 2.565997 -0.885846 4.874873
v 2.566052 -0.886141 4.874997
v 2.565912 -0.886058 4.875066
v 2.566031 -0.885956 4.874957
v 2.566041 -0.885834 4.874666
v 2.566107 -0.886046 4.874827
v 2.566069 -0.885889 4.874837
v 2.565411 -0.887979 4.873809
v 2.565204 -0.887608 4.873522
v 2.565666 -0.887452 4.873683
v 2.565319 -0.887926 4.873660
v 2.565550 -0.887848 4.873740
v 2.565457 -0.887799 4.873600
v 2.565371 -0.887526 4.873492
v 2.565243 -0.887789 4.873554
v 2.565403 -0.887703 4.873526
v 2.565644 -0.887655 4.873694
v 2.565541 -0.887469 4.873551
v 2.565523 -0.887663 4.873568
v 2.565152 -0.886256 4.873548
v 2.565331 -0.885831 4.873849
v 2.565611 -0.885997 4.873711
v 2.565178 -0.886058 4.873587
v 2.565318 -0.886141 4.873518
v 2.565336 -0.885956 4.873559
v 2.565472 -0.885773 4.873779
v 2.565243 -0.885902 4.873697
v 2.565383 -0.885846 4.873637
v 2.565486 -0.886046 4.873578
v 2.565575 -0.885834 4.873728
v 2.565455 -0.885889 4.873601
v 2.558153 -0.891571 4.878933
v 2.557796 -0.891300 4.878720
v 2.558032 -0.891435 4.878941
v 2.557901 -0.891336 4.878863
v 2.557454 -0.892966 4.879277
v 2.556985 -0.892917 4.879119
v 2.557276 -0.892942 4.879313
v 2.557105 -0.892924 4.879254
v 2.557658 -0.892178 4.879177
v 2.557222 -0.892003 4.879002
v 2.557497 -0.892091 4.879204
v 2.557338 -0.892027 4.879140
v 2.556678 -0.892966 4.877715
v 2.556520 -0.892917 4.878181
v 2.556542 -0.892942 4.877834
v 2.556484 -0.892924 4.878005
v 2.557377 -0.891571 4.877371
v 2.557331 -0.891300 4.877783
v 2.557297 -0.891435 4.877463
v 2.557280 -0.891336 4.877613
v 2.556882 -0.892178 4.877614
v 2.556756 -0.892003 4.878065
v 2.556762 -0.892091 4.877726
v 2.556717 -0.892027 4.877891
v 2.556986 -0.900588 4.879118
v 2.557256 -0.900759 4.878986
v 2.557454 -0.900324 4.879277
v 2.557014 -0.900754 4.879105
v 2.557114 -0.900537 4.879250
v 2.557137 -0.900697 4.879230
v 2.557347 -0.900685 4.879135
v 2.557113 -0.900817 4.879056
v 2.557207 -0.900741 4.879196
v 2.557285 -0.900440 4.879308
v 2.557420 -0.900525 4.879242
v 2.557258 -0.900629 4.879271
v 2.556520 -0.900588 4.878181
v 2.556678 -0.900324 4.877715
v 2.556790 -0.900759 4.878048
v 2.556493 -0.900537 4.878001
v 2.556549 -0.900754 4.878167
v 2.556523 -0.900697 4.877994
v 2.556685 -0.900525 4.877763
v 2.556551 -0.900440 4.877830
v 2.556564 -0.900629 4.877873
v 2.556648 -0.900817 4.878119
v 2.556726 -0.900685 4.877886
v 2.556593 -0.900741 4.877960
v 2.565876 -0.895043 4.874746
v 2.566132 -0.894516 4.874620
v 2.565980 -0.894671 4.875084
v 2.566016 -0.894911 4.874678
v 2.565940 -0.894989 4.874909
v 2.566071 -0.894862 4.874836
v 2.566162 -0.894532 4.874800
v 2.566110 -0.894718 4.874631
v 2.566137 -0.894726 4.874804
v 2.565978 -0.894852 4.875033
v 2.566106 -0.894589 4.874970
v 2.566098 -0.894766 4.874924
v 2.565796 -0.892894 4.874786
v 2.565928 -0.893320 4.875110
v 2.566077 -0.893061 4.874648
v 2.565864 -0.892965 4.874947
v 2.565938 -0.892836 4.874716
v 2.565997 -0.892909 4.874873
v 2.566052 -0.893204 4.874997
v 2.565912 -0.893121 4.875066
v 2.566031 -0.893019 4.874957
v 2.566041 -0.892897 4.874666
v 2.566107 -0.893109 4.874827
v 2.566069 -0.892952 4.874837
v 2.565411 -0.895043 4.873809
v 2.565204 -0.894671 4.873522
v 2.565666 -0.894516 4.873683
v 2.565319 -0.894989 4.873660
v 2.565550 -0.894911 4.873740
v 2.565457 -0.894862 4.873600
v 2.565371 -0.894589 4.873492
v 2.565243 -0.894852 4.873554
v 2.565403 -0.894766 4.873526
v 2.565644 -0.894718 4.873694
v 2.565541 -0.894532 4.873551
v 2.565523 -0.894726 4.873568
v 2.565152 -0.893320 4.873548
v 2.565331 -0.892894 4.873849
v 2.565611 -0.893061 4.873711
v 2.565178 -0.893121 4.873587
v 2.565318 -0.893204 4.873518
v 2.565336 -0.893019 4.873559
v 2.565472 -0.892836 4.873779
v 2.565243 -0.892965 4.873697
v 2.565383 -0.892909 4.873637
v 2.565486 -0.893109 4.873578
v 2.565575 -0.892897 4.873728
v 2.565455 -0.892952 4.873601
v 2.558153 -0.898634 4.878933
v 2.557796 -0.898363 4.878720
v 2.558032 -0.898499 4.878941
v 2.557901 -0.898399 4.878863
v 2.557454 -0.900029 4.879277
v 2.556985 -0.899980 4.879119
v 2.557276 -0.900005 4.879313
v 2.557105 -0.899987 4.879254
v 2.557658 -0.899241 4.879177
v 2.557222 -0.899067 4.879002
v 2.557497 -0.899154 4.879204
v 2.557338 -0.899090 4.879140
v 2.556678 -0.900029 4.877715
v 2.556520 -0.899980 4.878181
v 2.556542 -0.900005 4.877834
v 2.556484 -0.899987 4.878005
v 2.557377 -0.898634 4.877371
v 2.557331 -0.898363 4.877783
v 2.557297 -0.898499 4.877463
v 2.557280 -0.898399 4.877613
v 2.556882 -0.899241 4.877614
v 2.556756 -0.899067 4.878065
v 2.556762 -0.899154 4.877726
v 2.556717 -0.899090 4.877891
v 2.556986 -0.907651 4.879118
v 2.557256 -0.907822 4.878986
v 2.557454 -0.907387 4.879277
v 2.557014 -0.907817 4.879105
v 2.557114 -0.907600 4.879250
v 2.557137 -0.907760 4.879230
v 2.557347 -0.907748 4.879135
v 2.557113 -0.907880 4.879056
v 2.557207 -0.907804 4.879196
v 2.557285 -0.907503 4.879308
v 2.557420 -0.907589 4.879242
v 2.557258 -0.907692 4.879271
v 2.556520 -0.907651 4.878181
v 2.556678 -0.907387 4.877715
v 2.556790 -0.907822 4.878048
v 2.556493 -0.907600 4.878001
v 2.556549 -0.907817 4.878167
v 2.556523 -0.907760 4.877994
v 2.556685 -0.907589 4.877763
v 2.556551 -0.907503 4.877830
v 2.556564 -0.907692 4.877873
v 2.556648 -0.907880 4.878119
v 2.556726 -0.907748 4.877886
v 2.556593 -0.907804 4.877960
v 2.565876 -0.902106 4.874746
v 2.566132 -0.901579 4.874620
v 2.565980 -0.901734 4.875084
v 2.566016 -0.901974 4.874678
v 2.565940 -0.902052 4.874909
v 2.566071 -0.901926 4.874836
v 2.566162 -0.901595 4.874800
v 2.566110 -0.901781 4.874631
v 2.566137 -0.901789 4.874804
v 2.565978 -0.901915 4.875033
v 2.566106 -0.901652 4.874970
v 2.566098 -0.901829 4.874924
v 2.565796 -0.899958 4.874786
v 2.565928 -0.900383 4.875110
v 2.566077 -0.900124 4.874648
v 2.565864 -0.900028 4.874947
v 2.565938 -0.899899 4.874716
v 2.565997 -0.899972 4.874873
v 2.566052 -0.900267 4.874997
v 2.565912 -0.900184 4.875066
v 2.566031 -0.900082 4.874957
v 2.566041 -0.899960 4.874666
v 2.566107 -0.900172 4.874827
v 2.566069 -0.900015 4.874837
v 2.565411 -0.902106 4.873809
v 2.565204 -0.901734 4.873522
v 2.565666 -0.901579 4.873683
v 2.565319 -0.902052 4.873660
v 2.565550 -0.901974 4.873740
v 2.565457 -0.901926 4.873600
v 2.565371 -0.901652 4.873492
v 2.565243 -0.901915 4.873554
v 2.565403 -0.901829 4.873526
v 2.565644 -0.901781 4.873694
v 2.565541 -0.901595 4.873551
v 2.565523 -0.901789 4.873568
v 2.565152 -0.900383 4.873548
v 2.565331 -0.899958 4.873849
v 2.565611 -0.900124 4.873711
v 2.565178 -0.900184 4.873587
v 2.565318 -0.900267 4.873518
v 2.565336 -0.900082 4.873559
v 2.565472 -0.899899 4.873779
v 2.565243 -0.900028 4.873697
v 2.565383 -0.899972 4.873637
v 2.565486 -0.900172 4.873578
v 2.565575 -0.899960 4.873728
v 2.565455 -0.900015 4.873601
v 2.558153 -0.905697 4.878933
v 2.557796 -0.905426 4.878720
v 2.558032 -0.905562 4.878941
v 2.557901 -0.905462 4.878863
v 2.557454 -0.907093 4.879277
v 2.556985 -0.907043 4.879119
v 2.557276 -0.907068 4.879313
v 2.557105 -0.907050 4.879254
v 2.557658 -0.906304 4.879177
v 2.557222 -0.906130 4.879002
v 2.557497 -0.906217 4.879204
v 2.557338 -0.906153 4.879140
v 2.556678 -0.907093 4.877715
v 2.556520 -0.907043 4.878181
v 2.556542 -0.907068 4.877834
v 2.556484 -0.907050 4.878005
v 2.557377 -0.905697 4.877371
v 2.557331 -0.905426 4.877783
v 2.557297 -0.905562 4.877463
v 2.557280 -0.905462 4.877613
v 2.556882 -0.906304 4.877614
v 2.556756 -0.906130 4.878065
v 2.556762 -0.906217 4.877726
v 2.556717 -0.906153 4.877891
v 2.556986 -0.914715 4.879118
v 2.557256 -0.914885 4.878986
v 2.557454 -0.914450 4.879277
v 2.557014 -0.914881 4.879105
v 2.557114 -0.914664 4.879250
v 2.557137 -0.914823 4.879230
v 2.557347 -0.914811 4.879135
v 2.557113 -0.914943 4.879056
v 2.557207 -0.914867 4.879196
v 2.557285 -0.914567 4.879308
v 2.557420 -0.914652 4.879242
v 2.557258 -0.914755 4.879271
v 2.556520 -0.914715 4.878181
v 2.556678 -0.914450 4.877715
v 2.556790 -0.914885 4.878048
v 2.556493 -0.914664 4.878001
v 2.556549 -0.914881 4.878167
v 2.556523 -0.914823 4.877994
v 2.556685 -0.914652 4.877763
v 2.556551 -0.914567 4.877830
v 2.556564 -0.914755 4.877873
v 2.556648 -0.914943 4.878119
v 2.556726 -0.914811 4.877886
v 2.556593 -0.914867 4.877960
v 2.565876 -0.909169 4.874746
v 2.566132 -0.908642 4.874620
v 2.565980 -0.908797 4.875084
v 2.566016 -0.909037 4.874678
v 2.565940 -0.909115 4.874909
v 2.566071 -0.908989 4.874836
v 2.566162 -0.908658 4.874800
v 2.566110 -0.908844 4.874631
v 2.566137 -0.908853 4.874804
v 2.565978 -0.908979 4.875033
v 2.566106 -0.908715 4.874970
v 2.566098 -0.908893 4.874924
v 2.565796 -0.907021 4.874786
v 2.565928 -0.907446 4.875110
v 2.566077 -0.907187 4.874648
v 2.565864 -0.907091 4.874947
v 2.565938 -0.906962 4.874716
v 2.565997 -0.907035 4.874873
v 2.566052 -0.907331 4.874997
v 2.565912 -0.907248 4.875066
v 2.566031 -0.907145 4.874957
v 2.566041 -0.907023 4.874666
v 2.566107 -0.907235 4.874827
v 2.566069 -0.907078 4.874837
v 2.565411 -0.909169 4.873809
v 2.565204 -0.908797 4.873522
v 2.565666 -0.908642 4.873683
v 2.565319 -0.909115 4.873660
v 2.565550 -0.909037 4.873740
v 2.565457 -0.908989 4.873600
v 2.565371 -0.908715 4.873492
v 2.565243 -0.908979 4.873554
v 2.565403 -0.908893 4.873526
v 2.565644 -0.908844 4.873694
v 2.565541 -0.908658 4.873551
v 2.565523 -0.908853 4.873568
v 2.565152 -0.907446 4.873548
v 2.565331 -0.907021 4.873849
v 2.565611 -0.907187 4.873711
v 2.565178 -0.907248 4.873587
v 2.565318 -0.907331 4.873518
v 2.565336 -0.907145 4.873559
v 2.565472 -0.906962 4.873779
v 2.565243 -0.907091 4.873697
v 2.565383 -0.907035 4.873637
v 2.565486 -0.907235 4.873578
v 2.565575 -0.907023 4.873728
v 2.565455 -0.907078 4.873601
v 2.558153 -0.912761 4.878933
v 2.557796 -0.912489 4.878720
v 2.558032 -0.912625 4.878941
v 2.557901 -0.912526 4.878863
v 2.557454 -0.914156 4.879277
v 2.556985 -0.914107 4.879119
v 2.557276 -0.914131 4.879313
v 2.557105 -0.914113 4.879254
v 2.557658 -0.913368 4.879177
v 2.557222 -0.913193 4.879002
v 2.557497 -0.913280 4.879204
v 2.557338 -0.913216 4.879140
v 2.556678 -0.914156 4.877715
v 2.556520 -0.914107 4.878181
v 2.556542 -0.914131 4.877834
v 2.556484 -0.914113 4.878005
v 2.557377 -0.912761 4.877371
v 2.557331 -0.912489 4.877783
v 2.557297 -0.912625 4.877463
v 2.557280 -0.912526 4.877613
v 2.556882 -0.913368 4.877614
v 2.556756 -0.913193 4.878065
v 2.556762 -0.913280 4.877726
v 2.556717 -0.913216 4.877891
v 2.556986 -0.921778 4.879118
v 2.557256 -0.921948 4.878986
v 2.557454 -0.921514 4.879277
v 2.557014 -0.921944 4.879105
v 2.557114 -0.921727 4.879250
v 2.557137 -0.921886 4.879230
v 2.557347 -0.921874 4.879135
v 2.557113 -0.922006 4.879056
v 2.557207 -0.921930 4.879196
v 2.557285 -0.921630 4.879308
v 2.557420 -0.921715 4.879242
v 2.557258 -0.921818 4.879271
v 2.556520 -0.921778 4.878181
v 2.556678 -0.921514 4.877715
v 2.556790 -0.921948 4.878048
v 2.556493 -0.921727 4.878001
v 2.556549 -0.921944 4.878167
v 2.556523 -0.921886 4.877994
v 2.556685 -0.921715 4.877763
v 2.556551 -0.921630 4.877830
v 2.556564 -0.921818 4.877873
v 2.556648 -0.922006 4.878119
v 2.556726 -0.921874 4.877886
v 2.556593 -0.921930 4.877960
v 2.565876 -0.916232 4.874746
v 2.566132 -0.915705 4.874620
v 2.565980 -0.915860 4.875084
v 2.566016 -0.916101 4.874678
v 2.565940 -0.916178 4.874909
v 2.566071 -0.916052 4.874836
v 2.566162 -0.915722 4.874800
v 2.566110 -0.915907 4.874631
v 2.566137 -0.915916 4.874804
v 2.565978 -0.916042 4.875033
v 2.566106 -0.915779 4.874970
v 2.566098 -0.915956 4.874924
v 2.565796 -0.914084 4.874786
v 2.565928 -0.914509 4.875110
v 2.566077 -0.914250 4.874648
v 2.565864 -0.914155 4.874947
v 2.565938 -0.914025 4.874716
v 2.565997 -0.914099 4.874873
v 2.566052 -0.914394 4.874997
v 2.565912 -0.914311 4.875066
v 2.566031 -0.914208 4.874957
v 2.566041 -0.914086 4.874666
v 2.566107 -0.914299 4.874827
v 2.566069 -0.914141 4.874837
v 2.565411 -0.916232 4.873809
v 2.565204 -0.915860 4.873522
v 2.565666 -0.915705 4.873683
v 2.565319 -0.916178 4.873660
v 2.565550 -0.916101 4.873740
v 2.565457 -0.916052 4.873600
v 2.565371 -0.915779 4.873492
v 2.565243 -0.916042 4.873554
v 2.565403 -0.915956 4.873526
v 2.565644 -0.915907 4.873694
v 2.565541 -0.915722 4.873551
v 2.565523 -0.915916 4.873568
v 2.565152 -0.914509 4.873548
v 2.565331 -0.914084 4.873849
v 2.565611 -0.914250 4.873711
v 2.565178 -0.914311 4.873587
v 2.565318 -0.914394 4.873518
v 2.565336 -0.914208 4.873559
v 2.565472 -0.914025 4.873779
v 2.565243 -0.914155 4.873697
v 2.565383 -0.914099 4.873637
v 2.565486 -0.914299 4.873578
v 2.565575 -0.914086 4.873728
v 2.565455 -0.914141 4.873601
v 2.558153 -0.919824 4.878933
v 2.557796 -0.919552 4.878720
v 2.558032 -0.919688 4.878941
v 2.557901 -0.919589 4.878863
v 2.557454 -0.921219 4.879277
v 2.556985 -0.921170 4.879119
v 2.557276 -0.921194 4.879313
v 2.557105 -0.921176 4.879254
v 2.557658 -0.920431 4.879177
v 2.557222 -0.920256 4.879002
v 2.557497 -0.920343 4.879204
v 2.557338 -0.920280 4.879140
v 2.556678 -0.921219 4.877715
v 2.556520 -0.921170 4.878181
v 2.556542 -0.921194 4.877834
v 2.556484 -0.921176 4.878005
v 2.557377 -0.919824 4.877371
v 2.557331 -0.919552 4.877783
v 2.557297 -0.919688 4.877463
v 2.557280 -0.919589 4.877613
v 2.556882 -0.920431 4.877614
v 2.556756 -0.920256 4.878065
v 2.556762 -0.920343 4.877726
v 2.556717 -0.920280 4.877891
v 2.556986 -0.928841 4.879118
v 2.557256 -0.929011 4.878986
v 2.557454 -0.928577 4.879277
v 2.557014 -0.929007 4.879105
v 2.557114 -0.928790 4.879250
v 2.557137 -0.928949 4.879230
v 2.557347 -0.928938 4.879135
v 2.557113 -0.929069 4.879056
v 2.557207 -0.928993 4.879196
v 2.557285 -0.928693 4.879308
v 2.557420 -0.928778 4.879242
v 2.557258 -0.928881 4.879271
v 2.556520 -0.928841 4.878181
v 2.556678 -0.928577 4.877715
v 2.556790 -0.929011 4.878048
v 2.556493 -0.928790 4.878001
v 2.556549 -0.929007 4.878167
v 2.556523 -0.928949 4.877994
v 2.556685 -0.928778 4.877763
v 2.556551 -0.928693 4.877830
v 2.556564 -0.928881 4.877873
v 2.556648 -0.929069 4.878119
v 2.556726 -0.928938 4.877886
v 2.556593 -0.928993 4.877960
v 2.565876 -0.923295 4.874746
v 2.566132 -0.922768 4.874620
v 2.565980 -0.922923 4.875084
v 2.566016 -0.923164 4.874678
v 2.565940 -0.923241 4.874909
v 2.566071 -0.923115 4.874836
v 2.566162 -0.922785 4.874800
v 2.566110 -0.922970 4.874631
v 2.566137 -0.922979 4.874804
v 2.565978 -0.923105 4.875033
v 2.566106 -0.922842 4.874970
v 2.566098 -0.923019 4.874924
v 2.565796 -0.921147 4.874786
v 2.565928 -0.921572 4.875110
v 2.566077 -0.921313 4.874648
v 2.565864 -0.921218 4.874947
v 2.565938 -0.921088 4.874716
v 2.565997 -0.921162 4.874873
v 2.566052 -0.921457 4.874997
v 2.565912 -0.921374 4.875066
v 2.566031 -0.921272 4.874957
v 2.566041 -0.921149 4.874666
v 2.566107 -0.921362 4.874827
v 2.566069 -0.921205 4.874837
v 2.565411 -0.923295 4.873809
v 2.565204 -0.922923 4.873522
v 2.565666 -0.922768 4.873683
v 2.565319 -0.923241 4.873660
v 2.565550 -0.923164 4.873740
v 2.565457 -0.923115 4.873600
v 2.565371 -0.922842 4.873492
v 2.565243 -0.923105 4.873554
v 2.565403 -0.923019 4.873526
v 2.565644 -0.922970 4.873694
v 2.565541 -0.922785 4.873551
v 2.565523 -0.922979 4.873568
v 2.565152 -0.921572 4.873548
v 2.565331 -0.921147 4.873849
v 2.565611 -0.921313 4.873711
v 2.565178 -0.921374 4.873587
v 2.565318 -0.921457 4.873518
v 2.565336 -0.921272 4.873559
v 2.565472 -0.921088 4.873779
v 2.565243 -0.921218 4.873697
v 2.565383 -0.921162 4.873637
v 2.565486 -0.921362 4.873578
v 2.565575 -0.921149 4.873728
v 2.565455 -0.921205 4.873601
v 2.558153 -0.926887 4.878933
v 2.557796 -0.926615 4.878720
v 2.558032 -0.926751 4.878941
v 2.557901 -0.926652 4.878863
v 2.557454 -0.928282 4.879277
v 2.556985 -0.928233 4.879119
v 2.557276 -0.928257 4.879313
v 2.557105 -0.928239 4.879254
v 2.557658 -0.927494 4.879177
v 2.557222 -0.927319 4.879002
v 2.557497 -0.927407 4.879204
v 2.557338 -0.927343 4.879140
v 2.556678 -0.928282 4.877715
v 2.556520 -0.928233 4.878181
v 2.556542 -0.928257 4.877834
v 2.556484 -0.928239 4.878005
v 2.557377 -0.926887 4.877371
v 2.557331 -0.926615 4.877783
v 2.557297 -0.926751 4.877463
v 2.557280 -0.926652 4.877613
v 2.556882 -0.927494 4.877614
v 2.556756 -0.927319 4.878065
v 2.556762 -0.927407 4.877726
v 2.556717 -0.927343 4.877891
v 2.556986 -0.935904 4.879118
v 2.557256 -0.936074 4.878986
v 2.557454 -0.935640 4.879277
v 2.557014 -0.936070 4.879105
v 2.557114 -0.935853 4.879250
v 2.557137 -0.936013 4.879230
v 2.557347 -0.936001 4.879135
v 2.557113 -0.936133 4.879056
v 2.557207 -0.936057 4.879196
v 2.557285 -0.935756 4.879308
v 2.557420 -0.935841 4.879242
v 2.557258 -0.935944 4.879271
v 2.556520 -0.935904 4.878181
v 2.556678 -0.935640 4.877715
v 2.556790 -0.936074 4.878048
v 2.556493 -0.935853 4.878001
v 2.556549 -0.936070 4.878167
v 2.556523 -0.936013 4.877994
v 2.556685 -0.935841 4.877763
v 2.556551 -0.935756 4.877830
v 2.556564 -0.935944 4.877873
v 2.556648 -0.936133 4.878119
v 2.556726 -0.936001 4.877886
v 2.556593 -0.936057 4.877960
v 2.565876 -0.930358 4.874746
v 2.566132 -0.929831 4.874620
v 2.565980 -0.929987 4.875084
v 2.566016 -0.930227 4.874678
v 2.565940 -0.930304 4.874909
v 2.566071 -0.930178 4.874836
v 2.566162 -0.929848 4.874800
v 2.566110 -0.930033 4.874631
v 2.566137 -0.930042 4.874804
v 2.565978 -0.930168 4.875033
v 2.566106 -0.929905 4.874970
v 2.566098 -0.930082 4.874924
v 2.565796 -0.928210 4.874786
v 2.565928 -0.928635 4.875110
v 2.566077 -0.928376 4.874648
v 2.565864 -0.928281 4.874947
v 2.565938 -0.928152 4.874716
v 2.565997 -0.928225 4.874873
v 2.566052 -0.928520 4.874997
v 2.565912 -0.928437 4.875066
v 2.566031 -0.928335 4.874957
v 2.566041 -0.928213 4.874666
v 2.566107 -0.928425 4.874827
v 2.566069 -0.928268 4.874837
v 2.565411 -0.930358 4.873809
v 2.565204 -0.929987 4.873522
v 2.565666 -0.929831 4.873683
v 2.565319 -0.930304 4.873660
v 2.565550 -0.930227 4.873740
v 2.565457 -0.930178 4.873600
v 2.565371 -0.929905 4.873492
v 2.565243 -0.930168 4.873554
v 2.565403 -0.930082 4.873526
v 2.565644 -0.930033 4.873694
v 2.565541 -0.929848 4.873551
v 2.565523 -0.930042 4.873568
v 2.565152 -0.928635 4.873548
v 2.565331 -0.928210 4.873849
v 2.565611 -0.928376 4.873711
v 2.565178 -0.928437 4.873587
v 2.565318 -0.928520 4.873518
v 2.565336 -0.928335 4.873559
v 2.565472 -0.928152 4.873779
v 2.565243 -0.928281 4.873697
v 2.565383 -0.928225 4.873637
v 2.565486 -0.928425 4.873578
v 2.565575 -0.928213 4.873728
v 2.565455 -0.928268 4.873601
v 2.558153 -0.933950 4.878933
v 2.557796 -0.933679 4.878720
v 2.558032 -0.933814 4.878941
v 2.557901 -0.933715 4.878863
v 2.557454 -0.935345 4.879277
v 2.556985 -0.935296 4.879119
v 2.557276 -0.935321 4.879313
v 2.557105 -0.935303 4.879254
v 2.557658 -0.934557 4.879177
v 2.557222 -0.934382 4.879002
v 2.557497 -0.934470 4.879204
v 2.557338 -0.934406 4.879140
v 2.556678 -0.935345 4.877715
v 2.556520 -0.935296 4.878181
v 2.556542 -0.935321 4.877834
v 2.556484 -0.935303 4.878005
v 2.557377 -0.933950 4.877371
v 2.557331 -0.933679 4.877783
v 2.557297 -0.933814 4.877463
v 2.557280 -0.933715 4.877613
v 2.556882 -0.934557 4.877614
v 2.556756 -0.934382 4.878065
v 2.556762 -0.934470 4.877726
v 2.556717 -0.934406 4.877891
v 2.556986 -0.942967 4.879118
v 2.557256 -0.943138 4.878986
v 2.557454 -0.942703 4.879277
v 2.557014 -0.943133 4.879105
v 2.557114 -0.942916 4.879250
v 2.557137 -0.943076 4.879230
v 2.557347 -0.943064 4.879135
v 2.557113 -0.943196 4.879056
v 2.557207 -0.943120 4.879196
v 2.557285 -0.942819 4.879308
v 2.557420 -0.942904 4.879242
v 2.557258 -0.943007 4.879271
v 2.556520 -0.942967 4.878181
v 2.556678 -0.942703 4.877715
v 2.556790 -0.943138 4.878048
v 2.556493 -0.942916 4.878001
v 2.556549 -0.943133 4.878167
v 2.556523 -0.943076 4.877994
v 2.556685 -0.942904 4.877763
v 2.556551 -0.942819 4.877830
v 2.556564 -0.943007 4.877873
v 2.556648 -0.943196 4.878119
v 2.556726 -0.943064 4.877886
v 2.556593 -0.943120 4.877960
v 2.565876 -0.937421 4.874746
v 2.566132 -0.936894 4.874620
v 2.565980 -0.937050 4.875084
v 2.566016 -0.937290 4.874678
v 2.565940 -0.937368 4.874909
v 2.566071 -0.937241 4.874836
v 2.566162 -0.936911 4.874800
v 2.566110 -0.937097 4.874631
v 2.566137 -0.937105 4.874804
v 2.565978 -0.937231 4.875033
v 2.566106 -0.936968 4.874970
v 2.566098 -0.937145 4.874924
v 2.565796 -0.935273 4.874786
v 2.565928 -0.935698 4.875110
v 2.566077 -0.935439 4.874648
v 2.565864 -0.935344 4.874947
v 2.565938 -0.935215 4.874716
v 2.565997 -0.935288 4.874873
v 2.566052 -0.935583 4.874997
v 2.565912 -0.935500 4.875066
v 2.566031 -0.935398 4.874957
v 2.566041 -0.935276 4.874666
v 2.566107 -0.935488 4.874827
v 2.566069 -0.935331 4.874837
v 2.565411 -0.937421 4.873809
v 2.565204 -0.937050 4.873522
v 2.565666 -0.936894 4.873683
v 2.565319 -0.937368 4.873660
v 2.565550 -0.937290 4.873740
v 2.565457 -0.937241 4.873600
v 2.565371 -0.936968 4.873492
v 2.565243 -0.937231 4.873554
v 2.565403 -0.937145 4.873526
v 2.565644 -0.937097 4.873694
v 2.565541 -0.936911 4.873551
v 2.565523 -0.937105 4.873568
v 2.565152 -0.935698 4.873548
v 2.565331 -0.935273 4.873849
v 2.565611 -0.935439 4.873711
v 2.565178 -0.935500 4.873587
v 2.565318 -0.935583 4.873518
v 2.565336 -0.935398 4.873559
v 2.565472 -0.935215 4.873779
v 2.565243 -0.935344 4.873697
v 2.565383 -0.935288 4.873637
v 2.565486 -0.935488 4.873578
v 2.565575 -0.935276 4.873728
v 2.565455 -0.935331 4.873601
v 2.558153 -0.941013 4.878933
v 2.557796 -0.940742 4.878720
v 2.558032 -0.940877 4.878941
v 2.557901 -0.940778 4.878863
v 2.557454 -0.942408 4.879277
v 2.556985 -0.942359 4.879119
v 2.557276 -0.942384 4.879313
v 2.557105 -0.942366 4.879254
v 2.557658 -0.941620 4.879177
v 2.557222 -0.941446 4.879002
v 2.557497 -0.941533 4.879204
v 2.557338 -0.941469 4.879140
v 2.556678 -0.942408 4.877715
v 2.556520 -0.942359 4.878181
v 2.556542 -0.942384 4.877834
v 2.556484 -0.942366 4.878005
v 2.557377 -0.941013 4.877371
v 2.557331 -0.940742 4.877783
v 2.557297 -0.940877 4.877463
v 2.557280 -0.940778 4.877613
v 2.556882 -0.941620 4.877614
v 2.556756 -0.941446 4.878065
v 2.556762 -0.941533 4.877726
v 2.556717 -0.941469 4.877891
v 2.556986 -0.950030 4.879118
v 2.557256 -0.950201 4.878986
v 2.557454 -0.949766 4.879277
v 2.557014 -0.950196 4.879105
v 2.557114 -0.949979 4.879250
v 2.557137 -0.950139 4.879230
v 2.557347 -0.950127 4.879135
v 2.557113 -0.950259 4.879056
v 2.557207 -0.950183 4.879196
v 2.557285 -0.949882 4.879308
v 2.557420 -0.949968 4.879242
v 2.557258 -0.950071 4.879271
v 2.556520 -0.950030 4.878181
v 2.556678 -0.949766 4.877715
v 2.556790 -0.950201 4.878048
v 2.556493 -0.949979 4.878001
v 2.556549 -0.950196 4.878167
v 2.556523 -0.950139 4.877994
v 2.556685 -0.949968 4.877763
v 2.556551 -0.949882 4.877830
v 2.556564 -0.950071 4.877873
v 2.556648 -0.950259 4.878119
v 2.556726 -0.950127 4.877886
v 2.556593 -0.950183 4.877960
v 2.565876 -0.944485 4.874746
v 2.566132 -0.943958 4.874620
v 2.565980 -0.944113 4.875084
v 2.566016 -0.944353 4.874678
v 2.565940 -0.944431 4.874909
v 2.566071 -0.944304 4.874836
v 2.566162 -0.943974 4.874800
v 2.566110 -0.944160 4.874631
v 2.566137 -0.944168 4.874804
v 2.565978 -0.944294 4.875033
v 2.566106 -0.944031 4.874970
v 2.566098 -0.944208 4.874924
v 2.565796 -0.942336 4.874786
v 2.565928 -0.942762 4.875110
v 2.566077 -0.942503 4.874648
v 2.565864 -0.942407 4.874947
v 2.565938 -0.942278 4.874716
v 2.565997 -0.942351 4.874873
v 2.566052 -0.942646 4.874997
v 2.565912 -0.942563 4.875066
v 2.566031 -0.942461 4.874957
v 2.566041 -0.942339 4.874666
v 2.566107 -0.942551 4.874827
v 2.566069 -0.942394 4.874837
v 2.565411 -0.944485 4.873809
v 2.565204 -0.944113 4.873522
v 2.565666 -0.943958 4.873683
v 2.565319 -0.944431 4.873660
v 2.565550 -0.944353 4.873740
v 2.565457 -0.944304 4.873600
v 2.565371 -0.944031 4.873492
v 2.565243 -0.944294 4.873554
v 2.565403 -0.944208 4.873526
v 2.565644 -0.944160 4.873694
v 2.565541 -0.943974 4.873551
v 2.565523 -0.944168 4.873568
v 2.565152 -0.942762 4.873548
v 2.565331 -0.942336 4.873849
v 2.565611 -0.942503 4.873711
v 2.565178 -0.942563 4.873587
v 2.565318 -0.942646 4.873518
v 2.565336 -0.942461 4.873559
v 2.565472 -0.942278 4.873779
v 2.565243 -0.942407 4.873697
v 2.565383 -0.942351 4.873637
v 2.565486 -0.942551 4.873578
v 2.565575 -0.942339 4.873728
v 2.565455 -0.942394 4.873601
v 2.558153 -0.948076 4.878933
v 2.557796 -0.947805 4.878720
v 2.558032 -0.947941 4.878941
v 2.557901 -0.947841 4.878863
v 2.557454 -0.949471 4.879277
v 2.556985 -0.949422 4.879119
v 2.557276 -0.949447 4.879313
v 2.557105 -0.949429 4.879254
v 2.557658 -0.948683 4.879177
v 2.557222 -0.948509 4.879002
v 2.557497 -0.948596 4.879204
v 2.557338 -0.948532 4.879140
v 2.556678 -0.949471 4.877715
v 2.556520 -0.949422 4.878181
v 2.556542 -0.949447 4.877834
v 2.556484 -0.949429 4.878005
v 2.557377 -0.948076 4.877371
v 2.557331 -0.947805 4.877783
v 2.557297 -0.947941 4.877463
v 2.557280 -0.947841 4.877613
v 2.556882 -0.948683 4.877614
v 2.556756 -0.948509 4.878065
v 2.556762 -0.948596 4.877726
v 2.556717 -0.948532 4.877891
v 2.556986 -0.957093 4.879118
v 2.557256 -0.957264 4.878986
v 2.557454 -0.956829 4.879277
v 2.557014 -0.957259 4.879105
v 2.557114 -0.957042 4.879250
v 2.557137 -0.957202 4.879230
v 2.557347 -0.957190 4.879135
v 2.557113 -0.957322 4.879056
v 2.557207 -0.957246 4.879196
v 2.557285 -0.956946 4.879308
v 2.557420 -0.957031 4.879242
v 2.557258 -0.957134 4.879271
v 2.556520 -0.957093 4.878181
v 2.556678 -0.956829 4.877715
v 2.556790 -0.957264 4.878048
v 2.556493 -0.957042 4.878001
v 2.556549 -0.957259 4.878167
v 2.556523 -0.957202 4.877994
v 2.556685 -0.957031 4.877763
v 2.556551 -0.956946 4.877830
v 2.556564 -0.957134 4.877873
v 2.556648 -0.957322 4.878119
v 2.556726 -0.957190 4.877886
v 2.556593 -0.957246 4.877960
v 2.565876 -0.951548 4.874746
v 2.566132 -0.951021 4.874620
v 2.565980 -0.951176 4.875084
v 2.566016 -0.951416 4.874678
v 2.565940 -0.951494 4.874909
v 2.566071 -0.951368 4.874836
v 2.566162 -0.951037 4.874800
v 2.566110 -0.951223 4.874631
v 2.566137 -0.951231 4.874804
v 2.565978 -0.951357 4.875033
v 2.566106 -0.951094 4.874970
v 2.566098 -0.951272 4.874924
v 2.565796 -0.949400 4.874786
v 2.565928 -0.949825 4.875110
v 2.566077 -0.949566 4.874648
v 2.565864 -0.949470 4.874947
v 2.565938 -0.949341 4.874716
v 2.565997 -0.949414 4.874873
v 2.566052 -0.949709 4.874997
v 2.565912 -0.949626 4.875066
v 2.566031 -0.949524 4.874957
v 2.566041 -0.949402 4.874666
v 2.566107 -0.949614 4.874827
v 2.566069 -0.949457 4.874837
v 2.565411 -0.951548 4.873809
v 2.565204 -0.951176 4.873522
v 2.565666 -0.951021 4.873683
v 2.565319 -0.951494 4.873660
v 2.565550 -0.951416 4.873740
v 2.565457 -0.951368 4.873600
v 2.565371 -0.951094 4.873492
v 2.565243 -0.951357 4.873554
v 2.565403 -0.951272 4.873526
v 2.565644 -0.951223 4.873694
v 2.565541 -0.951037 4.873551
v 2.565523 -0.951231 4.873568
v 2.565152 -0.949825 4.873548
v 2.565331 -0.949400 4.873849
v 2.565611 -0.949566 4.873711
v 2.565178 -0.949626 4.873587
v 2.565318 -0.949709 4.873518
v 2.565336 -0.949524 4.873559
v 2.565472 -0.949341 4.873779
v 2.565243 -0.949470 4.873697
v 2.565383 -0.949414 4.873637
v 2.565486 -0.949614 4.873578
v 2.565575 -0.949402 4.873728
v 2.565455 -0.949457 4.873601
v 2.558153 -0.955140 4.878933
v 2.557796 -0.954868 4.878720
v 2.558032 -0.955004 4.878941
v 2.557901 -0.954904 4.878863
v 2.557454 -0.956535 4.879277
v 2.556985 -0.956486 4.879119
v 2.557276 -0.956510 4.879313
v 2.557105 -0.956492 4.879254
v 2.557658 -0.955747 4.879177
v 2.557222 -0.955572 4.879002
v 2.557497 -0.955659 4.879204
v 2.557338 -0.955595 4.879140
v 2.556678 -0.956535 4.877715
v 2.556520 -0.956486 4.878181
v 2.556542 -0.956510 4.877834
v 2.556484 -0.956492 4.878005
v 2.557377 -0.955140 4.877371
v 2.557331 -0.954868 4.877783
v 2.557297 -0.955004 4.877463
v 2.557280 -0.954904 4.877613
v 2.556882 -0.955747 4.877614
v 2.556756 -0.955572 4.878065
v 2.556762 -0.955659 4.877726
v 2.556717 -0.955595 4.877891
v 2.556986 -0.964157 4.879118
v 2.557256 -0.964327 4.878986
v 2.557454 -0.963892 4.879277
v 2.557014 -0.964323 4.879105
v 2.557114 -0.964106 4.879250
v 2.557137 -0.964265 4.879230
v 2.557347 -0.964253 4.879135
v 2.557113 -0.964385 4.879056
v 2.557207 -0.964309 4.879196
v 2.557285 -0.964009 4.879308
v 2.557420 -0.964094 4.879242
v 2.557258 -0.964197 4.879271
v 2.556520 -0.964157 4.878181
v 2.556678 -0.963892 4.877715
v 2.556790 -0.964327 4.878048
v 2.556493 -0.964106 4.878001
v 2.556549 -0.964323 4.878167
v 2.556523 -0.964265 4.877994
v 2.556685 -0.964094 4.877763
v 2.556551 -0.964009 4.877830
v 2.556564 -0.964197 4.877873
v 2.556648 -0.964385 4.878119
v 2.556726 -0.964253 4.877886
v 2.556593 -0.964309 4.877960
v 2.565876 -0.958611 4.874746
v 2.566132 -0.958084 4.874620
v 2.565980 -0.958239 4.875084
v 2.566016 -0.958479 4.874678
v 2.565940 -0.958557 4.874909
v 2.566071 -0.958431 4.874836
v 2.566162 -0.958100 4.874800
v 2.566110 -0.958286 4.874631
v 2.566137 -0.958295 4.874804
v 2.565978 -0.958421 4.875033
v 2.566106 -0.958157 4.874970
v 2.566098 -0.958335 4.874924
v 2.565796 -0.956463 4.874786
v 2.565928 -0.956888 4.875110
v 2.566077 -0.956629 4.874648
v 2.565864 -0.956534 4.874947
v 2.565938 -0.956404 4.874716
v 2.565997 -0.956477 4.874873
v 2.566052 -0.956773 4.874997
v 2.565912 -0.956690 4.875066
v 2.566031 -0.956587 4.874957
v 2.566041 -0.956465 4.874666
v 2.566107 -0.956677 4.874827
v 2.566069 -0.956520 4.874837
v 2.565411 -0.958611 4.873809
v 2.565204 -0.958239 4.873522
v 2.565666 -0.958084 4.873683
v 2.565319 -0.958557 4.873660
v 2.565550 -0.958479 4.873740
v 2.565457 -0.958431 4.873600
v 2.565371 -0.958157 4.873492
v 2.565243 -0.958421 4.873554
v 2.565403 -0.958335 4.873526
v 2.565644 -0.958286 4.873694
v 2.565541 -0.958100 4.873551
v 2.565523 -0.958295 4.873568
v 2.565152 -0.956888 4.873548
v 2.565331 -0.956463 4.873849
v 2.565611 -0.956629 4.873711
v 2.565178 -0.956690 4.873587
v 2.565318 -0.956773 4.873518
v 2.565336 -0.956587 4.873559
v 2.565472 -0.956404 4.873779
v 2.565243 -0.956534 4.873697
v 2.565383 -0.956477 4.873637
v 2.565486 -0.956677 4.873578
v 2.565575 -0.956465 4.873728
v 2.565455 -0.956520 4.873601
v 2.558153 -0.962203 4.878933
v 2.557796 -0.961931 4.878720
v 2.558032 -0.962067 4.878941
v 2.557901 -0.961968 4.878863
v 2.557454 -0.963598 4.879277
v 2.556985 -0.963549 4.879119
v 2.557276 -0.963573 4.879313
v 2.557105 -0.963555 4.879254
v 2.557658 -0.962810 4.879177
v 2.557222 -0.962635 4.879002
v 2.557497 -0.962722 4.879204
v 2.557338 -0.962658 4.879140
v 2.556678 -0.963598 4.877715
v 2.556520 -0.963549 4.878181
v 2.556542 -0.963573 4.877834
v 2.556484 -0.963555 4.878005
v 2.557377 -0.962203 4.877371
v 2.557331 -0.961931 4.877783
v 2.557297 -0.962067 4.877463
v 2.557280 -0.961968 4.877613
v 2.556882 -0.962810 4.877614
v 2.556756 -0.962635 4.878065
v 2.556762 -0.962722 4.877726
v 2.556717 -0.962658 4.877891
v 2.556986 -0.971220 4.879118
v 2.557256 -0.971390 4.878986
v 2.557454 -0.970956 4.879277
v 2.557014 -0.971386 4.879105
v 2.557114 -0.971169 4.879250
v 2.557137 -0.971328 4.879230
v 2.557347 -0.971316 4.879135
v 2.557113 -0.971448 4.879056
v 2.557207 -0.971372 4.879196
v 2.557285 -0.971072 4.879308
v 2.557420 -0.971157 4.879242
v 2.557258 -0.971260 4.879271
v 2.556520 -0.971220 4.878181
v 2.556678 -0.970956 4.877715
v 2.556790 -0.971390 4.878048
v 2.556493 -0.971169 4.878001
v 2.556549 -0.971386 4.878167
v 2.556523 -0.971328 4.877994
v 2.556685 -0.971157 4.877763
v 2.556551 -0.971072 4.877830
v 2.556564 -0.971260 4.877873
v 2.556648 -0.971448 4.878119
v 2.556726 -0.971316 4.877886
v 2.556593 -0.971372 4.877960
v 2.565876 -0.965674 4.874746
v 2.566132 -0.965147 4.874620
v 2.565980 -0.965302 4.875084
v 2.566016 -0.965543 4.874678
v 2.565940 -0.965620 4.874909
v 2.566071 -0.965494 4.874836
v 2.566162 -0.965164 4.874800
v 2.566110 -0.965349 4.874631
v 2.566137 -0.965358 4.874804
v 2.565978 -0.965484 4.875033
v 2.566106 -0.965221 4.874970
v 2.566098 -0.965398 4.874924
v 2.565796 -0.963526 4.874786
v 2.565928 -0.963951 4.875110
v 2.566077 -0.963692 4.874648
v 2.565864 -0.963597 4.874947
v 2.565938 -0.963467 4.874716
v 2.565997 -0.963541 4.874873
v 2.566052 -0.963836 4.874997
v 2.565912 -0.963753 4.875066
v 2.566031 -0.963650 4.874957
v 2.566041 -0.963528 4.874666
v 2.566107 -0.963741 4.874827
v 2.566069 -0.963583 4.874837
v 2.565411 -0.965674 4.873809
v 2.565204 -0.965302 4.873522
v 2.565666 -0.965147 4.873683
v 2.565319 -0.965620 4.873660
v 2.565550 -0.965543 4.873740
v 2.565457 -0.965494 4.873600
v 2.565371 -0.965221 4.873492
v 2.565243 -0.965484 4.873554
v 2.565403 -0.965398 4.873526
v 2.565644 -0.965349 4.873694
v 2.565541 -0.965164 4.873551
v 2.565523 -0.965358 4.873568
v 2.565152 -0.963951 4.873548
v 2.565331 -0.963526 4.873849
v 2.565611 -0.963692 4.873711
v 2.565178 -0.963753 4.873587
v 2.565318 -0.963836 4.873518
v 2.565336 -0.963650 4.873559
v 2.565472 -0.963467 4.873779
v 2.565243 -0.963597 4.873697
v 2.565383 -0.963541 4.873637
v 2.565486 -0.963741 4.873578
v 2.565575 -0.963528 4.873728
v 2.565455 -0.963583 4.873601
v 2.558153 -0.969266 4.878933
v 2.557796 -0.968994 4.878720
v 2.558032 -0.969130 4.878941
v 2.557901 -0.969031 4.878863
v 2.557454 -0.970661 4.879277
v 2.556985 -0.970612 4.879119
v 2.557276 -0.970636 4.879313
v 2.557105 -0.970618 4.879254
v 2.557658 -0.969873 4.879177
v 2.557222 -0.969698 4.879002
v 2.557497 -0.969785 4.879204
v 2.557338 -0.969722 4.879140
v 2.556678 -0.970661 4.877715
v 2.556520 -0.970612 4.878181
v 2.556542 -0.970636 4.877834
v 2.556484 -0.970618 4.878005
v 2.557377 -0.969266 4.877371
v 2.557331 -0.968994 4.877783
v 2.557297 -0.969130 4.877463
v 2.557280 -0.969031 4.877613
v 2.556882 -0.969873 4.877614
v 2.556756 -0.969698 4.878065
v 2.556762 -0.969785 4.877726
v 2.556717 -0.969722 4.877891
v 2.556986 -0.978283 4.879118
v 2.557256 -0.978453 4.878986
v 2.557454 -0.978019 4.879277
v 2.557014 -0.978449 4.879105
v 2.557114 -0.978232 4.879250
v 2.557137 -0.978391 4.879230
v 2.557347 -0.978380 4.879135
v 2.557113 -0.978511 4.879056
v 2.557207 -0.978435 4.879196
v 2.557285 -0.978135 4.879308
v 2.557420 -0.978220 4.879242
v 2.557258 -0.978323 4.879271
v 2.556520 -0.978283 4.878181
v 2.556678 -0.978019 4.877715
v 2.556790 -0.978453 4.878048
v 2.556493 -0.978232 4.878001
v 2.556549 -0.978449 4.878167
v 2.556523 -0.978391 4.877994
v 2.556685 -0.978220 4.877763
v 2.556551 -0.978135 4.877830
v 2.556564 -0.978323 4.877873
v 2.556648 -0.978511 4.878119
v 2.556726 -0.978380 4.877886
v 2.556593 -0.978435 4.877960
v 2.565876 -0.972737 4.874746
v 2.566132 -0.972210 4.874620
v 2.565980 -0.972365 4.875084
v 2.566016 -0.972606 4.874678
v 2.565940 -0.972683 4.874909
v 2.566071 -0.972557 4.874836
v 2.566162 -0.972227 4.874800
v 2.566110 -0.972412 4.874631
v 2.566137 -0.972421 4.874804
v 2.565978 -0.972547 4.875033
v 2.566106 -0.972284 4.874970
v 2.566098 -0.972461 4.874924
v 2.565796 -0.970589 4.874786
v 2.565928 -0.971014 4.875110
v 2.566077 -0.970755 4.874648
v 2.565864 -0.970660 4.874947
v 2.565938 -0.970531 4.874716
v 2.565997 -0.970604 4.874873
v 2.566052 -0.970899 4.874997
v 2.565912 -0.970816 4.875066
v 2.566031 -0.970714 4.874957
v 2.566041 -0.970591 4.874666
v 2.566107 -0.970804 4.874827
v 2.566069 -0.970647 4.874837
v 2.565411 -0.972737 4.873809
v 2.565204 -0.972365 4.873522
v 2.565666 -0.972210 4.873683
v 2.565319 -0.972683 4.873660
v 2.565550 -0.972606 4.873740
v 2.565457 -0.972557 4.873600
v 2.565371 -0.972284 4.873492
v 2.565243 -0.972547 4.873554
v 2.565403 -0.972461 4.873526
v 2.565644 -0.972412 4.873694
v 2.565541 -0.972227 4.873551
v 2.565523 -0.972421 4.873568
v 2.565152 -0.971014 4.873548
v 2.565331 -0.970589 4.873849
v 2.565611 -0.970755 4.873711
v 2.565178 -0.970816 4.873587
v 2.565318 -0.970899 4.873518
v 2.565336 -0.970714 4.873559
v 2.565472 -0.970531 4.873779
v 2.565243 -0.970660 4.873697
v 2.565383 -0.970604 4.873637
v 2.565486 -0.970804 4.873578
v 2.565575 -0.970591 4.873728
v 2.565455 -0.970647 4.873601
v 2.558153 -0.976329 4.878933
v 2.557796 -0.976058 4.878720
v 2.558032 -0.976193 4.878941
v 2.557901 -0.976094 4.878863
v 2.557454 -0.977724 4.879277
v 2.556985 -0.977675 4.879119
v 2.557276 -0.977700 4.879313
v 2.557105 -0.977682 4.879254
v 2.557658 -0.976936 4.879177
v 2.557222 -0.976761 4.879002
v 2.557497 -0.976849 4.879204
v 2.557338 -0.976785 4.879140
v 2.556678 -0.977724 4.877715
v 2.556520 -0.977675 4.878181
v 2.556542 -0.977700 4.877834
v 2.556484 -0.977682 4.878005
v 2.557377 -0.976329 4.877371
v 2.557331 -0.976058 4.877783
v 2.557297 -0.976193 4.877463
v 2.557280 -0.976094 4.877613
v 2.556882 -0.976936 4.877614
v 2.556756 -0.976761 4.878065
v 2.556762 -0.976849 4.877726
v 2.556717 -0.976785 4.877891
v 2.556986 -0.985346 4.879118
v 2.557256 -0.985516 4.878986
v 2.557454 -0.985082 4.879277
v 2.557014 -0.985512 4.879105
v 2.557114 -0.985295 4.879250
v 2.557137 -0.985455 4.879230
v 2.557347 -0.985443 4.879135
v 2.557113 -0.985575 4.879056
v 2.557207 -0.985499 4.879196
v 2.557285 -0.985198 4.879308
v 2.557420 -0.985283 4.879242
v 2.557258 -0.985386 4.879271
v 2.556520 -0.985346 4.878181
v 2.556678 -0.985082 4.877715
v 2.556790 -0.985516 4.878048
v 2.556493 -0.985295 4.878001
v 2.556549 -0.985512 4.878167
v 2.556523 -0.985455 4.877994
v 2.556685 -0.985283 4.877763
v 2.556551 -0.985198 4.877830
v 2.556564 -0.985386 4.877873
v 2.556648 -0.985575 4.878119
v 2.556726 -0.985443 4.877886
v 2.556593 -0.985499 4.877960
v 2.565876 -0.979800 4.874746
v 2.566132 -0.979273 4.874620
v 2.565980 -0.979429 4.875084
v 2.566016 -0.979669 4.874678
v 2.565940 -0.979746 4.874909
v 2.566071 -0.979620 4.874836
v 2.566162 -0.979290 4.874800
v 2.566110 -0.979475 4.874631
v 2.566137 -0.979484 4.874804
v 2.565978 -0.979610 4.875033
v 2.566106 -0.979347 4.874970
v 2.566098 -0.979524 4.874924
v 2.565796 -0.977652 4.874786
v 2.565928 -0.978077 4.875110
v 2.566077 -0.977818 4.874648
v 2.565864 -0.977723 4.874947
v 2.565938 -0.977594 4.874716
v 2.565997 -0.977667 4.874873
v 2.566052 -0.977962 4.874997
v 2.565912 -0.977879 4.875066
v 2.566031 -0.977777 4.874957
v 2.566041 -0.977655 4.874666
v 2.566107 -0.977867 4.874827
v 2.566069 -0.977710 4.874837
v 2.565411 -0.979800 4.873809
v 2.565204 -0.979429 4.873522
v 2.565666 -0.979273 4.873683
v 2.565319 -0.979746 4.873660
v 2.565550 -0.979669 4.873740
v 2.565457 -0.979620 4.873600
v 2.565371 -0.979347 4.873492
v 2.565243 -0.979610 4.873554
v 2.565403 -0.979524 4.873526
v 2.565644 -0.979475 4.873694
v 2.565541 -0.979290 4.873551
v 2.565523 -0.979484 4.873568
v 2.565152 -0.978077 4.873548
v 2.565331 -0.977652 4.873849
v 2.565611 -0.977818 4.873711
v 2.565178 -0.977879 4.873587
v 2.565318 -0.977962 4.873518
v 2.565336 -0.977777 4.873559
v 2.565472 -0.977594 4.873779
v 2.565243 -0.977723 4.873697
v 2.565383 -0.977667 4.873637
v 2.565486 -0.977867 4.873578
v 2.565575 -0.977655 4.873728
v 2.565455 -0.977710 4.873601
v 2.558153 -0.983392 4.878933
v 2.557796 -0.983121 4.878720
v 2.558032 -0.983256 4.878941
v 2.557901 -0.983157 4.878863
v 2.557454 -0.984787 4.879277
v 2.556985 -0.984738 4.879119
v 2.557276 -0.984763 4.879313
v 2.557105 -0.984745 4.879254
v 2.557658 -0.983999 4.879177
v 2.557222 -0.983824 4.879002
v 2.557497 -0.983912 4.879204
v 2.557338 -0.983848 4.879140
v 2.556678 -0.984787 4.877715
v 2.556520 -0.984738 4.878181
v 2.556542 -0.984763 4.877834
v 2.556484 -0.984745 4.878005
v 2.557377 -0.983392 4.877371
v 2.557331 -0.983121 4.877783
v 2.557297 -0.983256 4.877463
v 2.557280 -0.983157 4.877613
v 2.556882 -0.983999 4.877614
v 2.556756 -0.983824 4.878065
v 2.556762 -0.983912 4.877726
v 2.556717 -0.983848 4.877891
v 2.556986 -0.992409 4.879118
v 2.557256 -0.992580 4.878986
v 2.557454 -0.992145 4.879277
v 2.557014 -0.992575 4.879105
v 2.557114 -0.992358 4.879250
v 2.557137 -0.992518 4.879230
v 2.557347 -0.992506 4.879135
v 2.557113 -0.992638 4.879056
v 2.557207 -0.992562 4.879196
v 2.557285 -0.992261 4.879308
v 2.557420 -0.992346 4.879242
v 2.557258 -0.992449 4.879271
v 2.556520 -0.992409 4.878181
v 2.556678 -0.992145 4.877715
v 2.556790 -0.992580 4.878048
v 2.556493 -0.992358 4.878001
v 2.556549 -0.992575 4.878167
v 2.556523 -0.992518 4.877994
v 2.556685 -0.992346 4.877763
v 2.556551 -0.992261 4.877830
v 2.556564 -0.992449 4.877873
v 2.556648 -0.992638 4.878119
v 2.556726 -0.992506 4.877886
v 2.556593 -0.992562 4.877960
v 2.565876 -0.986863 4.874746
v 2.566132 -0.986337 4.874620
v 2.565980 -0.986492 4.875084
v 2.566016 -0.986732 4.874678
v 2.565940 -0.986810 4.874909
v 2.566071 -0.986683 4.874836
v 2.566162 -0.986353 4.874800
v 2.566110 -0.986539 4.874631
v 2.566137 -0.986547 4.874804
v 2.565978 -0.986673 4.875033
v 2.566106 -0.986410 4.874970
v 2.566098 -0.986587 4.874924
v 2.565796 -0.984715 4.874786
v 2.565928 -0.985140 4.875110
v 2.566077 -0.984881 4.874648
v 2.565864 -0.984786 4.874947
v 2.565938 -0.984657 4.874716
v 2.565997 -0.984730 4.874873
v 2.566052 -0.985025 4.874997
v 2.565912 -0.984942 4.875066
v 2.566031 -0.984840 4.874957
v 2.566041 -0.984718 4.874666
v 2.566107 -0.984930 4.874827
v 2.566069 -0.984773 4.874837
v 2.565411 -0.986863 4.873809
v 2.565204 -0.986492 4.873522
v 2.565666 -0.986337 4.873683
v 2.565319 -0.986810 4.873660
v 2.565550 -0.986732 4.873740
v 2.565457 -0.986683 4.873600
v 2.565371 -0.986410 4.873492
v 2.565243 -0.986673 4.873554
v 2.565403 -0.986587 4.873526
v 2.565644 -0.986539 4.873694
v 2.565541 -0.986353 4.873551
v 2.565523 -0.986547 4.873568
v 2.565152 -0.985140 4.873548
v 2.565331 -0.984715 4.873849
v 2.565611 -0.984881 4.873711
v 2.565178 -0.984942 4.873587
v 2.565318 -0.985025 4.873518
v 2.565336 -0.984840 4.873559
v 2.565472 -0.984657 4.873779
v 2.565243 -0.984786 4.873697
v 2.565383 -0.984730 4.873637
v 2.565486 -0.984930 4.873578
v 2.565575 -0.984718 4.873728
v 2.565455 -0.984773 4.873601
v 2.558153 -0.990455 4.878933
v 2.557796 -0.990184 4.878720
v 2.558032 -0.990319 4.878941
v 2.557901 -0.990220 4.878863
v 2.557454 -0.991850 4.879277
v 2.556985 -0.991801 4.879119
v 2.557276 -0.991826 4.879313
v 2.557105 -0.991808 4.879254
v 2.557658 -0.991062 4.879177
v 2.557222 -0.990888 4.879002
v 2.557497 -0.990975 4.879204
v 2.557338 -0.990911 4.879140
v 2.556678 -0.991850 4.877715
v 2.556520 -0.991801 4.878181
v 2.556542 -0.991826 4.877834
v 2.556484 -0.991808 4.878005
v 2.557377 -0.990455 4.877371
v 2.557331 -0.990184 4.877783
v 2.557297 -0.990319 4.877463
v 2.557280 -0.990220 4.877613
v 2.556882 -0.991062 4.877614
v 2.556756 -0.990888 4.878065
v 2.556762 -0.990975 4.877726
v 2.556717 -0.990911 4.877891
v 2.556986 -0.999472 4.879118
v 2.557256 -0.999643 4.878986
v 2.557454 -0.999208 4.879277
v 2.557014 -0.999638 4.879105
v 2.557114 -0.999421 4.879250
v 2.557137 -0.999581 4.879230
v 2.557347 -0.999569 4.879135
v 2.557113 -0.999701 4.879056
v 2.557207 -0.999625 4.879196
v 2.557285 -0.999324 4.879308
v 2.557420 -0.999410 4.879242
v 2.557258 -0.999513 4.879271
v 2.556520 -0.999472 4.878181
v 2.556678 -0.999208 4.877715
v 2.556790 -0.999643 4.878048
v 2.556493 -0.999421 4.878001
v 2.556549 -0.999638 4.878167
v 2.556523 -0.999581 4.877994
v 2.556685 -0.999410 4.877763
v 2.556551 -0.999324 4.877830
v 2.556564 -0.999513 4.877873
v 2.556648 -0.999701 4.878119
v 2.556726 -0.999569 4.877886
v 2.556593 -0.999625 4.877960
v 2.565876 -0.993927 4.874746
v 2.566132 -0.993400 4.874620
v 2.565980 -0.993555 4.875084
v 2.566016 -0.993795 4.874678
v 2.565940 -0.993873 4.874909
v 2.566071 -0.993746 4.874836
v 2.566162 -0.993416 4.874800
v 2.566110 -0.993602 4.874631
v 2.566137 -0.993610 4.874804
v 2.565978 -0.993736 4.875033
v 2.566106 -0.993473 4.874970
v 2.566098 -0.993650 4.874924
v 2.565796 -0.991778 4.874786
v 2.565928 -0.992204 4.875110
v 2.566077 -0.991945 4.874648
v 2.565864 -0.991849 4.874947
v 2.565938 -0.991720 4.874716
v 2.565997 -0.991793 4.874873
v 2.566052 -0.992088 4.874997
v 2.565912 -0.992005 4.875066
v 2.566031 -0.991903 4.874957
v 2.566041 -0.991781 4.874666
v 2.566107 -0.991993 4.874827
v 2.566069 -0.991836 4.874837
v 2.565411 -0.993927 4.873809
v 2.565204 -0.993555 4.873522
v 2.565666 -0.993400 4.873683
v 2.565319 -0.993873 4.873660
v 2.565550 -0.993795 4.873740
v 2.565457 -0.993746 4.873600
v 2.565371 -0.993473 4.873492
v 2.565243 -0.993736 4.873554
v 2.565403 -0.993650 4.873526
v 2.565644 -0.993602 4.873694
v 2.565541 -0.993416 4.873551
v 2.565523 -0.993610 4.873568
v 2.565152 -0.992204 4.873548
v 2.565331 -0.991778 4.873849
v 2.565611 -0.991945 4.873711
v 2.565178 -0.992005 4.873587
v 2.565318 -0.992088 4.873518
v 2.565336 -0.991903 4.873559
v 2.565472 -0.991720 4.873779
v 2.565243 -0.991849 4.873697
v 2.565383 -0.991793 4.873637
v 2.565486 -0.991993 4.873578
v 2.565575 -0.991781 4.873728
v 2.565455 -0.991836 4.873601
v 2.558153 -0.997518 4.878933
v 2.557796 -0.997247 4.878720
v 2.558032 -0.997383 4.878941
v 2.557901 -0.997283 4.878863
v 2.557454 -0.998914 4.879277
v 2.556985 -0.998864 4.879119
v 2.557276 -0.998889 4.879313
v 2.557105 -0.998871 4.879254
v 2.557658 -0.998125 4.879177
v 2.557222 -0.997951 4.879002
v 2.557497 -0.998038 4.879204
v 2.557338 -0.997974 4.879140
v 2.556678 -0.998914 4.877715
v 2.556520 -0.998864 4.878181
v 2.556542 -0.998889 4.877834
v 2.556484 -0.998871 4.878005
v 2.557377 -0.997518 4.877371
v 2.557331 -0.997247 4.877783
v 2.557297 -0.997383 4.877463
v 2.557280 -0.997283 4.877613
v 2.556882 -0.998125 4.877614
v 2.556756 -0.997951 4.878065
v 2.556762 -0.998038 4.877726
v 2.556717 -0.997974 4.877891
v 2.556986 -1.006535 4.879118
v 2.557256 -1.006706 4.878986
v 2.557454 -1.006271 4.879277
v 2.557014 -1.006701 4.879105
v 2.557114 -1.006485 4.879250
v 2.557137 -1.006644 4.879230
v 2.557347 -1.006632 4.879135
v 2.557113 -1.006764 4.879056
v 2.557207 -1.006688 4.879196
v 2.557285 -1.006388 4.879308
v 2.557420 -1.006473 4.879242
v 2.557258 -1.006576 4.879271
v 2.556520 -1.006535 4.878181
v 2.556678 -1.006271 4.877715
v 2.556790 -1.006706 4.878048
v 2.556493 -1.006485 4.878001
v 2.556549 -1.006701 4.878167
v 2.556523 -1.006644 4.877994
v 2.556685 -1.006473 4.877763
v 2.556551 -1.006388 4.877830
v 2.556564 -1.006576 4.877873
v 2.556648 -1.006764 4.878119
v 2.556726 -1.006632 4.877886
v 2.556593 -1.006688 4.877960
v 2.565876 -1.000990 4.874746
v 2.566132 -1.000463 4.874620
v 2.565980 -1.000618 4.875084
v 2.566016 -1.000858 4.874678
v 2.565940 -1.000936 4.874909
v 2.566071 -1.000810 4.874836
v 2.566162 -1.000479 4.874800
v 2.566110 -1.000665 4.874631
v 2.566137 -1.000673 4.874804
v 2.565978 -1.000799 4.875033
v 2.566106 -1.000536 4.874970
v 2.566098 -1.000714 4.874924
v 2.565796 -0.998842 4.874786
v 2.565928 -0.999267 4.875110
v 2.566077 -0.999008 4.874648
v 2.565864 -0.998912 4.874947
v 2.565938 -0.998783 4.874716
v 2.565997 -0.998856 4.874873
v 2.566052 -0.999151 4.874997
v 2.565912 -0.999068 4.875066
v 2.566031 -0.998966 4.874957
v 2.566041 -0.998844 4.874666
v 2.566107 -0.999056 4.874827
v 2.566069 -0.998899 4.874837
v 2.565411 -1.000990 4.873809
v 2.565204 -1.000618 4.873522
v 2.565666 -1.000463 4.873683
v 2.565319 -1.000936 4.873660
v 2.565550 -1.000858 4.873740
v 2.565457 -1.000810 4.873600
v 2.565371 -1.000536 4.873492
v 2.565243 -1.000799 4.873554
v 2.565403 -1.000714 4.873526
v 2.565644 -1.000665 4.873694
v 2.565541 -1.000479 4.873551
v 2.565523 -1.000673 4.873568
v 2.565152 -0.999267 4.873548
v 2.565331 -0.998842 4.873849
v 2.565611 -0.999008 4.873711
v 2.565178 -0.999068 4.873587
v 2.565318 -0.999151 4.873518
v 2.565336 -0.998966 4.873559
v 2.565472 -0.998783 4.873779
v 2.565243 -0.998912 4.873697
v 2.565383 -0.998856 4.873637
v 2.565486 -0.999056 4.873578
v 2.565575 -0.998844 4.873728
v 2.565455 -0.998899 4.873601
v 2.558153 -1.004582 4.878933
v 2.557796 -1.004310 4.878720
v 2.558032 -1.004446 4.878941
v 2.557901 -1.004346 4.878863
v 2.557454 -1.005977 4.879277
v 2.556985 -1.005928 4.879119
v 2.557276 -1.005952 4.879313
v 2.557105 -1.005934 4.879254
v 2.557658 -1.005189 4.879177
v 2.557222 -1.005014 4.879002
v 2.557497 -1.005101 4.879204
v 2.557338 -1.005037 4.879140
v 2.556678 -1.005977 4.877715
v 2.556520 -1.005928 4.878181
v 2.556542 -1.005952 4.877834
v 2.556484 -1.005934 4.878005
v 2.557377 -1.004582 4.877371
v 2.557331 -1.004310 4.877783
v 2.557297 -1.004446 4.877463
v 2.557280 -1.004346 4.877613
v 2.556882 -1.005189 4.877614
v 2.556756 -1.005014 4.878065
v 2.556762 -1.005101 4.877726
v 2.556717 -1.005037 4.877891
v 2.556986 -1.013599 4.879118
v 2.557256 -1.013769 4.878986
v 2.557454 -1.013335 4.879277
v 2.557014 -1.013765 4.879105
v 2.557114 -1.013548 4.879250
v 2.557137 -1.013707 4.879230
v 2.557347 -1.013695 4.879135
v 2.557113 -1.013827 4.879056
v 2.557207 -1.013751 4.879196
v 2.557285 -1.013451 4.879308
v 2.557420 -1.013536 4.879242
v 2.557258 -1.013639 4.879271
v 2.556520 -1.013599 4.878181
v 2.556678 -1.013335 4.877715
v 2.556790 -1.013769 4.878048
v 2.556493 -1.013548 4.878001
v 2.556549 -1.013765 4.878167
v 2.556523 -1.013707 4.877994
v 2.556685 -1.013536 4.877763
v 2.556551 -1.013451 4.877830
v 2.556564 -1.013639 4.877873
v 2.556648 -1.013827 4.878119
v 2.556726 -1.013695 4.877886
v 2.556593 -1.013751 4.877960
v 2.565876 -1.008053 4.874746
v 2.566132 -1.007526 4.874620
v 2.565980 -1.007681 4.875084
v 2.566016 -1.007921 4.874678
v 2.565940 -1.007999 4.874909
v 2.566071 -1.007873 4.874836
v 2.566162 -1.007542 4.874800
v 2.566110 -1.007728 4.874631
v 2.566137 -1.007737 4.874804
v 2.565978 -1.007863 4.875033
v 2.566106 -1.007599 4.874970
v 2.566098 -1.007777 4.874924
v 2.565796 -1.005905 4.874786
v 2.565928 -1.006330 4.875110
v 2.566077 -1.006071 4.874648
v 2.565864 -1.005976 4.874947
v 2.565938 -1.005846 4.874716
v 2.565997 -1.005919 4.874873
v 2.566052 -1.006215 4.874997
v 2.565912 -1.006132 4.875066
v 2.566031 -1.006029 4.874957
v 2.566041 -1.005907 4.874666
v 2.566107 -1.006119 4.874827
v 2.566069 -1.005962 4.874837
v 2.565411 -1.008053 4.873809
v 2.565204 -1.007681 4.873522
v 2.565666 -1.007526 4.873683
v 2.565319 -1.007999 4.873660
v 2.565550 -1.007921 4.873740
v 2.565457 -1.007873 4.873600
v 2.565371 -1.007599 4.873492
v 2.565243 -1.007863 4.873554
v 2.565403 -1.007777 4.873526
v 2.565644 -1.007728 4.873694
v 2.565541 -1.007542 4.873551
v 2.565523 -1.007737 4.873568
v 2.565152 -1.006330 4.873548
v 2.565331 -1.005905 4.873849
v 2.565611 -1.006071 4.873711
v 2.565178 -1.006132 4.873587
v 2.565318 -1.006215 4.873518
v 2.565336 -1.006029 4.873559
v 2.565472 -1.005846 4.873779
v 2.565243 -1.005976 4.873697
v 2.565383 -1.005919 4.873637
v 2.565486 -1.006119 4.873578
v 2.565575 -1.005907 4.873728
v 2.565455 -1.005962 4.873601
v 2.558153 -1.011645 4.878933
v 2.557796 -1.011373 4.878720
v 2.558032 -1.011509 4.878941
v 2.557901 -1.011410 4.878863
v 2.557454 -1.013040 4.879277
v 2.556985 -1.012991 4.879119
v 2.557276 -1.013015 4.879313
v 2.557105 -1.012997 4.879254
v 2.557658 -1.012252 4.879177
v 2.557222 -1.012077 4.879002
v 2.557497 -1.012164 4.879204
v 2.557338 -1.012100 4.879140
v 2.556678 -1.013040 4.877715
v 2.556520 -1.012991 4.878181
v 2.556542 -1.013015 4.877834
v 2.556484 -1.012997 4.878005
v 2.557377 -1.011645 4.877371
v 2.557331 -1.011373 4.877783
v 2.557297 -1.011509 4.877463
v 2.557280 -1.011410 4.877613
v 2.556882 -1.012252 4.877614
v 2.556756 -1.012077 4.878065
v 2.556762 -1.012164 4.877726
v 2.556717 -1.012100 4.877891
v 2.556986 -1.020662 4.879118
v 2.557256 -1.020832 4.878986
v 2.557454 -1.020398 4.879277
v 2.557014 -1.020828 4.879105
v 2.557114 -1.020611 4.879250
v 2.557137 -1.020770 4.879230
v 2.557347 -1.020759 4.879135
v 2.557113 -1.020890 4.879056
v 2.557207 -1.020814 4.879196
v 2.557285 -1.020514 4.879308
v 2.557420 -1.020599 4.879242
v 2.557258 -1.020702 4.879271
v 2.556520 -1.020662 4.878181
v 2.556678 -1.020398 4.877715
v 2.556790 -1.020832 4.878048
v 2.556493 -1.020611 4.878001
v 2.556549 -1.020828 4.878167
v 2.556523 -1.020770 4.877994
v 2.556685 -1.020599 4.877763
v 2.556551 -1.020514 4.877830
v 2.556564 -1.020702 4.877873
v 2.556648 -1.020890 4.878119
v 2.556726 -1.020759 4.877886
v 2.556593 -1.020814 4.877960
v 2.565876 -1.015116 4.874746
v 2.566132 -1.014589 4.874620
v 2.565980 -1.014744 4.875084
v 2.566016 -1.014985 4.874678
v 2.565940 -1.015062 4.874909
v 2.566071 -1.014936 4.874836
v 2.566162 -1.014606 4.874800
v 2.566110 -1.014791 4.874631
v 2.566137 -1.014800 4.874804
v 2.565978 -1.014926 4.875033
v 2.566106 -1.014663 4.874970
v 2.566098 -1.014840 4.874924
v 2.565796 -1.012968 4.874786
v 2.565928 -1.013393 4.875110
v 2.566077 -1.013134 4.874648
v 2.565864 -1.013039 4.874947
v 2.565938 -1.012909 4.874716
v 2.565997 -1.012983 4.874873
v 2.566052 -1.013278 4.874997
v 2.565912 -1.013195 4.875066
v 2.566031 -1.013092 4.874957
v 2.566041 -1.012970 4.874666
v 2.566107 -1.013183 4.874827
v 2.566069 -1.013026 4.874837
v 2.565411 -1.015116 4.873809
v 2.565204 -1.014744 4.873522
v 2.565666 -1.014589 4.873683
v 2.565319 -1.015062 4.873660
v 2.565550 -1.014985 4.873740
v 2.565457 -1.014936 4.873600
v 2.565371 -1.014663 4.873492
v 2.565243 -1.014926 4.873554
v 2.565403 -1.014840 4.873526
v 2.565644 -1.014791 4.873694
v 2.565541 -1.014606 4.873551
v 2.565523 -1.014800 4.873568
v 2.565152 -1.013393 4.873548
v 2.565331 -1.012968 4.873849
v 2.565611 -1.013134 4.873711
v 2.565178 -1.013195 4.873587
v 2.565318 -1.013278 4.873518
v 2.565336 -1.013092 4.873559
v 2.565472 -1.012909 4.873779
v 2.565243 -1.013039 4.873697
v 2.565383 -1.012983 4.873637
v 2.565486 -1.013183 4.873578
v 2.565575 -1.012970 4.873728
v 2.565455 -1.013026 4.873601
v 2.558153 -1.018708 4.878933
v 2.557796 -1.018436 4.878720
v 2.558032 -1.018572 4.878941
v 2.557901 -1.018473 4.878863
v 2.557454 -1.020103 4.879277
v 2.556985 -1.020054 4.879119
v 2.557276 -1.020078 4.879313
v 2.557105 -1.020060 4.879254
v 2.557658 -1.019315 4.879177
v 2.557222 -1.019140 4.879002
v 2.557497 -1.019228 4.879204
v 2.557338 -1.019164 4.879140
v 2.556678 -1.020103 4.877715
v 2.556520 -1.020054 4.878181
v 2.556542 -1.020078 4.877834
v 2.556484 -1.020060 4.878005
v 2.557377 -1.018708 4.877371
v 2.557331 -1.018436 4.877783
v 2.557297 -1.018572 4.877463
v 2.557280 -1.018473 4.877613
v 2.556882 -1.019315 4.877614
v 2.556756 -1.019140 4.878065
v 2.556762 -1.019228 4.877726
v 2.556717 -1.019164 4.877891
v 2.556986 -1.027725 4.879118
v 2.557256 -1.027895 4.878986
v 2.557454 -1.027461 4.879277
v 2.557014 -1.027891 4.879105
v 2.557114 -1.027674 4.879250
v 2.557137 -1.027833 4.879230
v 2.557347 -1.027822 4.879135
v 2.557113 -1.027954 4.879056
v 2.557207 -1.027878 4.879196
v 2.557285 -1.027577 4.879308
v 2.557420 -1.027662 4.879242
v 2.557258 -1.027765 4.879271
v 2.556520 -1.027725 4.878181
v 2.556678 -1.027461 4.877715
v 2.556790 -1.027895 4.878048
v 2.556493 -1.027674 4.878001
v 2.556549 -1.027891 4.878167
v 2.556523 -1.027833 4.877994
v 2.556685 -1.027662 4.877763
v 2.556551 -1.027577 4.877830
v 2.556564 -1.027765 4.877873
v 2.556648 -1.027954 4.878119
v 2.556726 -1.027822 4.877886
v 2.556593 -1.027878 4.877960
v 2.565876 -1.022179 4.874746
v 2.566132 -1.021652 4.874620
v 2.565980 -1.021808 4.875084
v 2.566016 -1.022048 4.874678
v 2.565940 -1.022125 4.874909
v 2.566071 -1.021999 4.874836
v 2.566162 -1.021669 4.874800
v 2.566110 -1.021854 4.874631
v 2.566137 -1.021863 4.874804
v 2.565978 -1.021989 4.875033
v 2.566106 -1.021726 4.874970
v 2.566098 -1.021903 4.874924
v 2.565796 -1.020031 4.874786
v 2.565928 -1.020456 4.875110
v 2.566077 -1.020197 4.874648
v 2.565864 -1.020102 4.874947
v 2.565938 -1.019973 4.874716
v 2.565997 -1.020046 4.874873
v 2.566052 -1.020341 4.874997
v 2.565912 -1.020258 4.875066
v 2.566031 -1.020156 4.874957
v 2.566041 -1.020034 4.874666
v 2.566107 -1.020246 4.874827
v 2.566069 -1.020089 4.874837
v 2.565411 -1.022179 4.873809
v 2.565204 -1.021808 4.873522
v 2.565666 -1.021652 4.873683
v 2.565319 -1.022125 4.873660
v 2.565550 -1.022048 4.873740
v 2.565457 -1.021999 4.873600
v 2.565371 -1.021726 4.873492
v 2.565243 -1.021989 4.873554
v 2.565403 -1.021903 4.873526
v 2.565644 -1.021854 4.873694
v 2.565541 -1.021669 4.873551
v 2.565523 -1.021863 4.873568
v 2.565152 -1.020456 4.873548
v 2.565331 -1.020031 4.873849
v 2.565611 -1.020197 4.873711
v 2.565178 -1.020258 4.873587
v 2.565318 -1.020341 4.873518
v 2.565336 -1.020156 4.873559
v 2.565472 -1.019973 4.873779
v 2.565243 -1.020102 4.873697
v 2.565383 -1.020046 4.873637
v 2.565486 -1.020246 4.873578
v 2.565575 -1.020034 4.873728
v 2.565455 -1.020089 4.873601
v 2.558153 -1.025771 4.878933
v 2.557796 -1.025500 4.878720
v 2.558032 -1.025635 4.878941
v 2.557901 -1.025536 4.878863
v 2.557454 -1.027166 4.879277
v 2.556985 -1.027117 4.879119
v 2.557276 -1.027142 4.879313
v 2.557105 -1.027124 4.879254
v 2.557658 -1.026378 4.879177
v 2.557222 -1.026203 4.879002
v 2.557497 -1.026291 4.879204
v 2.557338 -1.026227 4.879140
v 2.556678 -1.027166 4.877715
v 2.556520 -1.027117 4.878181
v 2.556542 -1.027142 4.877834
v 2.556484 -1.027124 4.878005
v 2.557377 -1.025771 4.877371
v 2.557331 -1.025500 4.877783
v 2.557297 -1.025635 4.877463
v 2.557280 -1.025536 4.877613
v 2.556882 -1.026378 4.877614
v 2.556756 -1.026203 4.878065
v 2.556762 -1.026291 4.877726
v 2.556717 -1.026227 4.877891
v 2.556986 -1.034788 4.879118
v 2.557256 -1.034958 4.878986
v 2.557454 -1.034524 4.879277
v 2.557014 -1.034954 4.879105
v 2.557114 -1.034737 4.879250
v 2.557137 -1.034897 4.879230
v 2.557347 -1.034885 4.879135
v 2.557113 -1.035017 4.879056
v 2.557207 -1.034941 4.879196
v 2.557285 -1.034640 4.879308
v 2.557420 -1.034725 4.879242
v 2.557258 -1.034828 4.879271
v 2.556520 -1.034788 4.878181
v 2.556678 -1.034524 4.877715
v 2.556790 -1.034958 4.878048
v 2.556493 -1.034737 4.878001
v 2.556549 -1.034954 4.878167
v 2.556523 -1.034897 4.877994
v 2.556685 -1.034725 4.877763
v 2.556551 -1.034640 4.877830
v 2.556564 -1.034828 4.877873
v 2.556648 -1.035017 4.878119
v 2.556726 -1.034885 4.877886
v 2.556593 -1.034941 4.877960
v 2.565876 -1.029242 4.874746
v 2.566132 -1.028715 4.874620
v 2.565980 -1.028871 4.875084
v 2.566016 -1.029111 4.874678
v 2.565940 -1.029189 4.874909
v 2.566071 -1.029062 4.874836
v 2.566162 -1.028732 4.874800
v 2.566110 -1.028918 4.874631
v 2.566137 -1.028926 4.874804
v 2.565978 -1.029052 4.875033
v 2.566106 -1.028789 4.874970
v 2.566098 -1.028966 4.874924
v 2.565796 -1.027094 4.874786
v 2.565928 -1.027519 4.875110
v 2.566077 -1.027260 4.874648
v 2.565864 -1.027165 4.874947
v 2.565938 -1.027036 4.874716
v 2.565997 -1.027109 4.874873
v 2.566052 -1.027404 4.874997
v 2.565912 -1.027321 4.875066
v 2.566031 -1.027219 4.874957
v 2.566041 -1.027097 4.874666
v 2.566107 -1.027309 4.874827
v 2.566069 -1.027152 4.874837
v 2.565411 -1.029242 4.873809
v 2.565204 -1.028871 4.873522
v 2.565666 -1.028715 4.873683
v 2.565319 -1.029189 4.873660
v 2.565550 -1.029111 4.873740
v 2.565457 -1.029062 4.873600
v 2.565371 -1.028789 4.873492
v 2.565243 -1.029052 4.873554
v 2.565403 -1.028966 4.873526
v 2.565644 -1.028918 4.873694
v 2.565541 -1.028732 4.873551
v 2.565523 -1.028926 4.873568
v 2.565152 -1.027519 4.873548
v 2.565331 -1.027094 4.873849
v 2.565611 -1.027260 4.873711
v 2.565178 -1.027321 4.873587
v 2.565318 -1.027404 4.873518
v 2.565336 -1.027219 4.873559
v 2.565472 -1.027036 4.873779
v 2.565243 -1.027165 4.873697
v 2.565383 -1.027109 4.873637
v 2.565486 -1.027309 4.873578
v 2.565575 -1.027097 4.873728
v 2.565455 -1.027152 4.873601
v 2.558153 -1.032834 4.878933
v 2.557796 -1.032563 4.878720
v 2.558032 -1.032698 4.878941
v 2.557901 -1.032599 4.878863
v 2.557454 -1.034229 4.879277
v 2.556985 -1.034180 4.879119
v 2.557276 -1.034205 4.879313
v 2.557105 -1.034187 4.879254
v 2.557658 -1.033441 4.879177
v 2.557222 -1.033266 4.879002
v 2.557497 -1.033354 4.879204
v 2.557338 -1.033290 4.879140
v 2.556678 -1.034229 4.877715
v 2.556520 -1.034180 4.878181
v 2.556542 -1.034205 4.877834
v 2.556484 -1.034187 4.878005
v 2.557377 -1.032834 4.877371
v 2.557331 -1.032563 4.877783
v 2.557297 -1.032698 4.877463
v 2.557280 -1.032599 4.877613
v 2.556882 -1.033441 4.877614
v 2.556756 -1.033266 4.878065
v 2.556762 -1.033354 4.877726
v 2.556717 -1.033290 4.877891
v 2.556986 -1.041851 4.879118
v 2.557256 -1.042022 4.878986
v 2.557454 -1.041587 4.879277
v 2.557014 -1.042017 4.879105
v 2.557114 -1.041800 4.879250
v 2.557137 -1.041960 4.879230
v 2.557347 -1.041948 4.879135
v 2.557113 -1.042080 4.879056
v 2.557207 -1.042004 4.879196
v 2.557285 -1.041703 4.879308
v 2.557420 -1.041788 4.879242
v 2.557258 -1.041892 4.879271
v 2.556520 -1.041851 4.878181
v 2.556678 -1.041587 4.877715
v 2.556790 -1.042022 4.878048
v 2.556493 -1.041800 4.878001
v 2.556549 -1.042017 4.878167
v 2.556523 -1.041960 4.877994
v 2.556685 -1.041788 4.877763
v 2.556551 -1.041703 4.877830
v 2.556564 -1.041892 4.877873
v 2.556648 -1.042080 4.878119
v 2.556726 -1.041948 4.877886
v 2.556593 -1.042004 4.877960
v 2.565876 -1.036306 4.874746
v 2.566132 -1.035779 4.874620
v 2.565980 -1.035934 4.875084
v 2.566016 -1.036174 4.874678
v 2.565940 -1.036252 4.874909
v 2.566071 -1.036125 4.874836
v 2.566162 -1.035795 4.874800
v 2.566110 -1.035981 4.874631
v 2.566137 -1.035989 4.874804
v 2.565978 -1.036115 4.875033
v 2.566106 -1.035852 4.874970
v 2.566098 -1.036029 4.874924
v 2.565796 -1.034157 4.874786
v 2.565928 -1.034582 4.875110
v 2.566077 -1.034323 4.874648
v 2.565864 -1.034228 4.874947
v 2.565938 -1.034099 4.874716
v 2.565997 -1.034172 4.874873
v 2.566052 -1.034467 4.874997
v 2.565912 -1.034384 4.875066
v 2.566031 -1.034282 4.874957
v 2.566041 -1.034160 4.874666
v 2.566107 -1.034372 4.874827
v 2.566069 -1.034215 4.874837
v 2.565411 -1.036306 4.873809
v 2.565204 -1.035934 4.873522
v 2.565666 -1.035779 4.873683
v 2.565319 -1.036252 4.873660
v 2.565550 -1.036174 4.873740
v 2.565457 -1.036125 4.873600
v 2.565371 -1.035852 4.873492
v 2.565243 -1.036115 4.873554
v 2.565403 -1.036029 4.873526
v 2.565644 -1.035981 4.873694
v 2.565541 -1.035795 4.873551
v 2.565523 -1.035989 4.873568
v 2.565152 -1.034582 4.873548
v 2.565331 -1.034157 4.873849
v 2.565611 -1.034323 4.873711
v 2.565178 -1.034384 4.873587
v 2.565318 -1.034467 4.873518
v 2.565336 -1.034282 4.873559
v 2.565472 -1.034099 4.873779
v 2.565243 -1.034228 4.873697
v 2.565383 -1.034172 4.873637
v 2.565486 -1.034372 4.873578
v 2.565575 -1.034160 4.873728
v 2.565455 -1.034215 4.873601
v 2.558153 -1.039897 4.878933
v 2.557796 -1.039626 4.878720
v 2.558032 -1.039762 4.878941
v 2.557901 -1.039662 4.878863
v 2.557454 -1.041292 4.879277
v 2.556985 -1.041243 4.879119
v 2.557276 -1.041268 4.879313
v 2.557105 -1.041250 4.879254
v 2.557658 -1.040504 4.879177
v 2.557222 -1.040330 4.879002
v 2.557497 -1.040417 4.879204
v 2.557338 -1.040353 4.879140
v 2.556678 -1.041292 4.877715
v 2.556520 -1.041243 4.878181
v 2.556542 -1.041268 4.877834
v 2.556484 -1.041250 4.878005
v 2.557377 -1.039897 4.877371
v 2.557331 -1.039626 4.877783
v 2.557297 -1.039762 4.877463
v 2.557280 -1.039662 4.877613
v 2.556882 -1.040504 4.877614
v 2.556756 -1.040330 4.878065
v 2.556762 -1.040417 4.877726
v 2.556717 -1.040353 4.877891
v 2.556986 -1.048914 4.879118
v 2.557256 -1.049085 4.878986
v 2.557454 -1.048650 4.879277
v 2.557014 -1.049080 4.879105
v 2.557114 -1.048863 4.879250
v 2.557137 -1.049023 4.879230
v 2.557347 -1.049011 4.879135
v 2.557113 -1.049143 4.879056
v 2.557207 -1.049067 4.879196
v 2.557285 -1.048766 4.879308
v 2.557420 -1.048852 4.879242
v 2.557258 -1.048955 4.879271
v 2.556520 -1.048914 4.878181
v 2.556678 -1.048650 4.877715
v 2.556790 -1.049085 4.878048
v 2.556493 -1.048863 4.878001
v 2.556549 -1.049080 4.878167
v 2.556523 -1.049023 4.877994
v 2.556685 -1.048852 4.877763
v 2.556551 -1.048766 4.877830
v 2.556564 -1.048955 4.877873
v 2.556648 -1.049143 4.878119
v 2.556726 -1.049011 4.877886
v 2.556593 -1.049067 4.877960
v 2.565876 -1.043369 4.874746
v 2.566132 -1.042842 4.874620
v 2.565980 -1.042997 4.875084
v 2.566016 -1.043237 4.874678
v 2.565940 -1.043315 4.874909
v 2.566071 -1.043189 4.874836
v 2.566162 -1.042858 4.874800
v 2.566110 -1.043044 4.874631
v 2.566137 -1.043052 4.874804
v 2.565978 -1.043178 4.875033
v 2.566106 -1.042915 4.874970
v 2.566098 -1.043092 4.874924
v 2.565796 -1.041221 4.874786
v 2.565928 -1.041646 4.875110
v 2.566077 -1.041387 4.874648
v 2.565864 -1.041291 4.874947
v 2.565938 -1.041162 4.874716
v 2.565997 -1.041235 4.874873
v 2.566052 -1.041530 4.874997
v 2.565912 -1.041447 4.875066
v 2.566031 -1.041345 4.874957
v 2.566041 -1.041223 4.874666
v 2.566107 -1.041435 4.874827
v 2.566069 -1.041278 4.874837
v 2.565411 -1.043369 4.873809
v 2.565204 -1.042997 4.873522
v 2.565666 -1.042842 4.873683
v 2.565319 -1.043315 4.873660
v 2.565550 -1.043237 4.873740
v 2.565457 -1.043189 4.873600
v 2.565371 -1.042915 4.873492
v 2.565243 -1.043178 4.873554
v 2.565403 -1.043092 4.873526
v 2.565644 -1.043044 4.873694
v 2.565541 -1.042858 4.873551
v 2.565523 -1.043052 4.873568
v 2.565152 -1.041646 4.873548
v 2.565331 -1.041221 4.873849
v 2.565611 -1.041387 4.873711
v 2.565178 -1.041447 4.873587
v 2.565318 -1.041530 4.873518
v 2.565336 -1.041345 4.873559
v 2.565472 -1.041162 4.873779
v 2.565243 -1.041291 4.873697
v 2.565383 -1.041235 4.873637
v 2.565486 -1.041435 4.873578
v 2.565575 -1.041223 4.873728
v 2.565455 -1.041278 4.873601
v 2.558153 -1.046960 4.878933
v 2.557796 -1.046689 4.878720
v 2.558032 -1.046825 4.878941
v 2.557901 -1.046725 4.878863
v 2.557454 -1.048356 4.879277
v 2.556985 -1.048306 4.879119
v 2.557276 -1.048331 4.879313
v 2.557105 -1.048313 4.879254
v 2.557658 -1.047567 4.879177
v 2.557222 -1.047393 4.879002
v 2.557497 -1.047480 4.879204
v 2.557338 -1.047416 4.879140
v 2.556678 -1.048356 4.877715
v 2.556520 -1.048306 4.878181
v 2.556542 -1.048331 4.877834
v 2.556484 -1.048313 4.878005
v 2.557377 -1.046960 4.877371
v 2.557331 -1.046689 4.877783
v 2.557297 -1.046825 4.877463
v 2.557280 -1.046725 4.877613
v 2.556882 -1.047567 4.877614
v 2.556756 -1.047393 4.878065
v 2.556762 -1.047480 4.877726
v 2.556717 -1.047416 4.877891
v 2.556986 -1.055977 4.879118
v 2.557256 -1.056148 4.878986
v 2.557454 -1.055713 4.879277
v 2.557014 -1.056144 4.879105
v 2.557114 -1.055927 4.879250
v 2.557137 -1.056086 4.879230
v 2.557347 -1.056074 4.879135
v 2.557113 -1.056206 4.879056
v 2.557207 -1.056130 4.879196
v 2.557285 -1.055830 4.879308
v 2.557420 -1.055915 4.879242
v 2.557258 -1.056018 4.879271
v 2.556520 -1.055977 4.878181
v 2.556678 -1.055713 4.877715
v 2.556790 -1.056148 4.878048
v 2.556493 -1.055927 4.878001
v 2.556549 -1.056144 4.878167
v 2.556523 -1.056086 4.877994
v 2.556685 -1.055915 4.877763
v 2.556551 -1.055830 4.877830
v 2.556564 -1.056018 4.877873
v 2.556648 -1.056206 4.878119
v 2.556726 -1.056074 4.877886
v 2.556593 -1.056130 4.877960
v 2.565876 -1.050432 4.874746
v 2.566132 -1.049905 4.874620
v 2.565980 -1.050060 4.875084
v 2.566016 -1.050300 4.874678
v 2.565940 -1.050378 4.874909
v 2.566071 -1.050252 4.874836
v 2.566162 -1.049921 4.874800
v 2.566110 -1.050107 4.874631
v 2.566137 -1.050115 4.874804
v 2.565978 -1.050241 4.875033
v 2.566106 -1.049978 4.874970
v 2.566098 -1.050156 4.874924
v 2.565796 -1.048284 4.874786
v 2.565928 -1.048709 4.875110
v 2.566077 -1.048450 4.874648
v 2.565864 -1.048355 4.874947
v 2.565938 -1.048225 4.874716
v 2.565997 -1.048298 4.874873
v 2.566052 -1.048594 4.874997
v 2.565912 -1.048511 4.875066
v 2.566031 -1.048408 4.874957
v 2.566041 -1.048286 4.874666
v 2.566107 -1.048498 4.874827
v 2.566069 -1.048341 4.874837
v 2.565411 -1.050432 4.873809
v 2.565204 -1.050060 4.873522
v 2.565666 -1.049905 4.873683
v 2.565319 -1.050378 4.873660
v 2.565550 -1.050300 4.873740
v 2.565457 -1.050252 4.873600
v 2.565371 -1.049978 4.873492
v 2.565243 -1.050241 4.873554
v 2.565403 -1.050156 4.873526
v 2.565644 -1.050107 4.873694
v 2.565541 -1.049921 4.873551
v 2.565523 -1.050115 4.873568
v 2.565152 -1.048709 4.873548
v 2.565331 -1.048284 4.873849
v 2.565611 -1.048450 4.873711
v 2.565178 -1.048511 4.873587
v 2.565318 -1.048594 4.873518
v 2.565336 -1.048408 4.873559
v 2.565472 -1.048225 4.873779
v 2.565243 -1.048355 4.873697
v 2.565383 -1.048298 4.873637
v 2.565486 -1.048498 4.873578
v 2.565575 -1.048286 4.873728
v 2.565455 -1.048341 4.873601
v 2.558153 -1.054024 4.878933
v 2.557796 -1.053752 4.878720
v 2.558032 -1.053888 4.878941
v 2.557901 -1.053789 4.878863
v 2.557454 -1.055419 4.879277
v 2.556985 -1.055370 4.879119
v 2.557276 -1.055394 4.879313
v 2.557105 -1.055376 4.879254
v 2.557658 -1.054631 4.879177
v 2.557222 -1.054456 4.879002
v 2.557497 -1.054543 4.879204
v 2.557338 -1.054479 4.879140
v 2.556678 -1.055419 4.877715
v 2.556520 -1.055370 4.878181
v 2.556542 -1.055394 4.877834
v 2.556484 -1.055376 4.878005
v 2.557377 -1.054024 4.877371
v 2.557331 -1.053752 4.877783
v 2.557297 -1.053888 4.877463
v 2.557280 -1.053789 4.877613
v 2.556882 -1.054631 4.877614
v 2.556756 -1.054456 4.878065
v 2.556762 -1.054543 4.877726
v 2.556717 -1.054479 4.877891
v 2.556986 -1.063041 4.879118
v 2.557256 -1.063211 4.878986
v 2.557454 -1.062777 4.879277
v 2.557014 -1.063207 4.879105
v 2.557114 -1.062990 4.879250
v 2.557137 -1.063149 4.879230
v 2.557347 -1.063137 4.879135
v 2.557113 -1.063269 4.879056
v 2.557207 -1.063193 4.879196
v 2.557285 -1.062893 4.879308
v 2.557420 -1.062978 4.879242
v 2.557258 -1.063081 4.879271
v 2.556520 -1.063041 4.878181
v 2.556678 -1.062777 4.877715
v 2.556790 -1.063211 4.878048
v 2.556493 -1.062990 4.878001
v 2.556549 -1.063207 4.878167
v 2.556523 -1.063149 4.877994
v 2.556685 -1.062978 4.877763
v 2.556551 -1.062893 4.877830
v 2.556564 -1.063081 4.877873
v 2.556648 -1.063269 4.878119
v 2.556726 -1.063137 4.877886
v 2.556593 -1.063193 4.877960
v 2.565876 -1.057495 4.874746
v 2.566132 -1.056968 4.874620
v 2.565980 -1.057123 4.875084
v 2.566016 -1.057364 4.874678
v 2.565940 -1.057441 4.874909
v 2.566071 -1.057315 4.874836
v 2.566162 -1.056985 4.874800
v 2.566110 -1.057170 4.874631
v 2.566137 -1.057179 4.874804
v 2.565978 -1.057305 4.875033
v 2.566106 -1.057042 4.874970
v 2.566098 -1.057219 4.874924
v 2.565796 -1.055347 4.874786
v 2.565928 -1.055772 4.875110
v 2.566077 -1.055513 4.874648
v 2.565864 -1.055418 4.874947
v 2.565938 -1.055288 4.874716
v 2.565997 -1.055362 4.874873
v 2.566052 -1.055657 4.874997
v 2.565912 -1.055574 4.875066
v 2.566031 -1.055471 4.874957
v 2.566041 -1.055349 4.874666
v 2.566107 -1.055562 4.874827
v 2.566069 -1.055404 4.874837
v 2.565411 -1.057495 4.873809
v 2.565204 -1.057123 4.873522
v 2.565666 -1.056968 4.873683
v 2.565319 -1.057441 4.873660
v 2.565550 -1.057364 4.873740
v 2.565457 -1.057315 4.873600
v 2.565371 -1.057042 4.873492
v 2.565243 -1.057305 4.873554
v 2.565403 -1.057219 4.873526
v 2.565644 -1.057170 4.873694
v 2.565541 -1.056985 4.873551
v 2.565523 -1.057179 4.873568
v 2.565152 -1.055772 4.873548
v 2.565331 -1.055347 4.873849
v 2.565611 -1.055513 4.873711
v 2.565178 -1.055574 4.873587
v 2.565318 -1.055657 4.873518
v 2.565336 -1.055471 4.873559
v 2.565472 -1.055288 4.873779
v 2.565243 -1.055418 4.873697
v 2.565383 -1.055362 4.873637
v 2.565486 -1.055562 4.873578
v 2.565575 -1.055349 4.873728
v 2.565455 -1.055404 4.873601
v 2.558153 -1.061087 4.878933
v 2.557796 -1.060815 4.878720
v 2.558032 -1.060951 4.878941
v 2.557901 -1.060852 4.878863
v 2.557454 -1.062482 4.879277
v 2.556985 -1.062433 4.879119
v 2.557276 -1.062457 4.879313
v 2.557105 -1.062439 4.879254
v 2.557658 -1.061694 4.879177
v 2.557222 -1.061519 4.879002
v 2.557497 -1.061606 4.879204
v 2.557338 -1.061543 4.879140
v 2.556678 -1.062482 4.877715
v 2.556520 -1.062433 4.878181
v 2.556542 -1.062457 4.877834
v 2.556484 -1.062439 4.878005
v 2.557377 -1.061087 4.877371
v 2.557331 -1.060815 4.877783
v 2.557297 -1.060951 4.877463
v 2.557280 -1.060852 4.877613
v 2.556882 -1.061694 4.877614
v 2.556756 -1.061519 4.878065
v 2.556762 -1.061606 4.877726
v 2.556717 -1.061543 4.877891
v 2.556986 -1.070104 4.879118
v 2.557256 -1.070274 4.878986
v 2.557454 -1.069840 4.879277
v 2.557014 -1.070270 4.879105
v 2.557114 -1.070053 4.879250
v 2.557137 -1.070212 4.879230
v 2.557347 -1.070201 4.879135
v 2.557113 -1.070332 4.879056
v 2.557207 -1.070256 4.879196
v 2.557285 -1.069956 4.879308
v 2.557420 -1.070041 4.879242
v 2.557258 -1.070144 4.879271
v 2.556520 -1.070104 4.878181
v 2.556678 -1.069840 4.877715
v 2.556790 -1.070274 4.878048
v 2.556493 -1.070053 4.878001
v 2.556549 -1.070270 4.878167
v 2.556523 -1.070212 4.877994
v 2.556685 -1.070041 4.877763
v 2.556551 -1.069956 4.877830
v 2.556564 -1.070144 4.877873
v 2.556648 -1.070332 4.878119
v 2.556726 -1.070201 4.877886
v 2.556593 -1.070256 4.877960
v 2.565876 -1.064558 4.874746
v 2.566132 -1.064031 4.874620
v 2.565980 -1.064186 4.875084
v 2.566016 -1.064427 4.874678
v 2.565940 -1.064504 4.874909
v 2.566071 -1.064378 4.874836
v 2.566162 -1.064048 4.874800
v 2.566110 -1.064233 4.874631
v 2.566137 -1.064242 4.874804
v 2.565978 -1.064368 4.875033
v 2.566106 -1.064105 4.874970
v 2.566098 -1.064282 4.874924
v 2.565796 -1.062410 4.874786
v 2.565928 -1.062835 4.875110
v 2.566077 -1.062576 4.874648
v 2.565864 -1.062481 4.874947
v 2.565938 -1.062351 4.874716
v 2.565997 -1.062425 4.874873
v 2.566052 -1.062720 4.874997
v 2.565912 -1.062637 4.875066
v 2.566031 -1.062534 4.874957
v 2.566041 -1.062412 4.874666
v 2.566107 -1.062625 4.874827
v 2.566069 -1.062468 4.874837
v 2.565411 -1.064558 4.873809
v 2.565204 -1.064186 4.873522
v 2.565666 -1.064031 4.873683
v 2.565319 -1.064504 4.873660
v 2.565550 -1.064427 4.873740
v 2.565457 -1.064378 4.873600
v 2.565371 -1.064105 4.873492
v 2.565243 -1.064368 4.873554
v 2.565403 -1.064282 4.873526
v 2.565644 -1.064233 4.873694
v 2.565541 -1.064048 4.873551
v 2.565523 -1.064242 4.873568
v 2.565152 -1.062835 4.873548
v 2.565331 -1.062410 4.873849
v 2.565611 -1.062576 4.873711
v 2.565178 -1.062637 4.873587
v 2.565318 -1.062720 4.873518
v 2.565336 -1.062534 4.873559
v 2.565472 -1.062351 4.873779
v 2.565243 -1.062481 4.873697
v 2.565383 -1.062425 4.873637
v 2.565486 -1.062625 4.873578
v 2.565575 -1.062412 4.873728
v 2.565455 -1.062468 4.873601
v 2.558153 -1.068150 4.878933
v 2.557796 -1.067878 4.878720
v 2.558032 -1.068014 4.878941
v 2.557901 -1.067915 4.878863
v 2.557454 -1.069545 4.879277
v 2.556985 -1.069496 4.879119
v 2.557276 -1.069520 4.879313
v 2.557105 -1.069502 4.879254
v 2.557658 -1.068757 4.879177
v 2.557222 -1.068582 4.879002
v 2.557497 -1.068670 4.879204
v 2.557338 -1.068606 4.879140
v 2.556678 -1.069545 4.877715
v 2.556520 -1.069496 4.878181
v 2.556542 -1.069520 4.877834
v 2.556484 -1.069502 4.878005
v 2.557377 -1.068150 4.877371
v 2.557331 -1.067878 4.877783
v 2.557297 -1.068014 4.877463
v 2.557280 -1.067915 4.877613
v 2.556882 -1.068757 4.877614
v 2.556756 -1.068582 4.878065
v 2.556762 -1.068670 4.877726
v 2.556717 -1.068606 4.877891
vn -0.5060 0.7628 0.4026
vn -0.6260 0.7633 0.1596
vn -0.8334 0.4837 0.2673
vn -0.7168 0.4833 0.5026
vn -0.4506 0.8916 0.0450
vn -0.3091 0.8911 0.3322
vn -0.4937 -0.1149 -0.8620
vn -0.5633 0.0188 -0.8260
vn -0.5506 0.0710 -0.8317
vn -0.5181 0.1098 -0.8482
vn -0.3802 0.1169 -0.9175
vn -0.2633 -0.1012 -0.9594
vn 0.5996 -0.1016 0.7938
vn 0.4950 0.1166 0.8610
vn 0.3557 0.1095 0.9282
vn 0.3228 0.0708 0.9438
vn 0.3106 0.0187 0.9503
vn 0.3817 -0.1151 0.9171
vn 0.8195 -0.0379 -0.5718
vn 0.8006 0.1463 -0.5810
vn 0.9467 0.1465 -0.2867
vn 0.9508 -0.0380 -0.3075
vn -0.9394 0.1366 0.3144
vn -0.8182 0.1365 0.5586
vn -0.8064 -0.1030 0.5824
vn -0.9513 -0.1032 0.2905
vn -0.6178 -0.5773 0.5339
vn -0.3346 -0.4676 0.8182
vn -0.5082 -0.0961 0.8558
vn 0.0090 -0.9748 0.2229
vn 0.2028 -0.8087 0.5521
vn 0.4460 -0.8943 -0.0351
vn 0.5532 -0.7629 0.3346
vn 0.5117 -0.4316 0.7429
vn 0.1691 -0.4254 0.8891
vn 0.0059 -0.1133 0.9935
vn -0.9887 -0.0965 -0.1145
vn -0.8529 -0.4685 -0.2304
vn -0.7985 -0.5778 0.1689
vn -0.7846 -0.1135 -0.6095
vn -0.6022 -0.4255 -0.6755
vn -0.2767 -0.4309 -0.8589
vn 0.0712 -0.7617 -0.6439
vn -0.3143 -0.8088 -0.4970
vn 0.2985 -0.8939 -0.3345
vn -0.1712 -0.9749 -0.1424
vn 0.5787 -0.8064 -0.1220
vn 0.7452 -0.6298 -0.2189
vn 0.8187 -0.5659 0.0972
vn 0.6745 -0.7018 0.2293
vn 0.9072 -0.2955 -0.2994
vn 0.9628 -0.2690 0.0258
vn 0.9969 -0.0375 0.0690
vn 0.8449 -0.0639 0.5311
vn 0.8551 -0.3169 0.4104
vn 0.6801 -0.4032 0.6123
vn -0.0825 0.7633 0.6407
vn 0.3004 0.8172 0.4919
vn 0.1531 0.9778 0.1432
vn 0.2717 0.4319 0.8600
vn 0.5936 0.4413 0.6730
vn 0.7846 0.1286 0.6065
vn 0.9844 0.1305 0.1177
vn 0.8357 0.5002 0.2268
vn 0.7764 0.6080 -0.1662
vn 0.4476 -0.8058 -0.3877
vn 0.2279 -0.7004 -0.6764
vn 0.4193 -0.5646 -0.7109
vn 0.6252 -0.6293 -0.4617
vn -0.0711 -0.4020 -0.9129
vn 0.1940 -0.3158 -0.9288
vn 0.0924 -0.0634 -0.9937
vn 0.5490 -0.0373 -0.8350
vn 0.5626 -0.2682 -0.7820
vn 0.7868 -0.2953 -0.5420
vn -0.5156 0.4328 -0.7395
vn -0.1724 0.4415 -0.8806
vn -0.0036 0.1287 -0.9917
vn -0.5575 0.7645 -0.3236
vn -0.2071 0.8172 -0.5379
vn -0.0206 0.9777 -0.2089
vn 0.6022 0.6075 -0.5180
vn 0.3270 0.4994 -0.8023
vn 0.5031 0.1302 -0.8544
vn 0.0845 0.3963 0.9142
vn -0.0279 0.2526 0.9672
vn -0.2750 0.6671 0.6923
vn -0.4623 0.4239 0.7788
vn -0.7841 0.2533 -0.5666
vn -0.6730 0.3973 -0.6239
vn -0.8992 0.4250 -0.1044
vn -0.7160 0.6685 -0.2013
vn -0.0788 0.0672 0.9946
vn -0.5478 0.1159 0.8286
vn -0.8372 0.0674 -0.5428
vn -0.9910 0.1163 -0.0663
vn 0.3269 0.4994 -0.8023
vn -0.1724 0.4414 -0.8806
vn 0.5996 -0.1017 0.7938
vn 0.3557 0.1096 0.9282
vn 0.1531 0.9778 0.1431
vn -0.6730 0.3973 -0.6238
vn 0.0090 -0.9748 0.2230
vn 0.5936 0.4413 0.6729
vn 0.7764 0.6079 -0.1662
vn 0.1530 0.9778 0.1432
vn 0.8356 0.5002 0.2269
vn 0.4476 -0.8059 -0.3877
vn -0.2072 0.8172 -0.5378
vn 0.8357 0.5002 0.2269
vn 0.6252 -0.6293 -0.4616
vn -0.2072 0.8172 -0.5379
vn -0.6023 -0.4255 -0.6755
vn 0.0712 -0.7618 -0.6439
vn -0.0712 -0.4020 -0.9129
vn 0.4460 -0.8944 -0.0351
vn 0.2984 -0.8939 -0.3345
vn -0.3347 -0.4676 0.8182
vn 0.7846 0.1286 0.6064
vn 0.6251 -0.6293 -0.4616
vn 0.9467 0.1465 -0.2868
vn -0.3346 -0.4675 0.8182
vn 0.5117 -0.4317 0.7429
vn -0.3142 -0.8088 -0.4971
vn 0.7846 0.1287 0.6065
vn -0.8182 0.1364 0.5586
vn -0.8064 -0.1030 0.5823
vn -0.9513 -0.1031 0.2905
vn 0.5532 -0.7629 0.3347
vn 0.8187 -0.5659 0.0973
vn 0.4475 -0.8059 -0.3877
vn 0.4193 -0.5646 -0.7110
vn 0.6251 -0.6293 -0.4617
vn 0.1939 -0.3158 -0.9288
vn 0.7868 -0.2952 -0.5420
vn -0.8529 -0.4686 -0.2304
vn 0.7452 -0.6299 -0.2189
vn 0.6251 -0.6294 -0.4617
vn -0.0205 0.9777 -0.2089
vn 0.7846 0.1287 0.6064
vn -0.3091 0.8912 0.3322
vn -0.8529 -0.4685 -0.2303
vn 0.3005 0.8172 0.4919
vn -0.1723 0.4414 -0.8806
vn -0.3347 -0.4675 0.8182
vn -0.1711 -0.9749 -0.1424
vn 0.3003 0.8172 0.4920
vn 0.8356 0.5003 0.2269
vn -0.4505 0.8916 0.0450
vn 0.5786 -0.8064 -0.1220
vn 0.3270 0.4993 -0.8023
vn 0.8007 0.1463 -0.5810
vn 0.8449 -0.0639 0.5312
vn 0.5626 -0.2683 -0.7820
vn 0.2027 -0.8087 0.5521
vn 0.6251 -0.6294 -0.4616
vn 0.6023 0.6074 -0.5180
vn -0.3142 -0.8088 -0.4970
vn 0.7847 0.1286 0.6064
vn 0.0713 -0.7617 -0.6440
vn -0.6023 -0.4254 -0.6755
vn 0.0712 -0.7617 -0.6440
vn -0.3090 0.8912 0.3322
vn -0.5083 -0.0961 0.8558
vn 0.1690 -0.4254 0.8891
vn 0.8188 -0.5659 0.0972
vn 0.9628 -0.2689 0.0258
vn 0.8551 -0.3169 0.4103
vn 0.3005 0.8172 0.4918
vn 0.7764 0.6080 -0.1661
vn 0.4194 -0.5645 -0.7109
vn -0.2751 0.6671 0.6923
vt 0.232717 0.494021
vt 0.232717 0.494021
vt 0.232717 0.494021
vt 0.232717 0.494021
vt 0.232717 0.494021
vt 0.232717 0.494021
vt 0.232717 0.494021
vt 0.232717 0.494021
vt 0.232717 0.494021
vt 0.232717 0.494021
vt 0.232717 0.494021
vt 0.232717 0.494021
vt 0.232717 0.494021
vt 0.232717 0.494021
vt 0.232717 0.494021
vt 0.232717 0.494021
vt 0.232717 0.494021
vt 0.232717 0.494021
vt 0.232717 0.494021
vt 0.232717 0.494021
vt 0.232717 0.494021
vt 0.232717 0.494021
vt 0.232717 0.494021
vt 0.232717 0.494021
vt 0.232717 0.494021
vt 0.232717 0.494021
vt 0.232717 0.494021
vt 0.232717 0.494021
vt 0.232717 0.494021
vt 0.232717 0.494021
vt 0.232717 0.494021
vt 0.232717 0.494021
vt 0.232717 0.494021
vt 0.232717 0.494021
vt 0.232717 0.494021
vt 0.232717 0.494021
vt 0.232717 0.494021
vt 0.232717 0.494021
vt 0.232717 0.494021
vt 0.232717 0.494021
vt 0.232717 0.494021
vt 0.232717 0.494021
vt 0.232717 0.494021
vt 0.232717 0.494021
vt 0.232717 0.494021
vt 0.232717 0.494021
vt 0.232717 0.494021
vt 0.232717 0.494021
vt 0.232717 0.494021
vt 0.232717 0.494021
vt 0.232717 0.494021
vt 0.232717 0.494021
vt 0.232717 0.494021
vt 0.232717 0.494021
vt 0.232717 0.494021
vt 0.232717 0.494021
vt 0.232717 0.494021
vt 0.232717 0.494021
vt 0.232717 0.494021
vt 0.232717 0.494021
vt 0.232717 0.494021
vt 0.232717 0.494021
vt 0.232717 0.494021
vt 0.232717 0.494021
vt 0.232717 0.494021
vt 0.232717 0.494021
vt 0.232717 0.494021
vt 0.232717 0.494021
vt 0.232717 0.494021
vt 0.232717 0.494021
vt 0.232717 0.494021
vt 0.232717 0.494021
vt 0.232717 0.494021
vt 0.232717 0.494021
vt 0.232717 0.494021
vt 0.232717 0.494021
vt 0.232717 0.494021
vt 0.232717 0.494021
vt 0.232717 0.494021
vt 0.232717 0.494021
vt 0.232717 0.494021
vt 0.232717 0.494021
vt 0.232717 0.494021
vt 0.232717 0.494021
vt 0.232717 0.494021
vt 0.232717 0.494021
vt 0.232717 0.494021
vt 0.232717 0.494021
vt 0.232717 0.494021
vt 0.232717 0.494021
vt 0.232717 0.494021
vt 0.232717 0.494021
vt 0.232717 0.494021
vt 0.232717 0.494021
vt 0.232717 0.494021
vt 0.232717 0.494021
vt 0.232717 0.494021
vt 0.232717 0.494021
vt 0.232717 0.494021
vt 0.232717 0.494021
vt 0.232717 0.494021
vt 0.232717 0.494021
vt 0.232717 0.494021
vt 0.232717 0.494021
vt 0.232717 0.494021
vt 0.232717 0.494021
vt 0.232717 0.494021
vt 0.232717 0.494021
vt 0.232717 0.494021
vt 0.232717 0.494021
vt 0.232717 0.494021
vt 0.232717 0.494021
vt 0.232717 0.494021
vt 0.232717 0.494021
vt 0.232717 0.494021
vt 0.232717 0.494021
vt 0.232717 0.494021
vt 0.232717 0.494021
vt 0.232717 0.494021
vt 0.232717 0.494021
vt 0.232717 0.494021
vt 0.232717 0.494021
vt 0.232717 0.494021
vt 0.232717 0.494021
vt 0.232717 0.494021
vt 0.232717 0.494021
vt 0.232717 0.494021
vt 0.232717 0.494021
vt 0.232717 0.494021
vt 0.232717 0.494021
vt 0.232717 0.494021
vt 0.232717 0.494021
vt 0.232717 0.494021
vt 0.232717 0.494021
vt 0.232717 0.494021
vt 0.232717 0.494021
vt 0.232717 0.494021
vt 0.232717 0.494021
vt 0.232717 0.494021
vt 0.232717 0.494021
vt 0.232717 0.494021
vt 0.232717 0.494021
vt 0.232717 0.494021
vt 0.232717 0.494021
vt 0.232717 0.494021
vt 0.232717 0.494021
vt 0.232717 0.494021
vt 0.232717 0.494021
vt 0.232717 0.494021
vt 0.232717 0.494021
vt 0.232717 0.494021
vt 0.232717 0.494021
vt 0.232717 0.494021
vt 0.232717 0.494021
vt 0.232717 0.494021
vt 0.232717 0.494021
vt 0.232717 0.494021
vt 0.232717 0.494021
vt 0.232717 0.494021
vt 0.232717 0.494021
vt 0.232717 0.494021
vt 0.232717 0.494021
vt 0.232717 0.494021
vt 0.232717 0.494021
vt 0.232717 0.494021
vt 0.232717 0.494021
vt 0.232717 0.494021
vt 0.232717 0.494021
vt 0.232717 0.494021
vt 0.232717 0.494021
vt 0.232717 0.494021
vt 0.232717 0.494021
vt 0.232717 0.494021
vt 0.232717 0.494021
vt 0.232717 0.494021
vt 0.232717 0.494021
vt 0.232717 0.494021
vt 0.232717 0.494021
vt 0.232717 0.494021
vt 0.232717 0.494021
vt 0.232717 0.494021
vt 0.232717 0.494021
vt 0.232717 0.494021
vt 0.232717 0.494021
vt 0.232717 0.494021
vt 0.232717 0.494021
vt 0.232717 0.494021
vt 0.232717 0.494021
vt 0.232717 0.494021
vt 0.232717 0.494021
vt 0.232717 0.494021
vt 0.232717 0.494021
vt 0.232717 0.494021
vt 0.232717 0.494021
vt 0.232717 0.494021
vt 0.232717 0.494021
vt 0.232717 0.494021
vt 0.232717 0.494021
vt 0.232717 0.494021
vt 0.232717 0.494021
vt 0.232717 0.494021
vt 0.232717 0.494021
vt 0.232717 0.494021
vt 0.232717 0.494021
vt 0.232717 0.494021
vt 0.232717 0.494021
vt 0.232717 0.494021
vt 0.232717 0.494021
vt 0.232717 0.494021
vt 0.232717 0.494021
vt 0.232717 0.494021
vt 0.232717 0.494021
vt 0.232717 0.494021
vt 0.232717 0.494021
vt 0.232717 0.494021
vt 0.232717 0.494021
vt 0.232717 0.494021
vt 0.232717 0.494021
vt 0.232717 0.494021
vt 0.232717 0.494021
vt 0.232717 0.494021
vt 0.232717 0.494021
vt 0.232717 0.494021
vt 0.232717 0.494021
vt 0.232717 0.494021
vt 0.232717 0.494021
vt 0.232717 0.494021
vt 0.232717 0.494021
vt 0.232717 0.494021
vt 0.232717 0.494021
vt 0.232717 0.494021
vt 0.232717 0.494021
vt 0.232717 0.494021
vt 0.232717 0.494021
vt 0.232717 0.494021
vt 0.232717 0.494021
vt 0.232717 0.494021
vt 0.232717 0.494021
vt 0.232717 0.494021
vt 0.232717 0.494021
vt 0.232717 0.494021
vt 0.232717 0.494021
vt 0.232717 0.494021
vt 0.232717 0.494021
vt 0.232717 0.494021
vt 0.232717 0.494021
vt 0.232717 0.494021
vt 0.232717 0.494021
vt 0.232717 0.494021
vt 0.232717 0.494021
vt 0.232717 0.494021
vt 0.232717 0.494021
vt 0.232717 0.494021
vt 0.232717 0.494021
vt 0.232717 0.494021
vt 0.232717 0.494021
vt 0.232717 0.494021
vt 0.232717 0.494021
vt 0.232717 0.494021
vt 0.232717 0.494021
vt 0.232717 0.494021
vt 0.232717 0.494021
vt 0.232717 0.494021
vt 0.232717 0.494021
vt 0.232717 0.494021
vt 0.232717 0.494021
vt 0.232717 0.494021
vt 0.232717 0.494021
vt 0.232717 0.494021
vt 0.232717 0.494021
vt 0.232717 0.494021
vt 0.232717 0.494021
vt 0.232717 0.494021
vt 0.232717 0.494021
vt 0.232717 0.494021
vt 0.232717 0.494021
vt 0.232717 0.494021
vt 0.232717 0.494021
vt 0.232717 0.494021
vt 0.232717 0.494021
vt 0.232717 0.494021
vt 0.232717 0.494021
vt 0.232717 0.494021
vt 0.232717 0.494021
vt 0.232717 0.494021
vt 0.232717 0.494021
vt 0.232717 0.494021
vt 0.232717 0.494021
vt 0.232717 0.494021
vt 0.232717 0.494021
vt 0.232717 0.494021
vt 0.232717 0.494021
vt 0.232717 0.494021
vt 0.232717 0.494021
vt 0.232717 0.494021
vt 0.232717 0.494021
vt 0.232717 0.494021
vt 0.232717 0.494021
vt 0.232717 0.494021
vt 0.232717 0.494021
vt 0.232717 0.494021
vt 0.232717 0.494021
vt 0.232717 0.494021
vt 0.232717 0.494021
vt 0.232717 0.494021
vt 0.232717 0.494021
vt 0.232717 0.494021
vt 0.232717 0.494021
vt 0.232717 0.494021
vt 0.232717 0.494021
vt 0.232717 0.494021
vt 0.232717 0.494021
vt 0.232717 0.494021
vt 0.232717 0.494021
vt 0.232717 0.494021
vt 0.232717 0.494021
vt 0.232717 0.494021
vt 0.232717 0.494021
vt 0.232717 0.494021
vt 0.232717 0.494021
vt 0.232717 0.494021
vt 0.232717 0.494021
vt 0.232717 0.494021
vt 0.232717 0.494021
vt 0.232717 0.494021
vt 0.232717 0.494021
vt 0.232717 0.494021
vt 0.232717 0.494021
vt 0.232717 0.494021
vt 0.232717 0.494021
vt 0.232717 0.494021
vt 0.232717 0.494021
vt 0.232717 0.494021
vt 0.232717 0.494021
vt 0.232717 0.494021
vt 0.232717 0.494021
vt 0.232717 0.494021
vt 0.232717 0.494021
vt 0.232717 0.494021
vt 0.232717 0.494021
vt 0.232717 0.494021
vt 0.232717 0.494021
vt 0.232717 0.494021
vt 0.232717 0.494021
vt 0.232717 0.494021
vt 0.232717 0.494021
vt 0.232717 0.494021
vt 0.232717 0.494021
vt 0.232717 0.494021
vt 0.232717 0.494021
vt 0.232717 0.494021
vt 0.232717 0.494021
vt 0.232717 0.494021
vt 0.232717 0.494021
vt 0.232717 0.494021
vt 0.232717 0.494021
vt 0.232717 0.494021
vt 0.232717 0.494021
vt 0.232717 0.494021
vt 0.232717 0.494021
vt 0.232717 0.494021
vt 0.232717 0.494021
vt 0.232717 0.494021
vt 0.232717 0.494021
vt 0.232717 0.494021
vt 0.232717 0.494021
vt 0.232717 0.494021
vt 0.232717 0.494021
vt 0.232717 0.494021
vt 0.232717 0.494021
vt 0.232717 0.494021
vt 0.232717 0.494021
vt 0.232717 0.494021
vt 0.232717 0.494021
vt 0.232717 0.494021
vt 0.232717 0.494021
vt 0.232717 0.494021
vt 0.232717 0.494021
vt 0.232717 0.494021
vt 0.232717 0.494021
vt 0.232717 0.494021
vt 0.232717 0.494021
vt 0.232717 0.494021
vt 0.232717 0.494021
vt 0.232717 0.494021
vt 0.232717 0.494021
vt 0.232717 0.494021
vt 0.232717 0.494021
vt 0.232717 0.494021
vt 0.232717 0.494021
vt 0.232717 0.494021
vt 0.232717 0.494021
vt 0.232717 0.494021
vt 0.232717 0.494021
vt 0.232717 0.494021
vt 0.232717 0.494021
vt 0.232717 0.494021
vt 0.232717 0.494021
vt 0.232717 0.494021
vt 0.232717 0.494021
vt 0.232717 0.494021
vt 0.232717 0.494021
vt 0.232717 0.494021
vt 0.232717 0.494021
vt 0.232717 0.494021
vt 0.232717 0.494021
vt 0.232717 0.494021
vt 0.232717 0.494021
vt 0.232717 0.494021
vt 0.232717 0.494021
vt 0.232717 0.494021
vt 0.232717 0.494021
vt 0.232717 0.494021
vt 0.232717 0.494021
vt 0.232717 0.494021
vt 0.232717 0.494021
vt 0.232717 0.494021
vt 0.232717 0.494021
vt 0.232717 0.494021
vt 0.232717 0.494021
vt 0.232717 0.494021
vt 0.232717 0.494021
vt 0.232717 0.494021
vt 0.232717 0.494021
vt 0.232717 0.494021
vt 0.232717 0.494021
vt 0.232717 0.494021
vt 0.232717 0.494021
vt 0.232717 0.494021
vt 0.232717 0.494021
vt 0.232717 0.494021
vt 0.232717 0.494021
vt 0.232717 0.494021
vt 0.232717 0.494021
vt 0.232717 0.494021
vt 0.232717 0.494021
vt 0.232717 0.494021
vt 0.232717 0.494021
vt 0.232717 0.494021
vt 0.232717 0.494021
vt 0.232717 0.494021
vt 0.232717 0.494021
vt 0.232717 0.494021
vt 0.232717 0.494021
vt 0.232717 0.494021
vt 0.232717 0.494021
vt 0.232717 0.494021
vt 0.232717 0.494021
vt 0.232717 0.494021
vt 0.232717 0.494021
vt 0.232717 0.494021
vt 0.232717 0.494021
vt 0.232717 0.494021
vt 0.232717 0.494021
vt 0.232717 0.494021
vt 0.232717 0.494021
vt 0.232717 0.494021
vt 0.232717 0.494021
vt 0.232717 0.494021
vt 0.232717 0.494021
vt 0.232717 0.494021
vt 0.232717 0.494021
vt 0.232717 0.494021
vt 0.232717 0.494021
vt 0.232717 0.494021
vt 0.232717 0.494021
vt 0.232717 0.494021
vt 0.232717 0.494021
vt 0.232717 0.494021
vt 0.232717 0.494021
vt 0.232717 0.494021
vt 0.232717 0.494021
vt 0.232717 0.494021
vt 0.232717 0.494021
vt 0.232717 0.494021
vt 0.232717 0.494021
vt 0.232717 0.494021
vt 0.232717 0.494021
vt 0.232717 0.494021
vt 0.232717 0.494021
vt 0.232717 0.494021
vt 0.232717 0.494021
vt 0.232717 0.494021
vt 0.232717 0.494021
vt 0.232717 0.494021
vt 0.232717 0.494021
vt 0.232717 0.494021
vt 0.232717 0.494021
vt 0.232717 0.494021
vt 0.232717 0.494021
vt 0.232717 0.494021
vt 0.232717 0.494021
vt 0.232717 0.494021
vt 0.232717 0.494021
vt 0.232717 0.494021
vt 0.232717 0.494021
vt 0.232717 0.494021
vt 0.232717 0.494021
vt 0.232717 0.494021
vt 0.232717 0.494021
vt 0.232717 0.494021
vt 0.232717 0.494021
vt 0.232717 0.494021
vt 0.232717 0.494021
vt 0.232717 0.494021
vt 0.232717 0.494021
vt 0.232717 0.494021
vt 0.232717 0.494021
vt 0.232717 0.494021
vt 0.232717 0.494021
vt 0.232717 0.494021
vt 0.232717 0.494021
vt 0.232717 0.494021
vt 0.232717 0.494021
vt 0.232717 0.494021
vt 0.232717 0.494021
vt 0.232717 0.494021
vt 0.232717 0.494021
vt 0.232717 0.494021
vt 0.232717 0.494021
vt 0.232717 0.494021
vt 0.232717 0.494021
vt 0.232717 0.494021
vt 0.232717 0.494021
vt 0.232717 0.494021
vt 0.232717 0.494021
vt 0.232717 0.494021
vt 0.232717 0.494021
vt 0.232717 0.494021
vt 0.232717 0.494021
vt 0.232717 0.494021
vt 0.232717 0.494021
vt 0.232717 0.494021
vt 0.232717 0.494021
vt 0.232717 0.494021
vt 0.232717 0.494021
vt 0.232717 0.494021
vt 0.232717 0.494021
vt 0.232717 0.494021
vt 0.232717 0.494021
vt 0.232717 0.494021
vt 0.232717 0.494021
vt 0.232717 0.494021
vt 0.232717 0.494021
vt 0.232717 0.494021
vt 0.232717 0.494021
vt 0.232717 0.494021
vt 0.232717 0.494021
vt 0.232717 0.494021
vt 0.232717 0.494021
vt 0.232717 0.494021
vt 0.232717 0.494021
vt 0.232717 0.494021
vt 0.232717 0.494021
vt 0.232717 0.494021
vt 0.232717 0.494021
vt 0.232717 0.494021
vt 0.232717 0.494021
vt 0.232717 0.494021
vt 0.232717 0.494021
vt 0.232717 0.494021
vt 0.232717 0.494021
vt 0.232717 0.494021
vt 0.232717 0.494021
vt 0.232717 0.494021
vt 0.232717 0.494021
vt 0.232717 0.494021
vt 0.232717 0.494021
vt 0.232717 0.494021
vt 0.232717 0.494021
vt 0.232717 0.494021
vt 0.232717 0.494021
vt 0.232717 0.494021
vt 0.232717 0.494021
vt 0.232717 0.494021
vt 0.232717 0.494021
vt 0.232717 0.494021
vt 0.232717 0.494021
vt 0.232717 0.494021
vt 0.232717 0.494021
vt 0.232717 0.494021
vt 0.232717 0.494021
vt 0.232717 0.494021
vt 0.232717 0.494021
vt 0.232717 0.494021
vt 0.232717 0.494021
vt 0.232717 0.494021
vt 0.232717 0.494021
vt 0.232717 0.494021
vt 0.232717 0.494021
vt 0.232717 0.494021
vt 0.232717 0.494021
vt 0.232717 0.494021
vt 0.232717 0.494021
vt 0.232717 0.494021
vt 0.232717 0.494021
vt 0.232717 0.494021
vt 0.232717 0.494021
vt 0.232717 0.494021
vt 0.232717 0.494021
vt 0.232717 0.494021
vt 0.232717 0.494021
vt 0.232717 0.494021
vt 0.232717 0.494021
vt 0.232717 0.494021
vt 0.232717 0.494021
vt 0.232717 0.494021
vt 0.232717 0.494021
vt 0.232717 0.494021
vt 0.232717 0.494021
vt 0.232717 0.494021
vt 0.232717 0.494021
vt 0.232717 0.494021
vt 0.232717 0.494021
vt 0.232717 0.494021
vt 0.232717 0.494021
vt 0.232717 0.494021
vt 0.232717 0.494021
vt 0.232717 0.494021
vt 0.232717 0.494021
vt 0.232717 0.494021
vt 0.232717 0.494021
vt 0.232717 0.494021
vt 0.232717 0.494021
vt 0.232717 0.494021
vt 0.232717 0.494021
vt 0.232717 0.494021
vt 0.232717 0.494021
vt 0.232717 0.494021
vt 0.232717 0.494021
vt 0.232717 0.494021
vt 0.232717 0.494021
vt 0.232717 0.494021
vt 0.232717 0.494021
vt 0.232717 0.494021
vt 0.232717 0.494021
vt 0.232717 0.494021
vt 0.232717 0.494021
vt 0.232717 0.494021
vt 0.232717 0.494021
vt 0.232717 0.494021
vt 0.232717 0.494021
vt 0.232717 0.494021
vt 0.232717 0.494021
vt 0.232717 0.494021
vt 0.232717 0.494021
vt 0.232717 0.494021
vt 0.232717 0.494021
vt 0.232717 0.494021
vt 0.232717 0.494021
vt 0.232717 0.494021
vt 0.232717 0.494021
vt 0.232717 0.494021
vt 0.232717 0.494021
vt 0.232717 0.494021
vt 0.232717 0.494021
vt 0.232717 0.494021
vt 0.232717 0.494021
vt 0.232717 0.494021
vt 0.232717 0.494021
vt 0.232717 0.494021
vt 0.232717 0.494021
vt 0.232717 0.494021
vt 0.232717 0.494021
vt 0.232717 0.494021
vt 0.232717 0.494021
vt 0.232717 0.494021
vt 0.232717 0.494021
vt 0.232717 0.494021
vt 0.232717 0.494021
vt 0.232717 0.494021
vt 0.232717 0.494021
vt 0.232717 0.494021
vt 0.232717 0.494021
vt 0.232717 0.494021
vt 0.232717 0.494021
vt 0.232717 0.494021
vt 0.232717 0.494021
vt 0.232717 0.494021
vt 0.232717 0.494021
vt 0.232717 0.494021
vt 0.232717 0.494021
vt 0.232717 0.494021
vt 0.232717 0.494021
vt 0.232717 0.494021
vt 0.232717 0.494021
vt 0.232717 0.494021
vt 0.232717 0.494021
vt 0.232717 0.494021
vt 0.232717 0.494021
vt 0.232717 0.494021
vt 0.232717 0.494021
vt 0.232717 0.494021
vt 0.232717 0.494021
vt 0.232717 0.494021
vt 0.232717 0.494021
vt 0.232717 0.494021
vt 0.232717 0.494021
vt 0.232717 0.494021
vt 0.232717 0.494021
vt 0.232717 0.494021
vt 0.232717 0.494021
vt 0.232717 0.494021
vt 0.232717 0.494021
vt 0.232717 0.494021
vt 0.232717 0.494021
vt 0.232717 0.494021
vt 0.232717 0.494021
vt 0.232717 0.494021
vt 0.232717 0.494021
vt 0.232717 0.494021
vt 0.232717 0.494021
vt 0.232717 0.494021
vt 0.232717 0.494021
vt 0.232717 0.494021
vt 0.232717 0.494021
vt 0.232717 0.494021
vt 0.232717 0.494021
vt 0.232717 0.494021
vt 0.232717 0.494021
vt 0.232717 0.494021
vt 0.232717 0.494021
vt 0.232717 0.494021
vt 0.232717 0.494021
vt 0.232717 0.494021
vt 0.232717 0.494021
vt 0.232717 0.494021
vt 0.232717 0.494021
vt 0.232717 0.494021
vt 0.232717 0.494021
vt 0.232717 0.494021
vt 0.232717 0.494021
vt 0.232717 0.494021
vt 0.232717 0.494021
vt 0.232717 0.494021
vt 0.232717 0.494021
vt 0.232717 0.494021
vt 0.232717 0.494021
vt 0.232717 0.494021
vt 0.232717 0.494021
vt 0.232717 0.494021
vt 0.232717 0.494021
vt 0.232717 0.494021
vt 0.232717 0.494021
vt 0.232717 0.494021
vt 0.232717 0.494021
vt 0.232717 0.494021
vt 0.232717 0.494021
vt 0.232717 0.494021
vt 0.232717 0.494021
vt 0.232717 0.494021
vt 0.232717 0.494021
vt 0.232717 0.494021
vt 0.232717 0.494021
vt 0.232717 0.494021
vt 0.232717 0.494021
vt 0.232717 0.494021
vt 0.232717 0.494021
vt 0.232717 0.494021
vt 0.232717 0.494021
vt 0.232717 0.494021
vt 0.232717 0.494021
vt 0.232717 0.494021
vt 0.232717 0.494021
vt 0.232717 0.494021
vt 0.232717 0.494021
vt 0.232717 0.494021
vt 0.232717 0.494021
vt 0.232717 0.494021
vt 0.232717 0.494021
vt 0.232717 0.494021
vt 0.232717 0.494021
vt 0.232717 0.494021
vt 0.232717 0.494021
vt 0.232717 0.494021
vt 0.232717 0.494021
vt 0.232717 0.494021
vt 0.232717 0.494021
vt 0.232717 0.494021
vt 0.232717 0.494021
vt 0.232717 0.494021
vt 0.232717 0.494021
vt 0.232717 0.494021
vt 0.232717 0.494021
vt 0.232717 0.494021
vt 0.232717 0.494021
vt 0.232717 0.494021
vt 0.232717 0.494021
vt 0.232717 0.494021
vt 0.232717 0.494021
vt 0.232717 0.494021
vt 0.232717 0.494021
vt 0.232717 0.494021
vt 0.232717 0.494021
vt 0.232717 0.494021
vt 0.232717 0.494021
vt 0.232717 0.494021
vt 0.232717 0.494021
vt 0.232717 0.494021
vt 0.232717 0.494021
vt 0.232717 0.494021
vt 0.232717 0.494021
vt 0.232717 0.494021
vt 0.232717 0.494021
vt 0.232717 0.494021
vt 0.232717 0.494021
vt 0.232717 0.494021
vt 0.232717 0.494021
vt 0.232717 0.494021
vt 0.232717 0.494021
vt 0.232717 0.494021
vt 0.232717 0.494021
vt 0.232717 0.494021
vt 0.232717 0.494021
vt 0.232717 0.494021
vt 0.232717 0.494021
vt 0.232717 0.494021
vt 0.232717 0.494021
vt 0.232717 0.494021
vt 0.232717 0.494021
vt 0.232717 0.494021
vt 0.232717 0.494021
vt 0.232717 0.494021
vt 0.232717 0.494021
vt 0.232717 0.494021
vt 0.232717 0.494021
vt 0.232717 0.494021
vt 0.232717 0.494021
vt 0.232717 0.494021
vt 0.232717 0.494021
vt 0.232717 0.494021
vt 0.232717 0.494021
vt 0.232717 0.494021
vt 0.232717 0.494021
vt 0.232717 0.494021
vt 0.232717 0.494021
vt 0.232717 0.494021
vt 0.232717 0.494021
vt 0.232717 0.494021
vt 0.232717 0.494021
vt 0.232717 0.494021
vt 0.232717 0.494021
vt 0.232717 0.494021
vt 0.232717 0.494021
vt 0.232717 0.494021
vt 0.232717 0.494021
vt 0.232717 0.494021
vt 0.232717 0.494021
vt 0.232717 0.494021
vt 0.232717 0.494021
vt 0.232717 0.494021
vt 0.232717 0.494021
vt 0.232717 0.494021
vt 0.232717 0.494021
vt 0.232717 0.494021
vt 0.232717 0.494021
vt 0.232717 0.494021
vt 0.232717 0.494021
vt 0.232717 0.494021
vt 0.232717 0.494021
vt 0.232717 0.494021
vt 0.232717 0.494021
vt 0.232717 0.494021
vt 0.232717 0.494021
vt 0.232717 0.494021
vt 0.232717 0.494021
vt 0.232717 0.494021
vt 0.232717 0.494021
vt 0.232717 0.494021
vt 0.232717 0.494021
vt 0.232717 0.494021
vt 0.232717 0.494021
vt 0.232717 0.494021
vt 0.232717 0.494021
vt 0.232717 0.494021
vt 0.232717 0.494021
vt 0.232717 0.494021
vt 0.232717 0.494021
vt 0.232717 0.494021
vt 0.232717 0.494021
vt 0.232717 0.494021
vt 0.232717 0.494021
vt 0.232717 0.494021
vt 0.232717 0.494021
vt 0.232717 0.494021
vt 0.232717 0.494021
vt 0.232717 0.494021
vt 0.232717 0.494021
vt 0.232717 0.494021
vt 0.232717 0.494021
vt 0.232717 0.494021
vt 0.232717 0.494021
vt 0.232717 0.494021
vt 0.232717 0.494021
vt 0.232717 0.494021
vt 0.232717 0.494021
vt 0.232717 0.494021
vt 0.232717 0.494021
vt 0.232717 0.494021
vt 0.232717 0.494021
vt 0.232717 0.494021
vt 0.232717 0.494021
vt 0.232717 0.494021
vt 0.232717 0.494021
vt 0.232717 0.494021
vt 0.232717 0.494021
vt 0.232717 0.494021
vt 0.232717 0.494021
vt 0.232717 0.494021
vt 0.232717 0.494021
vt 0.232717 0.494021
vt 0.232717 0.494021
vt 0.232717 0.494021
vt 0.232717 0.494021
vt 0.232717 0.494021
vt 0.232717 0.494021
vt 0.232717 0.494021
vt 0.232717 0.494021
vt 0.232717 0.494021
vt 0.232717 0.494021
vt 0.232717 0.494021
vt 0.232717 0.494021
vt 0.232717 0.494021
vt 0.232717 0.494021
vt 0.232717 0.494021
vt 0.232717 0.494021
vt 0.232717 0.494021
vt 0.232717 0.494021
vt 0.232717 0.494021
vt 0.232717 0.494021
vt 0.232717 0.494021
vt 0.232717 0.494021
vt 0.232717 0.494021
vt 0.232717 0.494021
vt 0.232717 0.494021
vt 0.232717 0.494021
vt 0.232717 0.494021
vt 0.232717 0.494021
vt 0.232717 0.494021
vt 0.232717 0.494021
vt 0.232717 0.494021
vt 0.232717 0.494021
vt 0.232717 0.494021
vt 0.232717 0.494021
vt 0.232717 0.494021
vt 0.232717 0.494021
vt 0.232717 0.494021
vt 0.232717 0.494021
vt 0.232717 0.494021
vt 0.232717 0.494021
vt 0.232717 0.494021
vt 0.232717 0.494021
vt 0.232717 0.494021
vt 0.232717 0.494021
vt 0.232717 0.494021
vt 0.232717 0.494021
vt 0.232717 0.494021
vt 0.232717 0.494021
vt 0.232717 0.494021
vt 0.232717 0.494021
vt 0.232717 0.494021
vt 0.232717 0.494021
vt 0.232717 0.494021
vt 0.232717 0.494021
vt 0.232717 0.494021
vt 0.232717 0.494021
vt 0.232717 0.494021
vt 0.232717 0.494021
vt 0.232717 0.494021
vt 0.232717 0.494021
vt 0.232717 0.494021
vt 0.232717 0.494021
vt 0.232717 0.494021
vt 0.232717 0.494021
vt 0.232717 0.494021
vt 0.232717 0.494021
vt 0.232717 0.494021
vt 0.232717 0.494021
vt 0.232717 0.494021
vt 0.232717 0.494021
vt 0.232717 0.494021
vt 0.232717 0.494021
vt 0.232717 0.494021
vt 0.232717 0.494021
vt 0.232717 0.494021
vt 0.232717 0.494021
vt 0.232717 0.494021
vt 0.232717 0.494021
vt 0.232717 0.494021
vt 0.232717 0.494021
vt 0.232717 0.494021
vt 0.232717 0.494021
vt 0.232717 0.494021
vt 0.232717 0.494021
vt 0.232717 0.494021
vt 0.232717 0.494021
vt 0.232717 0.494021
vt 0.232717 0.494021
vt 0.232717 0.494021
vt 0.232717 0.494021
vt 0.232717 0.494021
vt 0.232717 0.494021
vt 0.232717 0.494021
vt 0.232717 0.494021
vt 0.232717 0.494021
vt 0.232717 0.494021
vt 0.232717 0.494021
vt 0.232717 0.494021
vt 0.232717 0.494021
vt 0.232717 0.494021
vt 0.232717 0.494021
vt 0.232717 0.494021
vt 0.232717 0.494021
vt 0.232717 0.494021
vt 0.232717 0.494021
vt 0.232717 0.494021
vt 0.232717 0.494021
vt 0.232717 0.494021
vt 0.232717 0.494021
vt 0.232717 0.494021
vt 0.232717 0.494021
vt 0.232717 0.494021
vt 0.232717 0.494021
vt 0.232717 0.494021
vt 0.232717 0.494021
vt 0.232717 0.494021
vt 0.232717 0.494021
vt 0.232717 0.494021
vt 0.232717 0.494021
vt 0.232717 0.494021
vt 0.232717 0.494021
vt 0.232717 0.494021
vt 0.232717 0.494021
vt 0.232717 0.494021
vt 0.232717 0.494021
vt 0.232717 0.494021
vt 0.232717 0.494021
vt 0.232717 0.494021
vt 0.232717 0.494021
vt 0.232717 0.494021
vt 0.232717 0.494021
vt 0.232717 0.494021
vt 0.232717 0.494021
vt 0.232717 0.494021
vt 0.232717 0.494021
vt 0.232717 0.494021
vt 0.232717 0.494021
vt 0.232717 0.494021
vt 0.232717 0.494021
vt 0.232717 0.494021
vt 0.232717 0.494021
vt 0.232717 0.494021
vt 0.232717 0.494021
vt 0.232717 0.494021
vt 0.232717 0.494021
vt 0.232717 0.494021
vt 0.232717 0.494021
vt 0.232717 0.494021
vt 0.232717 0.494021
vt 0.232717 0.494021
vt 0.232717 0.494021
vt 0.232717 0.494021
vt 0.232717 0.494021
vt 0.232717 0.494021
vt 0.232717 0.494021
vt 0.232717 0.494021
vt 0.232717 0.494021
vt 0.232717 0.494021
vt 0.232717 0.494021
vt 0.232717 0.494021
vt 0.232717 0.494021
vt 0.232717 0.494021
vt 0.232717 0.494021
vt 0.232717 0.494021
vt 0.232717 0.494021
vt 0.232717 0.494021
vt 0.232717 0.494021
vt 0.232717 0.494021
vt 0.232717 0.494021
vt 0.232717 0.494021
vt 0.232717 0.494021
vt 0.232717 0.494021
vt 0.232717 0.494021
vt 0.232717 0.494021
vt 0.232717 0.494021
vt 0.232717 0.494021
vt 0.232717 0.494021
vt 0.232717 0.494021
vt 0.232717 0.494021
vt 0.232717 0.494021
vt 0.232717 0.494021
vt 0.232717 0.494021
vt 0.232717 0.494021
vt 0.232717 0.494021
vt 0.232717 0.494021
vt 0.232717 0.494021
vt 0.232717 0.494021
vt 0.232717 0.494021
vt 0.232717 0.494021
vt 0.232717 0.494021
vt 0.232717 0.494021
vt 0.232717 0.494021
vt 0.232717 0.494021
vt 0.232717 0.494021
vt 0.232717 0.494021
vt 0.232717 0.494021
vt 0.232717 0.494021
vt 0.232717 0.494021
vt 0.232717 0.494021
vt 0.232717 0.494021
vt 0.232717 0.494021
vt 0.232717 0.494021
vt 0.232717 0.494021
vt 0.232717 0.494021
vt 0.232717 0.494021
vt 0.232717 0.494021
vt 0.232717 0.494021
vt 0.232717 0.494021
vt 0.232717 0.494021
vt 0.232717 0.494021
vt 0.232717 0.494021
vt 0.232717 0.494021
vt 0.232717 0.494021
vt 0.232717 0.494021
vt 0.232717 0.494021
vt 0.232717 0.494021
vt 0.232717 0.494021
vt 0.232717 0.494021
vt 0.232717 0.494021
vt 0.232717 0.494021
vt 0.232717 0.494021
vt 0.232717 0.494021
vt 0.232717 0.494021
vt 0.232717 0.494021
vt 0.232717 0.494021
vt 0.232717 0.494021
vt 0.232717 0.494021
vt 0.232717 0.494021
vt 0.232717 0.494021
vt 0.232717 0.494021
vt 0.232717 0.494021
vt 0.232717 0.494021
vt 0.232717 0.494021
vt 0.232717 0.494021
vt 0.232717 0.494021
vt 0.232717 0.494021
vt 0.232717 0.494021
vt 0.232717 0.494021
vt 0.232717 0.494021
vt 0.232717 0.494021
vt 0.232717 0.494021
vt 0.232717 0.494021
vt 0.232717 0.494021
vt 0.232717 0.494021
vt 0.232717 0.494021
vt 0.232717 0.494021
vt 0.232717 0.494021
vt 0.232717 0.494021
vt 0.232717 0.494021
vt 0.232717 0.494021
vt 0.232717 0.494021
vt 0.232717 0.494021
vt 0.232717 0.494021
vt 0.232717 0.494021
vt 0.232717 0.494021
vt 0.232717 0.494021
vt 0.232717 0.494021
vt 0.232717 0.494021
vt 0.232717 0.494021
vt 0.232717 0.494021
vt 0.232717 0.494021
vt 0.232717 0.494021
vt 0.232717 0.494021
vt 0.232717 0.494021
vt 0.232717 0.494021
vt 0.232717 0.494021
vt 0.232717 0.494021
vt 0.232717 0.494021
vt 0.232717 0.494021
vt 0.232717 0.494021
vt 0.232717 0.494021
vt 0.232717 0.494021
vt 0.232717 0.494021
vt 0.232717 0.494021
vt 0.232717 0.494021
vt 0.232717 0.494021
vt 0.232717 0.494021
vt 0.232717 0.494021
vt 0.232717 0.494021
vt 0.232717 0.494021
vt 0.232717 0.494021
vt 0.232717 0.494021
vt 0.232717 0.494021
vt 0.232717 0.494021
vt 0.232717 0.494021
vt 0.232717 0.494021
vt 0.232717 0.494021
vt 0.232717 0.494021
vt 0.232717 0.494021
vt 0.232717 0.494021
vt 0.232717 0.494021
vt 0.232717 0.494021
vt 0.232717 0.494021
vt 0.232717 0.494021
vt 0.232717 0.494021
vt 0.232717 0.494021
vt 0.232717 0.494021
vt 0.232717 0.494021
vt 0.232717 0.494021
vt 0.232717 0.494021
vt 0.232717 0.494021
vt 0.232717 0.494021
vt 0.232717 0.494021
vt 0.232717 0.494021
vt 0.232717 0.494021
vt 0.232717 0.494021
vt 0.232717 0.494021
vt 0.232717 0.494021
vt 0.232717 0.494021
vt 0.232717 0.494021
vt 0.232717 0.494021
vt 0.232717 0.494021
vt 0.232717 0.494021
vt 0.232717 0.494021
vt 0.232717 0.494021
vt 0.232717 0.494021
vt 0.232717 0.494021
vt 0.232717 0.494021
vt 0.232717 0.494021
vt 0.232717 0.494021
vt 0.232717 0.494021
vt 0.232717 0.494021
vt 0.232717 0.494021
vt 0.232717 0.494021
vt 0.232717 0.494021
vt 0.232717 0.494021
vt 0.232717 0.494021
vt 0.232717 0.494021
vt 0.232717 0.494021
vt 0.232717 0.494021
vt 0.232717 0.494021
vt 0.232717 0.494021
vt 0.232717 0.494021
vt 0.232717 0.494021
vt 0.232717 0.494021
vt 0.232717 0.494021
vt 0.232717 0.494021
vt 0.232717 0.494021
vt 0.232717 0.494021
vt 0.232717 0.494021
vt 0.232717 0.494021
vt 0.232717 0.494021
vt 0.232717 0.494021
vt 0.232717 0.494021
vt 0.232717 0.494021
vt 0.232717 0.494021
vt 0.232717 0.494021
vt 0.232717 0.494021
vt 0.232717 0.494021
vt 0.232717 0.494021
vt 0.232717 0.494021
vt 0.232717 0.494021
vt 0.232717 0.494021
vt 0.232717 0.494021
vt 0.232717 0.494021
vt 0.232717 0.494021
vt 0.232717 0.494021
vt 0.232717 0.494021
vt 0.232717 0.494021
vt 0.232717 0.494021
vt 0.232717 0.494021
vt 0.232717 0.494021
vt 0.232717 0.494021
vt 0.232717 0.494021
vt 0.232717 0.494021
vt 0.232717 0.494021
vt 0.232717 0.494021
vt 0.232717 0.494021
vt 0.232717 0.494021
vt 0.232717 0.494021
vt 0.232717 0.494021
vt 0.232717 0.494021
vt 0.232717 0.494021
vt 0.232717 0.494021
vt 0.232717 0.494021
vt 0.232717 0.494021
vt 0.232717 0.494021
vt 0.232717 0.494021
vt 0.232717 0.494021
vt 0.232717 0.494021
vt 0.232717 0.494021
vt 0.232717 0.494021
vt 0.232717 0.494021
vt 0.232717 0.494021
vt 0.232717 0.494021
vt 0.232717 0.494021
vt 0.232717 0.494021
vt 0.232717 0.494021
vt 0.232717 0.494021
vt 0.232717 0.494021
vt 0.232717 0.494021
vt 0.232717 0.494021
vt 0.232717 0.494021
vt 0.232717 0.494021
vt 0.232717 0.494021
vt 0.232717 0.494021
vt 0.232717 0.494021
vt 0.232717 0.494021
vt 0.232717 0.494021
vt 0.232717 0.494021
vt 0.232717 0.494021
vt 0.232717 0.494021
vt 0.232717 0.494021
vt 0.232717 0.494021
vt 0.232717 0.494021
vt 0.232717 0.494021
vt 0.232717 0.494021
vt 0.232717 0.494021
vt 0.232717 0.494021
vt 0.232717 0.494021
vt 0.232717 0.494021
vt 0.232717 0.494021
vt 0.232717 0.494021
vt 0.232717 0.494021
vt 0.232717 0.494021
vt 0.232717 0.494021
vt 0.232717 0.494021
vt 0.232717 0.494021
vt 0.232717 0.494021
vt 0.232717 0.494021
vt 0.232717 0.494021
vt 0.232717 0.494021
vt 0.232717 0.494021
vt 0.232717 0.494021
vt 0.232717 0.494021
vt 0.232717 0.494021
vt 0.232717 0.494021
vt 0.232717 0.494021
vt 0.232717 0.494021
vt 0.232717 0.494021
vt 0.232717 0.494021
vt 0.232717 0.494021
vt 0.232717 0.494021
vt 0.232717 0.494021
vt 0.232717 0.494021
vt 0.232717 0.494021
vt 0.232717 0.494021
vt 0.232717 0.494021
vt 0.232717 0.494021
vt 0.232717 0.494021
vt 0.232717 0.494021
vt 0.232717 0.494021
vt 0.232717 0.494021
vt 0.232717 0.494021
vt 0.232717 0.494021
vt 0.232717 0.494021
vt 0.232717 0.494021
vt 0.232717 0.494021
vt 0.232717 0.494021
vt 0.232717 0.494021
vt 0.232717 0.494021
vt 0.232717 0.494021
vt 0.232717 0.494021
vt 0.232717 0.494021
vt 0.232717 0.494021
vt 0.232717 0.494021
vt 0.232717 0.494021
vt 0.232717 0.494021
vt 0.232717 0.494021
vt 0.232717 0.494021
vt 0.232717 0.494021
vt 0.232717 0.494021
vt 0.232717 0.494021
vt 0.232717 0.494021
vt 0.232717 0.494021
vt 0.232717 0.494021
vt 0.232717 0.494021
vt 0.232717 0.494021
vt 0.232717 0.494021
vt 0.232717 0.494021
vt 0.232717 0.494021
vt 0.232717 0.494021
vt 0.232717 0.494021
vt 0.232717 0.494021
vt 0.232717 0.494021
vt 0.232717 0.494021
vt 0.232717 0.494021
vt 0.232717 0.494021
vt 0.232717 0.494021
vt 0.232717 0.494021
vt 0.232717 0.494021
vt 0.232717 0.494021
vt 0.232717 0.494021
vt 0.232717 0.494021
vt 0.232717 0.494021
vt 0.232717 0.494021
vt 0.232717 0.494021
vt 0.232717 0.494021
vt 0.232717 0.494021
vt 0.232717 0.494021
vt 0.232717 0.494021
vt 0.232717 0.494021
vt 0.232717 0.494021
vt 0.232717 0.494021
vt 0.232717 0.494021
vt 0.232717 0.494021
vt 0.232717 0.494021
vt 0.232717 0.494021
vt 0.232717 0.494021
vt 0.232717 0.494021
vt 0.232717 0.494021
vt 0.232717 0.494021
vt 0.232717 0.494021
vt 0.232717 0.494021
vt 0.232717 0.494021
vt 0.232717 0.494021
vt 0.232717 0.494021
vt 0.232717 0.494021
vt 0.232717 0.494021
vt 0.232717 0.494021
vt 0.232717 0.494021
vt 0.232717 0.494021
vt 0.232717 0.494021
vt 0.232717 0.494021
vt 0.232717 0.494021
vt 0.232717 0.494021
vt 0.232717 0.494021
vt 0.232717 0.494021
vt 0.232717 0.494021
vt 0.232717 0.494021
vt 0.232717 0.494021
vt 0.232717 0.494021
vt 0.232717 0.494021
vt 0.232717 0.494021
vt 0.232717 0.494021
vt 0.232717 0.494021
vt 0.232717 0.494021
vt 0.232717 0.494021
vt 0.232717 0.494021
vt 0.232717 0.494021
vt 0.232717 0.494021
vt 0.232717 0.494021
vt 0.232717 0.494021
vt 0.232717 0.494021
vt 0.232717 0.494021
vt 0.232717 0.494021
vt 0.232717 0.494021
vt 0.232717 0.494021
vt 0.232717 0.494021
vt 0.232717 0.494021
vt 0.232717 0.494021
vt 0.232717 0.494021
vt 0.232717 0.494021
vt 0.232717 0.494021
vt 0.232717 0.494021
vt 0.232717 0.494021
vt 0.232717 0.494021
vt 0.232717 0.494021
vt 0.232717 0.494021
vt 0.232717 0.494021
vt 0.232717 0.494021
vt 0.232717 0.494021
vt 0.232717 0.494021
vt 0.232717 0.494021
vt 0.232717 0.494021
vt 0.232717 0.494021
vt 0.232717 0.494021
vt 0.232717 0.494021
vt 0.232717 0.494021
vt 0.232717 0.494021
vt 0.232717 0.494021
vt 0.232717 0.494021
vt 0.232717 0.494021
vt 0.232717 0.494021
vt 0.232717 0.494021
vt 0.232717 0.494021
vt 0.232717 0.494021
vt 0.232717 0.494021
vt 0.232717 0.494021
vt 0.232717 0.494021
vt 0.232717 0.494021
vt 0.232717 0.494021
vt 0.232717 0.494021
vt 0.232717 0.494021
vt 0.232717 0.494021
vt 0.232717 0.494021
vt 0.232717 0.494021
vt 0.232717 0.494021
vt 0.232717 0.494021
vt 0.232717 0.494021
vt 0.232717 0.494021
vt 0.232717 0.494021
vt 0.232717 0.494021
vt 0.232717 0.494021
vt 0.232717 0.494021
vt 0.232717 0.494021
vt 0.232717 0.494021
vt 0.232717 0.494021
vt 0.232717 0.494021
vt 0.232717 0.494021
vt 0.232717 0.494021
vt 0.232717 0.494021
vt 0.232717 0.494021
vt 0.232717 0.494021
vt 0.232717 0.494021
vt 0.232717 0.494021
vt 0.232717 0.494021
vt 0.232717 0.494021
vt 0.232717 0.494021
vt 0.232717 0.494021
vt 0.232717 0.494021
vt 0.232717 0.494021
vt 0.232717 0.494021
vt 0.232717 0.494021
vt 0.232717 0.494021
vt 0.232717 0.494021
vt 0.232717 0.494021
vt 0.232717 0.494021
vt 0.232717 0.494021
vt 0.232717 0.494021
vt 0.232717 0.494021
vt 0.232717 0.494021
vt 0.232717 0.494021
vt 0.232717 0.494021
vt 0.232717 0.494021
vt 0.232717 0.494021
vt 0.232717 0.494021
vt 0.232717 0.494021
vt 0.232717 0.494021
vt 0.232717 0.494021
vt 0.232717 0.494021
vt 0.232717 0.494021
vt 0.232717 0.494021
vt 0.232717 0.494021
vt 0.232717 0.494021
vt 0.232717 0.494021
vt 0.232717 0.494021
vt 0.232717 0.494021
vt 0.232717 0.494021
vt 0.232717 0.494021
vt 0.232717 0.494021
vt 0.232717 0.494021
vt 0.232717 0.494021
vt 0.232717 0.494021
vt 0.232717 0.494021
vt 0.232717 0.494021
vt 0.232717 0.494021
vt 0.232717 0.494021
vt 0.232717 0.494021
vt 0.232717 0.494021
vt 0.232717 0.494021
vt 0.232717 0.494021
vt 0.232717 0.494021
vt 0.232717 0.494021
vt 0.232717 0.494021
vt 0.232717 0.494021
vt 0.232717 0.494021
vt 0.232717 0.494021
vt 0.232717 0.494021
vt 0.232717 0.494021
vt 0.232717 0.494021
vt 0.232717 0.494021
vt 0.232717 0.494021
vt 0.232717 0.494021
vt 0.232717 0.494021
vt 0.232717 0.494021
vt 0.232717 0.494021
vt 0.232717 0.494021
vt 0.232717 0.494021
vt 0.232717 0.494021
vt 0.232717 0.494021
vt 0.232717 0.494021
vt 0.232717 0.494021
vt 0.232717 0.494021
vt 0.232717 0.494021
vt 0.232717 0.494021
vt 0.232717 0.494021
vt 0.232717 0.494021
vt 0.232717 0.494021
vt 0.232717 0.494021
vt 0.232717 0.494021
vt 0.232717 0.494021
vt 0.232717 0.494021
vt 0.232717 0.494021
vt 0.232717 0.494021
vt 0.232717 0.494021
vt 0.232717 0.494021
vt 0.232717 0.494021
vt 0.232717 0.494021
vt 0.232717 0.494021
vt 0.232717 0.494021
vt 0.232717 0.494021
vt 0.232717 0.494021
vt 0.232717 0.494021
vt 0.232717 0.494021
vt 0.232717 0.494021
vt 0.232717 0.494021
vt 0.232717 0.494021
vt 0.232717 0.494021
vt 0.232717 0.494021
vt 0.232717 0.494021
vt 0.232717 0.494021
vt 0.232717 0.494021
vt 0.232717 0.494021
vt 0.232717 0.494021
vt 0.232717 0.494021
vt 0.232717 0.494021
vt 0.232717 0.494021
vt 0.232717 0.494021
vt 0.232717 0.494021
vt 0.232717 0.494021
vt 0.232717 0.494021
vt 0.232717 0.494021
vt 0.232717 0.494021
vt 0.232717 0.494021
vt 0.232717 0.494021
vt 0.232717 0.494021
vt 0.232717 0.494021
vt 0.232717 0.494021
vt 0.232717 0.494021
vt 0.232717 0.494021
vt 0.232717 0.494021
vt 0.232717 0.494021
vt 0.232717 0.494021
vt 0.232717 0.494021
vt 0.232717 0.494021
vt 0.232717 0.494021
vt 0.232717 0.494021
vt 0.232717 0.494021
vt 0.232717 0.494021
vt 0.232717 0.494021
vt 0.232717 0.494021
vt 0.232717 0.494021
vt 0.232717 0.494021
vt 0.232717 0.494021
vt 0.232717 0.494021
vt 0.232717 0.494021
vt 0.232717 0.494021
vt 0.232717 0.494021
vt 0.232717 0.494021
vt 0.232717 0.494021
vt 0.232717 0.494021
vt 0.232717 0.494021
vt 0.232717 0.494021
vt 0.232717 0.494021
vt 0.232717 0.494021
vt 0.232717 0.494021
vt 0.232717 0.494021
vt 0.232717 0.494021
vt 0.232717 0.494021
vt 0.232717 0.494021
vt 0.232717 0.494021
vt 0.232717 0.494021
vt 0.232717 0.494021
vt 0.232717 0.494021
vt 0.232717 0.494021
vt 0.232717 0.494021
vt 0.232717 0.494021
vt 0.232717 0.494021
vt 0.232717 0.494021
vt 0.232717 0.494021
vt 0.232717 0.494021
vt 0.232717 0.494021
vt 0.232717 0.494021
vt 0.232717 0.494021
vt 0.232717 0.494021
vt 0.232717 0.494021
vt 0.232717 0.494021
vt 0.232717 0.494021
vt 0.232717 0.494021
vt 0.232717 0.494021
vt 0.232717 0.494021
vt 0.232717 0.494021
vt 0.232717 0.494021
vt 0.232717 0.494021
vt 0.232717 0.494021
vt 0.232717 0.494021
vt 0.232717 0.494021
vt 0.232717 0.494021
vt 0.232717 0.494021
vt 0.232717 0.494021
vt 0.232717 0.494021
vt 0.232717 0.494021
vt 0.232717 0.494021
vt 0.232717 0.494021
vt 0.232717 0.494021
vt 0.232717 0.494021
vt 0.232717 0.494021
vt 0.232717 0.494021
vt 0.232717 0.494021
vt 0.232717 0.494021
vt 0.232717 0.494021
vt 0.232717 0.494021
vt 0.232717 0.494021
vt 0.232717 0.494021
vt 0.232717 0.494021
vt 0.232717 0.494021
vt 0.232717 0.494021
vt 0.232717 0.494021
vt 0.232717 0.494021
vt 0.232717 0.494021
vt 0.232717 0.494021
vt 0.232717 0.494021
vt 0.232717 0.494021
vt 0.232717 0.494021
vt 0.232717 0.494021
vt 0.232717 0.494021
vt 0.232717 0.494021
vt 0.232717 0.494021
vt 0.232717 0.494021
vt 0.232717 0.494021
vt 0.232717 0.494021
vt 0.232717 0.494021
vt 0.232717 0.494021
vt 0.232717 0.494021
vt 0.232717 0.494021
vt 0.232717 0.494021
vt 0.232717 0.494021
vt 0.232717 0.494021
vt 0.232717 0.494021
vt 0.232717 0.494021
vt 0.232717 0.494021
vt 0.232717 0.494021
vt 0.232717 0.494021
vt 0.232717 0.494021
vt 0.232717 0.494021
vt 0.232717 0.494021
vt 0.232717 0.494021
vt 0.232717 0.494021
vt 0.232717 0.494021
vt 0.232717 0.494021
vt 0.232717 0.494021
vt 0.232717 0.494021
vt 0.232717 0.494021
vt 0.232717 0.494021
vt 0.232717 0.494021
vt 0.232717 0.494021
vt 0.232717 0.494021
vt 0.232717 0.494021
vt 0.232717 0.494021
vt 0.232717 0.494021
vt 0.232717 0.494021
vt 0.232717 0.494021
vt 0.232717 0.494021
vt 0.232717 0.494021
vt 0.232717 0.494021
vt 0.232717 0.494021
vt 0.232717 0.494021
vt 0.232717 0.494021
vt 0.232717 0.494021
vt 0.232717 0.494021
vt 0.232717 0.494021
vt 0.232717 0.494021
vt 0.232717 0.494021
vt 0.232717 0.494021
vt 0.232717 0.494021
vt 0.232717 0.494021
vt 0.232717 0.494021
vt 0.232717 0.494021
vt 0.232717 0.494021
vt 0.232717 0.494021
vt 0.232717 0.494021
vt 0.232717 0.494021
vt 0.232717 0.494021
vt 0.232717 0.494021
vt 0.232717 0.494021
vt 0.232717 0.494021
vt 0.232717 0.494021
vt 0.232717 0.494021
vt 0.232717 0.494021
vt 0.232717 0.494021
vt 0.232717 0.494021
vt 0.232717 0.494021
vt 0.232717 0.494021
vt 0.232717 0.494021
vt 0.232717 0.494021
vt 0.232717 0.494021
vt 0.232717 0.494021
vt 0.232717 0.494021
vt 0.232717 0.494021
vt 0.232717 0.494021
vt 0.232717 0.494021
vt 0.232717 0.494021
vt 0.232717 0.494021
vt 0.232717 0.494021
vt 0.232717 0.494021
vt 0.232717 0.494021
vt 0.232717 0.494021
vt 0.232717 0.494021
vt 0.232717 0.494021
vt 0.232717 0.494021
vt 0.232717 0.494021
vt 0.232717 0.494021
vt 0.232717 0.494021
vt 0.232717 0.494021
vt 0.232717 0.494021
vt 0.232717 0.494021
vt 0.232717 0.494021
vt 0.232717 0.494021
vt 0.232717 0.494021
vt 0.232717 0.494021
vt 0.232717 0.494021
vt 0.232717 0.494021
vt 0.232717 0.494021
vt 0.232717 0.494021
vt 0.232717 0.494021
vt 0.232717 0.494021
vt 0.232717 0.494021
vt 0.232717 0.494021
vt 0.232717 0.494021
vt 0.232717 0.494021
vt 0.232717 0.494021
vt 0.232717 0.494021
vt 0.232717 0.494021
vt 0.232717 0.494021
vt 0.232717 0.494021
vt 0.232717 0.494021
vt 0.232717 0.494021
vt 0.232717 0.494021
vt 0.232717 0.494021
vt 0.232717 0.494021
vt 0.232717 0.494021
vt 0.232717 0.494021
vt 0.232717 0.494021
vt 0.232717 0.494021
vt 0.232717 0.494021
vt 0.232717 0.494021
vt 0.232717 0.494021
vt 0.232717 0.494021
vt 0.232717 0.494021
vt 0.232717 0.494021
vt 0.232717 0.494021
vt 0.232717 0.494021
vt 0.232717 0.494021
vt 0.232717 0.494021
vt 0.232717 0.494021
vt 0.232717 0.494021
vt 0.232717 0.494021
vt 0.232717 0.494021
vt 0.232717 0.494021
vt 0.232717 0.494021
vt 0.232717 0.494021
vt 0.232717 0.494021
vt 0.232717 0.494021
vt 0.232717 0.494021
vt 0.232717 0.494021
vt 0.232717 0.494021
vt 0.232717 0.494021
vt 0.232717 0.494021
vt 0.232717 0.494021
vt 0.232717 0.494021
vt 0.232717 0.494021
vt 0.232717 0.494021
vt 0.232717 0.494021
vt 0.232717 0.494021
vt 0.232717 0.494021
vt 0.232717 0.494021
vt 0.232717 0.494021
vt 0.232717 0.494021
vt 0.232717 0.494021
vt 0.232717 0.494021
vt 0.232717 0.494021
vt 0.232717 0.494021
vt 0.232717 0.494021
vt 0.232717 0.494021
vt 0.232717 0.494021
vt 0.232717 0.494021
vt 0.232717 0.494021
vt 0.232717 0.494021
vt 0.232717 0.494021
vt 0.232717 0.494021
vt 0.232717 0.494021
vt 0.232717 0.494021
vt 0.232717 0.494021
vt 0.232717 0.494021
vt 0.232717 0.494021
vt 0.232717 0.494021
vt 0.232717 0.494021
vt 0.232717 0.494021
vt 0.232717 0.494021
vt 0.232717 0.494021
vt 0.232717 0.494021
vt 0.232717 0.494021
vt 0.232717 0.494021
vt 0.232717 0.494021
vt 0.232717 0.494021
vt 0.232717 0.494021
vt 0.232717 0.494021
vt 0.232717 0.494021
vt 0.232717 0.494021
vt 0.232717 0.494021
vt 0.232717 0.494021
vt 0.232717 0.494021
vt 0.232717 0.494021
vt 0.232717 0.494021
vt 0.232717 0.494021
vt 0.232717 0.494021
vt 0.232717 0.494021
vt 0.232717 0.494021
vt 0.232717 0.494021
vt 0.232717 0.494021
vt 0.232717 0.494021
vt 0.232717 0.494021
vt 0.232717 0.494021
vt 0.232717 0.494021
vt 0.232717 0.494021
vt 0.232717 0.494021
vt 0.232717 0.494021
vt 0.232717 0.494021
vt 0.232717 0.494021
vt 0.232717 0.494021
vt 0.232717 0.494021
vt 0.232717 0.494021
vt 0.232717 0.494021
vt 0.232717 0.494021
vt 0.232717 0.494021
vt 0.232717 0.494021
vt 0.232717 0.494021
vt 0.232717 0.494021
vt 0.232717 0.494021
vt 0.232717 0.494021
vt 0.232717 0.494021
vt 0.232717 0.494021
vt 0.232717 0.494021
vt 0.232717 0.494021
vt 0.232717 0.494021
vt 0.232717 0.494021
vt 0.232717 0.494021
vt 0.232717 0.494021
vt 0.232717 0.494021
vt 0.232717 0.494021
vt 0.232717 0.494021
vt 0.232717 0.494021
vt 0.232717 0.494021
vt 0.232717 0.494021
vt 0.232717 0.494021
vt 0.232717 0.494021
vt 0.232717 0.494021
vt 0.232717 0.494021
vt 0.232717 0.494021
vt 0.232717 0.494021
vt 0.232717 0.494021
vt 0.232717 0.494021
vt 0.232717 0.494021
vt 0.232717 0.494021
vt 0.232717 0.494021
vt 0.232717 0.494021
vt 0.232717 0.494021
vt 0.232717 0.494021
vt 0.232717 0.494021
vt 0.232717 0.494021
vt 0.232717 0.494021
vt 0.232717 0.494021
vt 0.232717 0.494021
vt 0.232717 0.494021
vt 0.232717 0.494021
vt 0.232717 0.494021
vt 0.232717 0.494021
vt 0.232717 0.494021
vt 0.232717 0.494021
vt 0.232717 0.494021
vt 0.232717 0.494021
vt 0.232717 0.494021
vt 0.232717 0.494021
vt 0.232717 0.494021
vt 0.232717 0.494021
vt 0.232717 0.494021
vt 0.232717 0.494021
vt 0.232717 0.494021
vt 0.232717 0.494021
vt 0.232717 0.494021
vt 0.232717 0.494021
vt 0.232717 0.494021
vt 0.232717 0.494021
vt 0.232717 0.494021
vt 0.232717 0.494021
vt 0.232717 0.494021
vt 0.232717 0.494021
vt 0.232717 0.494021
vt 0.232717 0.494021
vt 0.232717 0.494021
vt 0.232717 0.494021
vt 0.232717 0.494021
vt 0.232717 0.494021
vt 0.232717 0.494021
vt 0.232717 0.494021
vt 0.232717 0.494021
vt 0.232717 0.494021
vt 0.232717 0.494021
vt 0.232717 0.494021
vt 0.232717 0.494021
vt 0.232717 0.494021
vt 0.232717 0.494021
vt 0.232717 0.494021
vt 0.232717 0.494021
vt 0.232717 0.494021
vt 0.232717 0.494021
vt 0.232717 0.494021
vt 0.232717 0.494021
vt 0.232717 0.494021
vt 0.232717 0.494021
vt 0.232717 0.494021
vt 0.232717 0.494021
vt 0.232717 0.494021
vt 0.232717 0.494021
vt 0.232717 0.494021
vt 0.232717 0.494021
vt 0.232717 0.494021
vt 0.232717 0.494021
vt 0.232717 0.494021
vt 0.232717 0.494021
vt 0.232717 0.494021
vt 0.232717 0.494021
vt 0.232717 0.494021
vt 0.232717 0.494021
vt 0.232717 0.494021
vt 0.232717 0.494021
vt 0.232717 0.494021
vt 0.232717 0.494021
vt 0.232717 0.494021
vt 0.232717 0.494021
vt 0.232717 0.494021
vt 0.232717 0.494021
vt 0.232717 0.494021
vt 0.232717 0.494021
vt 0.232717 0.494021
vt 0.232717 0.494021
vt 0.232717 0.494021
vt 0.232717 0.494021
vt 0.232717 0.494021
vt 0.232717 0.494021
vt 0.232717 0.494021
vt 0.232717 0.494021
vt 0.232717 0.494021
vt 0.232717 0.494021
vt 0.232717 0.494021
vt 0.232717 0.494021
vt 0.232717 0.494021
vt 0.232717 0.494021
vt 0.232717 0.494021
vt 0.232717 0.494021
vt 0.232717 0.494021
vt 0.232717 0.494021
vt 0.232717 0.494021
vt 0.232717 0.494021
vt 0.232717 0.494021
vt 0.232717 0.494021
vt 0.232717 0.494021
vt 0.232717 0.494021
vt 0.232717 0.494021
vt 0.232717 0.494021
vt 0.232717 0.494021
vt 0.232717 0.494021
vt 0.232717 0.494021
vt 0.232717 0.494021
vt 0.232717 0.494021
vt 0.232717 0.494021
vt 0.232717 0.494021
vt 0.232717 0.494021
vt 0.232717 0.494021
vt 0.232717 0.494021
vt 0.232717 0.494021
vt 0.232717 0.494021
vt 0.232717 0.494021
vt 0.232717 0.494021
vt 0.232717 0.494021
vt 0.232717 0.494021
vt 0.232717 0.494021
vt 0.232717 0.494021
vt 0.232717 0.494021
vt 0.232717 0.494021
vt 0.232717 0.494021
vt 0.232717 0.494021
vt 0.232717 0.494021
vt 0.232717 0.494021
vt 0.232717 0.494021
vt 0.232717 0.494021
vt 0.232717 0.494021
vt 0.232717 0.494021
vt 0.232717 0.494021
vt 0.232717 0.494021
vt 0.232717 0.494021
vt 0.232717 0.494021
vt 0.232717 0.494021
vt 0.232717 0.494021
vt 0.232717 0.494021
vt 0.232717 0.494021
vt 0.232717 0.494021
vt 0.232717 0.494021
vt 0.232717 0.494021
vt 0.232717 0.494021
vt 0.232717 0.494021
vt 0.232717 0.494021
vt 0.232717 0.494021
vt 0.232717 0.494021
vt 0.232717 0.494021
vt 0.232717 0.494021
vt 0.232717 0.494021
vt 0.232717 0.494021
vt 0.232717 0.494021
vt 0.232717 0.494021
vt 0.232717 0.494021
vt 0.232717 0.494021
vt 0.232717 0.494021
vt 0.232717 0.494021
vt 0.232717 0.494021
vt 0.232717 0.494021
vt 0.232717 0.494021
vt 0.232717 0.494021
vt 0.232717 0.494021
vt 0.232717 0.494021
vt 0.232717 0.494021
vt 0.232717 0.494021
vt 0.232717 0.494021
vt 0.232717 0.494021
vt 0.232717 0.494021
vt 0.232717 0.494021
vt 0.232717 0.494021
vt 0.232717 0.494021
vt 0.232717 0.494021
vt 0.232717 0.494021
vt 0.232717 0.494021
vt 0.232717 0.494021
vt 0.232717 0.494021
vt 0.232717 0.494021
vt 0.232717 0.494021
vt 0.232717 0.494021
vt 0.232717 0.494021
vt 0.232717 0.494021
vt 0.232717 0.494021
vt 0.232717 0.494021
vt 0.232717 0.494021
vt 0.232717 0.494021
vt 0.232717 0.494021
vt 0.232717 0.494021
vt 0.232717 0.494021
vt 0.232717 0.494021
vt 0.232717 0.494021
vt 0.232717 0.494021
vt 0.232717 0.494021
vt 0.232717 0.494021
vt 0.232717 0.494021
vt 0.232717 0.494021
vt 0.232717 0.494021
vt 0.232717 0.494021
vt 0.232717 0.494021
vt 0.232717 0.494021
vt 0.232717 0.494021
vt 0.232717 0.494021
vt 0.232717 0.494021
vt 0.232717 0.494021
vt 0.232717 0.494021
vt 0.232717 0.494021
vt 0.232717 0.494021
vt 0.232717 0.494021
vt 0.232717 0.494021
vt 0.232717 0.494021
vt 0.232717 0.494021
vt 0.232717 0.494021
vt 0.232717 0.494021
vt 0.232717 0.494021
vt 0.232717 0.494021
vt 0.232717 0.494021
vt 0.232717 0.494021
vt 0.232717 0.494021
vt 0.232717 0.494021
vt 0.232717 0.494021
vt 0.232717 0.494021
vt 0.232717 0.494021
vt 0.232717 0.494021
vt 0.232717 0.494021
vt 0.232717 0.494021
vt 0.232717 0.494021
vt 0.232717 0.494021
vt 0.232717 0.494021
vt 0.232717 0.494021
vt 0.232717 0.494021
vt 0.232717 0.494021
vt 0.232717 0.494021
vt 0.232717 0.494021
vt 0.232717 0.494021
vt 0.232717 0.494021
vt 0.232717 0.494021
vt 0.232717 0.494021
vt 0.232717 0.494021
vt 0.232717 0.494021
vt 0.232717 0.494021
vt 0.232717 0.494021
vt 0.232717 0.494021
vt 0.232717 0.494021
vt 0.232717 0.494021
vt 0.232717 0.494021
vt 0.232717 0.494021
vt 0.232717 0.494021
vt 0.232717 0.494021
vt 0.232717 0.494021
vt 0.232717 0.494021
vt 0.232717 0.494021
vt 0.232717 0.494021
vt 0.232717 0.494021
vt 0.232717 0.494021
vt 0.232717 0.494021
vt 0.232717 0.494021
vt 0.232717 0.494021
vt 0.232717 0.494021
vt 0.232717 0.494021
vt 0.232717 0.494021
vt 0.232717 0.494021
vt 0.232717 0.494021
vt 0.232717 0.494021
vt 0.232717 0.494021
vt 0.232717 0.494021
vt 0.232717 0.494021
vt 0.232717 0.494021
vt 0.232717 0.494021
vt 0.232717 0.494021
vt 0.232717 0.494021
vt 0.232717 0.494021
vt 0.232717 0.494021
vt 0.232717 0.494021
vt 0.232717 0.494021
vt 0.232717 0.494021
vt 0.232717 0.494021
vt 0.232717 0.494021
vt 0.232717 0.494021
vt 0.232717 0.494021
vt 0.232717 0.494021
vt 0.232717 0.494021
vt 0.232717 0.494021
vt 0.232717 0.494021
vt 0.232717 0.494021
vt 0.232717 0.494021
vt 0.232717 0.494021
vt 0.232717 0.494021
vt 0.232717 0.494021
vt 0.232717 0.494021
vt 0.232717 0.494021
vt 0.232717 0.494021
vt 0.232717 0.494021
vt 0.232717 0.494021
vt 0.232717 0.494021
vt 0.232717 0.494021
vt 0.232717 0.494021
vt 0.232717 0.494021
vt 0.232717 0.494021
vt 0.232717 0.494021
vt 0.232717 0.494021
vt 0.232717 0.494021
vt 0.232717 0.494021
vt 0.232717 0.494021
vt 0.232717 0.494021
vt 0.232717 0.494021
vt 0.232717 0.494021
vt 0.232717 0.494021
vt 0.232717 0.494021
vt 0.232717 0.494021
vt 0.232717 0.494021
vt 0.232717 0.494021
vt 0.232717 0.494021
vt 0.232717 0.494021
vt 0.232717 0.494021
vt 0.232717 0.494021
vt 0.232717 0.494021
vt 0.232717 0.494021
vt 0.232717 0.494021
vt 0.232717 0.494021
vt 0.232717 0.494021
vt 0.232717 0.494021
vt 0.232717 0.494021
vt 0.232717 0.494021
vt 0.232717 0.494021
vt 0.232717 0.494021
vt 0.232717 0.494021
vt 0.232717 0.494021
vt 0.232717 0.494021
vt 0.232717 0.494021
vt 0.232717 0.494021
vt 0.232717 0.494021
vt 0.232717 0.494021
vt 0.232717 0.494021
vt 0.232717 0.494021
vt 0.232717 0.494021
vt 0.232717 0.494021
vt 0.232717 0.494021
vt 0.232717 0.494021
vt 0.232717 0.494021
vt 0.232717 0.494021
vt 0.232717 0.494021
vt 0.232717 0.494021
vt 0.232717 0.494021
vt 0.232717 0.494021
vt 0.232717 0.494021
vt 0.232717 0.494021
vt 0.232717 0.494021
vt 0.232717 0.494021
vt 0.232717 0.494021
vt 0.232717 0.494021
vt 0.232717 0.494021
vt 0.232717 0.494021
vt 0.232717 0.494021
vt 0.232717 0.494021
vt 0.232717 0.494021
vt 0.232717 0.494021
vt 0.232717 0.494021
vt 0.232717 0.494021
vt 0.232717 0.494021
vt 0.232717 0.494021
vt 0.232717 0.494021
vt 0.232717 0.494021
vt 0.232717 0.494021
vt 0.232717 0.494021
vt 0.232717 0.494021
vt 0.232717 0.494021
vt 0.232717 0.494021
vt 0.232717 0.494021
vt 0.232717 0.494021
vt 0.232717 0.494021
vt 0.232717 0.494021
vt 0.232717 0.494021
vt 0.232717 0.494021
vt 0.232717 0.494021
vt 0.232717 0.494021
vt 0.232717 0.494021
vt 0.232717 0.494021
vt 0.232717 0.494021
vt 0.232717 0.494021
vt 0.232717 0.494021
vt 0.232717 0.494021
vt 0.232717 0.494021
vt 0.232717 0.494021
vt 0.232717 0.494021
vt 0.232717 0.494021
vt 0.232717 0.494021
vt 0.232717 0.494021
vt 0.232717 0.494021
vt 0.232717 0.494021
vt 0.232717 0.494021
vt 0.232717 0.494021
vt 0.232717 0.494021
vt 0.232717 0.494021
vt 0.232717 0.494021
vt 0.232717 0.494021
vt 0.232717 0.494021
vt 0.232717 0.494021
vt 0.232717 0.494021
vt 0.232717 0.494021
vt 0.232717 0.494021
vt 0.232717 0.494021
vt 0.232717 0.494021
vt 0.232717 0.494021
vt 0.232717 0.494021
vt 0.232717 0.494021
vt 0.232717 0.494021
vt 0.232717 0.494021
vt 0.232717 0.494021
vt 0.232717 0.494021
vt 0.232717 0.494021
vt 0.232717 0.494021
vt 0.232717 0.494021
vt 0.232717 0.494021
vt 0.232717 0.494021
vt 0.232717 0.494021
vt 0.232717 0.494021
vt 0.232717 0.494021
vt 0.232717 0.494021
vt 0.232717 0.494021
vt 0.232717 0.494021
vt 0.232717 0.494021
vt 0.232717 0.494021
vt 0.232717 0.494021
vt 0.232717 0.494021
vt 0.232717 0.494021
vt 0.232717 0.494021
vt 0.232717 0.494021
vt 0.232717 0.494021
vt 0.232717 0.494021
vt 0.232717 0.494021
vt 0.232717 0.494021
vt 0.232717 0.494021
vt 0.232717 0.494021
vt 0.232717 0.494021
vt 0.232717 0.494021
vt 0.232717 0.494021
vt 0.232717 0.494021
vt 0.232717 0.494021
vt 0.232717 0.494021
vt 0.232717 0.494021
vt 0.232717 0.494021
vt 0.232717 0.494021
vt 0.232717 0.494021
vt 0.232717 0.494021
vt 0.232717 0.494021
vt 0.232717 0.494021
vt 0.232717 0.494021
vt 0.232717 0.494021
vt 0.232717 0.494021
vt 0.232717 0.494021
vt 0.232717 0.494021
vt 0.232717 0.494021
vt 0.232717 0.494021
vt 0.232717 0.494021
vt 0.232717 0.494021
vt 0.232717 0.494021
vt 0.232717 0.494021
vt 0.232717 0.494021
vt 0.232717 0.494021
vt 0.232717 0.494021
vt 0.232717 0.494021
vt 0.232717 0.494021
vt 0.232717 0.494021
vt 0.232717 0.494021
vt 0.232717 0.494021
vt 0.232717 0.494021
vt 0.232717 0.494021
vt 0.232717 0.494021
vt 0.232717 0.494021
vt 0.232717 0.494021
vt 0.232717 0.494021
vt 0.232717 0.494021
vt 0.232717 0.494021
vt 0.232717 0.494021
vt 0.232717 0.494021
vt 0.232717 0.494021
vt 0.232717 0.494021
vt 0.232717 0.494021
vt 0.232717 0.494021
vt 0.232717 0.494021
vt 0.232717 0.494021
vt 0.232717 0.494021
vt 0.232717 0.494021
vt 0.232717 0.494021
vt 0.232717 0.494021
vt 0.232717 0.494021
vt 0.232717 0.494021
vt 0.232717 0.494021
vt 0.232717 0.494021
vt 0.232717 0.494021
vt 0.232717 0.494021
vt 0.232717 0.494021
vt 0.232717 0.494021
vt 0.232717 0.494021
vt 0.232717 0.494021
vt 0.232717 0.494021
vt 0.232717 0.494021
vt 0.232717 0.494021
vt 0.232717 0.494021
vt 0.232717 0.494021
vt 0.232717 0.494021
vt 0.232717 0.494021
vt 0.232717 0.494021
vt 0.232717 0.494021
vt 0.232717 0.494021
vt 0.232717 0.494021
vt 0.232717 0.494021
vt 0.232717 0.494021
vt 0.232717 0.494021
vt 0.232717 0.494021
vt 0.232717 0.494021
vt 0.232717 0.494021
vt 0.232717 0.494021
vt 0.232717 0.494021
vt 0.232717 0.494021
vt 0.232717 0.494021
vt 0.232717 0.494021
vt 0.232717 0.494021
vt 0.232717 0.494021
vt 0.232717 0.494021
vt 0.232717 0.494021
vt 0.232717 0.494021
vt 0.232717 0.494021
vt 0.232717 0.494021
vt 0.232717 0.494021
vt 0.232717 0.494021
vt 0.232717 0.494021
vt 0.232717 0.494021
vt 0.232717 0.494021
vt 0.232717 0.494021
vt 0.232717 0.494021
vt 0.232717 0.494021
vt 0.232717 0.494021
vt 0.232717 0.494021
vt 0.232717 0.494021
vt 0.232717 0.494021
vt 0.232717 0.494021
vt 0.232717 0.494021
vt 0.232717 0.494021
vt 0.232717 0.494021
vt 0.232717 0.494021
vt 0.232717 0.494021
vt 0.232717 0.494021
vt 0.232717 0.494021
vt 0.232717 0.494021
vt 0.232717 0.494021
vt 0.232717 0.494021
vt 0.232717 0.494021
vt 0.232717 0.494021
vt 0.232717 0.494021
vt 0.232717 0.494021
vt 0.232717 0.494021
vt 0.232717 0.494021
vt 0.232717 0.494021
vt 0.232717 0.494021
vt 0.232717 0.494021
vt 0.232717 0.494021
vt 0.232717 0.494021
vt 0.232717 0.494021
vt 0.232717 0.494021
vt 0.232717 0.494021
vt 0.232717 0.494021
vt 0.232717 0.494021
vt 0.232717 0.494021
vt 0.232717 0.494021
vt 0.232717 0.494021
vt 0.232717 0.494021
vt 0.232717 0.494021
vt 0.232717 0.494021
vt 0.232717 0.494021
vt 0.232717 0.494021
vt 0.232717 0.494021
vt 0.232717 0.494021
vt 0.232717 0.494021
vt 0.232717 0.494021
vt 0.232717 0.494021
vt 0.232717 0.494021
vt 0.232717 0.494021
vt 0.232717 0.494021
vt 0.232717 0.494021
vt 0.232717 0.494021
vt 0.232717 0.494021
vt 0.232717 0.494021
vt 0.232717 0.494021
vt 0.232717 0.494021
vt 0.232717 0.494021
vt 0.232717 0.494021
vt 0.232717 0.494021
vt 0.232717 0.494021
vt 0.232717 0.494021
vt 0.232717 0.494021
vt 0.232717 0.494021
vt 0.232717 0.494021
vt 0.232717 0.494021
vt 0.232717 0.494021
vt 0.232717 0.494021
vt 0.232717 0.494021
vt 0.232717 0.494021
vt 0.232717 0.494021
vt 0.232717 0.494021
vt 0.232717 0.494021
vt 0.232717 0.494021
vt 0.232717 0.494021
vt 0.232717 0.494021
vt 0.232717 0.494021
vt 0.232717 0.494021
vt 0.232717 0.494021
vt 0.232717 0.494021
vt 0.232717 0.494021
vt 0.232717 0.494021
vt 0.232717 0.494021
vt 0.232717 0.494021
vt 0.232717 0.494021
vt 0.232717 0.494021
vt 0.232717 0.494021
vt 0.232717 0.494021
vt 0.232717 0.494021
vt 0.232717 0.494021
vt 0.232717 0.494021
vt 0.232717 0.494021
vt 0.232717 0.494021
vt 0.232717 0.494021
vt 0.232717 0.494021
vt 0.232717 0.494021
vt 0.232717 0.494021
vt 0.232717 0.494021
vt 0.232717 0.494021
vt 0.232717 0.494021
vt 0.232717 0.494021
vt 0.232717 0.494021
vt 0.232717 0.494021
vt 0.232717 0.494021
vt 0.232717 0.494021
vt 0.232717 0.494021
vt 0.232717 0.494021
vt 0.232717 0.494021
vt 0.232717 0.494021
vt 0.232717 0.494021
vt 0.232717 0.494021
vt 0.232717 0.494021
vt 0.232717 0.494021
vt 0.232717 0.494021
vt 0.232717 0.494021
vt 0.232717 0.494021
vt 0.232717 0.494021
vt 0.232717 0.494021
vt 0.232717 0.494021
vt 0.232717 0.494021
vt 0.232717 0.494021
vt 0.232717 0.494021
vt 0.232717 0.494021
vt 0.232717 0.494021
vt 0.232717 0.494021
vt 0.232717 0.494021
vt 0.232717 0.494021
vt 0.232717 0.494021
vt 0.232717 0.494021
vt 0.232717 0.494021
vt 0.232717 0.494021
vt 0.232717 0.494021
vt 0.232717 0.494021
vt 0.232717 0.494021
vt 0.232717 0.494021
vt 0.232717 0.494021
vt 0.232717 0.494021
vt 0.232717 0.494021
vt 0.232717 0.494021
vt 0.232717 0.494021
vt 0.232717 0.494021
vt 0.232717 0.494021
vt 0.232717 0.494021
vt 0.232717 0.494021
vt 0.232717 0.494021
vt 0.232717 0.494021
vt 0.232717 0.494021
vt 0.232717 0.494021
vt 0.232717 0.494021
vt 0.232717 0.494021
vt 0.232717 0.494021
vt 0.232717 0.494021
vt 0.232717 0.494021
vt 0.232717 0.494021
vt 0.232717 0.494021
vt 0.232717 0.494021
vt 0.232717 0.494021
vt 0.232717 0.494021
vt 0.232717 0.494021
vt 0.232717 0.494021
vt 0.232717 0.494021
vt 0.232717 0.494021
vt 0.232717 0.494021
vt 0.232717 0.494021
vt 0.232717 0.494021
vt 0.232717 0.494021
vt 0.232717 0.494021
vt 0.232717 0.494021
vt 0.232717 0.494021
vt 0.232717 0.494021
vt 0.232717 0.494021
vt 0.232717 0.494021
vt 0.232717 0.494021
vt 0.232717 0.494021
vt 0.232717 0.494021
vt 0.232717 0.494021
vt 0.232717 0.494021
vt 0.232717 0.494021
vt 0.232717 0.494021
vt 0.232717 0.494021
vt 0.232717 0.494021
vt 0.232717 0.494021
vt 0.232717 0.494021
vt 0.232717 0.494021
vt 0.232717 0.494021
vt 0.232717 0.494021
vt 0.232717 0.494021
vt 0.232717 0.494021
vt 0.232717 0.494021
vt 0.232717 0.494021
vt 0.232717 0.494021
vt 0.232717 0.494021
vt 0.232717 0.494021
vt 0.232717 0.494021
vt 0.232717 0.494021
vt 0.232717 0.494021
vt 0.232717 0.494021
vt 0.232717 0.494021
vt 0.232717 0.494021
vt 0.232717 0.494021
vt 0.232717 0.494021
vt 0.232717 0.494021
vt 0.232717 0.494021
vt 0.232717 0.494021
vt 0.232717 0.494021
vt 0.232717 0.494021
vt 0.232717 0.494021
vt 0.232717 0.494021
vt 0.232717 0.494021
vt 0.232717 0.494021
vt 0.232717 0.494021
vt 0.232717 0.494021
vt 0.232717 0.494021
vt 0.232717 0.494021
vt 0.232717 0.494021
vt 0.232717 0.494021
vt 0.232717 0.494021
vt 0.232717 0.494021
vt 0.232717 0.494021
vt 0.232717 0.494021
vt 0.232717 0.494021
vt 0.232717 0.494021
vt 0.232717 0.494021
vt 0.232717 0.494021
vt 0.232717 0.494021
vt 0.232717 0.494021
vt 0.232717 0.494021
vt 0.232717 0.494021
vt 0.232717 0.494021
vt 0.232717 0.494021
vt 0.232717 0.494021
vt 0.232717 0.494021
vt 0.232717 0.494021
vt 0.232717 0.494021
vt 0.232717 0.494021
vt 0.232717 0.494021
vt 0.232717 0.494021
vt 0.232717 0.494021
vt 0.232717 0.494021
vt 0.232717 0.494021
vt 0.232717 0.494021
vt 0.232717 0.494021
vt 0.232717 0.494021
vt 0.232717 0.494021
vt 0.232717 0.494021
vt 0.232717 0.494021
vt 0.232717 0.494021
vt 0.232717 0.494021
vt 0.232717 0.494021
vt 0.232717 0.494021
vt 0.232717 0.494021
vt 0.232717 0.494021
vt 0.232717 0.494021
vt 0.232717 0.494021
vt 0.232717 0.494021
vt 0.232717 0.494021
vt 0.232717 0.494021
vt 0.232717 0.494021
vt 0.232717 0.494021
vt 0.232717 0.494021
vt 0.232717 0.494021
vt 0.232717 0.494021
vt 0.232717 0.494021
vt 0.232717 0.494021
vt 0.232717 0.494021
vt 0.232717 0.494021
vt 0.232717 0.494021
vt 0.232717 0.494021
vt 0.232717 0.494021
vt 0.232717 0.494021
vt 0.232717 0.494021
vt 0.232717 0.494021
vt 0.232717 0.494021
vt 0.232717 0.494021
vt 0.232717 0.494021
vt 0.232717 0.494021
vt 0.232717 0.494021
vt 0.232717 0.494021
vt 0.232717 0.494021
vt 0.232717 0.494021
vt 0.232717 0.494021
vt 0.232717 0.494021
vt 0.232717 0.494021
vt 0.232717 0.494021
vt 0.232717 0.494021
vt 0.232717 0.494021
vt 0.232717 0.494021
vt 0.232717 0.494021
vt 0.232717 0.494021
vt 0.232717 0.494021
vt 0.232717 0.494021
vt 0.232717 0.494021
vt 0.232717 0.494021
vt 0.232717 0.494021
vt 0.232717 0.494021
vt 0.232717 0.494021
vt 0.232717 0.494021
vt 0.232717 0.494021
vt 0.232717 0.494021
vt 0.232717 0.494021
vt 0.232717 0.494021
vt 0.232717 0.494021
vt 0.232717 0.494021
vt 0.232717 0.494021
vt 0.232717 0.494021
vt 0.232717 0.494021
vt 0.232717 0.494021
vt 0.232717 0.494021
vt 0.232717 0.494021
vt 0.232717 0.494021
vt 0.232717 0.494021
vt 0.232717 0.494021
vt 0.232717 0.494021
vt 0.232717 0.494021
vt 0.232717 0.494021
vt 0.232717 0.494021
vt 0.232717 0.494021
vt 0.232717 0.494021
vt 0.232717 0.494021
vt 0.232717 0.494021
vt 0.232717 0.494021
vt 0.232717 0.494021
vt 0.232717 0.494021
vt 0.232717 0.494021
vt 0.232717 0.494021
vt 0.232717 0.494021
vt 0.232717 0.494021
vt 0.232717 0.494021
vt 0.232717 0.494021
vt 0.232717 0.494021
vt 0.232717 0.494021
vt 0.232717 0.494021
vt 0.232717 0.494021
vt 0.232717 0.494021
vt 0.232717 0.494021
vt 0.232717 0.494021
vt 0.232717 0.494021
vt 0.232717 0.494021
vt 0.232717 0.494021
vt 0.232717 0.494021
vt 0.232717 0.494021
vt 0.232717 0.494021
vt 0.232717 0.494021
vt 0.232717 0.494021
vt 0.232717 0.494021
vt 0.232717 0.494021
vt 0.232717 0.494021
vt 0.232717 0.494021
vt 0.232717 0.494021
vt 0.232717 0.494021
vt 0.232717 0.494021
vt 0.232717 0.494021
vt 0.232717 0.494021
vt 0.232717 0.494021
vt 0.232717 0.494021
vt 0.232717 0.494021
vt 0.232717 0.494021
vt 0.232717 0.494021
vt 0.232717 0.494021
vt 0.232717 0.494021
vt 0.232717 0.494021
vt 0.232717 0.494021
vt 0.232717 0.494021
vt 0.232717 0.494021
vt 0.232717 0.494021
vt 0.232717 0.494021
vt 0.232717 0.494021
vt 0.232717 0.494021
vt 0.232717 0.494021
vt 0.232717 0.494021
vt 0.232717 0.494021
vt 0.232717 0.494021
vt 0.232717 0.494021
vt 0.232717 0.494021
vt 0.232717 0.494021
vt 0.232717 0.494021
vt 0.232717 0.494021
vt 0.232717 0.494021
vt 0.232717 0.494021
vt 0.232717 0.494021
vt 0.232717 0.494021
vt 0.232717 0.494021
vt 0.232717 0.494021
vt 0.232717 0.494021
vt 0.232717 0.494021
vt 0.232717 0.494021
vt 0.232717 0.494021
vt 0.232717 0.494021
vt 0.232717 0.494021
vt 0.232717 0.494021
vt 0.232717 0.494021
vt 0.232717 0.494021
vt 0.232717 0.494021
vt 0.232717 0.494021
vt 0.232717 0.494021
vt 0.232717 0.494021
vt 0.232717 0.494021
vt 0.232717 0.494021
vt 0.232717 0.494021
vt 0.232717 0.494021
vt 0.232717 0.494021
vt 0.232717 0.494021
vt 0.232717 0.494021
vt 0.232717 0.494021
vt 0.232717 0.494021
s 1
usemtl Black_Plastic
f 1297/1553/769 1313/1569/770 1317/1573/771 1305/1561/772
f 1285/1541/773 1313/1569/770 1297/1553/769 1260/1516/774
f 1237/1493/775 1308/1564/776 1316/1572/777 1312/1568/778 1284/1540/779 1273/1529/780
f 1250/1506/781 1261/1517/782 1296/1552/783 1304/1560/784 1300/1556/785 1226/1482/786
f 1274/1530/787 1286/1542/788 1262/1518/789 1249/1505/790
f 1305/1561/772 1317/1573/771 1309/1565/791 1301/1557/792
f 1224/1480/793 1301/1557/792 1309/1565/791 1236/1492/794
f 1224/1480/793 1227/1483/795 1229/1485/796 1228/1484/797
f 1227/1483/795 1231/1487/798 1232/1488/799 1229/1485/796
f 1225/1481/800 1230/1486/801 1232/1488/799 1231/1487/798
f 1230/1486/801 1234/1490/802 1235/1491/803 1232/1488/799
f 1226/1482/786 1233/1489/804 1235/1491/803 1234/1490/802
f 1233/1489/804 1228/1484/797 1229/1485/796 1235/1491/803
f 1229/1485/796 1232/1488/799 1235/1491/803
f 1236/1492/794 1239/1495/805 1241/1497/806 1240/1496/807
f 1239/1495/805 1243/1499/808 1244/1500/809 1241/1497/806
f 1237/1493/775 1242/1498/810 1244/1500/809 1243/1499/808
f 1242/1498/810 1246/1502/811 1247/1503/812 1244/1500/809
f 1238/1494/813 1245/1501/814 1247/1503/812 1246/1502/811
f 1245/1501/814 1240/1496/807 1241/1497/806 1247/1503/812
f 1241/1497/806 1244/1500/809 1247/1503/812
f 1248/1504/815 1251/1507/816 1253/1509/817 1252/1508/818
f 1251/1507/816 1255/1511/819 1256/1512/820 1253/1509/817
f 1249/1505/790 1254/1510/821 1256/1512/820 1255/1511/819
f 1254/1510/821 1258/1514/822 1259/1515/823 1256/1512/820
f 1250/1506/781 1257/1513/824 1259/1515/823 1258/1514/822
f 1257/1513/824 1252/1508/818 1253/1509/817 1259/1515/823
f 1253/1509/817 1256/1512/820 1259/1515/823
f 1260/1516/774 1263/1519/825 1265/1521/826 1264/1520/827
f 1263/1519/825 1267/1523/828 1268/1524/829 1265/1521/826
f 1261/1517/782 1266/1522/830 1268/1524/829 1267/1523/828
f 1266/1522/830 1270/1526/831 1271/1527/832 1268/1524/829
f 1262/1518/789 1269/1525/833 1271/1527/832 1270/1526/831
f 1269/1525/833 1264/1520/827 1265/1521/826 1271/1527/832
f 1265/1521/826 1268/1524/829 1271/1527/832
f 1272/1528/834 1275/1531/835 1277/1533/836 1276/1532/837
f 1275/1531/835 1279/1535/838 1280/1536/839 1277/1533/836
f 1273/1529/780 1278/1534/840 1280/1536/839 1279/1535/838
f 1278/1534/840 1282/1538/841 1283/1539/842 1280/1536/839
f 1274/1530/787 1281/1537/843 1283/1539/842 1282/1538/841
f 1281/1537/843 1276/1532/837 1277/1533/836 1283/1539/842
f 1277/1533/836 1280/1536/839 1283/1539/842
f 1284/1540/779 1287/1543/844 1289/1545/845 1288/1544/846
f 1287/1543/844 1291/1547/847 1292/1548/848 1289/1545/845
f 1285/1541/773 1290/1546/849 1292/1548/848 1291/1547/847
f 1290/1546/849 1294/1550/850 1295/1551/851 1292/1548/848
f 1286/1542/788 1293/1549/852 1295/1551/851 1294/1550/850
f 1293/1549/852 1288/1544/846 1289/1545/845 1295/1551/851
f 1289/1545/845 1292/1548/848 1295/1551/851
f 1238/1494/813 1225/1481/800 1231/1487/798 1245/1501/814
f 1245/1501/814 1231/1487/798 1227/1483/795 1240/1496/807
f 1240/1496/807 1227/1483/795 1224/1480/793 1236/1492/794
f 1272/1528/834 1238/1494/813 1246/1502/811 1275/1531/835
f 1275/1531/835 1246/1502/811 1242/1498/810 1279/1535/838
f 1279/1535/838 1242/1498/810 1237/1493/775 1273/1529/780
f 1286/1542/788 1274/1530/787 1282/1538/841 1293/1549/852
f 1293/1549/852 1282/1538/841 1278/1534/840 1288/1544/846
f 1288/1544/846 1278/1534/840 1273/1529/780 1284/1540/779
f 1248/1504/815 1272/1528/834 1276/1532/837 1251/1507/816
f 1251/1507/816 1276/1532/837 1281/1537/843 1255/1511/819
f 1255/1511/819 1281/1537/843 1274/1530/787 1249/1505/790
f 1285/1541/773 1260/1516/774 1264/1520/827 1290/1546/849
f 1290/1546/849 1264/1520/827 1269/1525/833 1294/1550/850
f 1294/1550/850 1269/1525/833 1262/1518/789 1286/1542/788
f 1261/1517/782 1250/1506/781 1258/1514/822 1266/1522/830
f 1266/1522/830 1258/1514/822 1254/1510/821 1270/1526/831
f 1270/1526/831 1254/1510/821 1249/1505/790 1262/1518/789
f 1225/1481/800 1248/1504/815 1252/1508/818 1230/1486/801
f 1230/1486/801 1252/1508/818 1257/1513/824 1234/1490/802
f 1234/1490/802 1257/1513/824 1250/1506/781 1226/1482/786
f 1304/1560/784 1296/1552/783 1298/1554/853 1306/1562/854
f 1306/1562/854 1298/1554/853 1299/1555/855 1307/1563/856
f 1307/1563/856 1299/1555/855 1297/1553/769 1305/1561/772
f 1312/1568/778 1316/1572/777 1318/1574/857 1314/1570/858
f 1314/1570/858 1318/1574/857 1319/1575/859 1315/1571/860
f 1315/1571/860 1319/1575/859 1317/1573/771 1313/1569/770
f 1300/1556/785 1304/1560/784 1306/1562/854 1302/1558/861
f 1302/1558/861 1306/1562/854 1307/1563/856 1303/1559/862
f 1303/1559/862 1307/1563/856 1305/1561/772 1301/1557/792
f 1316/1572/777 1308/1564/776 1310/1566/863 1318/1574/857
f 1318/1574/857 1310/1566/863 1311/1567/864 1319/1575/859
f 1319/1575/859 1311/1567/864 1309/1565/791 1317/1573/771
f 1260/1516/774 1297/1553/769 1299/1555/855 1263/1519/825
f 1263/1519/825 1299/1555/855 1298/1554/853 1267/1523/828
f 1267/1523/828 1298/1554/853 1296/1552/783 1261/1517/782
f 1301/1557/792 1224/1480/793 1228/1484/797 1303/1559/862
f 1303/1559/862 1228/1484/797 1233/1489/804 1302/1558/861
f 1302/1558/861 1233/1489/804 1226/1482/786 1300/1556/785
f 1308/1564/776 1237/1493/775 1243/1499/808 1310/1566/863
f 1310/1566/863 1243/1499/808 1239/1495/805 1311/1567/864
f 1311/1567/864 1239/1495/805 1236/1492/794 1309/1565/791
f 1284/1540/779 1312/1568/778 1314/1570/858 1287/1543/844
f 1287/1543/844 1314/1570/858 1315/1571/860 1291/1547/847
f 1291/1547/847 1315/1571/860 1313/1569/770 1285/1541/773
f 1238/1494/813 1272/1528/834 1248/1504/815 1225/1481/800
f 1393/1649/769 1409/1665/770 1413/1669/771 1401/1657/772
f 1381/1637/773 1409/1665/770 1393/1649/769 1356/1612/774
f 1333/1589/775 1404/1660/776 1412/1668/777 1408/1664/778 1380/1636/779 1369/1625/780
f 1346/1602/781 1357/1613/782 1392/1648/783 1400/1656/784 1396/1652/785 1322/1578/786
f 1370/1626/787 1382/1638/788 1358/1614/789 1345/1601/790
f 1401/1657/772 1413/1669/771 1405/1661/791 1397/1653/792
f 1320/1576/793 1397/1653/792 1405/1661/791 1332/1588/794
f 1320/1576/793 1323/1579/795 1325/1581/796 1324/1580/797
f 1323/1579/795 1327/1583/798 1328/1584/799 1325/1581/796
f 1321/1577/800 1326/1582/801 1328/1584/799 1327/1583/798
f 1326/1582/801 1330/1586/802 1331/1587/803 1328/1584/799
f 1322/1578/786 1329/1585/804 1331/1587/803 1330/1586/802
f 1329/1585/804 1324/1580/797 1325/1581/796 1331/1587/803
f 1325/1581/796 1328/1584/799 1331/1587/803
f 1332/1588/794 1335/1591/805 1337/1593/806 1336/1592/807
f 1335/1591/805 1339/1595/808 1340/1596/809 1337/1593/806
f 1333/1589/775 1338/1594/810 1340/1596/809 1339/1595/808
f 1338/1594/810 1342/1598/811 1343/1599/812 1340/1596/809
f 1334/1590/813 1341/1597/814 1343/1599/812 1342/1598/811
f 1341/1597/814 1336/1592/807 1337/1593/806 1343/1599/812
f 1337/1593/806 1340/1596/809 1343/1599/812
f 1344/1600/815 1347/1603/816 1349/1605/817 1348/1604/818
f 1347/1603/816 1351/1607/819 1352/1608/820 1349/1605/817
f 1345/1601/790 1350/1606/821 1352/1608/820 1351/1607/819
f 1350/1606/821 1354/1610/822 1355/1611/823 1352/1608/820
f 1346/1602/781 1353/1609/824 1355/1611/823 1354/1610/822
f 1353/1609/824 1348/1604/818 1349/1605/817 1355/1611/823
f 1349/1605/817 1352/1608/820 1355/1611/823
f 1356/1612/774 1359/1615/825 1361/1617/826 1360/1616/827
f 1359/1615/825 1363/1619/828 1364/1620/829 1361/1617/826
f 1357/1613/782 1362/1618/830 1364/1620/829 1363/1619/828
f 1362/1618/830 1366/1622/831 1367/1623/832 1364/1620/829
f 1358/1614/789 1365/1621/833 1367/1623/832 1366/1622/831
f 1365/1621/833 1360/1616/827 1361/1617/826 1367/1623/832
f 1361/1617/826 1364/1620/829 1367/1623/832
f 1368/1624/834 1371/1627/835 1373/1629/836 1372/1628/837
f 1371/1627/835 1375/1631/838 1376/1632/839 1373/1629/836
f 1369/1625/780 1374/1630/840 1376/1632/839 1375/1631/838
f 1374/1630/840 1378/1634/841 1379/1635/842 1376/1632/839
f 1370/1626/787 1377/1633/843 1379/1635/842 1378/1634/841
f 1377/1633/843 1372/1628/837 1373/1629/836 1379/1635/842
f 1373/1629/836 1376/1632/839 1379/1635/842
f 1380/1636/779 1383/1639/844 1385/1641/845 1384/1640/846
f 1383/1639/844 1387/1643/847 1388/1644/848 1385/1641/845
f 1381/1637/773 1386/1642/849 1388/1644/848 1387/1643/847
f 1386/1642/849 1390/1646/850 1391/1647/851 1388/1644/848
f 1382/1638/788 1389/1645/852 1391/1647/851 1390/1646/850
f 1389/1645/852 1384/1640/846 1385/1641/845 1391/1647/851
f 1385/1641/845 1388/1644/848 1391/1647/851
f 1334/1590/813 1321/1577/800 1327/1583/798 1341/1597/814
f 1341/1597/814 1327/1583/798 1323/1579/795 1336/1592/807
f 1336/1592/807 1323/1579/795 1320/1576/793 1332/1588/794
f 1368/1624/834 1334/1590/813 1342/1598/811 1371/1627/835
f 1371/1627/835 1342/1598/811 1338/1594/810 1375/1631/838
f 1375/1631/838 1338/1594/810 1333/1589/775 1369/1625/780
f 1382/1638/788 1370/1626/787 1378/1634/841 1389/1645/852
f 1389/1645/852 1378/1634/841 1374/1630/840 1384/1640/846
f 1384/1640/846 1374/1630/840 1369/1625/780 1380/1636/779
f 1344/1600/815 1368/1624/834 1372/1628/837 1347/1603/816
f 1347/1603/816 1372/1628/837 1377/1633/843 1351/1607/819
f 1351/1607/819 1377/1633/843 1370/1626/787 1345/1601/790
f 1381/1637/773 1356/1612/774 1360/1616/827 1386/1642/849
f 1386/1642/849 1360/1616/827 1365/1621/833 1390/1646/850
f 1390/1646/850 1365/1621/833 1358/1614/789 1382/1638/788
f 1357/1613/782 1346/1602/781 1354/1610/822 1362/1618/830
f 1362/1618/830 1354/1610/822 1350/1606/821 1366/1622/831
f 1366/1622/831 1350/1606/821 1345/1601/790 1358/1614/789
f 1321/1577/800 1344/1600/815 1348/1604/818 1326/1582/801
f 1326/1582/801 1348/1604/818 1353/1609/824 1330/1586/802
f 1330/1586/802 1353/1609/824 1346/1602/781 1322/1578/786
f 1400/1656/784 1392/1648/783 1394/1650/853 1402/1658/854
f 1402/1658/854 1394/1650/853 1395/1651/855 1403/1659/856
f 1403/1659/856 1395/1651/855 1393/1649/769 1401/1657/772
f 1408/1664/778 1412/1668/777 1414/1670/857 1410/1666/858
f 1410/1666/858 1414/1670/857 1415/1671/859 1411/1667/860
f 1411/1667/860 1415/1671/859 1413/1669/771 1409/1665/770
f 1396/1652/785 1400/1656/784 1402/1658/854 1398/1654/861
f 1398/1654/861 1402/1658/854 1403/1659/856 1399/1655/862
f 1399/1655/862 1403/1659/856 1401/1657/772 1397/1653/792
f 1412/1668/777 1404/1660/776 1406/1662/863 1414/1670/857
f 1414/1670/857 1406/1662/863 1407/1663/864 1415/1671/859
f 1415/1671/859 1407/1663/864 1405/1661/791 1413/1669/771
f 1356/1612/774 1393/1649/769 1395/1651/855 1359/1615/825
f 1359/1615/825 1395/1651/855 1394/1650/853 1363/1619/828
f 1363/1619/828 1394/1650/853 1392/1648/783 1357/1613/782
f 1397/1653/792 1320/1576/793 1324/1580/797 1399/1655/862
f 1399/1655/862 1324/1580/797 1329/1585/804 1398/1654/861
f 1398/1654/861 1329/1585/804 1322/1578/786 1396/1652/785
f 1404/1660/776 1333/1589/775 1339/1595/808 1406/1662/863
f 1406/1662/863 1339/1595/808 1335/1591/805 1407/1663/864
f 1407/1663/864 1335/1591/805 1332/1588/794 1405/1661/791
f 1380/1636/779 1408/1664/778 1410/1666/858 1383/1639/844
f 1383/1639/844 1410/1666/858 1411/1667/860 1387/1643/847
f 1387/1643/847 1411/1667/860 1409/1665/770 1381/1637/773
f 1334/1590/813 1368/1624/834 1344/1600/815 1321/1577/800
f 1489/1745/769 1505/1761/770 1509/1765/771 1497/1753/772
f 1477/1733/773 1505/1761/770 1489/1745/769 1452/1708/774
f 1429/1685/775 1500/1756/776 1508/1764/777 1504/1760/778 1476/1732/779 1465/1721/780
f 1442/1698/781 1453/1709/782 1488/1744/783 1496/1752/784 1492/1748/785 1418/1674/786
f 1466/1722/787 1478/1734/788 1454/1710/789 1441/1697/790
f 1497/1753/772 1509/1765/771 1501/1757/791 1493/1749/792
f 1416/1672/793 1493/1749/792 1501/1757/791 1428/1684/794
f 1416/1672/793 1419/1675/795 1421/1677/796 1420/1676/797
f 1419/1675/795 1423/1679/798 1424/1680/799 1421/1677/796
f 1417/1673/800 1422/1678/801 1424/1680/799 1423/1679/798
f 1422/1678/801 1426/1682/802 1427/1683/803 1424/1680/799
f 1418/1674/786 1425/1681/804 1427/1683/803 1426/1682/802
f 1425/1681/804 1420/1676/797 1421/1677/796 1427/1683/803
f 1421/1677/796 1424/1680/799 1427/1683/803
f 1428/1684/794 1431/1687/805 1433/1689/806 1432/1688/807
f 1431/1687/805 1435/1691/808 1436/1692/809 1433/1689/806
f 1429/1685/775 1434/1690/810 1436/1692/809 1435/1691/808
f 1434/1690/810 1438/1694/811 1439/1695/812 1436/1692/809
f 1430/1686/813 1437/1693/814 1439/1695/812 1438/1694/811
f 1437/1693/814 1432/1688/807 1433/1689/806 1439/1695/812
f 1433/1689/806 1436/1692/809 1439/1695/812
f 1440/1696/815 1443/1699/816 1445/1701/817 1444/1700/818
f 1443/1699/816 1447/1703/819 1448/1704/820 1445/1701/817
f 1441/1697/790 1446/1702/821 1448/1704/820 1447/1703/819
f 1446/1702/821 1450/1706/822 1451/1707/823 1448/1704/820
f 1442/1698/781 1449/1705/824 1451/1707/823 1450/1706/822
f 1449/1705/824 1444/1700/818 1445/1701/817 1451/1707/823
f 1445/1701/817 1448/1704/820 1451/1707/823
f 1452/1708/774 1455/1711/825 1457/1713/826 1456/1712/827
f 1455/1711/825 1459/1715/828 1460/1716/829 1457/1713/826
f 1453/1709/782 1458/1714/830 1460/1716/829 1459/1715/828
f 1458/1714/830 1462/1718/831 1463/1719/832 1460/1716/829
f 1454/1710/789 1461/1717/833 1463/1719/832 1462/1718/831
f 1461/1717/833 1456/1712/827 1457/1713/826 1463/1719/832
f 1457/1713/826 1460/1716/829 1463/1719/832
f 1464/1720/834 1467/1723/835 1469/1725/836 1468/1724/837
f 1467/1723/835 1471/1727/838 1472/1728/839 1469/1725/836
f 1465/1721/780 1470/1726/840 1472/1728/839 1471/1727/838
f 1470/1726/840 1474/1730/841 1475/1731/842 1472/1728/839
f 1466/1722/787 1473/1729/843 1475/1731/842 1474/1730/841
f 1473/1729/843 1468/1724/837 1469/1725/836 1475/1731/842
f 1469/1725/836 1472/1728/839 1475/1731/842
f 1476/1732/779 1479/1735/844 1481/1737/845 1480/1736/846
f 1479/1735/844 1483/1739/847 1484/1740/848 1481/1737/845
f 1477/1733/773 1482/1738/849 1484/1740/848 1483/1739/847
f 1482/1738/849 1486/1742/850 1487/1743/865 1484/1740/848
f 1478/1734/788 1485/1741/852 1487/1743/865 1486/1742/850
f 1485/1741/852 1480/1736/846 1481/1737/845 1487/1743/865
f 1481/1737/845 1484/1740/848 1487/1743/865
f 1430/1686/813 1417/1673/800 1423/1679/798 1437/1693/814
f 1437/1693/814 1423/1679/798 1419/1675/795 1432/1688/807
f 1432/1688/807 1419/1675/795 1416/1672/793 1428/1684/794
f 1464/1720/834 1430/1686/813 1438/1694/811 1467/1723/835
f 1467/1723/835 1438/1694/811 1434/1690/810 1471/1727/838
f 1471/1727/838 1434/1690/810 1429/1685/775 1465/1721/780
f 1478/1734/788 1466/1722/787 1474/1730/841 1485/1741/852
f 1485/1741/852 1474/1730/841 1470/1726/840 1480/1736/846
f 1480/1736/846 1470/1726/840 1465/1721/780 1476/1732/779
f 1440/1696/815 1464/1720/834 1468/1724/837 1443/1699/816
f 1443/1699/816 1468/1724/837 1473/1729/843 1447/1703/819
f 1447/1703/819 1473/1729/843 1466/1722/787 1441/1697/790
f 1477/1733/773 1452/1708/774 1456/1712/827 1482/1738/849
f 1482/1738/849 1456/1712/827 1461/1717/833 1486/1742/850
f 1486/1742/850 1461/1717/833 1454/1710/789 1478/1734/788
f 1453/1709/782 1442/1698/781 1450/1706/822 1458/1714/830
f 1458/1714/830 1450/1706/822 1446/1702/821 1462/1718/831
f 1462/1718/831 1446/1702/821 1441/1697/790 1454/1710/789
f 1417/1673/800 1440/1696/815 1444/1700/818 1422/1678/801
f 1422/1678/801 1444/1700/818 1449/1705/824 1426/1682/802
f 1426/1682/802 1449/1705/824 1442/1698/781 1418/1674/786
f 1496/1752/784 1488/1744/783 1490/1746/853 1498/1754/854
f 1498/1754/854 1490/1746/853 1491/1747/855 1499/1755/856
f 1499/1755/856 1491/1747/855 1489/1745/769 1497/1753/772
f 1504/1760/778 1508/1764/777 1510/1766/857 1506/1762/858
f 1506/1762/858 1510/1766/857 1511/1767/859 1507/1763/860
f 1507/1763/860 1511/1767/859 1509/1765/771 1505/1761/770
f 1492/1748/785 1496/1752/784 1498/1754/854 1494/1750/861
f 1494/1750/861 1498/1754/854 1499/1755/856 1495/1751/862
f 1495/1751/862 1499/1755/856 1497/1753/772 1493/1749/792
f 1508/1764/777 1500/1756/776 1502/1758/863 1510/1766/857
f 1510/1766/857 1502/1758/863 1503/1759/864 1511/1767/859
f 1511/1767/859 1503/1759/864 1501/1757/791 1509/1765/771
f 1452/1708/774 1489/1745/769 1491/1747/855 1455/1711/825
f 1455/1711/825 1491/1747/855 1490/1746/853 1459/1715/828
f 1459/1715/828 1490/1746/853 1488/1744/783 1453/1709/782
f 1493/1749/792 1416/1672/793 1420/1676/797 1495/1751/862
f 1495/1751/862 1420/1676/797 1425/1681/804 1494/1750/861
f 1494/1750/861 1425/1681/804 1418/1674/786 1492/1748/785
f 1500/1756/776 1429/1685/775 1435/1691/808 1502/1758/863
f 1502/1758/863 1435/1691/808 1431/1687/805 1503/1759/864
f 1503/1759/864 1431/1687/805 1428/1684/794 1501/1757/791
f 1476/1732/779 1504/1760/778 1506/1762/858 1479/1735/844
f 1479/1735/844 1506/1762/858 1507/1763/860 1483/1739/847
f 1483/1739/847 1507/1763/860 1505/1761/770 1477/1733/773
f 1430/1686/813 1464/1720/834 1440/1696/815 1417/1673/800
f 1585/1841/769 1601/1857/770 1605/1861/771 1593/1849/772
f 1573/1829/773 1601/1857/770 1585/1841/769 1548/1804/774
f 1525/1781/775 1596/1852/776 1604/1860/777 1600/1856/778 1572/1828/779 1561/1817/780
f 1538/1794/781 1549/1805/782 1584/1840/783 1592/1848/784 1588/1844/785 1514/1770/786
f 1562/1818/787 1574/1830/788 1550/1806/789 1537/1793/790
f 1593/1849/772 1605/1861/771 1597/1853/791 1589/1845/792
f 1512/1768/793 1589/1845/792 1597/1853/791 1524/1780/794
f 1512/1768/793 1515/1771/795 1517/1773/796 1516/1772/797
f 1515/1771/795 1519/1775/798 1520/1776/799 1517/1773/796
f 1513/1769/800 1518/1774/801 1520/1776/799 1519/1775/798
f 1518/1774/801 1522/1778/802 1523/1779/803 1520/1776/799
f 1514/1770/786 1521/1777/804 1523/1779/803 1522/1778/802
f 1521/1777/804 1516/1772/797 1517/1773/796 1523/1779/803
f 1517/1773/796 1520/1776/799 1523/1779/803
f 1524/1780/794 1527/1783/805 1529/1785/806 1528/1784/807
f 1527/1783/805 1531/1787/808 1532/1788/809 1529/1785/806
f 1525/1781/775 1530/1786/810 1532/1788/809 1531/1787/808
f 1530/1786/810 1534/1790/811 1535/1791/812 1532/1788/809
f 1526/1782/813 1533/1789/814 1535/1791/812 1534/1790/811
f 1533/1789/814 1528/1784/807 1529/1785/806 1535/1791/812
f 1529/1785/806 1532/1788/809 1535/1791/812
f 1536/1792/815 1539/1795/816 1541/1797/817 1540/1796/818
f 1539/1795/816 1543/1799/819 1544/1800/820 1541/1797/817
f 1537/1793/790 1542/1798/821 1544/1800/820 1543/1799/819
f 1542/1798/821 1546/1802/822 1547/1803/823 1544/1800/820
f 1538/1794/781 1545/1801/824 1547/1803/823 1546/1802/822
f 1545/1801/824 1540/1796/818 1541/1797/817 1547/1803/823
f 1541/1797/817 1544/1800/820 1547/1803/823
f 1548/1804/774 1551/1807/825 1553/1809/826 1552/1808/827
f 1551/1807/825 1555/1811/828 1556/1812/829 1553/1809/826
f 1549/1805/782 1554/1810/830 1556/1812/829 1555/1811/828
f 1554/1810/830 1558/1814/831 1559/1815/832 1556/1812/829
f 1550/1806/789 1557/1813/833 1559/1815/832 1558/1814/831
f 1557/1813/833 1552/1808/827 1553/1809/826 1559/1815/832
f 1553/1809/826 1556/1812/829 1559/1815/832
f 1560/1816/834 1563/1819/835 1565/1821/836 1564/1820/837
f 1563/1819/835 1567/1823/838 1568/1824/839 1565/1821/836
f 1561/1817/780 1566/1822/840 1568/1824/839 1567/1823/838
f 1566/1822/840 1570/1826/841 1571/1827/842 1568/1824/839
f 1562/1818/787 1569/1825/843 1571/1827/842 1570/1826/841
f 1569/1825/843 1564/1820/837 1565/1821/836 1571/1827/842
f 1565/1821/836 1568/1824/839 1571/1827/842
f 1572/1828/779 1575/1831/844 1577/1833/866 1576/1832/846
f 1575/1831/844 1579/1835/847 1580/1836/848 1577/1833/866
f 1573/1829/773 1578/1834/849 1580/1836/848 1579/1835/847
f 1578/1834/849 1582/1838/850 1583/1839/851 1580/1836/848
f 1574/1830/788 1581/1837/852 1583/1839/851 1582/1838/850
f 1581/1837/852 1576/1832/846 1577/1833/866 1583/1839/851
f 1577/1833/866 1580/1836/848 1583/1839/851
f 1526/1782/813 1513/1769/800 1519/1775/798 1533/1789/814
f 1533/1789/814 1519/1775/798 1515/1771/795 1528/1784/807
f 1528/1784/807 1515/1771/795 1512/1768/793 1524/1780/794
f 1560/1816/834 1526/1782/813 1534/1790/811 1563/1819/835
f 1563/1819/835 1534/1790/811 1530/1786/810 1567/1823/838
f 1567/1823/838 1530/1786/810 1525/1781/775 1561/1817/780
f 1574/1830/788 1562/1818/787 1570/1826/841 1581/1837/852
f 1581/1837/852 1570/1826/841 1566/1822/840 1576/1832/846
f 1576/1832/846 1566/1822/840 1561/1817/780 1572/1828/779
f 1536/1792/815 1560/1816/834 1564/1820/837 1539/1795/816
f 1539/1795/816 1564/1820/837 1569/1825/843 1543/1799/819
f 1543/1799/819 1569/1825/843 1562/1818/787 1537/1793/790
f 1573/1829/773 1548/1804/774 1552/1808/827 1578/1834/849
f 1578/1834/849 1552/1808/827 1557/1813/833 1582/1838/850
f 1582/1838/850 1557/1813/833 1550/1806/789 1574/1830/788
f 1549/1805/782 1538/1794/781 1546/1802/822 1554/1810/830
f 1554/1810/830 1546/1802/822 1542/1798/821 1558/1814/831
f 1558/1814/831 1542/1798/821 1537/1793/790 1550/1806/789
f 1513/1769/800 1536/1792/815 1540/1796/818 1518/1774/801
f 1518/1774/801 1540/1796/818 1545/1801/824 1522/1778/802
f 1522/1778/802 1545/1801/824 1538/1794/781 1514/1770/786
f 1592/1848/784 1584/1840/783 1586/1842/853 1594/1850/854
f 1594/1850/854 1586/1842/853 1587/1843/855 1595/1851/856
f 1595/1851/856 1587/1843/855 1585/1841/769 1593/1849/772
f 1600/1856/778 1604/1860/777 1606/1862/857 1602/1858/858
f 1602/1858/858 1606/1862/857 1607/1863/859 1603/1859/860
f 1603/1859/860 1607/1863/859 1605/1861/771 1601/1857/770
f 1588/1844/785 1592/1848/784 1594/1850/854 1590/1846/861
f 1590/1846/861 1594/1850/854 1595/1851/856 1591/1847/862
f 1591/1847/862 1595/1851/856 1593/1849/772 1589/1845/792
f 1604/1860/777 1596/1852/776 1598/1854/863 1606/1862/857
f 1606/1862/857 1598/1854/863 1599/1855/864 1607/1863/859
f 1607/1863/859 1599/1855/864 1597/1853/791 1605/1861/771
f 1548/1804/774 1585/1841/769 1587/1843/855 1551/1807/825
f 1551/1807/825 1587/1843/855 1586/1842/853 1555/1811/828
f 1555/1811/828 1586/1842/853 1584/1840/783 1549/1805/782
f 1589/1845/792 1512/1768/793 1516/1772/797 1591/1847/862
f 1591/1847/862 1516/1772/797 1521/1777/804 1590/1846/861
f 1590/1846/861 1521/1777/804 1514/1770/786 1588/1844/785
f 1596/1852/776 1525/1781/775 1531/1787/808 1598/1854/863
f 1598/1854/863 1531/1787/808 1527/1783/805 1599/1855/864
f 1599/1855/864 1527/1783/805 1524/1780/794 1597/1853/791
f 1572/1828/779 1600/1856/778 1602/1858/858 1575/1831/844
f 1575/1831/844 1602/1858/858 1603/1859/860 1579/1835/847
f 1579/1835/847 1603/1859/860 1601/1857/770 1573/1829/773
f 1526/1782/813 1560/1816/834 1536/1792/815 1513/1769/800
f 1681/1937/769 1697/1953/770 1701/1957/771 1689/1945/772
f 1669/1925/773 1697/1953/770 1681/1937/769 1644/1900/774
f 1621/1877/775 1692/1948/776 1700/1956/777 1696/1952/778 1668/1924/779 1657/1913/780
f 1634/1890/867 1645/1901/782 1680/1936/868 1688/1944/784 1684/1940/785 1610/1866/786
f 1658/1914/787 1670/1926/788 1646/1902/789 1633/1889/790
f 1689/1945/772 1701/1957/771 1693/1949/791 1685/1941/792
f 1608/1864/793 1685/1941/792 1693/1949/791 1620/1876/794
f 1608/1864/793 1611/1867/795 1613/1869/796 1612/1868/797
f 1611/1867/795 1615/1871/798 1616/1872/799 1613/1869/796
f 1609/1865/800 1614/1870/801 1616/1872/799 1615/1871/798
f 1614/1870/801 1618/1874/802 1619/1875/803 1616/1872/799
f 1610/1866/786 1617/1873/804 1619/1875/803 1618/1874/802
f 1617/1873/804 1612/1868/797 1613/1869/796 1619/1875/803
f 1613/1869/796 1616/1872/799 1619/1875/803
f 1620/1876/794 1623/1879/805 1625/1881/806 1624/1880/807
f 1623/1879/805 1627/1883/808 1628/1884/809 1625/1881/806
f 1621/1877/775 1626/1882/810 1628/1884/809 1627/1883/808
f 1626/1882/810 1630/1886/811 1631/1887/812 1628/1884/809
f 1622/1878/813 1629/1885/814 1631/1887/812 1630/1886/811
f 1629/1885/814 1624/1880/807 1625/1881/806 1631/1887/812
f 1625/1881/806 1628/1884/809 1631/1887/812
f 1632/1888/815 1635/1891/816 1637/1893/817 1636/1892/818
f 1635/1891/816 1639/1895/819 1640/1896/820 1637/1893/817
f 1633/1889/790 1638/1894/821 1640/1896/820 1639/1895/819
f 1638/1894/821 1642/1898/822 1643/1899/823 1640/1896/820
f 1634/1890/867 1641/1897/824 1643/1899/823 1642/1898/822
f 1641/1897/824 1636/1892/818 1637/1893/817 1643/1899/823
f 1637/1893/817 1640/1896/820 1643/1899/823
f 1644/1900/774 1647/1903/825 1649/1905/826 1648/1904/869
f 1647/1903/825 1651/1907/828 1652/1908/829 1649/1905/826
f 1645/1901/782 1650/1906/830 1652/1908/829 1651/1907/828
f 1650/1906/830 1654/1910/831 1655/1911/832 1652/1908/829
f 1646/1902/789 1653/1909/833 1655/1911/832 1654/1910/831
f 1653/1909/833 1648/1904/869 1649/1905/826 1655/1911/832
f 1649/1905/826 1652/1908/829 1655/1911/832
f 1656/1912/834 1659/1915/835 1661/1917/836 1660/1916/837
f 1659/1915/835 1663/1919/838 1664/1920/839 1661/1917/836
f 1657/1913/780 1662/1918/840 1664/1920/839 1663/1919/838
f 1662/1918/840 1666/1922/841 1667/1923/842 1664/1920/839
f 1658/1914/787 1665/1921/843 1667/1923/842 1666/1922/841
f 1665/1921/843 1660/1916/837 1661/1917/836 1667/1923/842
f 1661/1917/836 1664/1920/839 1667/1923/842
f 1668/1924/779 1671/1927/844 1673/1929/845 1672/1928/846
f 1671/1927/844 1675/1931/847 1676/1932/848 1673/1929/845
f 1669/1925/773 1674/1930/849 1676/1932/848 1675/1931/847
f 1674/1930/849 1678/1934/850 1679/1935/851 1676/1932/848
f 1670/1926/788 1677/1933/852 1679/1935/851 1678/1934/850
f 1677/1933/852 1672/1928/846 1673/1929/845 1679/1935/851
f 1673/1929/845 1676/1932/848 1679/1935/851
f 1622/1878/813 1609/1865/800 1615/1871/798 1629/1885/814
f 1629/1885/814 1615/1871/798 1611/1867/795 1624/1880/807
f 1624/1880/807 1611/1867/795 1608/1864/793 1620/1876/794
f 1656/1912/834 1622/1878/813 1630/1886/811 1659/1915/835
f 1659/1915/835 1630/1886/811 1626/1882/810 1663/1919/838
f 1663/1919/838 1626/1882/810 1621/1877/775 1657/1913/780
f 1670/1926/788 1658/1914/787 1666/1922/841 1677/1933/852
f 1677/1933/852 1666/1922/841 1662/1918/840 1672/1928/846
f 1672/1928/846 1662/1918/840 1657/1913/780 1668/1924/779
f 1632/1888/815 1656/1912/834 1660/1916/837 1635/1891/816
f 1635/1891/816 1660/1916/837 1665/1921/843 1639/1895/819
f 1639/1895/819 1665/1921/843 1658/1914/787 1633/1889/790
f 1669/1925/773 1644/1900/774 1648/1904/869 1674/1930/849
f 1674/1930/849 1648/1904/869 1653/1909/833 1678/1934/850
f 1678/1934/850 1653/1909/833 1646/1902/789 1670/1926/788
f 1645/1901/782 1634/1890/867 1642/1898/822 1650/1906/830
f 1650/1906/830 1642/1898/822 1638/1894/821 1654/1910/831
f 1654/1910/831 1638/1894/821 1633/1889/790 1646/1902/789
f 1609/1865/800 1632/1888/815 1636/1892/818 1614/1870/801
f 1614/1870/801 1636/1892/818 1641/1897/824 1618/1874/802
f 1618/1874/802 1641/1897/824 1634/1890/867 1610/1866/786
f 1688/1944/784 1680/1936/868 1682/1938/853 1690/1946/854
f 1690/1946/854 1682/1938/853 1683/1939/855 1691/1947/856
f 1691/1947/856 1683/1939/855 1681/1937/769 1689/1945/772
f 1696/1952/778 1700/1956/777 1702/1958/857 1698/1954/870
f 1698/1954/870 1702/1958/857 1703/1959/859 1699/1955/860
f 1699/1955/860 1703/1959/859 1701/1957/771 1697/1953/770
f 1684/1940/785 1688/1944/784 1690/1946/854 1686/1942/861
f 1686/1942/861 1690/1946/854 1691/1947/856 1687/1943/862
f 1687/1943/862 1691/1947/856 1689/1945/772 1685/1941/792
f 1700/1956/777 1692/1948/776 1694/1950/863 1702/1958/857
f 1702/1958/857 1694/1950/863 1695/1951/864 1703/1959/859
f 1703/1959/859 1695/1951/864 1693/1949/791 1701/1957/771
f 1644/1900/774 1681/1937/769 1683/1939/855 1647/1903/825
f 1647/1903/825 1683/1939/855 1682/1938/853 1651/1907/828
f 1651/1907/828 1682/1938/853 1680/1936/868 1645/1901/782
f 1685/1941/792 1608/1864/793 1612/1868/797 1687/1943/862
f 1687/1943/862 1612/1868/797 1617/1873/804 1686/1942/861
f 1686/1942/861 1617/1873/804 1610/1866/786 1684/1940/785
f 1692/1948/776 1621/1877/775 1627/1883/808 1694/1950/863
f 1694/1950/863 1627/1883/808 1623/1879/805 1695/1951/864
f 1695/1951/864 1623/1879/805 1620/1876/794 1693/1949/791
f 1668/1924/779 1696/1952/778 1698/1954/870 1671/1927/844
f 1671/1927/844 1698/1954/870 1699/1955/860 1675/1931/847
f 1675/1931/847 1699/1955/860 1697/1953/770 1669/1925/773
f 1622/1878/813 1656/1912/834 1632/1888/815 1609/1865/800
f 1777/2033/769 1793/2049/770 1797/2053/771 1785/2041/772
f 1765/2021/773 1793/2049/770 1777/2033/769 1740/1996/774
f 1717/1973/775 1788/2044/776 1796/2052/777 1792/2048/778 1764/2020/779 1753/2009/780
f 1730/1986/867 1741/1997/782 1776/2032/868 1784/2040/784 1780/2036/785 1706/1962/786
f 1754/2010/787 1766/2022/788 1742/1998/789 1729/1985/790
f 1785/2041/772 1797/2053/771 1789/2045/791 1781/2037/792
f 1704/1960/793 1781/2037/792 1789/2045/791 1716/1972/794
f 1704/1960/793 1707/1963/795 1709/1965/796 1708/1964/797
f 1707/1963/795 1711/1967/871 1712/1968/799 1709/1965/796
f 1705/1961/800 1710/1966/801 1712/1968/799 1711/1967/871
f 1710/1966/801 1714/1970/802 1715/1971/803 1712/1968/799
f 1706/1962/786 1713/1969/804 1715/1971/803 1714/1970/802
f 1713/1969/804 1708/1964/797 1709/1965/796 1715/1971/803
f 1709/1965/796 1712/1968/799 1715/1971/803
f 1716/1972/794 1719/1975/805 1721/1977/806 1720/1976/807
f 1719/1975/805 1723/1979/808 1724/1980/809 1721/1977/806
f 1717/1973/775 1722/1978/810 1724/1980/809 1723/1979/808
f 1722/1978/810 1726/1982/811 1727/1983/812 1724/1980/809
f 1718/1974/813 1725/1981/814 1727/1983/812 1726/1982/811
f 1725/1981/814 1720/1976/807 1721/1977/806 1727/1983/812
f 1721/1977/806 1724/1980/809 1727/1983/812
f 1728/1984/815 1731/1987/816 1733/1989/817 1732/1988/818
f 1731/1987/816 1735/1991/819 1736/1992/820 1733/1989/817
f 1729/1985/790 1734/1990/821 1736/1992/820 1735/1991/819
f 1734/1990/821 1738/1994/822 1739/1995/823 1736/1992/820
f 1730/1986/867 1737/1993/824 1739/1995/823 1738/1994/822
f 1737/1993/824 1732/1988/818 1733/1989/817 1739/1995/823
f 1733/1989/817 1736/1992/820 1739/1995/823
f 1740/1996/774 1743/1999/825 1745/2001/826 1744/2000/827
f 1743/1999/825 1747/2003/828 1748/2004/872 1745/2001/826
f 1741/1997/782 1746/2002/830 1748/2004/872 1747/2003/828
f 1746/2002/830 1750/2006/831 1751/2007/832 1748/2004/872
f 1742/1998/789 1749/2005/873 1751/2007/832 1750/2006/831
f 1749/2005/873 1744/2000/827 1745/2001/826 1751/2007/832
f 1745/2001/826 1748/2004/872 1751/2007/832
f 1752/2008/834 1755/2011/835 1757/2013/836 1756/2012/837
f 1755/2011/835 1759/2015/838 1760/2016/839 1757/2013/836
f 1753/2009/780 1758/2014/840 1760/2016/839 1759/2015/838
f 1758/2014/840 1762/2018/841 1763/2019/842 1760/2016/839
f 1754/2010/787 1761/2017/843 1763/2019/842 1762/2018/841
f 1761/2017/843 1756/2012/837 1757/2013/836 1763/2019/842
f 1757/2013/836 1760/2016/839 1763/2019/842
f 1764/2020/779 1767/2023/844 1769/2025/845 1768/2024/846
f 1767/2023/844 1771/2027/847 1772/2028/848 1769/2025/845
f 1765/2021/773 1770/2026/849 1772/2028/848 1771/2027/847
f 1770/2026/849 1774/2030/850 1775/2031/851 1772/2028/848
f 1766/2022/788 1773/2029/852 1775/2031/851 1774/2030/850
f 1773/2029/852 1768/2024/846 1769/2025/845 1775/2031/851
f 1769/2025/845 1772/2028/848 1775/2031/851
f 1718/1974/813 1705/1961/800 1711/1967/871 1725/1981/814
f 1725/1981/814 1711/1967/871 1707/1963/795 1720/1976/807
f 1720/1976/807 1707/1963/795 1704/1960/793 1716/1972/794
f 1752/2008/834 1718/1974/813 1726/1982/811 1755/2011/835
f 1755/2011/835 1726/1982/811 1722/1978/810 1759/2015/838
f 1759/2015/838 1722/1978/810 1717/1973/775 1753/2009/780
f 1766/2022/788 1754/2010/787 1762/2018/841 1773/2029/852
f 1773/2029/852 1762/2018/841 1758/2014/840 1768/2024/846
f 1768/2024/846 1758/2014/840 1753/2009/780 1764/2020/779
f 1728/1984/815 1752/2008/834 1756/2012/837 1731/1987/816
f 1731/1987/816 1756/2012/837 1761/2017/843 1735/1991/819
f 1735/1991/819 1761/2017/843 1754/2010/787 1729/1985/790
f 1765/2021/773 1740/1996/774 1744/2000/827 1770/2026/849
f 1770/2026/849 1744/2000/827 1749/2005/873 1774/2030/850
f 1774/2030/850 1749/2005/873 1742/1998/789 1766/2022/788
f 1741/1997/782 1730/1986/867 1738/1994/822 1746/2002/830
f 1746/2002/830 1738/1994/822 1734/1990/821 1750/2006/831
f 1750/2006/831 1734/1990/821 1729/1985/790 1742/1998/789
f 1705/1961/800 1728/1984/815 1732/1988/818 1710/1966/801
f 1710/1966/801 1732/1988/818 1737/1993/824 1714/1970/802
f 1714/1970/802 1737/1993/824 1730/1986/867 1706/1962/786
f 1784/2040/784 1776/2032/868 1778/2034/853 1786/2042/854
f 1786/2042/854 1778/2034/853 1779/2035/855 1787/2043/856
f 1787/2043/856 1779/2035/855 1777/2033/769 1785/2041/772
f 1792/2048/778 1796/2052/777 1798/2054/857 1794/2050/858
f 1794/2050/858 1798/2054/857 1799/2055/859 1795/2051/860
f 1795/2051/860 1799/2055/859 1797/2053/771 1793/2049/770
f 1780/2036/785 1784/2040/784 1786/2042/854 1782/2038/861
f 1782/2038/861 1786/2042/854 1787/2043/856 1783/2039/862
f 1783/2039/862 1787/2043/856 1785/2041/772 1781/2037/792
f 1796/2052/777 1788/2044/776 1790/2046/863 1798/2054/857
f 1798/2054/857 1790/2046/863 1791/2047/864 1799/2055/859
f 1799/2055/859 1791/2047/864 1789/2045/791 1797/2053/771
f 1740/1996/774 1777/2033/769 1779/2035/855 1743/1999/825
f 1743/1999/825 1779/2035/855 1778/2034/853 1747/2003/828
f 1747/2003/828 1778/2034/853 1776/2032/868 1741/1997/782
f 1781/2037/792 1704/1960/793 1708/1964/797 1783/2039/862
f 1783/2039/862 1708/1964/797 1713/1969/804 1782/2038/861
f 1782/2038/861 1713/1969/804 1706/1962/786 1780/2036/785
f 1788/2044/776 1717/1973/775 1723/1979/808 1790/2046/863
f 1790/2046/863 1723/1979/808 1719/1975/805 1791/2047/864
f 1791/2047/864 1719/1975/805 1716/1972/794 1789/2045/791
f 1764/2020/779 1792/2048/778 1794/2050/858 1767/2023/844
f 1767/2023/844 1794/2050/858 1795/2051/860 1771/2027/847
f 1771/2027/847 1795/2051/860 1793/2049/770 1765/2021/773
f 1718/1974/813 1752/2008/834 1728/1984/815 1705/1961/800
f 1873/2129/769 1889/2145/770 1893/2149/771 1881/2137/772
f 1861/2117/773 1889/2145/770 1873/2129/769 1836/2092/774
f 1813/2069/775 1884/2140/776 1892/2148/777 1888/2144/778 1860/2116/779 1849/2105/780
f 1826/2082/867 1837/2093/782 1872/2128/868 1880/2136/784 1876/2132/785 1802/2058/786
f 1850/2106/787 1862/2118/788 1838/2094/789 1825/2081/790
f 1881/2137/772 1893/2149/771 1885/2141/791 1877/2133/792
f 1800/2056/793 1877/2133/792 1885/2141/791 1812/2068/794
f 1800/2056/793 1803/2059/795 1805/2061/796 1804/2060/797
f 1803/2059/795 1807/2063/798 1808/2064/799 1805/2061/796
f 1801/2057/800 1806/2062/801 1808/2064/799 1807/2063/798
f 1806/2062/801 1810/2066/802 1811/2067/803 1808/2064/799
f 1802/2058/786 1809/2065/804 1811/2067/803 1810/2066/802
f 1809/2065/804 1804/2060/797 1805/2061/796 1811/2067/803
f 1805/2061/796 1808/2064/799 1811/2067/803
f 1812/2068/794 1815/2071/805 1817/2073/806 1816/2072/807
f 1815/2071/805 1819/2075/808 1820/2076/809 1817/2073/806
f 1813/2069/775 1818/2074/810 1820/2076/809 1819/2075/808
f 1818/2074/810 1822/2078/811 1823/2079/812 1820/2076/809
f 1814/2070/813 1821/2077/814 1823/2079/812 1822/2078/811
f 1821/2077/814 1816/2072/807 1817/2073/806 1823/2079/812
f 1817/2073/806 1820/2076/809 1823/2079/812
f 1824/2080/815 1827/2083/816 1829/2085/817 1828/2084/818
f 1827/2083/816 1831/2087/819 1832/2088/820 1829/2085/817
f 1825/2081/790 1830/2086/821 1832/2088/820 1831/2087/819
f 1830/2086/821 1834/2090/822 1835/2091/823 1832/2088/820
f 1826/2082/867 1833/2089/824 1835/2091/823 1834/2090/822
f 1833/2089/824 1828/2084/818 1829/2085/817 1835/2091/823
f 1829/2085/817 1832/2088/820 1835/2091/823
f 1836/2092/774 1839/2095/825 1841/2097/826 1840/2096/827
f 1839/2095/825 1843/2099/828 1844/2100/872 1841/2097/826
f 1837/2093/782 1842/2098/830 1844/2100/872 1843/2099/828
f 1842/2098/830 1846/2102/831 1847/2103/832 1844/2100/872
f 1838/2094/789 1845/2101/833 1847/2103/832 1846/2102/831
f 1845/2101/833 1840/2096/827 1841/2097/826 1847/2103/832
f 1841/2097/826 1844/2100/872 1847/2103/832
f 1848/2104/834 1851/2107/835 1853/2109/836 1852/2108/837
f 1851/2107/835 1855/2111/838 1856/2112/839 1853/2109/836
f 1849/2105/780 1854/2110/840 1856/2112/839 1855/2111/838
f 1854/2110/840 1858/2114/841 1859/2115/842 1856/2112/839
f 1850/2106/787 1857/2113/843 1859/2115/842 1858/2114/841
f 1857/2113/843 1852/2108/837 1853/2109/836 1859/2115/842
f 1853/2109/836 1856/2112/839 1859/2115/842
f 1860/2116/779 1863/2119/844 1865/2121/845 1864/2120/846
f 1863/2119/844 1867/2123/847 1868/2124/848 1865/2121/845
f 1861/2117/773 1866/2122/849 1868/2124/848 1867/2123/847
f 1866/2122/849 1870/2126/850 1871/2127/851 1868/2124/848
f 1862/2118/788 1869/2125/852 1871/2127/851 1870/2126/850
f 1869/2125/852 1864/2120/846 1865/2121/845 1871/2127/851
f 1865/2121/845 1868/2124/848 1871/2127/851
f 1814/2070/813 1801/2057/800 1807/2063/798 1821/2077/814
f 1821/2077/814 1807/2063/798 1803/2059/795 1816/2072/807
f 1816/2072/807 1803/2059/795 1800/2056/793 1812/2068/794
f 1848/2104/834 1814/2070/813 1822/2078/811 1851/2107/835
f 1851/2107/835 1822/2078/811 1818/2074/810 1855/2111/838
f 1855/2111/838 1818/2074/810 1813/2069/775 1849/2105/780
f 1862/2118/788 1850/2106/787 1858/2114/841 1869/2125/852
f 1869/2125/852 1858/2114/841 1854/2110/840 1864/2120/846
f 1864/2120/846 1854/2110/840 1849/2105/780 1860/2116/779
f 1824/2080/815 1848/2104/834 1852/2108/837 1827/2083/816
f 1827/2083/816 1852/2108/837 1857/2113/843 1831/2087/819
f 1831/2087/819 1857/2113/843 1850/2106/787 1825/2081/790
f 1861/2117/773 1836/2092/774 1840/2096/827 1866/2122/849
f 1866/2122/849 1840/2096/827 1845/2101/833 1870/2126/850
f 1870/2126/850 1845/2101/833 1838/2094/789 1862/2118/788
f 1837/2093/782 1826/2082/867 1834/2090/822 1842/2098/830
f 1842/2098/830 1834/2090/822 1830/2086/821 1846/2102/831
f 1846/2102/831 1830/2086/821 1825/2081/790 1838/2094/789
f 1801/2057/800 1824/2080/815 1828/2084/818 1806/2062/801
f 1806/2062/801 1828/2084/818 1833/2089/824 1810/2066/802
f 1810/2066/802 1833/2089/824 1826/2082/867 1802/2058/786
f 1880/2136/784 1872/2128/868 1874/2130/853 1882/2138/854
f 1882/2138/854 1874/2130/853 1875/2131/855 1883/2139/856
f 1883/2139/856 1875/2131/855 1873/2129/769 1881/2137/772
f 1888/2144/778 1892/2148/777 1894/2150/857 1890/2146/858
f 1890/2146/858 1894/2150/857 1895/2151/859 1891/2147/860
f 1891/2147/860 1895/2151/859 1893/2149/771 1889/2145/770
f 1876/2132/785 1880/2136/784 1882/2138/854 1878/2134/861
f 1878/2134/861 1882/2138/854 1883/2139/856 1879/2135/862
f 1879/2135/862 1883/2139/856 1881/2137/772 1877/2133/792
f 1892/2148/777 1884/2140/776 1886/2142/863 1894/2150/857
f 1894/2150/857 1886/2142/863 1887/2143/864 1895/2151/859
f 1895/2151/859 1887/2143/864 1885/2141/791 1893/2149/771
f 1836/2092/774 1873/2129/769 1875/2131/855 1839/2095/825
f 1839/2095/825 1875/2131/855 1874/2130/853 1843/2099/828
f 1843/2099/828 1874/2130/853 1872/2128/868 1837/2093/782
f 1877/2133/792 1800/2056/793 1804/2060/797 1879/2135/862
f 1879/2135/862 1804/2060/797 1809/2065/804 1878/2134/861
f 1878/2134/861 1809/2065/804 1802/2058/786 1876/2132/785
f 1884/2140/776 1813/2069/775 1819/2075/808 1886/2142/863
f 1886/2142/863 1819/2075/808 1815/2071/805 1887/2143/864
f 1887/2143/864 1815/2071/805 1812/2068/794 1885/2141/791
f 1860/2116/779 1888/2144/778 1890/2146/858 1863/2119/844
f 1863/2119/844 1890/2146/858 1891/2147/860 1867/2123/847
f 1867/2123/847 1891/2147/860 1889/2145/770 1861/2117/773
f 1814/2070/813 1848/2104/834 1824/2080/815 1801/2057/800
f 1969/2225/769 1985/2241/770 1989/2245/771 1977/2233/772
f 1957/2213/773 1985/2241/770 1969/2225/769 1932/2188/774
f 1909/2165/775 1980/2236/776 1988/2244/777 1984/2240/778 1956/2212/779 1945/2201/780
f 1922/2178/867 1933/2189/782 1968/2224/868 1976/2232/784 1972/2228/785 1898/2154/786
f 1946/2202/787 1958/2214/788 1934/2190/789 1921/2177/790
f 1977/2233/772 1989/2245/771 1981/2237/791 1973/2229/792
f 1896/2152/793 1973/2229/792 1981/2237/791 1908/2164/794
f 1896/2152/793 1899/2155/795 1901/2157/796 1900/2156/797
f 1899/2155/795 1903/2159/798 1904/2160/799 1901/2157/796
f 1897/2153/800 1902/2158/801 1904/2160/799 1903/2159/798
f 1902/2158/801 1906/2162/802 1907/2163/803 1904/2160/799
f 1898/2154/786 1905/2161/804 1907/2163/803 1906/2162/802
f 1905/2161/804 1900/2156/797 1901/2157/796 1907/2163/803
f 1901/2157/796 1904/2160/799 1907/2163/803
f 1908/2164/794 1911/2167/805 1913/2169/806 1912/2168/807
f 1911/2167/805 1915/2171/808 1916/2172/809 1913/2169/806
f 1909/2165/775 1914/2170/810 1916/2172/809 1915/2171/808
f 1914/2170/810 1918/2174/811 1919/2175/812 1916/2172/809
f 1910/2166/813 1917/2173/814 1919/2175/812 1918/2174/811
f 1917/2173/814 1912/2168/807 1913/2169/806 1919/2175/812
f 1913/2169/806 1916/2172/809 1919/2175/812
f 1920/2176/815 1923/2179/816 1925/2181/817 1924/2180/818
f 1923/2179/816 1927/2183/819 1928/2184/820 1925/2181/817
f 1921/2177/790 1926/2182/821 1928/2184/820 1927/2183/819
f 1926/2182/821 1930/2186/822 1931/2187/823 1928/2184/820
f 1922/2178/867 1929/2185/824 1931/2187/823 1930/2186/822
f 1929/2185/824 1924/2180/818 1925/2181/817 1931/2187/823
f 1925/2181/817 1928/2184/820 1931/2187/823
f 1932/2188/774 1935/2191/825 1937/2193/826 1936/2192/869
f 1935/2191/825 1939/2195/828 1940/2196/872 1937/2193/826
f 1933/2189/782 1938/2194/830 1940/2196/872 1939/2195/828
f 1938/2194/830 1942/2198/831 1943/2199/832 1940/2196/872
f 1934/2190/789 1941/2197/873 1943/2199/832 1942/2198/831
f 1941/2197/873 1936/2192/869 1937/2193/826 1943/2199/832
f 1937/2193/826 1940/2196/872 1943/2199/832
f 1944/2200/834 1947/2203/835 1949/2205/836 1948/2204/837
f 1947/2203/835 1951/2207/838 1952/2208/839 1949/2205/836
f 1945/2201/780 1950/2206/840 1952/2208/839 1951/2207/838
f 1950/2206/840 1954/2210/841 1955/2211/842 1952/2208/839
f 1946/2202/787 1953/2209/843 1955/2211/842 1954/2210/841
f 1953/2209/843 1948/2204/837 1949/2205/836 1955/2211/842
f 1949/2205/836 1952/2208/839 1955/2211/842
f 1956/2212/779 1959/2215/844 1961/2217/845 1960/2216/846
f 1959/2215/844 1963/2219/847 1964/2220/848 1961/2217/845
f 1957/2213/773 1962/2218/849 1964/2220/848 1963/2219/847
f 1962/2218/849 1966/2222/850 1967/2223/851 1964/2220/848
f 1958/2214/788 1965/2221/852 1967/2223/851 1966/2222/850
f 1965/2221/852 1960/2216/846 1961/2217/845 1967/2223/851
f 1961/2217/845 1964/2220/848 1967/2223/851
f 1910/2166/813 1897/2153/800 1903/2159/798 1917/2173/814
f 1917/2173/814 1903/2159/798 1899/2155/795 1912/2168/807
f 1912/2168/807 1899/2155/795 1896/2152/793 1908/2164/794
f 1944/2200/834 1910/2166/813 1918/2174/811 1947/2203/835
f 1947/2203/835 1918/2174/811 1914/2170/810 1951/2207/838
f 1951/2207/838 1914/2170/810 1909/2165/775 1945/2201/780
f 1958/2214/788 1946/2202/787 1954/2210/841 1965/2221/852
f 1965/2221/852 1954/2210/841 1950/2206/840 1960/2216/846
f 1960/2216/846 1950/2206/840 1945/2201/780 1956/2212/779
f 1920/2176/815 1944/2200/834 1948/2204/837 1923/2179/816
f 1923/2179/816 1948/2204/837 1953/2209/843 1927/2183/819
f 1927/2183/819 1953/2209/843 1946/2202/787 1921/2177/790
f 1957/2213/773 1932/2188/774 1936/2192/869 1962/2218/849
f 1962/2218/849 1936/2192/869 1941/2197/873 1966/2222/850
f 1966/2222/850 1941/2197/873 1934/2190/789 1958/2214/788
f 1933/2189/782 1922/2178/867 1930/2186/822 1938/2194/830
f 1938/2194/830 1930/2186/822 1926/2182/821 1942/2198/831
f 1942/2198/831 1926/2182/821 1921/2177/790 1934/2190/789
f 1897/2153/800 1920/2176/815 1924/2180/818 1902/2158/801
f 1902/2158/801 1924/2180/818 1929/2185/824 1906/2162/802
f 1906/2162/802 1929/2185/824 1922/2178/867 1898/2154/786
f 1976/2232/784 1968/2224/868 1970/2226/853 1978/2234/854
f 1978/2234/854 1970/2226/853 1971/2227/855 1979/2235/856
f 1979/2235/856 1971/2227/855 1969/2225/769 1977/2233/772
f 1984/2240/778 1988/2244/777 1990/2246/857 1986/2242/858
f 1986/2242/858 1990/2246/857 1991/2247/859 1987/2243/860
f 1987/2243/860 1991/2247/859 1989/2245/771 1985/2241/770
f 1972/2228/785 1976/2232/784 1978/2234/854 1974/2230/861
f 1974/2230/861 1978/2234/854 1979/2235/856 1975/2231/862
f 1975/2231/862 1979/2235/856 1977/2233/772 1973/2229/792
f 1988/2244/777 1980/2236/776 1982/2238/863 1990/2246/857
f 1990/2246/857 1982/2238/863 1983/2239/864 1991/2247/859
f 1991/2247/859 1983/2239/864 1981/2237/791 1989/2245/771
f 1932/2188/774 1969/2225/769 1971/2227/855 1935/2191/825
f 1935/2191/825 1971/2227/855 1970/2226/853 1939/2195/828
f 1939/2195/828 1970/2226/853 1968/2224/868 1933/2189/782
f 1973/2229/792 1896/2152/793 1900/2156/797 1975/2231/862
f 1975/2231/862 1900/2156/797 1905/2161/804 1974/2230/861
f 1974/2230/861 1905/2161/804 1898/2154/786 1972/2228/785
f 1980/2236/776 1909/2165/775 1915/2171/808 1982/2238/863
f 1982/2238/863 1915/2171/808 1911/2167/805 1983/2239/864
f 1983/2239/864 1911/2167/805 1908/2164/794 1981/2237/791
f 1956/2212/779 1984/2240/778 1986/2242/858 1959/2215/844
f 1959/2215/844 1986/2242/858 1987/2243/860 1963/2219/847
f 1963/2219/847 1987/2243/860 1985/2241/770 1957/2213/773
f 1910/2166/813 1944/2200/834 1920/2176/815 1897/2153/800
f 2065/2321/769 2081/2337/770 2085/2341/771 2073/2329/772
f 2053/2309/773 2081/2337/770 2065/2321/769 2028/2284/774
f 2005/2261/775 2076/2332/776 2084/2340/777 2080/2336/778 2052/2308/779 2041/2297/780
f 2018/2274/781 2029/2285/782 2064/2320/868 2072/2328/784 2068/2324/785 1994/2250/786
f 2042/2298/787 2054/2310/788 2030/2286/789 2017/2273/790
f 2073/2329/772 2085/2341/771 2077/2333/791 2069/2325/792
f 1992/2248/793 2069/2325/792 2077/2333/791 2004/2260/794
f 1992/2248/793 1995/2251/795 1997/2253/796 1996/2252/797
f 1995/2251/795 1999/2255/798 2000/2256/799 1997/2253/796
f 1993/2249/800 1998/2254/801 2000/2256/799 1999/2255/798
f 1998/2254/801 2002/2258/802 2003/2259/803 2000/2256/799
f 1994/2250/786 2001/2257/804 2003/2259/803 2002/2258/802
f 2001/2257/804 1996/2252/797 1997/2253/796 2003/2259/803
f 1997/2253/796 2000/2256/799 2003/2259/803
f 2004/2260/794 2007/2263/805 2009/2265/806 2008/2264/807
f 2007/2263/805 2011/2267/808 2012/2268/809 2009/2265/806
f 2005/2261/775 2010/2266/810 2012/2268/809 2011/2267/808
f 2010/2266/810 2014/2270/811 2015/2271/812 2012/2268/809
f 2006/2262/813 2013/2269/814 2015/2271/812 2014/2270/811
f 2013/2269/814 2008/2264/807 2009/2265/806 2015/2271/812
f 2009/2265/806 2012/2268/809 2015/2271/812
f 2016/2272/815 2019/2275/816 2021/2277/817 2020/2276/818
f 2019/2275/816 2023/2279/819 2024/2280/820 2021/2277/817
f 2017/2273/790 2022/2278/821 2024/2280/820 2023/2279/819
f 2022/2278/821 2026/2282/822 2027/2283/823 2024/2280/820
f 2018/2274/781 2025/2281/824 2027/2283/823 2026/2282/822
f 2025/2281/824 2020/2276/818 2021/2277/817 2027/2283/823
f 2021/2277/817 2024/2280/820 2027/2283/823
f 2028/2284/774 2031/2287/825 2033/2289/826 2032/2288/874
f 2031/2287/825 2035/2291/828 2036/2292/829 2033/2289/826
f 2029/2285/782 2034/2290/830 2036/2292/829 2035/2291/828
f 2034/2290/830 2038/2294/831 2039/2295/875 2036/2292/829
f 2030/2286/789 2037/2293/833 2039/2295/875 2038/2294/831
f 2037/2293/833 2032/2288/874 2033/2289/826 2039/2295/875
f 2033/2289/826 2036/2292/829 2039/2295/875
f 2040/2296/876 2043/2299/835 2045/2301/836 2044/2300/837
f 2043/2299/835 2047/2303/838 2048/2304/839 2045/2301/836
f 2041/2297/780 2046/2302/840 2048/2304/839 2047/2303/838
f 2046/2302/840 2050/2306/841 2051/2307/842 2048/2304/839
f 2042/2298/787 2049/2305/843 2051/2307/842 2050/2306/841
f 2049/2305/843 2044/2300/837 2045/2301/836 2051/2307/842
f 2045/2301/836 2048/2304/839 2051/2307/842
f 2052/2308/779 2055/2311/844 2057/2313/845 2056/2312/846
f 2055/2311/844 2059/2315/847 2060/2316/877 2057/2313/845
f 2053/2309/773 2058/2314/849 2060/2316/877 2059/2315/847
f 2058/2314/849 2062/2318/850 2063/2319/865 2060/2316/877
f 2054/2310/788 2061/2317/852 2063/2319/865 2062/2318/850
f 2061/2317/852 2056/2312/846 2057/2313/845 2063/2319/865
f 2057/2313/845 2060/2316/877 2063/2319/865
f 2006/2262/813 1993/2249/800 1999/2255/798 2013/2269/814
f 2013/2269/814 1999/2255/798 1995/2251/795 2008/2264/807
f 2008/2264/807 1995/2251/795 1992/2248/793 2004/2260/794
f 2040/2296/876 2006/2262/813 2014/2270/811 2043/2299/835
f 2043/2299/835 2014/2270/811 2010/2266/810 2047/2303/838
f 2047/2303/838 2010/2266/810 2005/2261/775 2041/2297/780
f 2054/2310/788 2042/2298/787 2050/2306/841 2061/2317/852
f 2061/2317/852 2050/2306/841 2046/2302/840 2056/2312/846
f 2056/2312/846 2046/2302/840 2041/2297/780 2052/2308/779
f 2016/2272/815 2040/2296/876 2044/2300/837 2019/2275/816
f 2019/2275/816 2044/2300/837 2049/2305/843 2023/2279/819
f 2023/2279/819 2049/2305/843 2042/2298/787 2017/2273/790
f 2053/2309/773 2028/2284/774 2032/2288/874 2058/2314/849
f 2058/2314/849 2032/2288/874 2037/2293/833 2062/2318/850
f 2062/2318/850 2037/2293/833 2030/2286/789 2054/2310/788
f 2029/2285/782 2018/2274/781 2026/2282/822 2034/2290/830
f 2034/2290/830 2026/2282/822 2022/2278/821 2038/2294/831
f 2038/2294/831 2022/2278/821 2017/2273/790 2030/2286/789
f 1993/2249/800 2016/2272/815 2020/2276/818 1998/2254/801
f 1998/2254/801 2020/2276/818 2025/2281/824 2002/2258/802
f 2002/2258/802 2025/2281/824 2018/2274/781 1994/2250/786
f 2072/2328/784 2064/2320/868 2066/2322/853 2074/2330/854
f 2074/2330/854 2066/2322/853 2067/2323/855 2075/2331/856
f 2075/2331/856 2067/2323/855 2065/2321/769 2073/2329/772
f 2080/2336/778 2084/2340/777 2086/2342/857 2082/2338/858
f 2082/2338/858 2086/2342/857 2087/2343/859 2083/2339/860
f 2083/2339/860 2087/2343/859 2085/2341/771 2081/2337/770
f 2068/2324/785 2072/2328/784 2074/2330/854 2070/2326/861
f 2070/2326/861 2074/2330/854 2075/2331/856 2071/2327/862
f 2071/2327/862 2075/2331/856 2073/2329/772 2069/2325/792
f 2084/2340/777 2076/2332/776 2078/2334/863 2086/2342/857
f 2086/2342/857 2078/2334/863 2079/2335/864 2087/2343/859
f 2087/2343/859 2079/2335/864 2077/2333/791 2085/2341/771
f 2028/2284/774 2065/2321/769 2067/2323/855 2031/2287/825
f 2031/2287/825 2067/2323/855 2066/2322/853 2035/2291/828
f 2035/2291/828 2066/2322/853 2064/2320/868 2029/2285/782
f 2069/2325/792 1992/2248/793 1996/2252/797 2071/2327/862
f 2071/2327/862 1996/2252/797 2001/2257/804 2070/2326/861
f 2070/2326/861 2001/2257/804 1994/2250/786 2068/2324/785
f 2076/2332/776 2005/2261/775 2011/2267/808 2078/2334/863
f 2078/2334/863 2011/2267/808 2007/2263/805 2079/2335/864
f 2079/2335/864 2007/2263/805 2004/2260/794 2077/2333/791
f 2052/2308/779 2080/2336/778 2082/2338/858 2055/2311/844
f 2055/2311/844 2082/2338/858 2083/2339/860 2059/2315/847
f 2059/2315/847 2083/2339/860 2081/2337/770 2053/2309/773
f 2006/2262/813 2040/2296/876 2016/2272/815 1993/2249/800
f 2161/2417/769 2177/2433/770 2181/2437/771 2169/2425/772
f 2149/2405/773 2177/2433/770 2161/2417/769 2124/2380/774
f 2101/2357/775 2172/2428/776 2180/2436/777 2176/2432/778 2148/2404/779 2137/2393/780
f 2114/2370/781 2125/2381/782 2160/2416/868 2168/2424/784 2164/2420/785 2090/2346/786
f 2138/2394/787 2150/2406/788 2126/2382/789 2113/2369/790
f 2169/2425/772 2181/2437/771 2173/2429/791 2165/2421/792
f 2088/2344/793 2165/2421/792 2173/2429/791 2100/2356/794
f 2088/2344/793 2091/2347/795 2093/2349/796 2092/2348/797
f 2091/2347/795 2095/2351/798 2096/2352/799 2093/2349/796
f 2089/2345/800 2094/2350/801 2096/2352/799 2095/2351/798
f 2094/2350/801 2098/2354/802 2099/2355/803 2096/2352/799
f 2090/2346/786 2097/2353/804 2099/2355/803 2098/2354/802
f 2097/2353/804 2092/2348/797 2093/2349/796 2099/2355/803
f 2093/2349/796 2096/2352/799 2099/2355/803
f 2100/2356/794 2103/2359/805 2105/2361/806 2104/2360/807
f 2103/2359/805 2107/2363/808 2108/2364/809 2105/2361/806
f 2101/2357/775 2106/2362/810 2108/2364/809 2107/2363/808
f 2106/2362/810 2110/2366/811 2111/2367/812 2108/2364/809
f 2102/2358/813 2109/2365/814 2111/2367/812 2110/2366/811
f 2109/2365/814 2104/2360/807 2105/2361/806 2111/2367/812
f 2105/2361/806 2108/2364/809 2111/2367/812
f 2112/2368/815 2115/2371/816 2117/2373/817 2116/2372/818
f 2115/2371/816 2119/2375/819 2120/2376/820 2117/2373/817
f 2113/2369/790 2118/2374/821 2120/2376/820 2119/2375/819
f 2118/2374/821 2122/2378/822 2123/2379/823 2120/2376/820
f 2114/2370/781 2121/2377/824 2123/2379/823 2122/2378/822
f 2121/2377/824 2116/2372/818 2117/2373/817 2123/2379/823
f 2117/2373/817 2120/2376/820 2123/2379/823
f 2124/2380/774 2127/2383/825 2129/2385/826 2128/2384/827
f 2127/2383/825 2131/2387/828 2132/2388/829 2129/2385/826
f 2125/2381/782 2130/2386/830 2132/2388/829 2131/2387/828
f 2130/2386/830 2134/2390/831 2135/2391/878 2132/2388/829
f 2126/2382/789 2133/2389/833 2135/2391/878 2134/2390/831
f 2133/2389/833 2128/2384/827 2129/2385/826 2135/2391/878
f 2129/2385/826 2132/2388/829 2135/2391/878
f 2136/2392/876 2139/2395/835 2141/2397/836 2140/2396/879
f 2139/2395/835 2143/2399/838 2144/2400/839 2141/2397/836
f 2137/2393/780 2142/2398/840 2144/2400/839 2143/2399/838
f 2142/2398/840 2146/2402/841 2147/2403/842 2144/2400/839
f 2138/2394/787 2145/2401/843 2147/2403/842 2146/2402/841
f 2145/2401/843 2140/2396/879 2141/2397/836 2147/2403/842
f 2141/2397/836 2144/2400/839 2147/2403/842
f 2148/2404/779 2151/2407/844 2153/2409/845 2152/2408/846
f 2151/2407/844 2155/2411/847 2156/2412/877 2153/2409/845
f 2149/2405/773 2154/2410/849 2156/2412/877 2155/2411/847
f 2154/2410/849 2158/2414/850 2159/2415/865 2156/2412/877
f 2150/2406/788 2157/2413/852 2159/2415/865 2158/2414/850
f 2157/2413/852 2152/2408/846 2153/2409/845 2159/2415/865
f 2153/2409/845 2156/2412/877 2159/2415/865
f 2102/2358/813 2089/2345/800 2095/2351/798 2109/2365/814
f 2109/2365/814 2095/2351/798 2091/2347/795 2104/2360/807
f 2104/2360/807 2091/2347/795 2088/2344/793 2100/2356/794
f 2136/2392/876 2102/2358/813 2110/2366/811 2139/2395/835
f 2139/2395/835 2110/2366/811 2106/2362/810 2143/2399/838
f 2143/2399/838 2106/2362/810 2101/2357/775 2137/2393/780
f 2150/2406/788 2138/2394/787 2146/2402/841 2157/2413/852
f 2157/2413/852 2146/2402/841 2142/2398/840 2152/2408/846
f 2152/2408/846 2142/2398/840 2137/2393/780 2148/2404/779
f 2112/2368/815 2136/2392/876 2140/2396/879 2115/2371/816
f 2115/2371/816 2140/2396/879 2145/2401/843 2119/2375/819
f 2119/2375/819 2145/2401/843 2138/2394/787 2113/2369/790
f 2149/2405/773 2124/2380/774 2128/2384/827 2154/2410/849
f 2154/2410/849 2128/2384/827 2133/2389/833 2158/2414/850
f 2158/2414/850 2133/2389/833 2126/2382/789 2150/2406/788
f 2125/2381/782 2114/2370/781 2122/2378/822 2130/2386/830
f 2130/2386/830 2122/2378/822 2118/2374/821 2134/2390/831
f 2134/2390/831 2118/2374/821 2113/2369/790 2126/2382/789
f 2089/2345/800 2112/2368/815 2116/2372/818 2094/2350/801
f 2094/2350/801 2116/2372/818 2121/2377/824 2098/2354/802
f 2098/2354/802 2121/2377/824 2114/2370/781 2090/2346/786
f 2168/2424/784 2160/2416/868 2162/2418/853 2170/2426/854
f 2170/2426/854 2162/2418/853 2163/2419/855 2171/2427/856
f 2171/2427/856 2163/2419/855 2161/2417/769 2169/2425/772
f 2176/2432/778 2180/2436/777 2182/2438/857 2178/2434/858
f 2178/2434/858 2182/2438/857 2183/2439/859 2179/2435/860
f 2179/2435/860 2183/2439/859 2181/2437/771 2177/2433/770
f 2164/2420/785 2168/2424/784 2170/2426/854 2166/2422/861
f 2166/2422/861 2170/2426/854 2171/2427/856 2167/2423/862
f 2167/2423/862 2171/2427/856 2169/2425/772 2165/2421/792
f 2180/2436/777 2172/2428/776 2174/2430/863 2182/2438/857
f 2182/2438/857 2174/2430/863 2175/2431/864 2183/2439/859
f 2183/2439/859 2175/2431/864 2173/2429/791 2181/2437/771
f 2124/2380/774 2161/2417/769 2163/2419/855 2127/2383/825
f 2127/2383/825 2163/2419/855 2162/2418/853 2131/2387/828
f 2131/2387/828 2162/2418/853 2160/2416/868 2125/2381/782
f 2165/2421/792 2088/2344/793 2092/2348/797 2167/2423/862
f 2167/2423/862 2092/2348/797 2097/2353/804 2166/2422/861
f 2166/2422/861 2097/2353/804 2090/2346/786 2164/2420/785
f 2172/2428/776 2101/2357/775 2107/2363/808 2174/2430/863
f 2174/2430/863 2107/2363/808 2103/2359/805 2175/2431/864
f 2175/2431/864 2103/2359/805 2100/2356/794 2173/2429/791
f 2148/2404/779 2176/2432/778 2178/2434/858 2151/2407/844
f 2151/2407/844 2178/2434/858 2179/2435/860 2155/2411/847
f 2155/2411/847 2179/2435/860 2177/2433/770 2149/2405/773
f 2102/2358/813 2136/2392/876 2112/2368/815 2089/2345/800
f 2257/2513/769 2273/2529/770 2277/2533/771 2265/2521/772
f 2245/2501/773 2273/2529/770 2257/2513/769 2220/2476/774
f 2197/2453/775 2268/2524/776 2276/2532/777 2272/2528/778 2244/2500/779 2233/2489/780
f 2210/2466/781 2221/2477/782 2256/2512/868 2264/2520/784 2260/2516/785 2186/2442/786
f 2234/2490/787 2246/2502/788 2222/2478/789 2209/2465/790
f 2265/2521/772 2277/2533/771 2269/2525/791 2261/2517/792
f 2184/2440/793 2261/2517/792 2269/2525/791 2196/2452/794
f 2184/2440/793 2187/2443/795 2189/2445/796 2188/2444/797
f 2187/2443/795 2191/2447/798 2192/2448/799 2189/2445/796
f 2185/2441/800 2190/2446/801 2192/2448/799 2191/2447/798
f 2190/2446/801 2194/2450/802 2195/2451/803 2192/2448/799
f 2186/2442/786 2193/2449/804 2195/2451/803 2194/2450/802
f 2193/2449/804 2188/2444/797 2189/2445/796 2195/2451/803
f 2189/2445/796 2192/2448/799 2195/2451/803
f 2196/2452/794 2199/2455/805 2201/2457/806 2200/2456/807
f 2199/2455/805 2203/2459/808 2204/2460/809 2201/2457/806
f 2197/2453/775 2202/2458/810 2204/2460/809 2203/2459/808
f 2202/2458/810 2206/2462/811 2207/2463/812 2204/2460/809
f 2198/2454/813 2205/2461/814 2207/2463/812 2206/2462/811
f 2205/2461/814 2200/2456/807 2201/2457/806 2207/2463/812
f 2201/2457/806 2204/2460/809 2207/2463/812
f 2208/2464/815 2211/2467/816 2213/2469/817 2212/2468/818
f 2211/2467/816 2215/2471/819 2216/2472/820 2213/2469/817
f 2209/2465/790 2214/2470/821 2216/2472/820 2215/2471/819
f 2214/2470/821 2218/2474/822 2219/2475/823 2216/2472/820
f 2210/2466/781 2217/2473/824 2219/2475/823 2218/2474/822
f 2217/2473/824 2212/2468/818 2213/2469/817 2219/2475/823
f 2213/2469/817 2216/2472/820 2219/2475/823
f 2220/2476/774 2223/2479/825 2225/2481/826 2224/2480/874
f 2223/2479/825 2227/2483/828 2228/2484/829 2225/2481/826
f 2221/2477/782 2226/2482/830 2228/2484/829 2227/2483/828
f 2226/2482/830 2230/2486/831 2231/2487/875 2228/2484/829
f 2222/2478/789 2229/2485/833 2231/2487/875 2230/2486/831
f 2229/2485/833 2224/2480/874 2225/2481/826 2231/2487/875
f 2225/2481/826 2228/2484/829 2231/2487/875
f 2232/2488/834 2235/2491/835 2237/2493/836 2236/2492/879
f 2235/2491/835 2239/2495/838 2240/2496/839 2237/2493/836
f 2233/2489/780 2238/2494/840 2240/2496/839 2239/2495/838
f 2238/2494/840 2242/2498/841 2243/2499/842 2240/2496/839
f 2234/2490/787 2241/2497/843 2243/2499/842 2242/2498/841
f 2241/2497/843 2236/2492/879 2237/2493/836 2243/2499/842
f 2237/2493/836 2240/2496/839 2243/2499/842
f 2244/2500/779 2247/2503/844 2249/2505/845 2248/2504/846
f 2247/2503/844 2251/2507/847 2252/2508/880 2249/2505/845
f 2245/2501/773 2250/2506/849 2252/2508/880 2251/2507/847
f 2250/2506/849 2254/2510/850 2255/2511/865 2252/2508/880
f 2246/2502/788 2253/2509/852 2255/2511/865 2254/2510/850
f 2253/2509/852 2248/2504/846 2249/2505/845 2255/2511/865
f 2249/2505/845 2252/2508/880 2255/2511/865
f 2198/2454/813 2185/2441/800 2191/2447/798 2205/2461/814
f 2205/2461/814 2191/2447/798 2187/2443/795 2200/2456/807
f 2200/2456/807 2187/2443/795 2184/2440/793 2196/2452/794
f 2232/2488/834 2198/2454/813 2206/2462/811 2235/2491/835
f 2235/2491/835 2206/2462/811 2202/2458/810 2239/2495/838
f 2239/2495/838 2202/2458/810 2197/2453/775 2233/2489/780
f 2246/2502/788 2234/2490/787 2242/2498/841 2253/2509/852
f 2253/2509/852 2242/2498/841 2238/2494/840 2248/2504/846
f 2248/2504/846 2238/2494/840 2233/2489/780 2244/2500/779
f 2208/2464/815 2232/2488/834 2236/2492/879 2211/2467/816
f 2211/2467/816 2236/2492/879 2241/2497/843 2215/2471/819
f 2215/2471/819 2241/2497/843 2234/2490/787 2209/2465/790
f 2245/2501/773 2220/2476/774 2224/2480/874 2250/2506/849
f 2250/2506/849 2224/2480/874 2229/2485/833 2254/2510/850
f 2254/2510/850 2229/2485/833 2222/2478/789 2246/2502/788
f 2221/2477/782 2210/2466/781 2218/2474/822 2226/2482/830
f 2226/2482/830 2218/2474/822 2214/2470/821 2230/2486/831
f 2230/2486/831 2214/2470/821 2209/2465/790 2222/2478/789
f 2185/2441/800 2208/2464/815 2212/2468/818 2190/2446/801
f 2190/2446/801 2212/2468/818 2217/2473/824 2194/2450/802
f 2194/2450/802 2217/2473/824 2210/2466/781 2186/2442/786
f 2264/2520/784 2256/2512/868 2258/2514/853 2266/2522/854
f 2266/2522/854 2258/2514/853 2259/2515/855 2267/2523/856
f 2267/2523/856 2259/2515/855 2257/2513/769 2265/2521/772
f 2272/2528/778 2276/2532/777 2278/2534/857 2274/2530/858
f 2274/2530/858 2278/2534/857 2279/2535/859 2275/2531/860
f 2275/2531/860 2279/2535/859 2277/2533/771 2273/2529/770
f 2260/2516/785 2264/2520/784 2266/2522/854 2262/2518/861
f 2262/2518/861 2266/2522/854 2267/2523/856 2263/2519/862
f 2263/2519/862 2267/2523/856 2265/2521/772 2261/2517/792
f 2276/2532/777 2268/2524/776 2270/2526/863 2278/2534/857
f 2278/2534/857 2270/2526/863 2271/2527/864 2279/2535/859
f 2279/2535/859 2271/2527/864 2269/2525/791 2277/2533/771
f 2220/2476/774 2257/2513/769 2259/2515/855 2223/2479/825
f 2223/2479/825 2259/2515/855 2258/2514/853 2227/2483/828
f 2227/2483/828 2258/2514/853 2256/2512/868 2221/2477/782
f 2261/2517/792 2184/2440/793 2188/2444/797 2263/2519/862
f 2263/2519/862 2188/2444/797 2193/2449/804 2262/2518/861
f 2262/2518/861 2193/2449/804 2186/2442/786 2260/2516/785
f 2268/2524/776 2197/2453/775 2203/2459/808 2270/2526/863
f 2270/2526/863 2203/2459/808 2199/2455/805 2271/2527/864
f 2271/2527/864 2199/2455/805 2196/2452/794 2269/2525/791
f 2244/2500/779 2272/2528/778 2274/2530/858 2247/2503/844
f 2247/2503/844 2274/2530/858 2275/2531/860 2251/2507/847
f 2251/2507/847 2275/2531/860 2273/2529/770 2245/2501/773
f 2198/2454/813 2232/2488/834 2208/2464/815 2185/2441/800
f 2353/2609/769 2369/2625/770 2373/2629/771 2361/2617/772
f 2341/2597/773 2369/2625/770 2353/2609/769 2316/2572/774
f 2293/2549/775 2364/2620/776 2372/2628/777 2368/2624/778 2340/2596/779 2329/2585/780
f 2306/2562/781 2317/2573/782 2352/2608/868 2360/2616/784 2356/2612/785 2282/2538/786
f 2330/2586/787 2342/2598/788 2318/2574/789 2305/2561/790
f 2361/2617/772 2373/2629/771 2365/2621/791 2357/2613/792
f 2280/2536/793 2357/2613/792 2365/2621/791 2292/2548/794
f 2280/2536/793 2283/2539/795 2285/2541/796 2284/2540/797
f 2283/2539/795 2287/2543/798 2288/2544/799 2285/2541/796
f 2281/2537/800 2286/2542/801 2288/2544/799 2287/2543/798
f 2286/2542/801 2290/2546/802 2291/2547/803 2288/2544/799
f 2282/2538/786 2289/2545/804 2291/2547/803 2290/2546/802
f 2289/2545/804 2284/2540/797 2285/2541/796 2291/2547/803
f 2285/2541/796 2288/2544/799 2291/2547/803
f 2292/2548/794 2295/2551/805 2297/2553/806 2296/2552/807
f 2295/2551/805 2299/2555/808 2300/2556/881 2297/2553/806
f 2293/2549/775 2298/2554/810 2300/2556/881 2299/2555/808
f 2298/2554/810 2302/2558/882 2303/2559/812 2300/2556/881
f 2294/2550/813 2301/2557/814 2303/2559/812 2302/2558/882
f 2301/2557/814 2296/2552/807 2297/2553/806 2303/2559/812
f 2297/2553/806 2300/2556/881 2303/2559/812
f 2304/2560/815 2307/2563/816 2309/2565/817 2308/2564/818
f 2307/2563/816 2311/2567/819 2312/2568/820 2309/2565/817
f 2305/2561/790 2310/2566/821 2312/2568/820 2311/2567/819
f 2310/2566/821 2314/2570/822 2315/2571/823 2312/2568/820
f 2306/2562/781 2313/2569/824 2315/2571/823 2314/2570/822
f 2313/2569/824 2308/2564/818 2309/2565/817 2315/2571/823
f 2309/2565/817 2312/2568/820 2315/2571/823
f 2316/2572/774 2319/2575/825 2321/2577/826 2320/2576/874
f 2319/2575/825 2323/2579/828 2324/2580/829 2321/2577/826
f 2317/2573/782 2322/2578/830 2324/2580/829 2323/2579/828
f 2322/2578/830 2326/2582/831 2327/2583/875 2324/2580/829
f 2318/2574/789 2325/2581/833 2327/2583/875 2326/2582/831
f 2325/2581/833 2320/2576/874 2321/2577/826 2327/2583/875
f 2321/2577/826 2324/2580/829 2327/2583/875
f 2328/2584/834 2331/2587/835 2333/2589/836 2332/2588/837
f 2331/2587/835 2335/2591/883 2336/2592/839 2333/2589/836
f 2329/2585/780 2334/2590/840 2336/2592/839 2335/2591/883
f 2334/2590/840 2338/2594/841 2339/2595/842 2336/2592/839
f 2330/2586/787 2337/2593/843 2339/2595/842 2338/2594/841
f 2337/2593/843 2332/2588/837 2333/2589/836 2339/2595/842
f 2333/2589/836 2336/2592/839 2339/2595/842
f 2340/2596/779 2343/2599/844 2345/2601/845 2344/2600/846
f 2343/2599/844 2347/2603/847 2348/2604/877 2345/2601/845
f 2341/2597/773 2346/2602/849 2348/2604/877 2347/2603/847
f 2346/2602/849 2350/2606/850 2351/2607/865 2348/2604/877
f 2342/2598/788 2349/2605/852 2351/2607/865 2350/2606/850
f 2349/2605/852 2344/2600/846 2345/2601/845 2351/2607/865
f 2345/2601/845 2348/2604/877 2351/2607/865
f 2294/2550/813 2281/2537/800 2287/2543/798 2301/2557/814
f 2301/2557/814 2287/2543/798 2283/2539/795 2296/2552/807
f 2296/2552/807 2283/2539/795 2280/2536/793 2292/2548/794
f 2328/2584/834 2294/2550/813 2302/2558/882 2331/2587/835
f 2331/2587/835 2302/2558/882 2298/2554/810 2335/2591/883
f 2335/2591/883 2298/2554/810 2293/2549/775 2329/2585/780
f 2342/2598/788 2330/2586/787 2338/2594/841 2349/2605/852
f 2349/2605/852 2338/2594/841 2334/2590/840 2344/2600/846
f 2344/2600/846 2334/2590/840 2329/2585/780 2340/2596/779
f 2304/2560/815 2328/2584/834 2332/2588/837 2307/2563/816
f 2307/2563/816 2332/2588/837 2337/2593/843 2311/2567/819
f 2311/2567/819 2337/2593/843 2330/2586/787 2305/2561/790
f 2341/2597/773 2316/2572/774 2320/2576/874 2346/2602/849
f 2346/2602/849 2320/2576/874 2325/2581/833 2350/2606/850
f 2350/2606/850 2325/2581/833 2318/2574/789 2342/2598/788
f 2317/2573/782 2306/2562/781 2314/2570/822 2322/2578/830
f 2322/2578/830 2314/2570/822 2310/2566/821 2326/2582/831
f 2326/2582/831 2310/2566/821 2305/2561/790 2318/2574/789
f 2281/2537/800 2304/2560/815 2308/2564/818 2286/2542/801
f 2286/2542/801 2308/2564/818 2313/2569/824 2290/2546/802
f 2290/2546/802 2313/2569/824 2306/2562/781 2282/2538/786
f 2360/2616/784 2352/2608/868 2354/2610/853 2362/2618/854
f 2362/2618/854 2354/2610/853 2355/2611/855 2363/2619/856
f 2363/2619/856 2355/2611/855 2353/2609/769 2361/2617/772
f 2368/2624/778 2372/2628/777 2374/2630/857 2370/2626/858
f 2370/2626/858 2374/2630/857 2375/2631/859 2371/2627/860
f 2371/2627/860 2375/2631/859 2373/2629/771 2369/2625/770
f 2356/2612/785 2360/2616/784 2362/2618/854 2358/2614/861
f 2358/2614/861 2362/2618/854 2363/2619/856 2359/2615/862
f 2359/2615/862 2363/2619/856 2361/2617/772 2357/2613/792
f 2372/2628/777 2364/2620/776 2366/2622/863 2374/2630/857
f 2374/2630/857 2366/2622/863 2367/2623/864 2375/2631/859
f 2375/2631/859 2367/2623/864 2365/2621/791 2373/2629/771
f 2316/2572/774 2353/2609/769 2355/2611/855 2319/2575/825
f 2319/2575/825 2355/2611/855 2354/2610/853 2323/2579/828
f 2323/2579/828 2354/2610/853 2352/2608/868 2317/2573/782
f 2357/2613/792 2280/2536/793 2284/2540/797 2359/2615/862
f 2359/2615/862 2284/2540/797 2289/2545/804 2358/2614/861
f 2358/2614/861 2289/2545/804 2282/2538/786 2356/2612/785
f 2364/2620/776 2293/2549/775 2299/2555/808 2366/2622/863
f 2366/2622/863 2299/2555/808 2295/2551/805 2367/2623/864
f 2367/2623/864 2295/2551/805 2292/2548/794 2365/2621/791
f 2340/2596/779 2368/2624/778 2370/2626/858 2343/2599/844
f 2343/2599/844 2370/2626/858 2371/2627/860 2347/2603/847
f 2347/2603/847 2371/2627/860 2369/2625/770 2341/2597/773
f 2294/2550/813 2328/2584/834 2304/2560/815 2281/2537/800
f 2449/2705/769 2465/2721/770 2469/2725/771 2457/2713/772
f 2437/2693/773 2465/2721/770 2449/2705/769 2412/2668/774
f 2389/2645/775 2460/2716/776 2468/2724/777 2464/2720/778 2436/2692/779 2425/2681/780
f 2402/2658/781 2413/2669/782 2448/2704/868 2456/2712/784 2452/2708/785 2378/2634/786
f 2426/2682/787 2438/2694/788 2414/2670/789 2401/2657/790
f 2457/2713/772 2469/2725/771 2461/2717/791 2453/2709/792
f 2376/2632/793 2453/2709/792 2461/2717/791 2388/2644/794
f 2376/2632/793 2379/2635/795 2381/2637/796 2380/2636/797
f 2379/2635/795 2383/2639/871 2384/2640/799 2381/2637/796
f 2377/2633/884 2382/2638/801 2384/2640/799 2383/2639/871
f 2382/2638/801 2386/2642/802 2387/2643/803 2384/2640/799
f 2378/2634/786 2385/2641/804 2387/2643/803 2386/2642/802
f 2385/2641/804 2380/2636/797 2381/2637/796 2387/2643/803
f 2381/2637/796 2384/2640/799 2387/2643/803
f 2388/2644/794 2391/2647/805 2393/2649/806 2392/2648/807
f 2391/2647/805 2395/2651/808 2396/2652/809 2393/2649/806
f 2389/2645/775 2394/2650/810 2396/2652/809 2395/2651/808
f 2394/2650/810 2398/2654/811 2399/2655/812 2396/2652/809
f 2390/2646/885 2397/2653/814 2399/2655/812 2398/2654/811
f 2397/2653/814 2392/2648/807 2393/2649/806 2399/2655/812
f 2393/2649/806 2396/2652/809 2399/2655/812
f 2400/2656/815 2403/2659/816 2405/2661/817 2404/2660/818
f 2403/2659/816 2407/2663/819 2408/2664/820 2405/2661/817
f 2401/2657/790 2406/2662/821 2408/2664/820 2407/2663/819
f 2406/2662/821 2410/2666/822 2411/2667/823 2408/2664/820
f 2402/2658/781 2409/2665/824 2411/2667/823 2410/2666/822
f 2409/2665/824 2404/2660/818 2405/2661/817 2411/2667/823
f 2405/2661/817 2408/2664/820 2411/2667/823
f 2412/2668/774 2415/2671/825 2417/2673/826 2416/2672/827
f 2415/2671/825 2419/2675/828 2420/2676/829 2417/2673/826
f 2413/2669/782 2418/2674/830 2420/2676/829 2419/2675/828
f 2418/2674/830 2422/2678/831 2423/2679/878 2420/2676/829
f 2414/2670/789 2421/2677/873 2423/2679/878 2422/2678/831
f 2421/2677/873 2416/2672/827 2417/2673/826 2423/2679/878
f 2417/2673/826 2420/2676/829 2423/2679/878
f 2424/2680/876 2427/2683/835 2429/2685/836 2428/2684/837
f 2427/2683/835 2431/2687/838 2432/2688/839 2429/2685/836
f 2425/2681/780 2430/2686/840 2432/2688/839 2431/2687/838
f 2430/2686/840 2434/2690/841 2435/2691/842 2432/2688/839
f 2426/2682/787 2433/2689/843 2435/2691/842 2434/2690/841
f 2433/2689/843 2428/2684/837 2429/2685/836 2435/2691/842
f 2429/2685/836 2432/2688/839 2435/2691/842
f 2436/2692/779 2439/2695/844 2441/2697/845 2440/2696/846
f 2439/2695/844 2443/2699/847 2444/2700/877 2441/2697/845
f 2437/2693/773 2442/2698/849 2444/2700/877 2443/2699/847
f 2442/2698/849 2446/2702/850 2447/2703/865 2444/2700/877
f 2438/2694/788 2445/2701/852 2447/2703/865 2446/2702/850
f 2445/2701/852 2440/2696/846 2441/2697/845 2447/2703/865
f 2441/2697/845 2444/2700/877 2447/2703/865
f 2390/2646/885 2377/2633/884 2383/2639/871 2397/2653/814
f 2397/2653/814 2383/2639/871 2379/2635/795 2392/2648/807
f 2392/2648/807 2379/2635/795 2376/2632/793 2388/2644/794
f 2424/2680/876 2390/2646/885 2398/2654/811 2427/2683/835
f 2427/2683/835 2398/2654/811 2394/2650/810 2431/2687/838
f 2431/2687/838 2394/2650/810 2389/2645/775 2425/2681/780
f 2438/2694/788 2426/2682/787 2434/2690/841 2445/2701/852
f 2445/2701/852 2434/2690/841 2430/2686/840 2440/2696/846
f 2440/2696/846 2430/2686/840 2425/2681/780 2436/2692/779
f 2400/2656/815 2424/2680/876 2428/2684/837 2403/2659/816
f 2403/2659/816 2428/2684/837 2433/2689/843 2407/2663/819
f 2407/2663/819 2433/2689/843 2426/2682/787 2401/2657/790
f 2437/2693/773 2412/2668/774 2416/2672/827 2442/2698/849
f 2442/2698/849 2416/2672/827 2421/2677/873 2446/2702/850
f 2446/2702/850 2421/2677/873 2414/2670/789 2438/2694/788
f 2413/2669/782 2402/2658/781 2410/2666/822 2418/2674/830
f 2418/2674/830 2410/2666/822 2406/2662/821 2422/2678/831
f 2422/2678/831 2406/2662/821 2401/2657/790 2414/2670/789
f 2377/2633/884 2400/2656/815 2404/2660/818 2382/2638/801
f 2382/2638/801 2404/2660/818 2409/2665/824 2386/2642/802
f 2386/2642/802 2409/2665/824 2402/2658/781 2378/2634/786
f 2456/2712/784 2448/2704/868 2450/2706/853 2458/2714/854
f 2458/2714/854 2450/2706/853 2451/2707/855 2459/2715/856
f 2459/2715/856 2451/2707/855 2449/2705/769 2457/2713/772
f 2464/2720/778 2468/2724/777 2470/2726/857 2466/2722/858
f 2466/2722/858 2470/2726/857 2471/2727/859 2467/2723/860
f 2467/2723/860 2471/2727/859 2469/2725/771 2465/2721/770
f 2452/2708/785 2456/2712/784 2458/2714/854 2454/2710/861
f 2454/2710/861 2458/2714/854 2459/2715/856 2455/2711/862
f 2455/2711/862 2459/2715/856 2457/2713/772 2453/2709/792
f 2468/2724/777 2460/2716/776 2462/2718/863 2470/2726/857
f 2470/2726/857 2462/2718/863 2463/2719/864 2471/2727/859
f 2471/2727/859 2463/2719/864 2461/2717/791 2469/2725/771
f 2412/2668/774 2449/2705/769 2451/2707/855 2415/2671/825
f 2415/2671/825 2451/2707/855 2450/2706/853 2419/2675/828
f 2419/2675/828 2450/2706/853 2448/2704/868 2413/2669/782
f 2453/2709/792 2376/2632/793 2380/2636/797 2455/2711/862
f 2455/2711/862 2380/2636/797 2385/2641/804 2454/2710/861
f 2454/2710/861 2385/2641/804 2378/2634/786 2452/2708/785
f 2460/2716/776 2389/2645/775 2395/2651/808 2462/2718/863
f 2462/2718/863 2395/2651/808 2391/2647/805 2463/2719/864
f 2463/2719/864 2391/2647/805 2388/2644/794 2461/2717/791
f 2436/2692/779 2464/2720/778 2466/2722/858 2439/2695/844
f 2439/2695/844 2466/2722/858 2467/2723/860 2443/2699/847
f 2443/2699/847 2467/2723/860 2465/2721/770 2437/2693/773
f 2390/2646/885 2424/2680/876 2400/2656/815 2377/2633/884
f 2545/2801/769 2561/2817/770 2565/2821/771 2553/2809/772
f 2533/2789/773 2561/2817/770 2545/2801/769 2508/2764/774
f 2485/2741/775 2556/2812/776 2564/2820/777 2560/2816/778 2532/2788/779 2521/2777/780
f 2498/2754/781 2509/2765/782 2544/2800/868 2552/2808/784 2548/2804/785 2474/2730/786
f 2522/2778/787 2534/2790/788 2510/2766/789 2497/2753/790
f 2553/2809/772 2565/2821/771 2557/2813/791 2549/2805/792
f 2472/2728/793 2549/2805/792 2557/2813/791 2484/2740/794
f 2472/2728/793 2475/2731/795 2477/2733/796 2476/2732/797
f 2475/2731/795 2479/2735/798 2480/2736/799 2477/2733/796
f 2473/2729/800 2478/2734/801 2480/2736/799 2479/2735/798
f 2478/2734/801 2482/2738/802 2483/2739/803 2480/2736/799
f 2474/2730/786 2481/2737/804 2483/2739/803 2482/2738/802
f 2481/2737/804 2476/2732/797 2477/2733/796 2483/2739/803
f 2477/2733/796 2480/2736/799 2483/2739/803
f 2484/2740/794 2487/2743/805 2489/2745/806 2488/2744/807
f 2487/2743/805 2491/2747/808 2492/2748/809 2489/2745/806
f 2485/2741/775 2490/2746/810 2492/2748/809 2491/2747/808
f 2490/2746/810 2494/2750/811 2495/2751/812 2492/2748/809
f 2486/2742/813 2493/2749/814 2495/2751/812 2494/2750/811
f 2493/2749/814 2488/2744/807 2489/2745/806 2495/2751/812
f 2489/2745/806 2492/2748/809 2495/2751/812
f 2496/2752/815 2499/2755/816 2501/2757/817 2500/2756/818
f 2499/2755/816 2503/2759/819 2504/2760/820 2501/2757/817
f 2497/2753/790 2502/2758/821 2504/2760/820 2503/2759/819
f 2502/2758/821 2506/2762/822 2507/2763/823 2504/2760/820
f 2498/2754/781 2505/2761/824 2507/2763/823 2506/2762/822
f 2505/2761/824 2500/2756/818 2501/2757/817 2507/2763/823
f 2501/2757/817 2504/2760/820 2507/2763/823
f 2508/2764/774 2511/2767/825 2513/2769/826 2512/2768/874
f 2511/2767/825 2515/2771/828 2516/2772/829 2513/2769/826
f 2509/2765/782 2514/2770/830 2516/2772/829 2515/2771/828
f 2514/2770/830 2518/2774/831 2519/2775/875 2516/2772/829
f 2510/2766/789 2517/2773/833 2519/2775/875 2518/2774/831
f 2517/2773/833 2512/2768/874 2513/2769/826 2519/2775/875
f 2513/2769/826 2516/2772/829 2519/2775/875
f 2520/2776/834 2523/2779/835 2525/2781/836 2524/2780/879
f 2523/2779/835 2527/2783/883 2528/2784/839 2525/2781/836
f 2521/2777/780 2526/2782/840 2528/2784/839 2527/2783/883
f 2526/2782/840 2530/2786/841 2531/2787/842 2528/2784/839
f 2522/2778/787 2529/2785/843 2531/2787/842 2530/2786/841
f 2529/2785/843 2524/2780/879 2525/2781/836 2531/2787/842
f 2525/2781/836 2528/2784/839 2531/2787/842
f 2532/2788/779 2535/2791/844 2537/2793/845 2536/2792/846
f 2535/2791/844 2539/2795/847 2540/2796/877 2537/2793/845
f 2533/2789/773 2538/2794/849 2540/2796/877 2539/2795/847
f 2538/2794/849 2542/2798/850 2543/2799/865 2540/2796/877
f 2534/2790/788 2541/2797/852 2543/2799/865 2542/2798/850
f 2541/2797/852 2536/2792/846 2537/2793/845 2543/2799/865
f 2537/2793/845 2540/2796/877 2543/2799/865
f 2486/2742/813 2473/2729/800 2479/2735/798 2493/2749/814
f 2493/2749/814 2479/2735/798 2475/2731/795 2488/2744/807
f 2488/2744/807 2475/2731/795 2472/2728/793 2484/2740/794
f 2520/2776/834 2486/2742/813 2494/2750/811 2523/2779/835
f 2523/2779/835 2494/2750/811 2490/2746/810 2527/2783/883
f 2527/2783/883 2490/2746/810 2485/2741/775 2521/2777/780
f 2534/2790/788 2522/2778/787 2530/2786/841 2541/2797/852
f 2541/2797/852 2530/2786/841 2526/2782/840 2536/2792/846
f 2536/2792/846 2526/2782/840 2521/2777/780 2532/2788/779
f 2496/2752/815 2520/2776/834 2524/2780/879 2499/2755/816
f 2499/2755/816 2524/2780/879 2529/2785/843 2503/2759/819
f 2503/2759/819 2529/2785/843 2522/2778/787 2497/2753/790
f 2533/2789/773 2508/2764/774 2512/2768/874 2538/2794/849
f 2538/2794/849 2512/2768/874 2517/2773/833 2542/2798/850
f 2542/2798/850 2517/2773/833 2510/2766/789 2534/2790/788
f 2509/2765/782 2498/2754/781 2506/2762/822 2514/2770/830
f 2514/2770/830 2506/2762/822 2502/2758/821 2518/2774/831
f 2518/2774/831 2502/2758/821 2497/2753/790 2510/2766/789
f 2473/2729/800 2496/2752/815 2500/2756/818 2478/2734/801
f 2478/2734/801 2500/2756/818 2505/2761/824 2482/2738/802
f 2482/2738/802 2505/2761/824 2498/2754/781 2474/2730/786
f 2552/2808/784 2544/2800/868 2546/2802/853 2554/2810/854
f 2554/2810/854 2546/2802/853 2547/2803/855 2555/2811/856
f 2555/2811/856 2547/2803/855 2545/2801/769 2553/2809/772
f 2560/2816/778 2564/2820/777 2566/2822/857 2562/2818/858
f 2562/2818/858 2566/2822/857 2567/2823/859 2563/2819/860
f 2563/2819/860 2567/2823/859 2565/2821/771 2561/2817/770
f 2548/2804/785 2552/2808/784 2554/2810/854 2550/2806/861
f 2550/2806/861 2554/2810/854 2555/2811/856 2551/2807/862
f 2551/2807/862 2555/2811/856 2553/2809/772 2549/2805/792
f 2564/2820/777 2556/2812/776 2558/2814/863 2566/2822/857
f 2566/2822/857 2558/2814/863 2559/2815/864 2567/2823/859
f 2567/2823/859 2559/2815/864 2557/2813/791 2565/2821/771
f 2508/2764/774 2545/2801/769 2547/2803/855 2511/2767/825
f 2511/2767/825 2547/2803/855 2546/2802/853 2515/2771/828
f 2515/2771/828 2546/2802/853 2544/2800/868 2509/2765/782
f 2549/2805/792 2472/2728/793 2476/2732/797 2551/2807/862
f 2551/2807/862 2476/2732/797 2481/2737/804 2550/2806/861
f 2550/2806/861 2481/2737/804 2474/2730/786 2548/2804/785
f 2556/2812/776 2485/2741/775 2491/2747/808 2558/2814/863
f 2558/2814/863 2491/2747/808 2487/2743/805 2559/2815/864
f 2559/2815/864 2487/2743/805 2484/2740/794 2557/2813/791
f 2532/2788/779 2560/2816/778 2562/2818/858 2535/2791/844
f 2535/2791/844 2562/2818/858 2563/2819/860 2539/2795/847
f 2539/2795/847 2563/2819/860 2561/2817/770 2533/2789/773
f 2486/2742/813 2520/2776/834 2496/2752/815 2473/2729/800
f 2641/2897/769 2657/2913/770 2661/2917/771 2649/2905/772
f 2629/2885/773 2657/2913/770 2641/2897/769 2604/2860/774
f 2581/2837/775 2652/2908/776 2660/2916/777 2656/2912/778 2628/2884/779 2617/2873/780
f 2594/2850/781 2605/2861/782 2640/2896/783 2648/2904/784 2644/2900/785 2570/2826/786
f 2618/2874/787 2630/2886/788 2606/2862/789 2593/2849/790
f 2649/2905/772 2661/2917/771 2653/2909/791 2645/2901/792
f 2568/2824/793 2645/2901/792 2653/2909/791 2580/2836/794
f 2568/2824/793 2571/2827/795 2573/2829/886 2572/2828/797
f 2571/2827/795 2575/2831/798 2576/2832/799 2573/2829/886
f 2569/2825/800 2574/2830/801 2576/2832/799 2575/2831/798
f 2574/2830/801 2578/2834/802 2579/2835/803 2576/2832/799
f 2570/2826/786 2577/2833/804 2579/2835/803 2578/2834/802
f 2577/2833/804 2572/2828/797 2573/2829/886 2579/2835/803
f 2573/2829/886 2576/2832/799 2579/2835/803
f 2580/2836/794 2583/2839/805 2585/2841/806 2584/2840/807
f 2583/2839/805 2587/2843/808 2588/2844/809 2585/2841/806
f 2581/2837/775 2586/2842/810 2588/2844/809 2587/2843/808
f 2586/2842/810 2590/2846/882 2591/2847/812 2588/2844/809
f 2582/2838/813 2589/2845/814 2591/2847/812 2590/2846/882
f 2589/2845/814 2584/2840/807 2585/2841/806 2591/2847/812
f 2585/2841/806 2588/2844/809 2591/2847/812
f 2592/2848/815 2595/2851/816 2597/2853/817 2596/2852/818
f 2595/2851/816 2599/2855/819 2600/2856/820 2597/2853/817
f 2593/2849/790 2598/2854/821 2600/2856/820 2599/2855/819
f 2598/2854/821 2602/2858/822 2603/2859/823 2600/2856/820
f 2594/2850/781 2601/2857/824 2603/2859/823 2602/2858/822
f 2601/2857/824 2596/2852/818 2597/2853/817 2603/2859/823
f 2597/2853/817 2600/2856/820 2603/2859/823
f 2604/2860/774 2607/2863/825 2609/2865/826 2608/2864/827
f 2607/2863/825 2611/2867/828 2612/2868/872 2609/2865/826
f 2605/2861/782 2610/2866/887 2612/2868/872 2611/2867/828
f 2610/2866/887 2614/2870/831 2615/2871/832 2612/2868/872
f 2606/2862/789 2613/2869/873 2615/2871/832 2614/2870/831
f 2613/2869/873 2608/2864/827 2609/2865/826 2615/2871/832
f 2609/2865/826 2612/2868/872 2615/2871/832
f 2616/2872/876 2619/2875/835 2621/2877/836 2620/2876/888
f 2619/2875/835 2623/2879/883 2624/2880/839 2621/2877/836
f 2617/2873/780 2622/2878/840 2624/2880/839 2623/2879/883
f 2622/2878/840 2626/2882/841 2627/2883/842 2624/2880/839
f 2618/2874/787 2625/2881/843 2627/2883/842 2626/2882/841
f 2625/2881/843 2620/2876/888 2621/2877/836 2627/2883/842
f 2621/2877/836 2624/2880/839 2627/2883/842
f 2628/2884/779 2631/2887/844 2633/2889/845 2632/2888/846
f 2631/2887/844 2635/2891/847 2636/2892/877 2633/2889/845
f 2629/2885/773 2634/2890/849 2636/2892/877 2635/2891/847
f 2634/2890/849 2638/2894/850 2639/2895/865 2636/2892/877
f 2630/2886/788 2637/2893/852 2639/2895/865 2638/2894/850
f 2637/2893/852 2632/2888/846 2633/2889/845 2639/2895/865
f 2633/2889/845 2636/2892/877 2639/2895/865
f 2582/2838/813 2569/2825/800 2575/2831/798 2589/2845/814
f 2589/2845/814 2575/2831/798 2571/2827/795 2584/2840/807
f 2584/2840/807 2571/2827/795 2568/2824/793 2580/2836/794
f 2616/2872/876 2582/2838/813 2590/2846/882 2619/2875/835
f 2619/2875/835 2590/2846/882 2586/2842/810 2623/2879/883
f 2623/2879/883 2586/2842/810 2581/2837/775 2617/2873/780
f 2630/2886/788 2618/2874/787 2626/2882/841 2637/2893/852
f 2637/2893/852 2626/2882/841 2622/2878/840 2632/2888/846
f 2632/2888/846 2622/2878/840 2617/2873/780 2628/2884/779
f 2592/2848/815 2616/2872/876 2620/2876/888 2595/2851/816
f 2595/2851/816 2620/2876/888 2625/2881/843 2599/2855/819
f 2599/2855/819 2625/2881/843 2618/2874/787 2593/2849/790
f 2629/2885/773 2604/2860/774 2608/2864/827 2634/2890/849
f 2634/2890/849 2608/2864/827 2613/2869/873 2638/2894/850
f 2638/2894/850 2613/2869/873 2606/2862/789 2630/2886/788
f 2605/2861/782 2594/2850/781 2602/2858/822 2610/2866/887
f 2610/2866/887 2602/2858/822 2598/2854/821 2614/2870/831
f 2614/2870/831 2598/2854/821 2593/2849/790 2606/2862/789
f 2569/2825/800 2592/2848/815 2596/2852/818 2574/2830/801
f 2574/2830/801 2596/2852/818 2601/2857/824 2578/2834/802
f 2578/2834/802 2601/2857/824 2594/2850/781 2570/2826/786
f 2648/2904/784 2640/2896/783 2642/2898/853 2650/2906/854
f 2650/2906/854 2642/2898/853 2643/2899/855 2651/2907/856
f 2651/2907/856 2643/2899/855 2641/2897/769 2649/2905/772
f 2656/2912/778 2660/2916/777 2662/2918/857 2658/2914/870
f 2658/2914/870 2662/2918/857 2663/2919/859 2659/2915/860
f 2659/2915/860 2663/2919/859 2661/2917/771 2657/2913/770
f 2644/2900/785 2648/2904/784 2650/2906/854 2646/2902/861
f 2646/2902/861 2650/2906/854 2651/2907/856 2647/2903/862
f 2647/2903/862 2651/2907/856 2649/2905/772 2645/2901/792
f 2660/2916/777 2652/2908/776 2654/2910/863 2662/2918/857
f 2662/2918/857 2654/2910/863 2655/2911/864 2663/2919/859
f 2663/2919/859 2655/2911/864 2653/2909/791 2661/2917/771
f 2604/2860/774 2641/2897/769 2643/2899/855 2607/2863/825
f 2607/2863/825 2643/2899/855 2642/2898/853 2611/2867/828
f 2611/2867/828 2642/2898/853 2640/2896/783 2605/2861/782
f 2645/2901/792 2568/2824/793 2572/2828/797 2647/2903/862
f 2647/2903/862 2572/2828/797 2577/2833/804 2646/2902/861
f 2646/2902/861 2577/2833/804 2570/2826/786 2644/2900/785
f 2652/2908/776 2581/2837/775 2587/2843/808 2654/2910/863
f 2654/2910/863 2587/2843/808 2583/2839/805 2655/2911/864
f 2655/2911/864 2583/2839/805 2580/2836/794 2653/2909/791
f 2628/2884/779 2656/2912/778 2658/2914/870 2631/2887/844
f 2631/2887/844 2658/2914/870 2659/2915/860 2635/2891/847
f 2635/2891/847 2659/2915/860 2657/2913/770 2629/2885/773
f 2582/2838/813 2616/2872/876 2592/2848/815 2569/2825/800
f 2737/2993/769 2753/3009/770 2757/3013/771 2745/3001/772
f 2725/2981/773 2753/3009/770 2737/2993/769 2700/2956/774
f 2677/2933/775 2748/3004/776 2756/3012/777 2752/3008/778 2724/2980/779 2713/2969/780
f 2690/2946/781 2701/2957/782 2736/2992/783 2744/3000/784 2740/2996/785 2666/2922/786
f 2714/2970/787 2726/2982/788 2702/2958/889 2689/2945/790
f 2745/3001/772 2757/3013/771 2749/3005/791 2741/2997/792
f 2664/2920/793 2741/2997/792 2749/3005/791 2676/2932/794
f 2664/2920/793 2667/2923/795 2669/2925/890 2668/2924/797
f 2667/2923/795 2671/2927/798 2672/2928/799 2669/2925/890
f 2665/2921/800 2670/2926/801 2672/2928/799 2671/2927/798
f 2670/2926/801 2674/2930/891 2675/2931/803 2672/2928/799
f 2666/2922/786 2673/2929/804 2675/2931/803 2674/2930/891
f 2673/2929/804 2668/2924/797 2669/2925/890 2675/2931/803
f 2669/2925/890 2672/2928/799 2675/2931/803
f 2676/2932/794 2679/2935/805 2681/2937/806 2680/2936/807
f 2679/2935/805 2683/2939/808 2684/2940/809 2681/2937/806
f 2677/2933/775 2682/2938/810 2684/2940/809 2683/2939/808
f 2682/2938/810 2686/2942/811 2687/2943/892 2684/2940/809
f 2678/2934/813 2685/2941/814 2687/2943/892 2686/2942/811
f 2685/2941/814 2680/2936/807 2681/2937/806 2687/2943/892
f 2681/2937/806 2684/2940/809 2687/2943/892
f 2688/2944/815 2691/2947/816 2693/2949/817 2692/2948/818
f 2691/2947/816 2695/2951/819 2696/2952/820 2693/2949/817
f 2689/2945/790 2694/2950/821 2696/2952/820 2695/2951/819
f 2694/2950/821 2698/2954/822 2699/2955/823 2696/2952/820
f 2690/2946/781 2697/2953/824 2699/2955/823 2698/2954/822
f 2697/2953/824 2692/2948/818 2693/2949/817 2699/2955/823
f 2693/2949/817 2696/2952/820 2699/2955/823
f 2700/2956/774 2703/2959/825 2705/2961/826 2704/2960/827
f 2703/2959/825 2707/2963/828 2708/2964/829 2705/2961/826
f 2701/2957/782 2706/2962/893 2708/2964/829 2707/2963/828
f 2706/2962/893 2710/2966/831 2711/2967/875 2708/2964/829
f 2702/2958/889 2709/2965/873 2711/2967/875 2710/2966/831
f 2709/2965/873 2704/2960/827 2705/2961/826 2711/2967/875
f 2705/2961/826 2708/2964/829 2711/2967/875
f 2712/2968/834 2715/2971/835 2717/2973/836 2716/2972/837
f 2715/2971/835 2719/2975/838 2720/2976/839 2717/2973/836
f 2713/2969/780 2718/2974/840 2720/2976/839 2719/2975/838
f 2718/2974/840 2722/2978/841 2723/2979/842 2720/2976/839
f 2714/2970/787 2721/2977/843 2723/2979/842 2722/2978/841
f 2721/2977/843 2716/2972/837 2717/2973/836 2723/2979/842
f 2717/2973/836 2720/2976/839 2723/2979/842
f 2724/2980/779 2727/2983/844 2729/2985/866 2728/2984/846
f 2727/2983/844 2731/2987/847 2732/2988/880 2729/2985/866
f 2725/2981/773 2730/2986/849 2732/2988/880 2731/2987/847
f 2730/2986/849 2734/2990/850 2735/2991/865 2732/2988/880
f 2726/2982/788 2733/2989/852 2735/2991/865 2734/2990/850
f 2733/2989/852 2728/2984/846 2729/2985/866 2735/2991/865
f 2729/2985/866 2732/2988/880 2735/2991/865
f 2678/2934/813 2665/2921/800 2671/2927/798 2685/2941/814
f 2685/2941/814 2671/2927/798 2667/2923/795 2680/2936/807
f 2680/2936/807 2667/2923/795 2664/2920/793 2676/2932/794
f 2712/2968/834 2678/2934/813 2686/2942/811 2715/2971/835
f 2715/2971/835 2686/2942/811 2682/2938/810 2719/2975/838
f 2719/2975/838 2682/2938/810 2677/2933/775 2713/2969/780
f 2726/2982/788 2714/2970/787 2722/2978/841 2733/2989/852
f 2733/2989/852 2722/2978/841 2718/2974/840 2728/2984/846
f 2728/2984/846 2718/2974/840 2713/2969/780 2724/2980/779
f 2688/2944/815 2712/2968/834 2716/2972/837 2691/2947/816
f 2691/2947/816 2716/2972/837 2721/2977/843 2695/2951/819
f 2695/2951/819 2721/2977/843 2714/2970/787 2689/2945/790
f 2725/2981/773 2700/2956/774 2704/2960/827 2730/2986/849
f 2730/2986/849 2704/2960/827 2709/2965/873 2734/2990/850
f 2734/2990/850 2709/2965/873 2702/2958/889 2726/2982/788
f 2701/2957/782 2690/2946/781 2698/2954/822 2706/2962/893
f 2706/2962/893 2698/2954/822 2694/2950/821 2710/2966/831
f 2710/2966/831 2694/2950/821 2689/2945/790 2702/2958/889
f 2665/2921/800 2688/2944/815 2692/2948/818 2670/2926/801
f 2670/2926/801 2692/2948/818 2697/2953/824 2674/2930/891
f 2674/2930/891 2697/2953/824 2690/2946/781 2666/2922/786
f 2744/3000/784 2736/2992/783 2738/2994/853 2746/3002/854
f 2746/3002/854 2738/2994/853 2739/2995/855 2747/3003/856
f 2747/3003/856 2739/2995/855 2737/2993/769 2745/3001/772
f 2752/3008/778 2756/3012/777 2758/3014/857 2754/3010/870
f 2754/3010/870 2758/3014/857 2759/3015/859 2755/3011/860
f 2755/3011/860 2759/3015/859 2757/3013/771 2753/3009/770
f 2740/2996/785 2744/3000/784 2746/3002/854 2742/2998/861
f 2742/2998/861 2746/3002/854 2747/3003/856 2743/2999/862
f 2743/2999/862 2747/3003/856 2745/3001/772 2741/2997/792
f 2756/3012/777 2748/3004/776 2750/3006/863 2758/3014/857
f 2758/3014/857 2750/3006/863 2751/3007/864 2759/3015/859
f 2759/3015/859 2751/3007/864 2749/3005/791 2757/3013/771
f 2700/2956/774 2737/2993/769 2739/2995/855 2703/2959/825
f 2703/2959/825 2739/2995/855 2738/2994/853 2707/2963/828
f 2707/2963/828 2738/2994/853 2736/2992/783 2701/2957/782
f 2741/2997/792 2664/2920/793 2668/2924/797 2743/2999/862
f 2743/2999/862 2668/2924/797 2673/2929/804 2742/2998/861
f 2742/2998/861 2673/2929/804 2666/2922/786 2740/2996/785
f 2748/3004/776 2677/2933/775 2683/2939/808 2750/3006/863
f 2750/3006/863 2683/2939/808 2679/2935/805 2751/3007/864
f 2751/3007/864 2679/2935/805 2676/2932/794 2749/3005/791
f 2724/2980/779 2752/3008/778 2754/3010/870 2727/2983/844
f 2727/2983/844 2754/3010/870 2755/3011/860 2731/2987/847
f 2731/2987/847 2755/3011/860 2753/3009/770 2725/2981/773
f 2678/2934/813 2712/2968/834 2688/2944/815 2665/2921/800
f 2833/3089/769 2849/3105/770 2853/3109/771 2841/3097/772
f 2821/3077/773 2849/3105/770 2833/3089/769 2796/3052/774
f 2773/3029/775 2844/3100/776 2852/3108/777 2848/3104/778 2820/3076/779 2809/3065/780
f 2786/3042/867 2797/3053/782 2832/3088/783 2840/3096/784 2836/3092/785 2762/3018/786
f 2810/3066/787 2822/3078/788 2798/3054/789 2785/3041/790
f 2841/3097/772 2853/3109/771 2845/3101/791 2837/3093/894
f 2760/3016/895 2837/3093/894 2845/3101/791 2772/3028/896
f 2760/3016/895 2763/3019/795 2765/3021/796 2764/3020/797
f 2763/3019/795 2767/3023/798 2768/3024/799 2765/3021/796
f 2761/3017/884 2766/3022/897 2768/3024/799 2767/3023/798
f 2766/3022/897 2770/3026/802 2771/3027/803 2768/3024/799
f 2762/3018/786 2769/3025/804 2771/3027/803 2770/3026/802
f 2769/3025/804 2764/3020/797 2765/3021/796 2771/3027/803
f 2765/3021/796 2768/3024/799 2771/3027/803
f 2772/3028/896 2775/3031/805 2777/3033/806 2776/3032/807
f 2775/3031/805 2779/3035/808 2780/3036/809 2777/3033/806
f 2773/3029/775 2778/3034/810 2780/3036/809 2779/3035/808
f 2778/3034/810 2782/3038/882 2783/3039/812 2780/3036/809
f 2774/3030/885 2781/3037/814 2783/3039/812 2782/3038/882
f 2781/3037/814 2776/3032/807 2777/3033/806 2783/3039/812
f 2777/3033/806 2780/3036/809 2783/3039/812
f 2784/3040/815 2787/3043/816 2789/3045/898 2788/3044/818
f 2787/3043/816 2791/3047/819 2792/3048/820 2789/3045/898
f 2785/3041/790 2790/3046/821 2792/3048/820 2791/3047/819
f 2790/3046/821 2794/3050/822 2795/3051/823 2792/3048/820
f 2786/3042/867 2793/3049/824 2795/3051/823 2794/3050/822
f 2793/3049/824 2788/3044/818 2789/3045/898 2795/3051/823
f 2789/3045/898 2792/3048/820 2795/3051/823
f 2796/3052/774 2799/3055/825 2801/3057/826 2800/3056/869
f 2799/3055/825 2803/3059/828 2804/3060/829 2801/3057/826
f 2797/3053/782 2802/3058/830 2804/3060/829 2803/3059/828
f 2802/3058/830 2806/3062/831 2807/3063/832 2804/3060/829
f 2798/3054/789 2805/3061/833 2807/3063/832 2806/3062/831
f 2805/3061/833 2800/3056/869 2801/3057/826 2807/3063/832
f 2801/3057/826 2804/3060/829 2807/3063/832
f 2808/3064/899 2811/3067/835 2813/3069/900 2812/3068/901
f 2811/3067/835 2815/3071/883 2816/3072/902 2813/3069/900
f 2809/3065/780 2814/3070/840 2816/3072/902 2815/3071/883
f 2814/3070/840 2818/3074/841 2819/3075/842 2816/3072/902
f 2810/3066/787 2817/3073/903 2819/3075/842 2818/3074/841
f 2817/3073/903 2812/3068/901 2813/3069/900 2819/3075/842
f 2813/3069/900 2816/3072/902 2819/3075/842
f 2820/3076/779 2823/3079/844 2825/3081/866 2824/3080/846
f 2823/3079/844 2827/3083/847 2828/3084/848 2825/3081/866
f 2821/3077/773 2826/3082/849 2828/3084/848 2827/3083/847
f 2826/3082/849 2830/3086/850 2831/3087/851 2828/3084/848
f 2822/3078/788 2829/3085/852 2831/3087/851 2830/3086/850
f 2829/3085/852 2824/3080/846 2825/3081/866 2831/3087/851
f 2825/3081/866 2828/3084/848 2831/3087/851
f 2774/3030/885 2761/3017/884 2767/3023/798 2781/3037/814
f 2781/3037/814 2767/3023/798 2763/3019/795 2776/3032/807
f 2776/3032/807 2763/3019/795 2760/3016/895 2772/3028/896
f 2808/3064/899 2774/3030/885 2782/3038/882 2811/3067/835
f 2811/3067/835 2782/3038/882 2778/3034/810 2815/3071/883
f 2815/3071/883 2778/3034/810 2773/3029/775 2809/3065/780
f 2822/3078/788 2810/3066/787 2818/3074/841 2829/3085/852
f 2829/3085/852 2818/3074/841 2814/3070/840 2824/3080/846
f 2824/3080/846 2814/3070/840 2809/3065/780 2820/3076/779
f 2784/3040/815 2808/3064/899 2812/3068/901 2787/3043/816
f 2787/3043/816 2812/3068/901 2817/3073/903 2791/3047/819
f 2791/3047/819 2817/3073/903 2810/3066/787 2785/3041/790
f 2821/3077/773 2796/3052/774 2800/3056/869 2826/3082/849
f 2826/3082/849 2800/3056/869 2805/3061/833 2830/3086/850
f 2830/3086/850 2805/3061/833 2798/3054/789 2822/3078/788
f 2797/3053/782 2786/3042/867 2794/3050/822 2802/3058/830
f 2802/3058/830 2794/3050/822 2790/3046/821 2806/3062/831
f 2806/3062/831 2790/3046/821 2785/3041/790 2798/3054/789
f 2761/3017/884 2784/3040/815 2788/3044/818 2766/3022/897
f 2766/3022/897 2788/3044/818 2793/3049/824 2770/3026/802
f 2770/3026/802 2793/3049/824 2786/3042/867 2762/3018/786
f 2840/3096/784 2832/3088/783 2834/3090/853 2842/3098/854
f 2842/3098/854 2834/3090/853 2835/3091/855 2843/3099/856
f 2843/3099/856 2835/3091/855 2833/3089/769 2841/3097/772
f 2848/3104/778 2852/3108/777 2854/3110/857 2850/3106/870
f 2850/3106/870 2854/3110/857 2855/3111/859 2851/3107/860
f 2851/3107/860 2855/3111/859 2853/3109/771 2849/3105/770
f 2836/3092/785 2840/3096/784 2842/3098/854 2838/3094/861
f 2838/3094/861 2842/3098/854 2843/3099/856 2839/3095/862
f 2839/3095/862 2843/3099/856 2841/3097/772 2837/3093/894
f 2852/3108/777 2844/3100/776 2846/3102/863 2854/3110/857
f 2854/3110/857 2846/3102/863 2847/3103/864 2855/3111/859
f 2855/3111/859 2847/3103/864 2845/3101/791 2853/3109/771
f 2796/3052/774 2833/3089/769 2835/3091/855 2799/3055/825
f 2799/3055/825 2835/3091/855 2834/3090/853 2803/3059/828
f 2803/3059/828 2834/3090/853 2832/3088/783 2797/3053/782
f 2837/3093/894 2760/3016/895 2764/3020/797 2839/3095/862
f 2839/3095/862 2764/3020/797 2769/3025/804 2838/3094/861
f 2838/3094/861 2769/3025/804 2762/3018/786 2836/3092/785
f 2844/3100/776 2773/3029/775 2779/3035/808 2846/3102/863
f 2846/3102/863 2779/3035/808 2775/3031/805 2847/3103/864
f 2847/3103/864 2775/3031/805 2772/3028/896 2845/3101/791
f 2820/3076/779 2848/3104/778 2850/3106/870 2823/3079/844
f 2823/3079/844 2850/3106/870 2851/3107/860 2827/3083/847
f 2827/3083/847 2851/3107/860 2849/3105/770 2821/3077/773
f 2774/3030/885 2808/3064/899 2784/3040/815 2761/3017/884
f 2929/3185/769 2945/3201/770 2949/3205/771 2937/3193/772
f 2917/3173/773 2945/3201/770 2929/3185/769 2892/3148/774
f 2869/3125/775 2940/3196/776 2948/3204/777 2944/3200/778 2916/3172/779 2905/3161/780
f 2882/3138/781 2893/3149/782 2928/3184/783 2936/3192/784 2932/3188/785 2858/3114/786
f 2906/3162/787 2918/3174/788 2894/3150/889 2881/3137/790
f 2937/3193/772 2949/3205/771 2941/3197/791 2933/3189/792
f 2856/3112/793 2933/3189/792 2941/3197/791 2868/3124/794
f 2856/3112/793 2859/3115/795 2861/3117/796 2860/3116/797
f 2859/3115/795 2863/3119/798 2864/3120/799 2861/3117/796
f 2857/3113/800 2862/3118/801 2864/3120/799 2863/3119/798
f 2862/3118/801 2866/3122/891 2867/3123/803 2864/3120/799
f 2858/3114/786 2865/3121/804 2867/3123/803 2866/3122/891
f 2865/3121/804 2860/3116/797 2861/3117/796 2867/3123/803
f 2861/3117/796 2864/3120/799 2867/3123/803
f 2868/3124/794 2871/3127/805 2873/3129/904 2872/3128/807
f 2871/3127/805 2875/3131/808 2876/3132/809 2873/3129/904
f 2869/3125/775 2874/3130/810 2876/3132/809 2875/3131/808
f 2874/3130/810 2878/3134/811 2879/3135/892 2876/3132/809
f 2870/3126/813 2877/3133/814 2879/3135/892 2878/3134/811
f 2877/3133/814 2872/3128/807 2873/3129/904 2879/3135/892
f 2873/3129/904 2876/3132/809 2879/3135/892
f 2880/3136/815 2883/3139/816 2885/3141/817 2884/3140/818
f 2883/3139/816 2887/3143/819 2888/3144/820 2885/3141/817
f 2881/3137/790 2886/3142/821 2888/3144/820 2887/3143/819
f 2886/3142/821 2890/3146/822 2891/3147/823 2888/3144/820
f 2882/3138/781 2889/3145/824 2891/3147/823 2890/3146/822
f 2889/3145/824 2884/3140/818 2885/3141/817 2891/3147/823
f 2885/3141/817 2888/3144/820 2891/3147/823
f 2892/3148/774 2895/3151/825 2897/3153/826 2896/3152/874
f 2895/3151/825 2899/3155/828 2900/3156/829 2897/3153/826
f 2893/3149/782 2898/3154/893 2900/3156/829 2899/3155/828
f 2898/3154/893 2902/3158/831 2903/3159/875 2900/3156/829
f 2894/3150/889 2901/3157/833 2903/3159/875 2902/3158/831
f 2901/3157/833 2896/3152/874 2897/3153/826 2903/3159/875
f 2897/3153/826 2900/3156/829 2903/3159/875
f 2904/3160/834 2907/3163/835 2909/3165/836 2908/3164/837
f 2907/3163/835 2911/3167/838 2912/3168/839 2909/3165/836
f 2905/3161/780 2910/3166/840 2912/3168/839 2911/3167/838
f 2910/3166/840 2914/3170/841 2915/3171/842 2912/3168/839
f 2906/3162/787 2913/3169/843 2915/3171/842 2914/3170/841
f 2913/3169/843 2908/3164/837 2909/3165/836 2915/3171/842
f 2909/3165/836 2912/3168/839 2915/3171/842
f 2916/3172/779 2919/3175/844 2921/3177/866 2920/3176/846
f 2919/3175/844 2923/3179/847 2924/3180/880 2921/3177/866
f 2917/3173/773 2922/3178/849 2924/3180/880 2923/3179/847
f 2922/3178/849 2926/3182/850 2927/3183/865 2924/3180/880
f 2918/3174/788 2925/3181/852 2927/3183/865 2926/3182/850
f 2925/3181/852 2920/3176/846 2921/3177/866 2927/3183/865
f 2921/3177/866 2924/3180/880 2927/3183/865
f 2870/3126/813 2857/3113/800 2863/3119/798 2877/3133/814
f 2877/3133/814 2863/3119/798 2859/3115/795 2872/3128/807
f 2872/3128/807 2859/3115/795 2856/3112/793 2868/3124/794
f 2904/3160/834 2870/3126/813 2878/3134/811 2907/3163/835
f 2907/3163/835 2878/3134/811 2874/3130/810 2911/3167/838
f 2911/3167/838 2874/3130/810 2869/3125/775 2905/3161/780
f 2918/3174/788 2906/3162/787 2914/3170/841 2925/3181/852
f 2925/3181/852 2914/3170/841 2910/3166/840 2920/3176/846
f 2920/3176/846 2910/3166/840 2905/3161/780 2916/3172/779
f 2880/3136/815 2904/3160/834 2908/3164/837 2883/3139/816
f 2883/3139/816 2908/3164/837 2913/3169/843 2887/3143/819
f 2887/3143/819 2913/3169/843 2906/3162/787 2881/3137/790
f 2917/3173/773 2892/3148/774 2896/3152/874 2922/3178/849
f 2922/3178/849 2896/3152/874 2901/3157/833 2926/3182/850
f 2926/3182/850 2901/3157/833 2894/3150/889 2918/3174/788
f 2893/3149/782 2882/3138/781 2890/3146/822 2898/3154/893
f 2898/3154/893 2890/3146/822 2886/3142/821 2902/3158/831
f 2902/3158/831 2886/3142/821 2881/3137/790 2894/3150/889
f 2857/3113/800 2880/3136/815 2884/3140/818 2862/3118/801
f 2862/3118/801 2884/3140/818 2889/3145/824 2866/3122/891
f 2866/3122/891 2889/3145/824 2882/3138/781 2858/3114/786
f 2936/3192/784 2928/3184/783 2930/3186/853 2938/3194/854
f 2938/3194/854 2930/3186/853 2931/3187/855 2939/3195/856
f 2939/3195/856 2931/3187/855 2929/3185/769 2937/3193/772
f 2944/3200/778 2948/3204/777 2950/3206/857 2946/3202/870
f 2946/3202/870 2950/3206/857 2951/3207/859 2947/3203/860
f 2947/3203/860 2951/3207/859 2949/3205/771 2945/3201/770
f 2932/3188/785 2936/3192/784 2938/3194/854 2934/3190/861
f 2934/3190/861 2938/3194/854 2939/3195/856 2935/3191/862
f 2935/3191/862 2939/3195/856 2937/3193/772 2933/3189/792
f 2948/3204/777 2940/3196/776 2942/3198/863 2950/3206/857
f 2950/3206/857 2942/3198/863 2943/3199/864 2951/3207/859
f 2951/3207/859 2943/3199/864 2941/3197/791 2949/3205/771
f 2892/3148/774 2929/3185/769 2931/3187/855 2895/3151/825
f 2895/3151/825 2931/3187/855 2930/3186/853 2899/3155/828
f 2899/3155/828 2930/3186/853 2928/3184/783 2893/3149/782
f 2933/3189/792 2856/3112/793 2860/3116/797 2935/3191/862
f 2935/3191/862 2860/3116/797 2865/3121/804 2934/3190/861
f 2934/3190/861 2865/3121/804 2858/3114/786 2932/3188/785
f 2940/3196/776 2869/3125/775 2875/3131/808 2942/3198/863
f 2942/3198/863 2875/3131/808 2871/3127/805 2943/3199/864
f 2943/3199/864 2871/3127/805 2868/3124/794 2941/3197/791
f 2916/3172/779 2944/3200/778 2946/3202/870 2919/3175/844
f 2919/3175/844 2946/3202/870 2947/3203/860 2923/3179/847
f 2923/3179/847 2947/3203/860 2945/3201/770 2917/3173/773
f 2870/3126/813 2904/3160/834 2880/3136/815 2857/3113/800
f 3025/3281/769 3041/3297/770 3045/3301/771 3033/3289/772
f 3013/3269/773 3041/3297/770 3025/3281/769 2988/3244/774
f 2965/3221/775 3036/3292/776 3044/3300/777 3040/3296/778 3012/3268/779 3001/3257/780
f 2978/3234/867 2989/3245/782 3024/3280/783 3032/3288/784 3028/3284/785 2954/3210/786
f 3002/3258/787 3014/3270/788 2990/3246/789 2977/3233/790
f 3033/3289/772 3045/3301/771 3037/3293/791 3029/3285/792
f 2952/3208/793 3029/3285/792 3037/3293/791 2964/3220/794
f 2952/3208/793 2955/3211/795 2957/3213/796 2956/3212/797
f 2955/3211/795 2959/3215/798 2960/3216/799 2957/3213/796
f 2953/3209/800 2958/3214/801 2960/3216/799 2959/3215/798
f 2958/3214/801 2962/3218/802 2963/3219/803 2960/3216/799
f 2954/3210/786 2961/3217/804 2963/3219/803 2962/3218/802
f 2961/3217/804 2956/3212/797 2957/3213/796 2963/3219/803
f 2957/3213/796 2960/3216/799 2963/3219/803
f 2964/3220/794 2967/3223/805 2969/3225/806 2968/3224/807
f 2967/3223/805 2971/3227/808 2972/3228/809 2969/3225/806
f 2965/3221/775 2970/3226/810 2972/3228/809 2971/3227/808
f 2970/3226/810 2974/3230/882 2975/3231/812 2972/3228/809
f 2966/3222/885 2973/3229/814 2975/3231/812 2974/3230/882
f 2973/3229/814 2968/3224/807 2969/3225/806 2975/3231/812
f 2969/3225/806 2972/3228/809 2975/3231/812
f 2976/3232/815 2979/3235/905 2981/3237/817 2980/3236/818
f 2979/3235/905 2983/3239/819 2984/3240/820 2981/3237/817
f 2977/3233/790 2982/3238/821 2984/3240/820 2983/3239/819
f 2982/3238/821 2986/3242/822 2987/3243/823 2984/3240/820
f 2978/3234/867 2985/3241/824 2987/3243/823 2986/3242/822
f 2985/3241/824 2980/3236/818 2981/3237/817 2987/3243/823
f 2981/3237/817 2984/3240/820 2987/3243/823
f 2988/3244/774 2991/3247/825 2993/3249/826 2992/3248/869
f 2991/3247/825 2995/3251/828 2996/3252/872 2993/3249/826
f 2989/3245/782 2994/3250/830 2996/3252/872 2995/3251/828
f 2994/3250/830 2998/3254/831 2999/3255/878 2996/3252/872
f 2990/3246/789 2997/3253/833 2999/3255/878 2998/3254/831
f 2997/3253/833 2992/3248/869 2993/3249/826 2999/3255/878
f 2993/3249/826 2996/3252/872 2999/3255/878
f 3000/3256/899 3003/3259/835 3005/3261/836 3004/3260/906
f 3003/3259/835 3007/3263/883 3008/3264/839 3005/3261/836
f 3001/3257/780 3006/3262/840 3008/3264/839 3007/3263/883
f 3006/3262/840 3010/3266/841 3011/3267/842 3008/3264/839
f 3002/3258/787 3009/3265/843 3011/3267/842 3010/3266/841
f 3009/3265/843 3004/3260/906 3005/3261/836 3011/3267/842
f 3005/3261/836 3008/3264/839 3011/3267/842
f 3012/3268/779 3015/3271/844 3017/3273/866 3016/3272/846
f 3015/3271/844 3019/3275/847 3020/3276/848 3017/3273/866
f 3013/3269/773 3018/3274/907 3020/3276/848 3019/3275/847
f 3018/3274/907 3022/3278/850 3023/3279/851 3020/3276/848
f 3014/3270/788 3021/3277/852 3023/3279/851 3022/3278/850
f 3021/3277/852 3016/3272/846 3017/3273/866 3023/3279/851
f 3017/3273/866 3020/3276/848 3023/3279/851
f 2966/3222/885 2953/3209/800 2959/3215/798 2973/3229/814
f 2973/3229/814 2959/3215/798 2955/3211/795 2968/3224/807
f 2968/3224/807 2955/3211/795 2952/3208/793 2964/3220/794
f 3000/3256/899 2966/3222/885 2974/3230/882 3003/3259/835
f 3003/3259/835 2974/3230/882 2970/3226/810 3007/3263/883
f 3007/3263/883 2970/3226/810 2965/3221/775 3001/3257/780
f 3014/3270/788 3002/3258/787 3010/3266/841 3021/3277/852
f 3021/3277/852 3010/3266/841 3006/3262/840 3016/3272/846
f 3016/3272/846 3006/3262/840 3001/3257/780 3012/3268/779
f 2976/3232/815 3000/3256/899 3004/3260/906 2979/3235/905
f 2979/3235/905 3004/3260/906 3009/3265/843 2983/3239/819
f 2983/3239/819 3009/3265/843 3002/3258/787 2977/3233/790
f 3013/3269/773 2988/3244/774 2992/3248/869 3018/3274/907
f 3018/3274/907 2992/3248/869 2997/3253/833 3022/3278/850
f 3022/3278/850 2997/3253/833 2990/3246/789 3014/3270/788
f 2989/3245/782 2978/3234/867 2986/3242/822 2994/3250/830
f 2994/3250/830 2986/3242/822 2982/3238/821 2998/3254/831
f 2998/3254/831 2982/3238/821 2977/3233/790 2990/3246/789
f 2953/3209/800 2976/3232/815 2980/3236/818 2958/3214/801
f 2958/3214/801 2980/3236/818 2985/3241/824 2962/3218/802
f 2962/3218/802 2985/3241/824 2978/3234/867 2954/3210/786
f 3032/3288/784 3024/3280/783 3026/3282/853 3034/3290/854
f 3034/3290/854 3026/3282/853 3027/3283/855 3035/3291/856
f 3035/3291/856 3027/3283/855 3025/3281/769 3033/3289/772
f 3040/3296/778 3044/3300/777 3046/3302/857 3042/3298/870
f 3042/3298/870 3046/3302/857 3047/3303/859 3043/3299/860
f 3043/3299/860 3047/3303/859 3045/3301/771 3041/3297/770
f 3028/3284/785 3032/3288/784 3034/3290/854 3030/3286/861
f 3030/3286/861 3034/3290/854 3035/3291/856 3031/3287/862
f 3031/3287/862 3035/3291/856 3033/3289/772 3029/3285/792
f 3044/3300/777 3036/3292/776 3038/3294/863 3046/3302/857
f 3046/3302/857 3038/3294/863 3039/3295/864 3047/3303/859
f 3047/3303/859 3039/3295/864 3037/3293/791 3045/3301/771
f 2988/3244/774 3025/3281/769 3027/3283/855 2991/3247/825
f 2991/3247/825 3027/3283/855 3026/3282/853 2995/3251/828
f 2995/3251/828 3026/3282/853 3024/3280/783 2989/3245/782
f 3029/3285/792 2952/3208/793 2956/3212/797 3031/3287/862
f 3031/3287/862 2956/3212/797 2961/3217/804 3030/3286/861
f 3030/3286/861 2961/3217/804 2954/3210/786 3028/3284/785
f 3036/3292/776 2965/3221/775 2971/3227/808 3038/3294/863
f 3038/3294/863 2971/3227/808 2967/3223/805 3039/3295/864
f 3039/3295/864 2967/3223/805 2964/3220/794 3037/3293/791
f 3012/3268/779 3040/3296/778 3042/3298/870 3015/3271/844
f 3015/3271/844 3042/3298/870 3043/3299/860 3019/3275/847
f 3019/3275/847 3043/3299/860 3041/3297/770 3013/3269/773
f 2966/3222/885 3000/3256/899 2976/3232/815 2953/3209/800
f 3121/3377/769 3137/3393/770 3141/3397/771 3129/3385/772
f 3109/3365/773 3137/3393/770 3121/3377/769 3084/3340/774
f 3061/3317/775 3132/3388/776 3140/3396/777 3136/3392/778 3108/3364/779 3097/3353/780
f 3074/3330/781 3085/3341/782 3120/3376/783 3128/3384/784 3124/3380/785 3050/3306/786
f 3098/3354/787 3110/3366/788 3086/3342/889 3073/3329/790
f 3129/3385/772 3141/3397/771 3133/3389/791 3125/3381/792
f 3048/3304/895 3125/3381/792 3133/3389/791 3060/3316/794
f 3048/3304/895 3051/3307/795 3053/3309/796 3052/3308/797
f 3051/3307/795 3055/3311/798 3056/3312/799 3053/3309/796
f 3049/3305/800 3054/3310/801 3056/3312/799 3055/3311/798
f 3054/3310/801 3058/3314/891 3059/3315/803 3056/3312/799
f 3050/3306/786 3057/3313/804 3059/3315/803 3058/3314/891
f 3057/3313/804 3052/3308/797 3053/3309/796 3059/3315/803
f 3053/3309/796 3056/3312/799 3059/3315/803
f 3060/3316/794 3063/3319/805 3065/3321/904 3064/3320/807
f 3063/3319/805 3067/3323/808 3068/3324/809 3065/3321/904
f 3061/3317/775 3066/3322/810 3068/3324/809 3067/3323/808
f 3066/3322/810 3070/3326/811 3071/3327/892 3068/3324/809
f 3062/3318/813 3069/3325/814 3071/3327/892 3070/3326/811
f 3069/3325/814 3064/3320/807 3065/3321/904 3071/3327/892
f 3065/3321/904 3068/3324/809 3071/3327/892
f 3072/3328/815 3075/3331/816 3077/3333/817 3076/3332/818
f 3075/3331/816 3079/3335/819 3080/3336/820 3077/3333/817
f 3073/3329/790 3078/3334/821 3080/3336/820 3079/3335/819
f 3078/3334/821 3082/3338/822 3083/3339/823 3080/3336/820
f 3074/3330/781 3081/3337/824 3083/3339/823 3082/3338/822
f 3081/3337/824 3076/3332/818 3077/3333/817 3083/3339/823
f 3077/3333/817 3080/3336/820 3083/3339/823
f 3084/3340/774 3087/3343/825 3089/3345/826 3088/3344/827
f 3087/3343/825 3091/3347/828 3092/3348/829 3089/3345/826
f 3085/3341/782 3090/3346/908 3092/3348/829 3091/3347/828
f 3090/3346/908 3094/3350/831 3095/3351/875 3092/3348/829
f 3086/3342/889 3093/3349/833 3095/3351/875 3094/3350/831
f 3093/3349/833 3088/3344/827 3089/3345/826 3095/3351/875
f 3089/3345/826 3092/3348/829 3095/3351/875
f 3096/3352/834 3099/3355/835 3101/3357/836 3100/3356/837
f 3099/3355/835 3103/3359/838 3104/3360/839 3101/3357/836
f 3097/3353/780 3102/3358/840 3104/3360/839 3103/3359/838
f 3102/3358/840 3106/3362/841 3107/3363/842 3104/3360/839
f 3098/3354/787 3105/3361/843 3107/3363/842 3106/3362/841
f 3105/3361/843 3100/3356/837 3101/3357/836 3107/3363/842
f 3101/3357/836 3104/3360/839 3107/3363/842
f 3108/3364/779 3111/3367/844 3113/3369/845 3112/3368/846
f 3111/3367/844 3115/3371/847 3116/3372/877 3113/3369/845
f 3109/3365/773 3114/3370/849 3116/3372/877 3115/3371/847
f 3114/3370/849 3118/3374/850 3119/3375/865 3116/3372/877
f 3110/3366/788 3117/3373/852 3119/3375/865 3118/3374/850
f 3117/3373/852 3112/3368/846 3113/3369/845 3119/3375/865
f 3113/3369/845 3116/3372/877 3119/3375/865
f 3062/3318/813 3049/3305/800 3055/3311/798 3069/3325/814
f 3069/3325/814 3055/3311/798 3051/3307/795 3064/3320/807
f 3064/3320/807 3051/3307/795 3048/3304/895 3060/3316/794
f 3096/3352/834 3062/3318/813 3070/3326/811 3099/3355/835
f 3099/3355/835 3070/3326/811 3066/3322/810 3103/3359/838
f 3103/3359/838 3066/3322/810 3061/3317/775 3097/3353/780
f 3110/3366/788 3098/3354/787 3106/3362/841 3117/3373/852
f 3117/3373/852 3106/3362/841 3102/3358/840 3112/3368/846
f 3112/3368/846 3102/3358/840 3097/3353/780 3108/3364/779
f 3072/3328/815 3096/3352/834 3100/3356/837 3075/3331/816
f 3075/3331/816 3100/3356/837 3105/3361/843 3079/3335/819
f 3079/3335/819 3105/3361/843 3098/3354/787 3073/3329/790
f 3109/3365/773 3084/3340/774 3088/3344/827 3114/3370/849
f 3114/3370/849 3088/3344/827 3093/3349/833 3118/3374/850
f 3118/3374/850 3093/3349/833 3086/3342/889 3110/3366/788
f 3085/3341/782 3074/3330/781 3082/3338/822 3090/3346/908
f 3090/3346/908 3082/3338/822 3078/3334/821 3094/3350/831
f 3094/3350/831 3078/3334/821 3073/3329/790 3086/3342/889
f 3049/3305/800 3072/3328/815 3076/3332/818 3054/3310/801
f 3054/3310/801 3076/3332/818 3081/3337/824 3058/3314/891
f 3058/3314/891 3081/3337/824 3074/3330/781 3050/3306/786
f 3128/3384/784 3120/3376/783 3122/3378/853 3130/3386/854
f 3130/3386/854 3122/3378/853 3123/3379/855 3131/3387/856
f 3131/3387/856 3123/3379/855 3121/3377/769 3129/3385/772
f 3136/3392/778 3140/3396/777 3142/3398/857 3138/3394/870
f 3138/3394/870 3142/3398/857 3143/3399/859 3139/3395/860
f 3139/3395/860 3143/3399/859 3141/3397/771 3137/3393/770
f 3124/3380/785 3128/3384/784 3130/3386/854 3126/3382/861
f 3126/3382/861 3130/3386/854 3131/3387/856 3127/3383/862
f 3127/3383/862 3131/3387/856 3129/3385/772 3125/3381/792
f 3140/3396/777 3132/3388/776 3134/3390/863 3142/3398/857
f 3142/3398/857 3134/3390/863 3135/3391/864 3143/3399/859
f 3143/3399/859 3135/3391/864 3133/3389/791 3141/3397/771
f 3084/3340/774 3121/3377/769 3123/3379/855 3087/3343/825
f 3087/3343/825 3123/3379/855 3122/3378/853 3091/3347/828
f 3091/3347/828 3122/3378/853 3120/3376/783 3085/3341/782
f 3125/3381/792 3048/3304/895 3052/3308/797 3127/3383/862
f 3127/3383/862 3052/3308/797 3057/3313/804 3126/3382/861
f 3126/3382/861 3057/3313/804 3050/3306/786 3124/3380/785
f 3132/3388/776 3061/3317/775 3067/3323/808 3134/3390/863
f 3134/3390/863 3067/3323/808 3063/3319/805 3135/3391/864
f 3135/3391/864 3063/3319/805 3060/3316/794 3133/3389/791
f 3108/3364/779 3136/3392/778 3138/3394/870 3111/3367/844
f 3111/3367/844 3138/3394/870 3139/3395/860 3115/3371/847
f 3115/3371/847 3139/3395/860 3137/3393/770 3109/3365/773
f 3062/3318/813 3096/3352/834 3072/3328/815 3049/3305/800
f 3217/3473/769 3233/3489/770 3237/3493/771 3225/3481/772
f 3205/3461/773 3233/3489/770 3217/3473/769 3180/3436/909
f 3157/3413/775 3228/3484/776 3236/3492/777 3232/3488/778 3204/3460/779 3193/3449/780
f 3170/3426/867 3181/3437/782 3216/3472/783 3224/3480/784 3220/3476/785 3146/3402/786
f 3194/3450/787 3206/3462/788 3182/3438/789 3169/3425/790
f 3225/3481/772 3237/3493/771 3229/3485/791 3221/3477/792
f 3144/3400/793 3221/3477/792 3229/3485/791 3156/3412/794
f 3144/3400/793 3147/3403/795 3149/3405/796 3148/3404/797
f 3147/3403/795 3151/3407/798 3152/3408/799 3149/3405/796
f 3145/3401/800 3150/3406/801 3152/3408/799 3151/3407/798
f 3150/3406/801 3154/3410/802 3155/3411/803 3152/3408/799
f 3146/3402/786 3153/3409/804 3155/3411/803 3154/3410/802
f 3153/3409/804 3148/3404/797 3149/3405/796 3155/3411/803
f 3149/3405/796 3152/3408/799 3155/3411/803
f 3156/3412/794 3159/3415/805 3161/3417/910 3160/3416/807
f 3159/3415/805 3163/3419/808 3164/3420/809 3161/3417/910
f 3157/3413/775 3162/3418/810 3164/3420/809 3163/3419/808
f 3162/3418/810 3166/3422/811 3167/3423/812 3164/3420/809
f 3158/3414/885 3165/3421/814 3167/3423/812 3166/3422/811
f 3165/3421/814 3160/3416/807 3161/3417/910 3167/3423/812
f 3161/3417/910 3164/3420/809 3167/3423/812
f 3168/3424/815 3171/3427/816 3173/3429/898 3172/3428/818
f 3171/3427/816 3175/3431/819 3176/3432/820 3173/3429/898
f 3169/3425/790 3174/3430/821 3176/3432/820 3175/3431/819
f 3174/3430/821 3178/3434/822 3179/3435/823 3176/3432/820
f 3170/3426/867 3177/3433/824 3179/3435/823 3178/3434/822
f 3177/3433/824 3172/3428/818 3173/3429/898 3179/3435/823
f 3173/3429/898 3176/3432/820 3179/3435/823
f 3180/3436/909 3183/3439/825 3185/3441/911 3184/3440/869
f 3183/3439/825 3187/3443/828 3188/3444/872 3185/3441/911
f 3181/3437/782 3186/3442/830 3188/3444/872 3187/3443/828
f 3186/3442/830 3190/3446/831 3191/3447/878 3188/3444/872
f 3182/3438/789 3189/3445/833 3191/3447/878 3190/3446/831
f 3189/3445/833 3184/3440/869 3185/3441/911 3191/3447/878
f 3185/3441/911 3188/3444/872 3191/3447/878
f 3192/3448/876 3195/3451/835 3197/3453/836 3196/3452/901
f 3195/3451/835 3199/3455/883 3200/3456/839 3197/3453/836
f 3193/3449/780 3198/3454/840 3200/3456/839 3199/3455/883
f 3198/3454/840 3202/3458/841 3203/3459/842 3200/3456/839
f 3194/3450/787 3201/3457/843 3203/3459/842 3202/3458/841
f 3201/3457/843 3196/3452/901 3197/3453/836 3203/3459/842
f 3197/3453/836 3200/3456/839 3203/3459/842
f 3204/3460/779 3207/3463/844 3209/3465/912 3208/3464/846
f 3207/3463/844 3211/3467/847 3212/3468/848 3209/3465/912
f 3205/3461/773 3210/3466/849 3212/3468/848 3211/3467/847
f 3210/3466/849 3214/3470/850 3215/3471/851 3212/3468/848
f 3206/3462/788 3213/3469/852 3215/3471/851 3214/3470/850
f 3213/3469/852 3208/3464/846 3209/3465/912 3215/3471/851
f 3209/3465/912 3212/3468/848 3215/3471/851
f 3158/3414/885 3145/3401/800 3151/3407/798 3165/3421/814
f 3165/3421/814 3151/3407/798 3147/3403/795 3160/3416/807
f 3160/3416/807 3147/3403/795 3144/3400/793 3156/3412/794
f 3192/3448/876 3158/3414/885 3166/3422/811 3195/3451/835
f 3195/3451/835 3166/3422/811 3162/3418/810 3199/3455/883
f 3199/3455/883 3162/3418/810 3157/3413/775 3193/3449/780
f 3206/3462/788 3194/3450/787 3202/3458/841 3213/3469/852
f 3213/3469/852 3202/3458/841 3198/3454/840 3208/3464/846
f 3208/3464/846 3198/3454/840 3193/3449/780 3204/3460/779
f 3168/3424/815 3192/3448/876 3196/3452/901 3171/3427/816
f 3171/3427/816 3196/3452/901 3201/3457/843 3175/3431/819
f 3175/3431/819 3201/3457/843 3194/3450/787 3169/3425/790
f 3205/3461/773 3180/3436/909 3184/3440/869 3210/3466/849
f 3210/3466/849 3184/3440/869 3189/3445/833 3214/3470/850
f 3214/3470/850 3189/3445/833 3182/3438/789 3206/3462/788
f 3181/3437/782 3170/3426/867 3178/3434/822 3186/3442/830
f 3186/3442/830 3178/3434/822 3174/3430/821 3190/3446/831
f 3190/3446/831 3174/3430/821 3169/3425/790 3182/3438/789
f 3145/3401/800 3168/3424/815 3172/3428/818 3150/3406/801
f 3150/3406/801 3172/3428/818 3177/3433/824 3154/3410/802
f 3154/3410/802 3177/3433/824 3170/3426/867 3146/3402/786
f 3224/3480/784 3216/3472/783 3218/3474/853 3226/3482/854
f 3226/3482/854 3218/3474/853 3219/3475/855 3227/3483/856
f 3227/3483/856 3219/3475/855 3217/3473/769 3225/3481/772
f 3232/3488/778 3236/3492/777 3238/3494/857 3234/3490/870
f 3234/3490/870 3238/3494/857 3239/3495/859 3235/3491/860
f 3235/3491/860 3239/3495/859 3237/3493/771 3233/3489/770
f 3220/3476/785 3224/3480/784 3226/3482/854 3222/3478/861
f 3222/3478/861 3226/3482/854 3227/3483/856 3223/3479/862
f 3223/3479/862 3227/3483/856 3225/3481/772 3221/3477/792
f 3236/3492/777 3228/3484/776 3230/3486/863 3238/3494/857
f 3238/3494/857 3230/3486/863 3231/3487/864 3239/3495/859
f 3239/3495/859 3231/3487/864 3229/3485/791 3237/3493/771
f 3180/3436/909 3217/3473/769 3219/3475/855 3183/3439/825
f 3183/3439/825 3219/3475/855 3218/3474/853 3187/3443/828
f 3187/3443/828 3218/3474/853 3216/3472/783 3181/3437/782
f 3221/3477/792 3144/3400/793 3148/3404/797 3223/3479/862
f 3223/3479/862 3148/3404/797 3153/3409/804 3222/3478/861
f 3222/3478/861 3153/3409/804 3146/3402/786 3220/3476/785
f 3228/3484/776 3157/3413/775 3163/3419/808 3230/3486/863
f 3230/3486/863 3163/3419/808 3159/3415/805 3231/3487/864
f 3231/3487/864 3159/3415/805 3156/3412/794 3229/3485/791
f 3204/3460/779 3232/3488/778 3234/3490/870 3207/3463/844
f 3207/3463/844 3234/3490/870 3235/3491/860 3211/3467/847
f 3211/3467/847 3235/3491/860 3233/3489/770 3205/3461/773
f 3158/3414/885 3192/3448/876 3168/3424/815 3145/3401/800
f 3313/3569/769 3329/3585/770 3333/3589/771 3321/3577/772
f 3301/3557/773 3329/3585/770 3313/3569/769 3276/3532/774
f 3253/3509/775 3324/3580/776 3332/3588/777 3328/3584/778 3300/3556/779 3289/3545/780
f 3266/3522/781 3277/3533/782 3312/3568/783 3320/3576/784 3316/3572/785 3242/3498/786
f 3290/3546/787 3302/3558/788 3278/3534/889 3265/3521/790
f 3321/3577/772 3333/3589/771 3325/3581/791 3317/3573/792
f 3240/3496/793 3317/3573/792 3325/3581/791 3252/3508/896
f 3240/3496/793 3243/3499/795 3245/3501/913 3244/3500/797
f 3243/3499/795 3247/3503/798 3248/3504/799 3245/3501/913
f 3241/3497/800 3246/3502/801 3248/3504/799 3247/3503/798
f 3246/3502/801 3250/3506/802 3251/3507/803 3248/3504/799
f 3242/3498/786 3249/3505/804 3251/3507/803 3250/3506/802
f 3249/3505/804 3244/3500/797 3245/3501/913 3251/3507/803
f 3245/3501/913 3248/3504/799 3251/3507/803
f 3252/3508/896 3255/3511/805 3257/3513/806 3256/3512/807
f 3255/3511/805 3259/3515/808 3260/3516/809 3257/3513/806
f 3253/3509/775 3258/3514/810 3260/3516/809 3259/3515/808
f 3258/3514/810 3262/3518/882 3263/3519/812 3260/3516/809
f 3254/3510/813 3261/3517/914 3263/3519/812 3262/3518/882
f 3261/3517/914 3256/3512/807 3257/3513/806 3263/3519/812
f 3257/3513/806 3260/3516/809 3263/3519/812
f 3264/3520/815 3267/3523/816 3269/3525/817 3268/3524/818
f 3267/3523/816 3271/3527/819 3272/3528/820 3269/3525/817
f 3265/3521/790 3270/3526/821 3272/3528/820 3271/3527/819
f 3270/3526/821 3274/3530/822 3275/3531/823 3272/3528/820
f 3266/3522/781 3273/3529/824 3275/3531/823 3274/3530/822
f 3273/3529/824 3268/3524/818 3269/3525/817 3275/3531/823
f 3269/3525/817 3272/3528/820 3275/3531/823
f 3276/3532/774 3279/3535/825 3281/3537/915 3280/3536/874
f 3279/3535/825 3283/3539/828 3284/3540/829 3281/3537/915
f 3277/3533/782 3282/3538/908 3284/3540/829 3283/3539/828
f 3282/3538/908 3286/3542/831 3287/3543/916 3284/3540/829
f 3278/3534/889 3285/3541/833 3287/3543/916 3286/3542/831
f 3285/3541/833 3280/3536/874 3281/3537/915 3287/3543/916
f 3281/3537/915 3284/3540/829 3287/3543/916
f 3288/3544/834 3291/3547/835 3293/3549/836 3292/3548/901
f 3291/3547/835 3295/3551/838 3296/3552/839 3293/3549/836
f 3289/3545/780 3294/3550/840 3296/3552/839 3295/3551/838
f 3294/3550/840 3298/3554/841 3299/3555/842 3296/3552/839
f 3290/3546/787 3297/3553/843 3299/3555/842 3298/3554/841
f 3297/3553/843 3292/3548/901 3293/3549/836 3299/3555/842
f 3293/3549/836 3296/3552/839 3299/3555/842
f 3300/3556/779 3303/3559/844 3305/3561/866 3304/3560/846
f 3303/3559/844 3307/3563/847 3308/3564/880 3305/3561/866
f 3301/3557/773 3306/3562/849 3308/3564/880 3307/3563/847
f 3306/3562/849 3310/3566/850 3311/3567/865 3308/3564/880
f 3302/3558/788 3309/3565/852 3311/3567/865 3310/3566/850
f 3309/3565/852 3304/3560/846 3305/3561/866 3311/3567/865
f 3305/3561/866 3308/3564/880 3311/3567/865
f 3254/3510/813 3241/3497/800 3247/3503/798 3261/3517/914
f 3261/3517/914 3247/3503/798 3243/3499/795 3256/3512/807
f 3256/3512/807 3243/3499/795 3240/3496/793 3252/3508/896
f 3288/3544/834 3254/3510/813 3262/3518/882 3291/3547/835
f 3291/3547/835 3262/3518/882 3258/3514/810 3295/3551/838
f 3295/3551/838 3258/3514/810 3253/3509/775 3289/3545/780
f 3302/3558/788 3290/3546/787 3298/3554/841 3309/3565/852
f 3309/3565/852 3298/3554/841 3294/3550/840 3304/3560/846
f 3304/3560/846 3294/3550/840 3289/3545/780 3300/3556/779
f 3264/3520/815 3288/3544/834 3292/3548/901 3267/3523/816
f 3267/3523/816 3292/3548/901 3297/3553/843 3271/3527/819
f 3271/3527/819 3297/3553/843 3290/3546/787 3265/3521/790
f 3301/3557/773 3276/3532/774 3280/3536/874 3306/3562/849
f 3306/3562/849 3280/3536/874 3285/3541/833 3310/3566/850
f 3310/3566/850 3285/3541/833 3278/3534/889 3302/3558/788
f 3277/3533/782 3266/3522/781 3274/3530/822 3282/3538/908
f 3282/3538/908 3274/3530/822 3270/3526/821 3286/3542/831
f 3286/3542/831 3270/3526/821 3265/3521/790 3278/3534/889
f 3241/3497/800 3264/3520/815 3268/3524/818 3246/3502/801
f 3246/3502/801 3268/3524/818 3273/3529/824 3250/3506/802
f 3250/3506/802 3273/3529/824 3266/3522/781 3242/3498/786
f 3320/3576/784 3312/3568/783 3314/3570/853 3322/3578/854
f 3322/3578/854 3314/3570/853 3315/3571/855 3323/3579/856
f 3323/3579/856 3315/3571/855 3313/3569/769 3321/3577/772
f 3328/3584/778 3332/3588/777 3334/3590/857 3330/3586/870
f 3330/3586/870 3334/3590/857 3335/3591/859 3331/3587/860
f 3331/3587/860 3335/3591/859 3333/3589/771 3329/3585/770
f 3316/3572/785 3320/3576/784 3322/3578/854 3318/3574/861
f 3318/3574/861 3322/3578/854 3323/3579/856 3319/3575/862
f 3319/3575/862 3323/3579/856 3321/3577/772 3317/3573/792
f 3332/3588/777 3324/3580/776 3326/3582/863 3334/3590/857
f 3334/3590/857 3326/3582/863 3327/3583/864 3335/3591/859
f 3335/3591/859 3327/3583/864 3325/3581/791 3333/3589/771
f 3276/3532/774 3313/3569/769 3315/3571/855 3279/3535/825
f 3279/3535/825 3315/3571/855 3314/3570/853 3283/3539/828
f 3283/3539/828 3314/3570/853 3312/3568/783 3277/3533/782
f 3317/3573/792 3240/3496/793 3244/3500/797 3319/3575/862
f 3319/3575/862 3244/3500/797 3249/3505/804 3318/3574/861
f 3318/3574/861 3249/3505/804 3242/3498/786 3316/3572/785
f 3324/3580/776 3253/3509/775 3259/3515/808 3326/3582/863
f 3326/3582/863 3259/3515/808 3255/3511/805 3327/3583/864
f 3327/3583/864 3255/3511/805 3252/3508/896 3325/3581/791
f 3300/3556/779 3328/3584/778 3330/3586/870 3303/3559/844
f 3303/3559/844 3330/3586/870 3331/3587/860 3307/3563/847
f 3307/3563/847 3331/3587/860 3329/3585/770 3301/3557/773
f 3254/3510/813 3288/3544/834 3264/3520/815 3241/3497/800
f 3409/3665/769 3425/3681/770 3429/3685/771 3417/3673/772
f 3397/3653/917 3425/3681/770 3409/3665/769 3372/3628/909
f 3349/3605/775 3420/3676/776 3428/3684/777 3424/3680/778 3396/3652/779 3385/3641/780
f 3362/3618/867 3373/3629/782 3408/3664/783 3416/3672/784 3412/3668/785 3338/3594/786
f 3386/3642/787 3398/3654/788 3374/3630/889 3361/3617/790
f 3417/3673/772 3429/3685/771 3421/3677/791 3413/3669/792
f 3336/3592/793 3413/3669/792 3421/3677/791 3348/3604/794
f 3336/3592/793 3339/3595/795 3341/3597/796 3340/3596/797
f 3339/3595/795 3343/3599/871 3344/3600/799 3341/3597/796
f 3337/3593/884 3342/3598/801 3344/3600/799 3343/3599/871
f 3342/3598/801 3346/3602/802 3347/3603/803 3344/3600/799
f 3338/3594/786 3345/3601/804 3347/3603/803 3346/3602/802
f 3345/3601/804 3340/3596/797 3341/3597/796 3347/3603/803
f 3341/3597/796 3344/3600/799 3347/3603/803
f 3348/3604/794 3351/3607/805 3353/3609/806 3352/3608/807
f 3351/3607/805 3355/3611/808 3356/3612/881 3353/3609/806
f 3349/3605/775 3354/3610/810 3356/3612/881 3355/3611/808
f 3354/3610/810 3358/3614/811 3359/3615/812 3356/3612/881
f 3350/3606/885 3357/3613/814 3359/3615/812 3358/3614/811
f 3357/3613/814 3352/3608/807 3353/3609/806 3359/3615/812
f 3353/3609/806 3356/3612/881 3359/3615/812
f 3360/3616/918 3363/3619/905 3365/3621/898 3364/3620/818
f 3363/3619/905 3367/3623/819 3368/3624/820 3365/3621/898
f 3361/3617/790 3366/3622/821 3368/3624/820 3367/3623/819
f 3366/3622/821 3370/3626/822 3371/3627/823 3368/3624/820
f 3362/3618/867 3369/3625/824 3371/3627/823 3370/3626/822
f 3369/3625/824 3364/3620/818 3365/3621/898 3371/3627/823
f 3365/3621/898 3368/3624/820 3371/3627/823
f 3372/3628/909 3375/3631/825 3377/3633/826 3376/3632/869
f 3375/3631/825 3379/3635/828 3380/3636/829 3377/3633/826
f 3373/3629/782 3378/3634/830 3380/3636/829 3379/3635/828
f 3378/3634/830 3382/3638/831 3383/3639/832 3380/3636/829
f 3374/3630/889 3381/3637/873 3383/3639/832 3382/3638/831
f 3381/3637/873 3376/3632/869 3377/3633/826 3383/3639/832
f 3377/3633/826 3380/3636/829 3383/3639/832
f 3384/3640/899 3387/3643/835 3389/3645/900 3388/3644/901
f 3387/3643/835 3391/3647/883 3392/3648/902 3389/3645/900
f 3385/3641/780 3390/3646/840 3392/3648/902 3391/3647/883
f 3390/3646/840 3394/3650/841 3395/3651/842 3392/3648/902
f 3386/3642/787 3393/3649/843 3395/3651/842 3394/3650/841
f 3393/3649/843 3388/3644/901 3389/3645/900 3395/3651/842
f 3389/3645/900 3392/3648/902 3395/3651/842
f 3396/3652/779 3399/3655/844 3401/3657/866 3400/3656/846
f 3399/3655/844 3403/3659/847 3404/3660/848 3401/3657/866
f 3397/3653/917 3402/3658/907 3404/3660/848 3403/3659/847
f 3402/3658/907 3406/3662/850 3407/3663/919 3404/3660/848
f 3398/3654/788 3405/3661/852 3407/3663/919 3406/3662/850
f 3405/3661/852 3400/3656/846 3401/3657/866 3407/3663/919
f 3401/3657/866 3404/3660/848 3407/3663/919
f 3350/3606/885 3337/3593/884 3343/3599/871 3357/3613/814
f 3357/3613/814 3343/3599/871 3339/3595/795 3352/3608/807
f 3352/3608/807 3339/3595/795 3336/3592/793 3348/3604/794
f 3384/3640/899 3350/3606/885 3358/3614/811 3387/3643/835
f 3387/3643/835 3358/3614/811 3354/3610/810 3391/3647/883
f 3391/3647/883 3354/3610/810 3349/3605/775 3385/3641/780
f 3398/3654/788 3386/3642/787 3394/3650/841 3405/3661/852
f 3405/3661/852 3394/3650/841 3390/3646/840 3400/3656/846
f 3400/3656/846 3390/3646/840 3385/3641/780 3396/3652/779
f 3360/3616/918 3384/3640/899 3388/3644/901 3363/3619/905
f 3363/3619/905 3388/3644/901 3393/3649/843 3367/3623/819
f 3367/3623/819 3393/3649/843 3386/3642/787 3361/3617/790
f 3397/3653/917 3372/3628/909 3376/3632/869 3402/3658/907
f 3402/3658/907 3376/3632/869 3381/3637/873 3406/3662/850
f 3406/3662/850 3381/3637/873 3374/3630/889 3398/3654/788
f 3373/3629/782 3362/3618/867 3370/3626/822 3378/3634/830
f 3378/3634/830 3370/3626/822 3366/3622/821 3382/3638/831
f 3382/3638/831 3366/3622/821 3361/3617/790 3374/3630/889
f 3337/3593/884 3360/3616/918 3364/3620/818 3342/3598/801
f 3342/3598/801 3364/3620/818 3369/3625/824 3346/3602/802
f 3346/3602/802 3369/3625/824 3362/3618/867 3338/3594/786
f 3416/3672/784 3408/3664/783 3410/3666/853 3418/3674/854
f 3418/3674/854 3410/3666/853 3411/3667/855 3419/3675/856
f 3419/3675/856 3411/3667/855 3409/3665/769 3417/3673/772
f 3424/3680/778 3428/3684/777 3430/3686/857 3426/3682/858
f 3426/3682/858 3430/3686/857 3431/3687/859 3427/3683/860
f 3427/3683/860 3431/3687/859 3429/3685/771 3425/3681/770
f 3412/3668/785 3416/3672/784 3418/3674/854 3414/3670/861
f 3414/3670/861 3418/3674/854 3419/3675/856 3415/3671/862
f 3415/3671/862 3419/3675/856 3417/3673/772 3413/3669/792
f 3428/3684/777 3420/3676/776 3422/3678/863 3430/3686/857
f 3430/3686/857 3422/3678/863 3423/3679/864 3431/3687/859
f 3431/3687/859 3423/3679/864 3421/3677/791 3429/3685/771
f 3372/3628/909 3409/3665/769 3411/3667/855 3375/3631/825
f 3375/3631/825 3411/3667/855 3410/3666/853 3379/3635/828
f 3379/3635/828 3410/3666/853 3408/3664/783 3373/3629/782
f 3413/3669/792 3336/3592/793 3340/3596/797 3415/3671/862
f 3415/3671/862 3340/3596/797 3345/3601/804 3414/3670/861
f 3414/3670/861 3345/3601/804 3338/3594/786 3412/3668/785
f 3420/3676/776 3349/3605/775 3355/3611/808 3422/3678/863
f 3422/3678/863 3355/3611/808 3351/3607/805 3423/3679/864
f 3423/3679/864 3351/3607/805 3348/3604/794 3421/3677/791
f 3396/3652/779 3424/3680/778 3426/3682/858 3399/3655/844
f 3399/3655/844 3426/3682/858 3427/3683/860 3403/3659/847
f 3403/3659/847 3427/3683/860 3425/3681/770 3397/3653/917
f 3350/3606/885 3384/3640/899 3360/3616/918 3337/3593/884
f 3505/3761/769 3521/3777/770 3525/3781/771 3513/3769/772
f 3493/3749/773 3521/3777/770 3505/3761/769 3468/3724/774
f 3445/3701/775 3516/3772/776 3524/3780/777 3520/3776/778 3492/3748/779 3481/3737/780
f 3458/3714/781 3469/3725/782 3504/3760/783 3512/3768/784 3508/3764/785 3434/3690/786
f 3482/3738/787 3494/3750/920 3470/3726/789 3457/3713/790
f 3513/3769/772 3525/3781/771 3517/3773/791 3509/3765/792
f 3432/3688/895 3509/3765/792 3517/3773/791 3444/3700/794
f 3432/3688/895 3435/3691/795 3437/3693/796 3436/3692/797
f 3435/3691/795 3439/3695/798 3440/3696/799 3437/3693/796
f 3433/3689/800 3438/3694/801 3440/3696/799 3439/3695/798
f 3438/3694/801 3442/3698/891 3443/3699/803 3440/3696/799
f 3434/3690/786 3441/3697/804 3443/3699/803 3442/3698/891
f 3441/3697/804 3436/3692/797 3437/3693/796 3443/3699/803
f 3437/3693/796 3440/3696/799 3443/3699/803
f 3444/3700/794 3447/3703/805 3449/3705/806 3448/3704/807
f 3447/3703/805 3451/3707/808 3452/3708/881 3449/3705/806
f 3445/3701/775 3450/3706/810 3452/3708/881 3451/3707/808
f 3450/3706/810 3454/3710/882 3455/3711/812 3452/3708/881
f 3446/3702/885 3453/3709/814 3455/3711/812 3454/3710/882
f 3453/3709/814 3448/3704/807 3449/3705/806 3455/3711/812
f 3449/3705/806 3452/3708/881 3455/3711/812
f 3456/3712/815 3459/3715/816 3461/3717/817 3460/3716/818
f 3459/3715/816 3463/3719/819 3464/3720/820 3461/3717/817
f 3457/3713/790 3462/3718/821 3464/3720/820 3463/3719/819
f 3462/3718/821 3466/3722/921 3467/3723/823 3464/3720/820
f 3458/3714/781 3465/3721/824 3467/3723/823 3466/3722/921
f 3465/3721/824 3460/3716/818 3461/3717/817 3467/3723/823
f 3461/3717/817 3464/3720/820 3467/3723/823
f 3468/3724/774 3471/3727/825 3473/3729/826 3472/3728/827
f 3471/3727/825 3475/3731/828 3476/3732/872 3473/3729/826
f 3469/3725/782 3474/3730/908 3476/3732/872 3475/3731/828
f 3474/3730/908 3478/3734/831 3479/3735/878 3476/3732/872
f 3470/3726/789 3477/3733/833 3479/3735/878 3478/3734/831
f 3477/3733/833 3472/3728/827 3473/3729/826 3479/3735/878
f 3473/3729/826 3476/3732/872 3479/3735/878
f 3480/3736/834 3483/3739/835 3485/3741/836 3484/3740/901
f 3483/3739/835 3487/3743/838 3488/3744/839 3485/3741/836
f 3481/3737/780 3486/3742/840 3488/3744/839 3487/3743/838
f 3486/3742/840 3490/3746/841 3491/3747/922 3488/3744/839
f 3482/3738/787 3489/3745/843 3491/3747/922 3490/3746/841
f 3489/3745/843 3484/3740/901 3485/3741/836 3491/3747/922
f 3485/3741/836 3488/3744/839 3491/3747/922
f 3492/3748/779 3495/3751/844 3497/3753/866 3496/3752/846
f 3495/3751/844 3499/3755/847 3500/3756/877 3497/3753/866
f 3493/3749/773 3498/3754/849 3500/3756/877 3499/3755/847
f 3498/3754/849 3502/3758/850 3503/3759/865 3500/3756/877
f 3494/3750/920 3501/3757/852 3503/3759/865 3502/3758/850
f 3501/3757/852 3496/3752/846 3497/3753/866 3503/3759/865
f 3497/3753/866 3500/3756/877 3503/3759/865
f 3446/3702/885 3433/3689/800 3439/3695/798 3453/3709/814
f 3453/3709/814 3439/3695/798 3435/3691/795 3448/3704/807
f 3448/3704/807 3435/3691/795 3432/3688/895 3444/3700/794
f 3480/3736/834 3446/3702/885 3454/3710/882 3483/3739/835
f 3483/3739/835 3454/3710/882 3450/3706/810 3487/3743/838
f 3487/3743/838 3450/3706/810 3445/3701/775 3481/3737/780
f 3494/3750/920 3482/3738/787 3490/3746/841 3501/3757/852
f 3501/3757/852 3490/3746/841 3486/3742/840 3496/3752/846
f 3496/3752/846 3486/3742/840 3481/3737/780 3492/3748/779
f 3456/3712/815 3480/3736/834 3484/3740/901 3459/3715/816
f 3459/3715/816 3484/3740/901 3489/3745/843 3463/3719/819
f 3463/3719/819 3489/3745/843 3482/3738/787 3457/3713/790
f 3493/3749/773 3468/3724/774 3472/3728/827 3498/3754/849
f 3498/3754/849 3472/3728/827 3477/3733/833 3502/3758/850
f 3502/3758/850 3477/3733/833 3470/3726/789 3494/3750/920
f 3469/3725/782 3458/3714/781 3466/3722/921 3474/3730/908
f 3474/3730/908 3466/3722/921 3462/3718/821 3478/3734/831
f 3478/3734/831 3462/3718/821 3457/3713/790 3470/3726/789
f 3433/3689/800 3456/3712/815 3460/3716/818 3438/3694/801
f 3438/3694/801 3460/3716/818 3465/3721/824 3442/3698/891
f 3442/3698/891 3465/3721/824 3458/3714/781 3434/3690/786
f 3512/3768/784 3504/3760/783 3506/3762/853 3514/3770/854
f 3514/3770/854 3506/3762/853 3507/3763/855 3515/3771/856
f 3515/3771/856 3507/3763/855 3505/3761/769 3513/3769/772
f 3520/3776/778 3524/3780/777 3526/3782/857 3522/3778/858
f 3522/3778/858 3526/3782/857 3527/3783/859 3523/3779/860
f 3523/3779/860 3527/3783/859 3525/3781/771 3521/3777/770
f 3508/3764/785 3512/3768/784 3514/3770/854 3510/3766/861
f 3510/3766/861 3514/3770/854 3515/3771/856 3511/3767/862
f 3511/3767/862 3515/3771/856 3513/3769/772 3509/3765/792
f 3524/3780/777 3516/3772/776 3518/3774/863 3526/3782/857
f 3526/3782/857 3518/3774/863 3519/3775/864 3527/3783/859
f 3527/3783/859 3519/3775/864 3517/3773/791 3525/3781/771
f 3468/3724/774 3505/3761/769 3507/3763/855 3471/3727/825
f 3471/3727/825 3507/3763/855 3506/3762/853 3475/3731/828
f 3475/3731/828 3506/3762/853 3504/3760/783 3469/3725/782
f 3509/3765/792 3432/3688/895 3436/3692/797 3511/3767/862
f 3511/3767/862 3436/3692/797 3441/3697/804 3510/3766/861
f 3510/3766/861 3441/3697/804 3434/3690/786 3508/3764/785
f 3516/3772/776 3445/3701/775 3451/3707/808 3518/3774/863
f 3518/3774/863 3451/3707/808 3447/3703/805 3519/3775/864
f 3519/3775/864 3447/3703/805 3444/3700/794 3517/3773/791
f 3492/3748/779 3520/3776/778 3522/3778/858 3495/3751/844
f 3495/3751/844 3522/3778/858 3523/3779/860 3499/3755/847
f 3499/3755/847 3523/3779/860 3521/3777/770 3493/3749/773
f 3446/3702/885 3480/3736/834 3456/3712/815 3433/3689/800
f 3601/3857/769 3617/3873/770 3621/3877/771 3609/3865/772
f 3589/3845/773 3617/3873/770 3601/3857/769 3564/3820/909
f 3541/3797/775 3612/3868/776 3620/3876/777 3616/3872/778 3588/3844/779 3577/3833/780
f 3554/3810/867 3565/3821/782 3600/3856/783 3608/3864/784 3604/3860/785 3530/3786/786
f 3578/3834/787 3590/3846/788 3566/3822/789 3553/3809/790
f 3609/3865/772 3621/3877/771 3613/3869/791 3605/3861/792
f 3528/3784/793 3605/3861/792 3613/3869/791 3540/3796/794
f 3528/3784/793 3531/3787/795 3533/3789/886 3532/3788/797
f 3531/3787/795 3535/3791/798 3536/3792/923 3533/3789/886
f 3529/3785/800 3534/3790/801 3536/3792/923 3535/3791/798
f 3534/3790/801 3538/3794/802 3539/3795/803 3536/3792/923
f 3530/3786/786 3537/3793/804 3539/3795/803 3538/3794/802
f 3537/3793/804 3532/3788/797 3533/3789/886 3539/3795/803
f 3533/3789/886 3536/3792/923 3539/3795/803
f 3540/3796/794 3543/3799/805 3545/3801/806 3544/3800/807
f 3543/3799/805 3547/3803/808 3548/3804/809 3545/3801/806
f 3541/3797/775 3546/3802/810 3548/3804/809 3547/3803/808
f 3546/3802/810 3550/3806/811 3551/3807/812 3548/3804/809
f 3542/3798/813 3549/3805/814 3551/3807/812 3550/3806/811
f 3549/3805/814 3544/3800/807 3545/3801/806 3551/3807/812
f 3545/3801/806 3548/3804/809 3551/3807/812
f 3552/3808/918 3555/3811/905 3557/3813/817 3556/3812/818
f 3555/3811/905 3559/3815/819 3560/3816/820 3557/3813/817
f 3553/3809/790 3558/3814/821 3560/3816/820 3559/3815/819
f 3558/3814/821 3562/3818/822 3563/3819/823 3560/3816/820
f 3554/3810/867 3561/3817/824 3563/3819/823 3562/3818/822
f 3561/3817/824 3556/3812/818 3557/3813/817 3563/3819/823
f 3557/3813/817 3560/3816/820 3563/3819/823
f 3564/3820/909 3567/3823/825 3569/3825/911 3568/3824/869
f 3567/3823/825 3571/3827/828 3572/3828/872 3569/3825/911
f 3565/3821/782 3570/3826/830 3572/3828/872 3571/3827/828
f 3570/3826/830 3574/3830/831 3575/3831/832 3572/3828/872
f 3566/3822/789 3573/3829/873 3575/3831/832 3574/3830/831
f 3573/3829/873 3568/3824/869 3569/3825/911 3575/3831/832
f 3569/3825/911 3572/3828/872 3575/3831/832
f 3576/3832/899 3579/3835/835 3581/3837/900 3580/3836/924
f 3579/3835/835 3583/3839/883 3584/3840/902 3581/3837/900
f 3577/3833/780 3582/3838/840 3584/3840/902 3583/3839/883
f 3582/3838/840 3586/3842/841 3587/3843/842 3584/3840/902
f 3578/3834/787 3585/3841/903 3587/3843/842 3586/3842/841
f 3585/3841/903 3580/3836/924 3581/3837/900 3587/3843/842
f 3581/3837/900 3584/3840/902 3587/3843/842
f 3588/3844/779 3591/3847/844 3593/3849/912 3592/3848/846
f 3591/3847/844 3595/3851/847 3596/3852/848 3593/3849/912
f 3589/3845/773 3594/3850/907 3596/3852/848 3595/3851/847
f 3594/3850/907 3598/3854/925 3599/3855/865 3596/3852/848
f 3590/3846/788 3597/3853/852 3599/3855/865 3598/3854/925
f 3597/3853/852 3592/3848/846 3593/3849/912 3599/3855/865
f 3593/3849/912 3596/3852/848 3599/3855/865
f 3542/3798/813 3529/3785/800 3535/3791/798 3549/3805/814
f 3549/3805/814 3535/3791/798 3531/3787/795 3544/3800/807
f 3544/3800/807 3531/3787/795 3528/3784/793 3540/3796/794
f 3576/3832/899 3542/3798/813 3550/3806/811 3579/3835/835
f 3579/3835/835 3550/3806/811 3546/3802/810 3583/3839/883
f 3583/3839/883 3546/3802/810 3541/3797/775 3577/3833/780
f 3590/3846/788 3578/3834/787 3586/3842/841 3597/3853/852
f 3597/3853/852 3586/3842/841 3582/3838/840 3592/3848/846
f 3592/3848/846 3582/3838/840 3577/3833/780 3588/3844/779
f 3552/3808/918 3576/3832/899 3580/3836/924 3555/3811/905
f 3555/3811/905 3580/3836/924 3585/3841/903 3559/3815/819
f 3559/3815/819 3585/3841/903 3578/3834/787 3553/3809/790
f 3589/3845/773 3564/3820/909 3568/3824/869 3594/3850/907
f 3594/3850/907 3568/3824/869 3573/3829/873 3598/3854/925
f 3598/3854/925 3573/3829/873 3566/3822/789 3590/3846/788
f 3565/3821/782 3554/3810/867 3562/3818/822 3570/3826/830
f 3570/3826/830 3562/3818/822 3558/3814/821 3574/3830/831
f 3574/3830/831 3558/3814/821 3553/3809/790 3566/3822/789
f 3529/3785/800 3552/3808/918 3556/3812/818 3534/3790/801
f 3534/3790/801 3556/3812/818 3561/3817/824 3538/3794/802
f 3538/3794/802 3561/3817/824 3554/3810/867 3530/3786/786
f 3608/3864/784 3600/3856/783 3602/3858/853 3610/3866/854
f 3610/3866/854 3602/3858/853 3603/3859/855 3611/3867/856
f 3611/3867/856 3603/3859/855 3601/3857/769 3609/3865/772
f 3616/3872/778 3620/3876/777 3622/3878/857 3618/3874/870
f 3618/3874/870 3622/3878/857 3623/3879/859 3619/3875/860
f 3619/3875/860 3623/3879/859 3621/3877/771 3617/3873/770
f 3604/3860/785 3608/3864/784 3610/3866/854 3606/3862/861
f 3606/3862/861 3610/3866/854 3611/3867/856 3607/3863/862
f 3607/3863/862 3611/3867/856 3609/3865/772 3605/3861/792
f 3620/3876/777 3612/3868/776 3614/3870/863 3622/3878/857
f 3622/3878/857 3614/3870/863 3615/3871/864 3623/3879/859
f 3623/3879/859 3615/3871/864 3613/3869/791 3621/3877/771
f 3564/3820/909 3601/3857/769 3603/3859/855 3567/3823/825
f 3567/3823/825 3603/3859/855 3602/3858/853 3571/3827/828
f 3571/3827/828 3602/3858/853 3600/3856/783 3565/3821/782
f 3605/3861/792 3528/3784/793 3532/3788/797 3607/3863/862
f 3607/3863/862 3532/3788/797 3537/3793/804 3606/3862/861
f 3606/3862/861 3537/3793/804 3530/3786/786 3604/3860/785
f 3612/3868/776 3541/3797/775 3547/3803/808 3614/3870/863
f 3614/3870/863 3547/3803/808 3543/3799/805 3615/3871/864
f 3615/3871/864 3543/3799/805 3540/3796/794 3613/3869/791
f 3588/3844/779 3616/3872/778 3618/3874/870 3591/3847/844
f 3591/3847/844 3618/3874/870 3619/3875/860 3595/3851/847
f 3595/3851/847 3619/3875/860 3617/3873/770 3589/3845/773
f 3542/3798/813 3576/3832/899 3552/3808/918 3529/3785/800
f 3697/3953/769 3713/3969/770 3717/3973/771 3705/3961/772
f 3685/3941/773 3713/3969/770 3697/3953/769 3660/3916/909
f 3637/3893/775 3708/3964/776 3716/3972/777 3712/3968/778 3684/3940/779 3673/3929/780
f 3650/3906/781 3661/3917/782 3696/3952/783 3704/3960/784 3700/3956/785 3626/3882/786
f 3674/3930/787 3686/3942/788 3662/3918/789 3649/3905/790
f 3705/3961/772 3717/3973/771 3709/3965/791 3701/3957/792
f 3624/3880/793 3701/3957/792 3709/3965/791 3636/3892/794
f 3624/3880/793 3627/3883/795 3629/3885/890 3628/3884/797
f 3627/3883/795 3631/3887/798 3632/3888/799 3629/3885/890
f 3625/3881/800 3630/3886/801 3632/3888/799 3631/3887/798
f 3630/3886/801 3634/3890/891 3635/3891/803 3632/3888/799
f 3626/3882/786 3633/3889/804 3635/3891/803 3634/3890/891
f 3633/3889/804 3628/3884/797 3629/3885/890 3635/3891/803
f 3629/3885/890 3632/3888/799 3635/3891/803
f 3636/3892/794 3639/3895/805 3641/3897/806 3640/3896/807
f 3639/3895/805 3643/3899/808 3644/3900/809 3641/3897/806
f 3637/3893/775 3642/3898/810 3644/3900/809 3643/3899/808
f 3642/3898/810 3646/3902/811 3647/3903/926 3644/3900/809
f 3638/3894/885 3645/3901/814 3647/3903/926 3646/3902/811
f 3645/3901/814 3640/3896/807 3641/3897/806 3647/3903/926
f 3641/3897/806 3644/3900/809 3647/3903/926
f 3648/3904/815 3651/3907/816 3653/3909/817 3652/3908/818
f 3651/3907/816 3655/3911/819 3656/3912/820 3653/3909/817
f 3649/3905/790 3654/3910/821 3656/3912/820 3655/3911/819
f 3654/3910/821 3658/3914/921 3659/3915/823 3656/3912/820
f 3650/3906/781 3657/3913/824 3659/3915/823 3658/3914/921
f 3657/3913/824 3652/3908/818 3653/3909/817 3659/3915/823
f 3653/3909/817 3656/3912/820 3659/3915/823
f 3660/3916/909 3663/3919/825 3665/3921/826 3664/3920/827
f 3663/3919/825 3667/3923/828 3668/3924/829 3665/3921/826
f 3661/3917/782 3666/3922/927 3668/3924/829 3667/3923/828
f 3666/3922/927 3670/3926/831 3671/3927/878 3668/3924/829
f 3662/3918/789 3669/3925/833 3671/3927/878 3670/3926/831
f 3669/3925/833 3664/3920/827 3665/3921/826 3671/3927/878
f 3665/3921/826 3668/3924/829 3671/3927/878
f 3672/3928/834 3675/3931/835 3677/3933/836 3676/3932/837
f 3675/3931/835 3679/3935/838 3680/3936/839 3677/3933/836
f 3673/3929/780 3678/3934/840 3680/3936/839 3679/3935/838
f 3678/3934/840 3682/3938/841 3683/3939/842 3680/3936/839
f 3674/3930/787 3681/3937/843 3683/3939/842 3682/3938/841
f 3681/3937/843 3676/3932/837 3677/3933/836 3683/3939/842
f 3677/3933/836 3680/3936/839 3683/3939/842
f 3684/3940/779 3687/3943/844 3689/3945/845 3688/3944/846
f 3687/3943/844 3691/3947/847 3692/3948/877 3689/3945/845
f 3685/3941/773 3690/3946/849 3692/3948/877 3691/3947/847
f 3690/3946/849 3694/3950/850 3695/3951/865 3692/3948/877
f 3686/3942/788 3693/3949/852 3695/3951/865 3694/3950/850
f 3693/3949/852 3688/3944/846 3689/3945/845 3695/3951/865
f 3689/3945/845 3692/3948/877 3695/3951/865
f 3638/3894/885 3625/3881/800 3631/3887/798 3645/3901/814
f 3645/3901/814 3631/3887/798 3627/3883/795 3640/3896/807
f 3640/3896/807 3627/3883/795 3624/3880/793 3636/3892/794
f 3672/3928/834 3638/3894/885 3646/3902/811 3675/3931/835
f 3675/3931/835 3646/3902/811 3642/3898/810 3679/3935/838
f 3679/3935/838 3642/3898/810 3637/3893/775 3673/3929/780
f 3686/3942/788 3674/3930/787 3682/3938/841 3693/3949/852
f 3693/3949/852 3682/3938/841 3678/3934/840 3688/3944/846
f 3688/3944/846 3678/3934/840 3673/3929/780 3684/3940/779
f 3648/3904/815 3672/3928/834 3676/3932/837 3651/3907/816
f 3651/3907/816 3676/3932/837 3681/3937/843 3655/3911/819
f 3655/3911/819 3681/3937/843 3674/3930/787 3649/3905/790
f 3685/3941/773 3660/3916/909 3664/3920/827 3690/3946/849
f 3690/3946/849 3664/3920/827 3669/3925/833 3694/3950/850
f 3694/3950/850 3669/3925/833 3662/3918/789 3686/3942/788
f 3661/3917/782 3650/3906/781 3658/3914/921 3666/3922/927
f 3666/3922/927 3658/3914/921 3654/3910/821 3670/3926/831
f 3670/3926/831 3654/3910/821 3649/3905/790 3662/3918/789
f 3625/3881/800 3648/3904/815 3652/3908/818 3630/3886/801
f 3630/3886/801 3652/3908/818 3657/3913/824 3634/3890/891
f 3634/3890/891 3657/3913/824 3650/3906/781 3626/3882/786
f 3704/3960/784 3696/3952/783 3698/3954/853 3706/3962/854
f 3706/3962/854 3698/3954/853 3699/3955/855 3707/3963/856
f 3707/3963/856 3699/3955/855 3697/3953/769 3705/3961/772
f 3712/3968/778 3716/3972/777 3718/3974/857 3714/3970/870
f 3714/3970/870 3718/3974/857 3719/3975/859 3715/3971/860
f 3715/3971/860 3719/3975/859 3717/3973/771 3713/3969/770
f 3700/3956/785 3704/3960/784 3706/3962/854 3702/3958/861
f 3702/3958/861 3706/3962/854 3707/3963/856 3703/3959/862
f 3703/3959/862 3707/3963/856 3705/3961/772 3701/3957/792
f 3716/3972/777 3708/3964/776 3710/3966/863 3718/3974/857
f 3718/3974/857 3710/3966/863 3711/3967/864 3719/3975/859
f 3719/3975/859 3711/3967/864 3709/3965/791 3717/3973/771
f 3660/3916/909 3697/3953/769 3699/3955/855 3663/3919/825
f 3663/3919/825 3699/3955/855 3698/3954/853 3667/3923/828
f 3667/3923/828 3698/3954/853 3696/3952/783 3661/3917/782
f 3701/3957/792 3624/3880/793 3628/3884/797 3703/3959/862
f 3703/3959/862 3628/3884/797 3633/3889/804 3702/3958/861
f 3702/3958/861 3633/3889/804 3626/3882/786 3700/3956/785
f 3708/3964/776 3637/3893/775 3643/3899/808 3710/3966/863
f 3710/3966/863 3643/3899/808 3639/3895/805 3711/3967/864
f 3711/3967/864 3639/3895/805 3636/3892/794 3709/3965/791
f 3684/3940/779 3712/3968/778 3714/3970/870 3687/3943/844
f 3687/3943/844 3714/3970/870 3715/3971/860 3691/3947/847
f 3691/3947/847 3715/3971/860 3713/3969/770 3685/3941/773
f 3638/3894/885 3672/3928/834 3648/3904/815 3625/3881/800
f 3793/4049/769 3809/4065/770 3813/4069/771 3801/4057/772
f 3781/4037/773 3809/4065/770 3793/4049/769 3756/4012/909
f 3733/3989/775 3804/4060/776 3812/4068/777 3808/4064/778 3780/4036/779 3769/4025/780
f 3746/4002/867 3757/4013/782 3792/4048/783 3800/4056/784 3796/4052/785 3722/3978/786
f 3770/4026/787 3782/4038/788 3758/4014/789 3745/4001/790
f 3801/4057/772 3813/4069/771 3805/4061/791 3797/4053/792
f 3720/3976/895 3797/4053/792 3805/4061/791 3732/3988/794
f 3720/3976/895 3723/3979/795 3725/3981/796 3724/3980/797
f 3723/3979/795 3727/3983/798 3728/3984/799 3725/3981/796
f 3721/3977/800 3726/3982/801 3728/3984/799 3727/3983/798
f 3726/3982/801 3730/3986/802 3731/3987/803 3728/3984/799
f 3722/3978/786 3729/3985/804 3731/3987/803 3730/3986/802
f 3729/3985/804 3724/3980/797 3725/3981/796 3731/3987/803
f 3725/3981/796 3728/3984/799 3731/3987/803
f 3732/3988/794 3735/3991/805 3737/3993/910 3736/3992/807
f 3735/3991/805 3739/3995/808 3740/3996/881 3737/3993/910
f 3733/3989/775 3738/3994/810 3740/3996/881 3739/3995/808
f 3738/3994/810 3742/3998/811 3743/3999/812 3740/3996/881
f 3734/3990/813 3741/3997/814 3743/3999/812 3742/3998/811
f 3741/3997/814 3736/3992/807 3737/3993/910 3743/3999/812
f 3737/3993/910 3740/3996/881 3743/3999/812
f 3744/4000/815 3747/4003/816 3749/4005/898 3748/4004/818
f 3747/4003/816 3751/4007/819 3752/4008/820 3749/4005/898
f 3745/4001/790 3750/4006/821 3752/4008/820 3751/4007/819
f 3750/4006/821 3754/4010/822 3755/4011/823 3752/4008/820
f 3746/4002/867 3753/4009/824 3755/4011/823 3754/4010/822
f 3753/4009/824 3748/4004/818 3749/4005/898 3755/4011/823
f 3749/4005/898 3752/4008/820 3755/4011/823
f 3756/4012/909 3759/4015/825 3761/4017/911 3760/4016/827
f 3759/4015/825 3763/4019/828 3764/4020/872 3761/4017/911
f 3757/4013/782 3762/4018/830 3764/4020/872 3763/4019/828
f 3762/4018/830 3766/4022/831 3767/4023/832 3764/4020/872
f 3758/4014/789 3765/4021/833 3767/4023/832 3766/4022/831
f 3765/4021/833 3760/4016/827 3761/4017/911 3767/4023/832
f 3761/4017/911 3764/4020/872 3767/4023/832
f 3768/4024/899 3771/4027/835 3773/4029/836 3772/4028/906
f 3771/4027/835 3775/4031/883 3776/4032/839 3773/4029/836
f 3769/4025/780 3774/4030/840 3776/4032/839 3775/4031/883
f 3774/4030/840 3778/4034/841 3779/4035/842 3776/4032/839
f 3770/4026/787 3777/4033/903 3779/4035/842 3778/4034/841
f 3777/4033/903 3772/4028/906 3773/4029/836 3779/4035/842
f 3773/4029/836 3776/4032/839 3779/4035/842
f 3780/4036/779 3783/4039/844 3785/4041/912 3784/4040/846
f 3783/4039/844 3787/4043/847 3788/4044/848 3785/4041/912
f 3781/4037/773 3786/4042/849 3788/4044/848 3787/4043/847
f 3786/4042/849 3790/4046/850 3791/4047/919 3788/4044/848
f 3782/4038/788 3789/4045/852 3791/4047/919 3790/4046/850
f 3789/4045/852 3784/4040/846 3785/4041/912 3791/4047/919
f 3785/4041/912 3788/4044/848 3791/4047/919
f 3734/3990/813 3721/3977/800 3727/3983/798 3741/3997/814
f 3741/3997/814 3727/3983/798 3723/3979/795 3736/3992/807
f 3736/3992/807 3723/3979/795 3720/3976/895 3732/3988/794
f 3768/4024/899 3734/3990/813 3742/3998/811 3771/4027/835
f 3771/4027/835 3742/3998/811 3738/3994/810 3775/4031/883
f 3775/4031/883 3738/3994/810 3733/3989/775 3769/4025/780
f 3782/4038/788 3770/4026/787 3778/4034/841 3789/4045/852
f 3789/4045/852 3778/4034/841 3774/4030/840 3784/4040/846
f 3784/4040/846 3774/4030/840 3769/4025/780 3780/4036/779
f 3744/4000/815 3768/4024/899 3772/4028/906 3747/4003/816
f 3747/4003/816 3772/4028/906 3777/4033/903 3751/4007/819
f 3751/4007/819 3777/4033/903 3770/4026/787 3745/4001/790
f 3781/4037/773 3756/4012/909 3760/4016/827 3786/4042/849
f 3786/4042/849 3760/4016/827 3765/4021/833 3790/4046/850
f 3790/4046/850 3765/4021/833 3758/4014/789 3782/4038/788
f 3757/4013/782 3746/4002/867 3754/4010/822 3762/4018/830
f 3762/4018/830 3754/4010/822 3750/4006/821 3766/4022/831
f 3766/4022/831 3750/4006/821 3745/4001/790 3758/4014/789
f 3721/3977/800 3744/4000/815 3748/4004/818 3726/3982/801
f 3726/3982/801 3748/4004/818 3753/4009/824 3730/3986/802
f 3730/3986/802 3753/4009/824 3746/4002/867 3722/3978/786
f 3800/4056/784 3792/4048/783 3794/4050/853 3802/4058/854
f 3802/4058/854 3794/4050/853 3795/4051/855 3803/4059/856
f 3803/4059/856 3795/4051/855 3793/4049/769 3801/4057/772
f 3808/4064/778 3812/4068/777 3814/4070/857 3810/4066/870
f 3810/4066/870 3814/4070/857 3815/4071/859 3811/4067/860
f 3811/4067/860 3815/4071/859 3813/4069/771 3809/4065/770
f 3796/4052/785 3800/4056/784 3802/4058/854 3798/4054/861
f 3798/4054/861 3802/4058/854 3803/4059/856 3799/4055/862
f 3799/4055/862 3803/4059/856 3801/4057/772 3797/4053/792
f 3812/4068/777 3804/4060/776 3806/4062/863 3814/4070/857
f 3814/4070/857 3806/4062/863 3807/4063/864 3815/4071/859
f 3815/4071/859 3807/4063/864 3805/4061/791 3813/4069/771
f 3756/4012/909 3793/4049/769 3795/4051/855 3759/4015/825
f 3759/4015/825 3795/4051/855 3794/4050/853 3763/4019/828
f 3763/4019/828 3794/4050/853 3792/4048/783 3757/4013/782
f 3797/4053/792 3720/3976/895 3724/3980/797 3799/4055/862
f 3799/4055/862 3724/3980/797 3729/3985/804 3798/4054/861
f 3798/4054/861 3729/3985/804 3722/3978/786 3796/4052/785
f 3804/4060/776 3733/3989/775 3739/3995/808 3806/4062/863
f 3806/4062/863 3739/3995/808 3735/3991/805 3807/4063/864
f 3807/4063/864 3735/3991/805 3732/3988/794 3805/4061/791
f 3780/4036/779 3808/4064/778 3810/4066/870 3783/4039/844
f 3783/4039/844 3810/4066/870 3811/4067/860 3787/4043/847
f 3787/4043/847 3811/4067/860 3809/4065/770 3781/4037/773
f 3734/3990/813 3768/4024/899 3744/4000/815 3721/3977/800
f 3889/4145/769 3905/4161/770 3909/4165/771 3897/4153/772
f 3877/4133/773 3905/4161/770 3889/4145/769 3852/4108/774
f 3829/4085/775 3900/4156/776 3908/4164/777 3904/4160/778 3876/4132/779 3865/4121/780
f 3842/4098/781 3853/4109/782 3888/4144/783 3896/4152/784 3892/4148/785 3818/4074/786
f 3866/4122/787 3878/4134/788 3854/4110/789 3841/4097/790
f 3897/4153/772 3909/4165/771 3901/4157/791 3893/4149/792
f 3816/4072/793 3893/4149/792 3901/4157/791 3828/4084/794
f 3816/4072/793 3819/4075/795 3821/4077/890 3820/4076/797
f 3819/4075/795 3823/4079/798 3824/4080/799 3821/4077/890
f 3817/4073/800 3822/4078/801 3824/4080/799 3823/4079/798
f 3822/4078/801 3826/4082/891 3827/4083/803 3824/4080/799
f 3818/4074/786 3825/4081/804 3827/4083/803 3826/4082/891
f 3825/4081/804 3820/4076/797 3821/4077/890 3827/4083/803
f 3821/4077/890 3824/4080/799 3827/4083/803
f 3828/4084/794 3831/4087/805 3833/4089/806 3832/4088/807
f 3831/4087/805 3835/4091/808 3836/4092/809 3833/4089/806
f 3829/4085/775 3834/4090/810 3836/4092/809 3835/4091/808
f 3834/4090/810 3838/4094/928 3839/4095/892 3836/4092/809
f 3830/4086/813 3837/4093/914 3839/4095/892 3838/4094/928
f 3837/4093/914 3832/4088/807 3833/4089/806 3839/4095/892
f 3833/4089/806 3836/4092/809 3839/4095/892
f 3840/4096/815 3843/4099/905 3845/4101/898 3844/4100/818
f 3843/4099/905 3847/4103/819 3848/4104/820 3845/4101/898
f 3841/4097/790 3846/4102/821 3848/4104/820 3847/4103/819
f 3846/4102/821 3850/4106/822 3851/4107/823 3848/4104/820
f 3842/4098/781 3849/4105/824 3851/4107/823 3850/4106/822
f 3849/4105/824 3844/4100/818 3845/4101/898 3851/4107/823
f 3845/4101/898 3848/4104/820 3851/4107/823
f 3852/4108/774 3855/4111/825 3857/4113/826 3856/4112/827
f 3855/4111/825 3859/4115/828 3860/4116/829 3857/4113/826
f 3853/4109/782 3858/4114/893 3860/4116/829 3859/4115/828
f 3858/4114/893 3862/4118/831 3863/4119/878 3860/4116/829
f 3854/4110/789 3861/4117/833 3863/4119/878 3862/4118/831
f 3861/4117/833 3856/4112/827 3857/4113/826 3863/4119/878
f 3857/4113/826 3860/4116/829 3863/4119/878
f 3864/4120/834 3867/4123/835 3869/4125/836 3868/4124/837
f 3867/4123/835 3871/4127/838 3872/4128/902 3869/4125/836
f 3865/4121/780 3870/4126/840 3872/4128/902 3871/4127/838
f 3870/4126/840 3874/4130/841 3875/4131/842 3872/4128/902
f 3866/4122/787 3873/4129/843 3875/4131/842 3874/4130/841
f 3873/4129/843 3868/4124/837 3869/4125/836 3875/4131/842
f 3869/4125/836 3872/4128/902 3875/4131/842
f 3876/4132/779 3879/4135/844 3881/4137/845 3880/4136/846
f 3879/4135/844 3883/4139/847 3884/4140/877 3881/4137/845
f 3877/4133/773 3882/4138/849 3884/4140/877 3883/4139/847
f 3882/4138/849 3886/4142/850 3887/4143/865 3884/4140/877
f 3878/4134/788 3885/4141/852 3887/4143/865 3886/4142/850
f 3885/4141/852 3880/4136/846 3881/4137/845 3887/4143/865
f 3881/4137/845 3884/4140/877 3887/4143/865
f 3830/4086/813 3817/4073/800 3823/4079/798 3837/4093/914
f 3837/4093/914 3823/4079/798 3819/4075/795 3832/4088/807
f 3832/4088/807 3819/4075/795 3816/4072/793 3828/4084/794
f 3864/4120/834 3830/4086/813 3838/4094/928 3867/4123/835
f 3867/4123/835 3838/4094/928 3834/4090/810 3871/4127/838
f 3871/4127/838 3834/4090/810 3829/4085/775 3865/4121/780
f 3878/4134/788 3866/4122/787 3874/4130/841 3885/4141/852
f 3885/4141/852 3874/4130/841 3870/4126/840 3880/4136/846
f 3880/4136/846 3870/4126/840 3865/4121/780 3876/4132/779
f 3840/4096/815 3864/4120/834 3868/4124/837 3843/4099/905
f 3843/4099/905 3868/4124/837 3873/4129/843 3847/4103/819
f 3847/4103/819 3873/4129/843 3866/4122/787 3841/4097/790
f 3877/4133/773 3852/4108/774 3856/4112/827 3882/4138/849
f 3882/4138/849 3856/4112/827 3861/4117/833 3886/4142/850
f 3886/4142/850 3861/4117/833 3854/4110/789 3878/4134/788
f 3853/4109/782 3842/4098/781 3850/4106/822 3858/4114/893
f 3858/4114/893 3850/4106/822 3846/4102/821 3862/4118/831
f 3862/4118/831 3846/4102/821 3841/4097/790 3854/4110/789
f 3817/4073/800 3840/4096/815 3844/4100/818 3822/4078/801
f 3822/4078/801 3844/4100/818 3849/4105/824 3826/4082/891
f 3826/4082/891 3849/4105/824 3842/4098/781 3818/4074/786
f 3896/4152/784 3888/4144/783 3890/4146/853 3898/4154/854
f 3898/4154/854 3890/4146/853 3891/4147/855 3899/4155/856
f 3899/4155/856 3891/4147/855 3889/4145/769 3897/4153/772
f 3904/4160/778 3908/4164/777 3910/4166/857 3906/4162/858
f 3906/4162/858 3910/4166/857 3911/4167/859 3907/4163/860
f 3907/4163/860 3911/4167/859 3909/4165/771 3905/4161/770
f 3892/4148/785 3896/4152/784 3898/4154/854 3894/4150/861
f 3894/4150/861 3898/4154/854 3899/4155/856 3895/4151/862
f 3895/4151/862 3899/4155/856 3897/4153/772 3893/4149/792
f 3908/4164/777 3900/4156/776 3902/4158/863 3910/4166/857
f 3910/4166/857 3902/4158/863 3903/4159/864 3911/4167/859
f 3911/4167/859 3903/4159/864 3901/4157/791 3909/4165/771
f 3852/4108/774 3889/4145/769 3891/4147/855 3855/4111/825
f 3855/4111/825 3891/4147/855 3890/4146/853 3859/4115/828
f 3859/4115/828 3890/4146/853 3888/4144/783 3853/4109/782
f 3893/4149/792 3816/4072/793 3820/4076/797 3895/4151/862
f 3895/4151/862 3820/4076/797 3825/4081/804 3894/4150/861
f 3894/4150/861 3825/4081/804 3818/4074/786 3892/4148/785
f 3900/4156/776 3829/4085/775 3835/4091/808 3902/4158/863
f 3902/4158/863 3835/4091/808 3831/4087/805 3903/4159/864
f 3903/4159/864 3831/4087/805 3828/4084/794 3901/4157/791
f 3876/4132/779 3904/4160/778 3906/4162/858 3879/4135/844
f 3879/4135/844 3906/4162/858 3907/4163/860 3883/4139/847
f 3883/4139/847 3907/4163/860 3905/4161/770 3877/4133/773
f 3830/4086/813 3864/4120/834 3840/4096/815 3817/4073/800
f 3985/4241/769 4001/4257/770 4005/4261/771 3993/4249/772
f 3973/4229/773 4001/4257/770 3985/4241/769 3948/4204/774
f 3925/4181/775 3996/4252/776 4004/4260/777 4000/4256/778 3972/4228/779 3961/4217/780
f 3938/4194/867 3949/4205/782 3984/4240/783 3992/4248/784 3988/4244/785 3914/4170/786
f 3962/4218/787 3974/4230/788 3950/4206/789 3937/4193/790
f 3993/4249/772 4005/4261/771 3997/4253/791 3989/4245/792
f 3912/4168/793 3989/4245/792 3997/4253/791 3924/4180/896
f 3912/4168/793 3915/4171/795 3917/4173/913 3916/4172/797
f 3915/4171/795 3919/4175/798 3920/4176/799 3917/4173/913
f 3913/4169/800 3918/4174/897 3920/4176/799 3919/4175/798
f 3918/4174/897 3922/4178/802 3923/4179/803 3920/4176/799
f 3914/4170/786 3921/4177/804 3923/4179/803 3922/4178/802
f 3921/4177/804 3916/4172/797 3917/4173/913 3923/4179/803
f 3917/4173/913 3920/4176/799 3923/4179/803
f 3924/4180/896 3927/4183/805 3929/4185/910 3928/4184/807
f 3927/4183/805 3931/4187/808 3932/4188/929 3929/4185/910
f 3925/4181/775 3930/4186/810 3932/4188/929 3931/4187/808
f 3930/4186/810 3934/4190/930 3935/4191/812 3932/4188/929
f 3926/4182/813 3933/4189/814 3935/4191/812 3934/4190/930
f 3933/4189/814 3928/4184/807 3929/4185/910 3935/4191/812
f 3929/4185/910 3932/4188/929 3935/4191/812
f 3936/4192/815 3939/4195/816 3941/4197/898 3940/4196/818
f 3939/4195/816 3943/4199/819 3944/4200/820 3941/4197/898
f 3937/4193/790 3942/4198/821 3944/4200/820 3943/4199/819
f 3942/4198/821 3946/4202/822 3947/4203/823 3944/4200/820
f 3938/4194/867 3945/4201/824 3947/4203/823 3946/4202/822
f 3945/4201/824 3940/4196/818 3941/4197/898 3947/4203/823
f 3941/4197/898 3944/4200/820 3947/4203/823
f 3948/4204/774 3951/4207/825 3953/4209/911 3952/4208/869
f 3951/4207/825 3955/4211/828 3956/4212/829 3953/4209/911
f 3949/4205/782 3954/4210/830 3956/4212/829 3955/4211/828
f 3954/4210/830 3958/4214/831 3959/4215/832 3956/4212/829
f 3950/4206/789 3957/4213/873 3959/4215/832 3958/4214/831
f 3957/4213/873 3952/4208/869 3953/4209/911 3959/4215/832
f 3953/4209/911 3956/4212/829 3959/4215/832
f 3960/4216/876 3963/4219/835 3965/4221/836 3964/4220/901
f 3963/4219/835 3967/4223/883 3968/4224/839 3965/4221/836
f 3961/4217/780 3966/4222/840 3968/4224/839 3967/4223/883
f 3966/4222/840 3970/4226/841 3971/4227/842 3968/4224/839
f 3962/4218/787 3969/4225/843 3971/4227/842 3970/4226/841
f 3969/4225/843 3964/4220/901 3965/4221/836 3971/4227/842
f 3965/4221/836 3968/4224/839 3971/4227/842
f 3972/4228/779 3975/4231/844 3977/4233/866 3976/4232/846
f 3975/4231/844 3979/4235/847 3980/4236/848 3977/4233/866
f 3973/4229/773 3978/4234/907 3980/4236/848 3979/4235/847
f 3978/4234/907 3982/4238/850 3983/4239/851 3980/4236/848
f 3974/4230/788 3981/4237/852 3983/4239/851 3982/4238/850
f 3981/4237/852 3976/4232/846 3977/4233/866 3983/4239/851
f 3977/4233/866 3980/4236/848 3983/4239/851
f 3926/4182/813 3913/4169/800 3919/4175/798 3933/4189/814
f 3933/4189/814 3919/4175/798 3915/4171/795 3928/4184/807
f 3928/4184/807 3915/4171/795 3912/4168/793 3924/4180/896
f 3960/4216/876 3926/4182/813 3934/4190/930 3963/4219/835
f 3963/4219/835 3934/4190/930 3930/4186/810 3967/4223/883
f 3967/4223/883 3930/4186/810 3925/4181/775 3961/4217/780
f 3974/4230/788 3962/4218/787 3970/4226/841 3981/4237/852
f 3981/4237/852 3970/4226/841 3966/4222/840 3976/4232/846
f 3976/4232/846 3966/4222/840 3961/4217/780 3972/4228/779
f 3936/4192/815 3960/4216/876 3964/4220/901 3939/4195/816
f 3939/4195/816 3964/4220/901 3969/4225/843 3943/4199/819
f 3943/4199/819 3969/4225/843 3962/4218/787 3937/4193/790
f 3973/4229/773 3948/4204/774 3952/4208/869 3978/4234/907
f 3978/4234/907 3952/4208/869 3957/4213/873 3982/4238/850
f 3982/4238/850 3957/4213/873 3950/4206/789 3974/4230/788
f 3949/4205/782 3938/4194/867 3946/4202/822 3954/4210/830
f 3954/4210/830 3946/4202/822 3942/4198/821 3958/4214/831
f 3958/4214/831 3942/4198/821 3937/4193/790 3950/4206/789
f 3913/4169/800 3936/4192/815 3940/4196/818 3918/4174/897
f 3918/4174/897 3940/4196/818 3945/4201/824 3922/4178/802
f 3922/4178/802 3945/4201/824 3938/4194/867 3914/4170/786
f 3992/4248/784 3984/4240/783 3986/4242/853 3994/4250/854
f 3994/4250/854 3986/4242/853 3987/4243/855 3995/4251/856
f 3995/4251/856 3987/4243/855 3985/4241/769 3993/4249/772
f 4000/4256/778 4004/4260/777 4006/4262/857 4002/4258/870
f 4002/4258/870 4006/4262/857 4007/4263/859 4003/4259/860
f 4003/4259/860 4007/4263/859 4005/4261/771 4001/4257/770
f 3988/4244/785 3992/4248/784 3994/4250/854 3990/4246/861
f 3990/4246/861 3994/4250/854 3995/4251/856 3991/4247/862
f 3991/4247/862 3995/4251/856 3993/4249/772 3989/4245/792
f 4004/4260/777 3996/4252/776 3998/4254/863 4006/4262/857
f 4006/4262/857 3998/4254/863 3999/4255/864 4007/4263/859
f 4007/4263/859 3999/4255/864 3997/4253/791 4005/4261/771
f 3948/4204/774 3985/4241/769 3987/4243/855 3951/4207/825
f 3951/4207/825 3987/4243/855 3986/4242/853 3955/4211/828
f 3955/4211/828 3986/4242/853 3984/4240/783 3949/4205/782
f 3989/4245/792 3912/4168/793 3916/4172/797 3991/4247/862
f 3991/4247/862 3916/4172/797 3921/4177/804 3990/4246/861
f 3990/4246/861 3921/4177/804 3914/4170/786 3988/4244/785
f 3996/4252/776 3925/4181/775 3931/4187/808 3998/4254/863
f 3998/4254/863 3931/4187/808 3927/4183/805 3999/4255/864
f 3999/4255/864 3927/4183/805 3924/4180/896 3997/4253/791
f 3972/4228/779 4000/4256/778 4002/4258/870 3975/4231/844
f 3975/4231/844 4002/4258/870 4003/4259/860 3979/4235/847
f 3979/4235/847 4003/4259/860 4001/4257/770 3973/4229/773
f 3926/4182/813 3960/4216/876 3936/4192/815 3913/4169/800
f 4081/4337/769 4097/4353/770 4101/4357/771 4089/4345/772
f 4069/4325/917 4097/4353/770 4081/4337/769 4044/4300/931
f 4021/4277/775 4092/4348/776 4100/4356/777 4096/4352/778 4068/4324/779 4057/4313/780
f 4034/4290/867 4045/4301/782 4080/4336/783 4088/4344/784 4084/4340/785 4010/4266/786
f 4058/4314/787 4070/4326/788 4046/4302/789 4033/4289/790
f 4089/4345/772 4101/4357/771 4093/4349/791 4085/4341/792
f 4008/4264/895 4085/4341/792 4093/4349/791 4020/4276/896
f 4008/4264/895 4011/4267/795 4013/4269/913 4012/4268/932
f 4011/4267/795 4015/4271/798 4016/4272/799 4013/4269/913
f 4009/4265/800 4014/4270/897 4016/4272/799 4015/4271/798
f 4014/4270/897 4018/4274/802 4019/4275/933 4016/4272/799
f 4010/4266/786 4017/4273/804 4019/4275/933 4018/4274/802
f 4017/4273/804 4012/4268/932 4013/4269/913 4019/4275/933
f 4013/4269/913 4016/4272/799 4019/4275/933
f 4020/4276/896 4023/4279/805 4025/4281/806 4024/4280/807
f 4023/4279/805 4027/4283/808 4028/4284/929 4025/4281/806
f 4021/4277/775 4026/4282/810 4028/4284/929 4027/4283/808
f 4026/4282/810 4030/4286/930 4031/4287/812 4028/4284/929
f 4022/4278/813 4029/4285/814 4031/4287/812 4030/4286/930
f 4029/4285/814 4024/4280/807 4025/4281/806 4031/4287/812
f 4025/4281/806 4028/4284/929 4031/4287/812
f 4032/4288/815 4035/4291/816 4037/4293/934 4036/4292/818
f 4035/4291/816 4039/4295/819 4040/4296/935 4037/4293/934
f 4033/4289/790 4038/4294/821 4040/4296/935 4039/4295/819
f 4038/4294/821 4042/4298/822 4043/4299/936 4040/4296/935
f 4034/4290/867 4041/4297/824 4043/4299/936 4042/4298/822
f 4041/4297/824 4036/4292/818 4037/4293/934 4043/4299/936
f 4037/4293/934 4040/4296/935 4043/4299/936
f 4044/4300/931 4047/4303/825 4049/4305/937 4048/4304/827
f 4047/4303/825 4051/4307/828 4052/4308/872 4049/4305/937
f 4045/4301/782 4050/4306/830 4052/4308/872 4051/4307/828
f 4050/4306/830 4054/4310/831 4055/4311/832 4052/4308/872
f 4046/4302/789 4053/4309/938 4055/4311/832 4054/4310/831
f 4053/4309/938 4048/4304/827 4049/4305/937 4055/4311/832
f 4049/4305/937 4052/4308/872 4055/4311/832
f 4056/4312/834 4059/4315/835 4061/4317/939 4060/4316/837
f 4059/4315/835 4063/4319/838 4064/4320/839 4061/4317/939
f 4057/4313/780 4062/4318/840 4064/4320/839 4063/4319/838
f 4062/4318/840 4066/4322/841 4067/4323/842 4064/4320/839
f 4058/4314/787 4065/4321/843 4067/4323/842 4066/4322/841
f 4065/4321/843 4060/4316/837 4061/4317/939 4067/4323/842
f 4061/4317/939 4064/4320/839 4067/4323/842
f 4068/4324/779 4071/4327/844 4073/4329/912 4072/4328/846
f 4071/4327/844 4075/4331/847 4076/4332/848 4073/4329/912
f 4069/4325/917 4074/4330/849 4076/4332/848 4075/4331/847
f 4074/4330/849 4078/4334/850 4079/4335/865 4076/4332/848
f 4070/4326/788 4077/4333/852 4079/4335/865 4078/4334/850
f 4077/4333/852 4072/4328/846 4073/4329/912 4079/4335/865
f 4073/4329/912 4076/4332/848 4079/4335/865
f 4022/4278/813 4009/4265/800 4015/4271/798 4029/4285/814
f 4029/4285/814 4015/4271/798 4011/4267/795 4024/4280/807
f 4024/4280/807 4011/4267/795 4008/4264/895 4020/4276/896
f 4056/4312/834 4022/4278/813 4030/4286/930 4059/4315/835
f 4059/4315/835 4030/4286/930 4026/4282/810 4063/4319/838
f 4063/4319/838 4026/4282/810 4021/4277/775 4057/4313/780
f 4070/4326/788 4058/4314/787 4066/4322/841 4077/4333/852
f 4077/4333/852 4066/4322/841 4062/4318/840 4072/4328/846
f 4072/4328/846 4062/4318/840 4057/4313/780 4068/4324/779
f 4032/4288/815 4056/4312/834 4060/4316/837 4035/4291/816
f 4035/4291/816 4060/4316/837 4065/4321/843 4039/4295/819
f 4039/4295/819 4065/4321/843 4058/4314/787 4033/4289/790
f 4069/4325/917 4044/4300/931 4048/4304/827 4074/4330/849
f 4074/4330/849 4048/4304/827 4053/4309/938 4078/4334/850
f 4078/4334/850 4053/4309/938 4046/4302/789 4070/4326/788
f 4045/4301/782 4034/4290/867 4042/4298/822 4050/4306/830
f 4050/4306/830 4042/4298/822 4038/4294/821 4054/4310/831
f 4054/4310/831 4038/4294/821 4033/4289/790 4046/4302/789
f 4009/4265/800 4032/4288/815 4036/4292/818 4014/4270/897
f 4014/4270/897 4036/4292/818 4041/4297/824 4018/4274/802
f 4018/4274/802 4041/4297/824 4034/4290/867 4010/4266/786
f 4088/4344/784 4080/4336/783 4082/4338/853 4090/4346/854
f 4090/4346/854 4082/4338/853 4083/4339/940 4091/4347/856
f 4091/4347/856 4083/4339/940 4081/4337/769 4089/4345/772
f 4096/4352/778 4100/4356/777 4102/4358/857 4098/4354/870
f 4098/4354/870 4102/4358/857 4103/4359/859 4099/4355/860
f 4099/4355/860 4103/4359/859 4101/4357/771 4097/4353/770
f 4084/4340/785 4088/4344/784 4090/4346/854 4086/4342/861
f 4086/4342/861 4090/4346/854 4091/4347/856 4087/4343/862
f 4087/4343/862 4091/4347/856 4089/4345/772 4085/4341/792
f 4100/4356/777 4092/4348/776 4094/4350/863 4102/4358/857
f 4102/4358/857 4094/4350/863 4095/4351/864 4103/4359/859
f 4103/4359/859 4095/4351/864 4093/4349/791 4101/4357/771
f 4044/4300/931 4081/4337/769 4083/4339/940 4047/4303/825
f 4047/4303/825 4083/4339/940 4082/4338/853 4051/4307/828
f 4051/4307/828 4082/4338/853 4080/4336/783 4045/4301/782
f 4085/4341/792 4008/4264/895 4012/4268/932 4087/4343/862
f 4087/4343/862 4012/4268/932 4017/4273/804 4086/4342/861
f 4086/4342/861 4017/4273/804 4010/4266/786 4084/4340/785
f 4092/4348/776 4021/4277/775 4027/4283/808 4094/4350/863
f 4094/4350/863 4027/4283/808 4023/4279/805 4095/4351/864
f 4095/4351/864 4023/4279/805 4020/4276/896 4093/4349/791
f 4068/4324/779 4096/4352/778 4098/4354/870 4071/4327/844
f 4071/4327/844 4098/4354/870 4099/4355/860 4075/4331/847
f 4075/4331/847 4099/4355/860 4097/4353/770 4069/4325/917
f 4022/4278/813 4056/4312/834 4032/4288/815 4009/4265/800
o Cube.003
v 2.545845 -0.992779 4.884655
v 2.546114 -0.992949 4.884522
v 2.546313 -0.992515 4.884814
v 2.545873 -0.992945 4.884641
v 2.545972 -0.992728 4.884787
v 2.545996 -0.992887 4.884767
v 2.546206 -0.992876 4.884672
v 2.545972 -0.993008 4.884593
v 2.546066 -0.992932 4.884732
v 2.546144 -0.992631 4.884845
v 2.546278 -0.992716 4.884778
v 2.546117 -0.992819 4.884808
v 2.545379 -0.992779 4.883718
v 2.545537 -0.992515 4.883252
v 2.545649 -0.992949 4.883585
v 2.545351 -0.992728 4.883537
v 2.545407 -0.992945 4.883704
v 2.545382 -0.992887 4.883531
v 2.545544 -0.992716 4.883300
v 2.545409 -0.992631 4.883366
v 2.545422 -0.992819 4.883410
v 2.545506 -0.993008 4.883655
v 2.545585 -0.992876 4.883422
v 2.545451 -0.992932 4.883496
v 2.554735 -0.987233 4.880282
v 2.554991 -0.986706 4.880157
v 2.554839 -0.986862 4.880620
v 2.554875 -0.987102 4.880214
v 2.554799 -0.987179 4.880445
v 2.554929 -0.987053 4.880373
v 2.555020 -0.986723 4.880337
v 2.554968 -0.986908 4.880168
v 2.554995 -0.986917 4.880341
v 2.554837 -0.987043 4.880569
v 2.554964 -0.986780 4.880507
v 2.554956 -0.986957 4.880460
v 2.554655 -0.985085 4.880322
v 2.554787 -0.985510 4.880646
v 2.554935 -0.985251 4.880185
v 2.554723 -0.985156 4.880483
v 2.554796 -0.985027 4.880253
v 2.554855 -0.985100 4.880410
v 2.554911 -0.985395 4.880533
v 2.554771 -0.985312 4.880602
v 2.554889 -0.985210 4.880494
v 2.554899 -0.985088 4.880202
v 2.554965 -0.985300 4.880364
v 2.554928 -0.985143 4.880374
v 2.554269 -0.987233 4.879345
v 2.554062 -0.986862 4.879058
v 2.554525 -0.986706 4.879220
v 2.554178 -0.987179 4.879196
v 2.554409 -0.987102 4.879277
v 2.554315 -0.987053 4.879137
v 2.554229 -0.986780 4.879028
v 2.554102 -0.987043 4.879091
v 2.554262 -0.986957 4.879063
v 2.554503 -0.986908 4.879230
v 2.554399 -0.986723 4.879087
v 2.554381 -0.986917 4.879105
v 2.554011 -0.985510 4.879084
v 2.554189 -0.985085 4.879385
v 2.554469 -0.985251 4.879247
v 2.554036 -0.985312 4.879124
v 2.554176 -0.985395 4.879055
v 2.554195 -0.985210 4.879096
v 2.554331 -0.985027 4.879315
v 2.554102 -0.985156 4.879234
v 2.554241 -0.985100 4.879174
v 2.554344 -0.985300 4.879115
v 2.554434 -0.985088 4.879265
v 2.554313 -0.985143 4.879138
v 2.547012 -0.990825 4.884470
v 2.546655 -0.990554 4.884256
v 2.546890 -0.990689 4.884478
v 2.546759 -0.990590 4.884399
v 2.546312 -0.992220 4.884814
v 2.545844 -0.992171 4.884655
v 2.546135 -0.992196 4.884849
v 2.545964 -0.992178 4.884791
v 2.546517 -0.991432 4.884713
v 2.546081 -0.991257 4.884539
v 2.546355 -0.991345 4.884740
v 2.546196 -0.991281 4.884676
v 2.545536 -0.992220 4.883252
v 2.545378 -0.992171 4.883718
v 2.545400 -0.992196 4.883370
v 2.545342 -0.992178 4.883541
v 2.546236 -0.990825 4.882908
v 2.546189 -0.990554 4.883319
v 2.546155 -0.990689 4.882999
v 2.546139 -0.990590 4.883150
v 2.545740 -0.991432 4.883151
v 2.545615 -0.991257 4.883602
v 2.545621 -0.991345 4.883262
v 2.545575 -0.991281 4.883427
v 2.545845 -0.999842 4.884655
v 2.546114 -1.000013 4.884522
v 2.546313 -0.999578 4.884814
v 2.545873 -1.000008 4.884641
v 2.545972 -0.999791 4.884787
v 2.545996 -0.999951 4.884767
v 2.546206 -0.999939 4.884672
v 2.545972 -1.000071 4.884593
v 2.546066 -0.999995 4.884732
v 2.546144 -0.999694 4.884845
v 2.546278 -0.999779 4.884778
v 2.546117 -0.999882 4.884808
v 2.545379 -0.999842 4.883718
v 2.545537 -0.999578 4.883252
v 2.545649 -1.000013 4.883585
v 2.545351 -0.999791 4.883537
v 2.545407 -1.000008 4.883704
v 2.545382 -0.999951 4.883531
v 2.545544 -0.999779 4.883300
v 2.545409 -0.999694 4.883366
v 2.545422 -0.999882 4.883410
v 2.545506 -1.000071 4.883655
v 2.545585 -0.999939 4.883422
v 2.545451 -0.999995 4.883496
v 2.554735 -0.994296 4.880282
v 2.554991 -0.993769 4.880157
v 2.554839 -0.993925 4.880620
v 2.554875 -0.994165 4.880214
v 2.554799 -0.994242 4.880445
v 2.554929 -0.994116 4.880373
v 2.555020 -0.993786 4.880337
v 2.554968 -0.993972 4.880168
v 2.554995 -0.993980 4.880341
v 2.554837 -0.994106 4.880569
v 2.554964 -0.993843 4.880507
v 2.554956 -0.994020 4.880460
v 2.554655 -0.992148 4.880322
v 2.554787 -0.992573 4.880646
v 2.554935 -0.992314 4.880185
v 2.554723 -0.992219 4.880483
v 2.554796 -0.992090 4.880253
v 2.554855 -0.992163 4.880410
v 2.554911 -0.992458 4.880533
v 2.554771 -0.992375 4.880602
v 2.554889 -0.992273 4.880494
v 2.554899 -0.992151 4.880202
v 2.554965 -0.992363 4.880364
v 2.554928 -0.992206 4.880374
v 2.554269 -0.994296 4.879345
v 2.554062 -0.993925 4.879058
v 2.554525 -0.993769 4.879220
v 2.554178 -0.994242 4.879196
v 2.554409 -0.994165 4.879277
v 2.554315 -0.994116 4.879137
v 2.554229 -0.993843 4.879028
v 2.554102 -0.994106 4.879091
v 2.554262 -0.994020 4.879063
v 2.554503 -0.993972 4.879230
v 2.554399 -0.993786 4.879087
v 2.554381 -0.993980 4.879105
v 2.554011 -0.992573 4.879084
v 2.554189 -0.992148 4.879385
v 2.554469 -0.992314 4.879247
v 2.554036 -0.992375 4.879124
v 2.554176 -0.992458 4.879055
v 2.554195 -0.992273 4.879096
v 2.554331 -0.992090 4.879315
v 2.554102 -0.992219 4.879234
v 2.554241 -0.992163 4.879174
v 2.554344 -0.992363 4.879115
v 2.554434 -0.992151 4.879265
v 2.554313 -0.992206 4.879138
v 2.547012 -0.997888 4.884470
v 2.546655 -0.997617 4.884256
v 2.546890 -0.997752 4.884478
v 2.546759 -0.997653 4.884399
v 2.546312 -0.999283 4.884814
v 2.545844 -0.999234 4.884655
v 2.546135 -0.999259 4.884849
v 2.545964 -0.999241 4.884791
v 2.546517 -0.998495 4.884713
v 2.546081 -0.998320 4.884539
v 2.546355 -0.998408 4.884740
v 2.546196 -0.998344 4.884676
v 2.545536 -0.999283 4.883252
v 2.545378 -0.999234 4.883718
v 2.545400 -0.999259 4.883370
v 2.545342 -0.999241 4.883541
v 2.546236 -0.997888 4.882908
v 2.546189 -0.997617 4.883319
v 2.546155 -0.997752 4.882999
v 2.546139 -0.997653 4.883150
v 2.545740 -0.998495 4.883151
v 2.545615 -0.998320 4.883602
v 2.545621 -0.998408 4.883262
v 2.545575 -0.998344 4.883427
v 2.545845 -1.006905 4.884655
v 2.546114 -1.007076 4.884522
v 2.546313 -1.006641 4.884814
v 2.545873 -1.007071 4.884641
v 2.545972 -1.006854 4.884787
v 2.545996 -1.007014 4.884767
v 2.546206 -1.007002 4.884672
v 2.545972 -1.007134 4.884593
v 2.546066 -1.007058 4.884732
v 2.546144 -1.006757 4.884845
v 2.546278 -1.006842 4.884778
v 2.546117 -1.006945 4.884808
v 2.545379 -1.006905 4.883718
v 2.545537 -1.006641 4.883252
v 2.545649 -1.007076 4.883585
v 2.545351 -1.006854 4.883537
v 2.545407 -1.007071 4.883704
v 2.545382 -1.007014 4.883531
v 2.545544 -1.006842 4.883300
v 2.545409 -1.006757 4.883366
v 2.545422 -1.006945 4.883410
v 2.545506 -1.007134 4.883655
v 2.545585 -1.007002 4.883422
v 2.545451 -1.007058 4.883496
v 2.554735 -1.001360 4.880282
v 2.554991 -1.000833 4.880157
v 2.554839 -1.000988 4.880620
v 2.554875 -1.001228 4.880214
v 2.554799 -1.001306 4.880445
v 2.554929 -1.001179 4.880373
v 2.555020 -1.000849 4.880337
v 2.554968 -1.001035 4.880168
v 2.554995 -1.001043 4.880341
v 2.554837 -1.001169 4.880569
v 2.554964 -1.000906 4.880507
v 2.554956 -1.001083 4.880460
v 2.554655 -0.999211 4.880322
v 2.554787 -0.999637 4.880646
v 2.554935 -0.999378 4.880185
v 2.554723 -0.999282 4.880483
v 2.554796 -0.999153 4.880253
v 2.554855 -0.999226 4.880410
v 2.554911 -0.999521 4.880533
v 2.554771 -0.999438 4.880602
v 2.554889 -0.999336 4.880494
v 2.554899 -0.999214 4.880202
v 2.554965 -0.999426 4.880364
v 2.554928 -0.999269 4.880374
v 2.554269 -1.001360 4.879345
v 2.554062 -1.000988 4.879058
v 2.554525 -1.000833 4.879220
v 2.554178 -1.001306 4.879196
v 2.554409 -1.001228 4.879277
v 2.554315 -1.001179 4.879137
v 2.554229 -1.000906 4.879028
v 2.554102 -1.001169 4.879091
v 2.554262 -1.001083 4.879063
v 2.554503 -1.001035 4.879230
v 2.554399 -1.000849 4.879087
v 2.554381 -1.001043 4.879105
v 2.554011 -0.999637 4.879084
v 2.554189 -0.999211 4.879385
v 2.554469 -0.999378 4.879247
v 2.554036 -0.999438 4.879124
v 2.554176 -0.999521 4.879055
v 2.554195 -0.999336 4.879096
v 2.554331 -0.999153 4.879315
v 2.554102 -0.999282 4.879234
v 2.554241 -0.999226 4.879174
v 2.554344 -0.999426 4.879115
v 2.554434 -0.999214 4.879265
v 2.554313 -0.999269 4.879138
v 2.547012 -1.004951 4.884470
v 2.546655 -1.004680 4.884256
v 2.546890 -1.004816 4.884478
v 2.546759 -1.004716 4.884399
v 2.546312 -1.006346 4.884814
v 2.545844 -1.006297 4.884655
v 2.546135 -1.006322 4.884849
v 2.545964 -1.006304 4.884791
v 2.546517 -1.005558 4.884713
v 2.546081 -1.005384 4.884539
v 2.546355 -1.005471 4.884740
v 2.546196 -1.005407 4.884676
v 2.545536 -1.006346 4.883252
v 2.545378 -1.006297 4.883718
v 2.545400 -1.006322 4.883370
v 2.545342 -1.006304 4.883541
v 2.546236 -1.004951 4.882908
v 2.546189 -1.004680 4.883319
v 2.546155 -1.004816 4.882999
v 2.546139 -1.004716 4.883150
v 2.545740 -1.005558 4.883151
v 2.545615 -1.005384 4.883602
v 2.545621 -1.005471 4.883262
v 2.545575 -1.005407 4.883427
v 2.545845 -1.013968 4.884655
v 2.546114 -1.014139 4.884522
v 2.546313 -1.013704 4.884814
v 2.545873 -1.014134 4.884641
v 2.545972 -1.013917 4.884787
v 2.545996 -1.014077 4.884767
v 2.546206 -1.014065 4.884672
v 2.545972 -1.014197 4.884593
v 2.546066 -1.014121 4.884732
v 2.546144 -1.013820 4.884845
v 2.546278 -1.013906 4.884778
v 2.546117 -1.014009 4.884808
v 2.545379 -1.013968 4.883718
v 2.545537 -1.013704 4.883252
v 2.545649 -1.014139 4.883585
v 2.545351 -1.013917 4.883537
v 2.545407 -1.014134 4.883704
v 2.545382 -1.014077 4.883531
v 2.545544 -1.013906 4.883300
v 2.545409 -1.013820 4.883366
v 2.545422 -1.014009 4.883410
v 2.545506 -1.014197 4.883655
v 2.545585 -1.014065 4.883422
v 2.545451 -1.014121 4.883496
v 2.554735 -1.008423 4.880282
v 2.554991 -1.007896 4.880157
v 2.554839 -1.008051 4.880620
v 2.554875 -1.008291 4.880214
v 2.554799 -1.008369 4.880445
v 2.554929 -1.008242 4.880373
v 2.555020 -1.007912 4.880337
v 2.554968 -1.008098 4.880168
v 2.554995 -1.008106 4.880341
v 2.554837 -1.008232 4.880569
v 2.554964 -1.007969 4.880507
v 2.554956 -1.008147 4.880460
v 2.554655 -1.006275 4.880322
v 2.554787 -1.006700 4.880646
v 2.554935 -1.006441 4.880185
v 2.554723 -1.006345 4.880483
v 2.554796 -1.006216 4.880253
v 2.554855 -1.006289 4.880410
v 2.554911 -1.006584 4.880533
v 2.554771 -1.006501 4.880602
v 2.554889 -1.006399 4.880494
v 2.554899 -1.006277 4.880202
v 2.554965 -1.006489 4.880364
v 2.554928 -1.006332 4.880374
v 2.554269 -1.008423 4.879345
v 2.554062 -1.008051 4.879058
v 2.554525 -1.007896 4.879220
v 2.554178 -1.008369 4.879196
v 2.554409 -1.008291 4.879277
v 2.554315 -1.008242 4.879137
v 2.554229 -1.007969 4.879028
v 2.554102 -1.008232 4.879091
v 2.554262 -1.008147 4.879063
v 2.554503 -1.008098 4.879230
v 2.554399 -1.007912 4.879087
v 2.554381 -1.008106 4.879105
v 2.554011 -1.006700 4.879084
v 2.554189 -1.006275 4.879385
v 2.554469 -1.006441 4.879247
v 2.554036 -1.006501 4.879124
v 2.554176 -1.006584 4.879055
v 2.554195 -1.006399 4.879096
v 2.554331 -1.006216 4.879315
v 2.554102 -1.006345 4.879234
v 2.554241 -1.006289 4.879174
v 2.554344 -1.006489 4.879115
v 2.554434 -1.006277 4.879265
v 2.554313 -1.006332 4.879138
v 2.547012 -1.012014 4.884470
v 2.546655 -1.011743 4.884256
v 2.546890 -1.011879 4.884478
v 2.546759 -1.011779 4.884399
v 2.546312 -1.013410 4.884814
v 2.545844 -1.013360 4.884655
v 2.546135 -1.013385 4.884849
v 2.545964 -1.013367 4.884791
v 2.546517 -1.012622 4.884713
v 2.546081 -1.012447 4.884539
v 2.546355 -1.012534 4.884740
v 2.546196 -1.012470 4.884676
v 2.545536 -1.013410 4.883252
v 2.545378 -1.013360 4.883718
v 2.545400 -1.013385 4.883370
v 2.545342 -1.013367 4.883541
v 2.546236 -1.012014 4.882908
v 2.546189 -1.011743 4.883319
v 2.546155 -1.011879 4.882999
v 2.546139 -1.011779 4.883150
v 2.545740 -1.012622 4.883151
v 2.545615 -1.012447 4.883602
v 2.545621 -1.012534 4.883262
v 2.545575 -1.012470 4.883427
v 2.545845 -1.021031 4.884655
v 2.546114 -1.021202 4.884522
v 2.546313 -1.020767 4.884814
v 2.545873 -1.021198 4.884641
v 2.545972 -1.020981 4.884787
v 2.545996 -1.021140 4.884767
v 2.546206 -1.021128 4.884672
v 2.545972 -1.021260 4.884593
v 2.546066 -1.021184 4.884732
v 2.546144 -1.020884 4.884845
v 2.546278 -1.020969 4.884778
v 2.546117 -1.021072 4.884808
v 2.545379 -1.021031 4.883718
v 2.545537 -1.020767 4.883252
v 2.545649 -1.021202 4.883585
v 2.545351 -1.020981 4.883537
v 2.545407 -1.021198 4.883704
v 2.545382 -1.021140 4.883531
v 2.545544 -1.020969 4.883300
v 2.545409 -1.020884 4.883366
v 2.545422 -1.021072 4.883410
v 2.545506 -1.021260 4.883655
v 2.545585 -1.021128 4.883422
v 2.545451 -1.021184 4.883496
v 2.554735 -1.015486 4.880282
v 2.554991 -1.014959 4.880157
v 2.554839 -1.015114 4.880620
v 2.554875 -1.015354 4.880214
v 2.554799 -1.015432 4.880445
v 2.554929 -1.015306 4.880373
v 2.555020 -1.014975 4.880337
v 2.554968 -1.015161 4.880168
v 2.554995 -1.015170 4.880341
v 2.554837 -1.015296 4.880569
v 2.554964 -1.015032 4.880507
v 2.554956 -1.015210 4.880460
v 2.554655 -1.013338 4.880322
v 2.554787 -1.013763 4.880646
v 2.554935 -1.013504 4.880185
v 2.554723 -1.013409 4.880483
v 2.554796 -1.013279 4.880253
v 2.554855 -1.013352 4.880410
v 2.554911 -1.013648 4.880533
v 2.554771 -1.013565 4.880602
v 2.554889 -1.013462 4.880494
v 2.554899 -1.013340 4.880202
v 2.554965 -1.013552 4.880364
v 2.554928 -1.013395 4.880374
v 2.554269 -1.015486 4.879345
v 2.554062 -1.015114 4.879058
v 2.554525 -1.014959 4.879220
v 2.554178 -1.015432 4.879196
v 2.554409 -1.015354 4.879277
v 2.554315 -1.015306 4.879137
v 2.554229 -1.015032 4.879028
v 2.554102 -1.015296 4.879091
v 2.554262 -1.015210 4.879063
v 2.554503 -1.015161 4.879230
v 2.554399 -1.014975 4.879087
v 2.554381 -1.015170 4.879105
v 2.554011 -1.013763 4.879084
v 2.554189 -1.013338 4.879385
v 2.554469 -1.013504 4.879247
v 2.554036 -1.013565 4.879124
v 2.554176 -1.013648 4.879055
v 2.554195 -1.013462 4.879096
v 2.554331 -1.013279 4.879315
v 2.554102 -1.013409 4.879234
v 2.554241 -1.013352 4.879174
v 2.554344 -1.013552 4.879115
v 2.554434 -1.013340 4.879265
v 2.554313 -1.013395 4.879138
v 2.547012 -1.019078 4.884470
v 2.546655 -1.018806 4.884256
v 2.546890 -1.018942 4.884478
v 2.546759 -1.018843 4.884399
v 2.546312 -1.020473 4.884814
v 2.545844 -1.020424 4.884655
v 2.546135 -1.020448 4.884849
v 2.545964 -1.020430 4.884791
v 2.546517 -1.019685 4.884713
v 2.546081 -1.019510 4.884539
v 2.546355 -1.019597 4.884740
v 2.546196 -1.019533 4.884676
v 2.545536 -1.020473 4.883252
v 2.545378 -1.020424 4.883718
v 2.545400 -1.020448 4.883370
v 2.545342 -1.020430 4.883541
v 2.546236 -1.019078 4.882908
v 2.546189 -1.018806 4.883319
v 2.546155 -1.018942 4.882999
v 2.546139 -1.018843 4.883150
v 2.545740 -1.019685 4.883151
v 2.545615 -1.019510 4.883602
v 2.545621 -1.019597 4.883262
v 2.545575 -1.019533 4.883427
v 2.545845 -1.028095 4.884655
v 2.546114 -1.028265 4.884522
v 2.546313 -1.027831 4.884814
v 2.545873 -1.028261 4.884641
v 2.545972 -1.028044 4.884787
v 2.545996 -1.028203 4.884767
v 2.546206 -1.028191 4.884672
v 2.545972 -1.028323 4.884593
v 2.546066 -1.028247 4.884732
v 2.546144 -1.027947 4.884845
v 2.546278 -1.028032 4.884778
v 2.546117 -1.028135 4.884808
v 2.545379 -1.028095 4.883718
v 2.545537 -1.027831 4.883252
v 2.545649 -1.028265 4.883585
v 2.545351 -1.028044 4.883537
v 2.545407 -1.028261 4.883704
v 2.545382 -1.028203 4.883531
v 2.545544 -1.028032 4.883300
v 2.545409 -1.027947 4.883366
v 2.545422 -1.028135 4.883410
v 2.545506 -1.028323 4.883655
v 2.545585 -1.028191 4.883422
v 2.545451 -1.028247 4.883496
v 2.554735 -1.022549 4.880282
v 2.554991 -1.022022 4.880157
v 2.554839 -1.022177 4.880620
v 2.554875 -1.022418 4.880214
v 2.554799 -1.022495 4.880445
v 2.554929 -1.022369 4.880373
v 2.555020 -1.022039 4.880337
v 2.554968 -1.022224 4.880168
v 2.554995 -1.022233 4.880341
v 2.554837 -1.022359 4.880569
v 2.554964 -1.022096 4.880507
v 2.554956 -1.022273 4.880460
v 2.554655 -1.020401 4.880322
v 2.554787 -1.020826 4.880646
v 2.554935 -1.020567 4.880185
v 2.554723 -1.020472 4.880483
v 2.554796 -1.020342 4.880253
v 2.554855 -1.020416 4.880410
v 2.554911 -1.020711 4.880533
v 2.554771 -1.020628 4.880602
v 2.554889 -1.020525 4.880494
v 2.554899 -1.020403 4.880202
v 2.554965 -1.020616 4.880364
v 2.554928 -1.020458 4.880374
v 2.554269 -1.022549 4.879345
v 2.554062 -1.022177 4.879058
v 2.554525 -1.022022 4.879220
v 2.554178 -1.022495 4.879196
v 2.554409 -1.022418 4.879277
v 2.554315 -1.022369 4.879137
v 2.554229 -1.022096 4.879028
v 2.554102 -1.022359 4.879091
v 2.554262 -1.022273 4.879063
v 2.554503 -1.022224 4.879230
v 2.554399 -1.022039 4.879087
v 2.554381 -1.022233 4.879105
v 2.554011 -1.020826 4.879084
v 2.554189 -1.020401 4.879385
v 2.554469 -1.020567 4.879247
v 2.554036 -1.020628 4.879124
v 2.554176 -1.020711 4.879055
v 2.554195 -1.020525 4.879096
v 2.554331 -1.020342 4.879315
v 2.554102 -1.020472 4.879234
v 2.554241 -1.020416 4.879174
v 2.554344 -1.020616 4.879115
v 2.554434 -1.020403 4.879265
v 2.554313 -1.020458 4.879138
v 2.547012 -1.026141 4.884470
v 2.546655 -1.025869 4.884256
v 2.546890 -1.026005 4.884478
v 2.546759 -1.025906 4.884399
v 2.546312 -1.027536 4.884814
v 2.545844 -1.027487 4.884655
v 2.546135 -1.027511 4.884849
v 2.545964 -1.027493 4.884791
v 2.546517 -1.026748 4.884713
v 2.546081 -1.026573 4.884539
v 2.546355 -1.026660 4.884740
v 2.546196 -1.026596 4.884676
v 2.545536 -1.027536 4.883252
v 2.545378 -1.027487 4.883718
v 2.545400 -1.027511 4.883370
v 2.545342 -1.027493 4.883541
v 2.546236 -1.026141 4.882908
v 2.546189 -1.025869 4.883319
v 2.546155 -1.026005 4.882999
v 2.546139 -1.025906 4.883150
v 2.545740 -1.026748 4.883151
v 2.545615 -1.026573 4.883602
v 2.545621 -1.026660 4.883262
v 2.545575 -1.026596 4.883427
v 2.545845 -1.035158 4.884655
v 2.546114 -1.035328 4.884522
v 2.546313 -1.034894 4.884814
v 2.545873 -1.035324 4.884641
v 2.545972 -1.035107 4.884787
v 2.545996 -1.035266 4.884767
v 2.546206 -1.035255 4.884672
v 2.545972 -1.035386 4.884593
v 2.546066 -1.035310 4.884732
v 2.546144 -1.035010 4.884845
v 2.546278 -1.035095 4.884778
v 2.546117 -1.035198 4.884808
v 2.545379 -1.035158 4.883718
v 2.545537 -1.034894 4.883252
v 2.545649 -1.035328 4.883585
v 2.545351 -1.035107 4.883537
v 2.545407 -1.035324 4.883704
v 2.545382 -1.035266 4.883531
v 2.545544 -1.035095 4.883300
v 2.545409 -1.035010 4.883366
v 2.545422 -1.035198 4.883410
v 2.545506 -1.035386 4.883655
v 2.545585 -1.035255 4.883422
v 2.545451 -1.035310 4.883496
v 2.554735 -1.029612 4.880282
v 2.554991 -1.029085 4.880157
v 2.554839 -1.029240 4.880620
v 2.554875 -1.029481 4.880214
v 2.554799 -1.029558 4.880445
v 2.554929 -1.029432 4.880373
v 2.555020 -1.029102 4.880337
v 2.554968 -1.029287 4.880168
v 2.554995 -1.029296 4.880341
v 2.554837 -1.029422 4.880569
v 2.554964 -1.029159 4.880507
v 2.554956 -1.029336 4.880460
v 2.554655 -1.027464 4.880322
v 2.554787 -1.027889 4.880646
v 2.554935 -1.027630 4.880185
v 2.554723 -1.027535 4.880483
v 2.554796 -1.027406 4.880253
v 2.554855 -1.027479 4.880410
v 2.554911 -1.027774 4.880533
v 2.554771 -1.027691 4.880602
v 2.554889 -1.027588 4.880494
v 2.554899 -1.027466 4.880202
v 2.554965 -1.027679 4.880364
v 2.554928 -1.027522 4.880374
v 2.554269 -1.029612 4.879345
v 2.554062 -1.029240 4.879058
v 2.554525 -1.029085 4.879220
v 2.554178 -1.029558 4.879196
v 2.554409 -1.029481 4.879277
v 2.554315 -1.029432 4.879137
v 2.554229 -1.029159 4.879028
v 2.554102 -1.029422 4.879091
v 2.554262 -1.029336 4.879063
v 2.554503 -1.029287 4.879230
v 2.554399 -1.029102 4.879087
v 2.554381 -1.029296 4.879105
v 2.554011 -1.027889 4.879084
v 2.554189 -1.027464 4.879385
v 2.554469 -1.027630 4.879247
v 2.554036 -1.027691 4.879124
v 2.554176 -1.027774 4.879055
v 2.554195 -1.027588 4.879096
v 2.554331 -1.027406 4.879315
v 2.554102 -1.027535 4.879234
v 2.554241 -1.027479 4.879174
v 2.554344 -1.027679 4.879115
v 2.554434 -1.027466 4.879265
v 2.554313 -1.027522 4.879138
v 2.547012 -1.033204 4.884470
v 2.546655 -1.032933 4.884256
v 2.546890 -1.033068 4.884478
v 2.546759 -1.032969 4.884399
v 2.546312 -1.034599 4.884814
v 2.545844 -1.034550 4.884655
v 2.546135 -1.034574 4.884849
v 2.545964 -1.034557 4.884791
v 2.546517 -1.033811 4.884713
v 2.546081 -1.033636 4.884539
v 2.546355 -1.033724 4.884740
v 2.546196 -1.033660 4.884676
v 2.545536 -1.034599 4.883252
v 2.545378 -1.034550 4.883718
v 2.545400 -1.034574 4.883370
v 2.545342 -1.034557 4.883541
v 2.546236 -1.033204 4.882908
v 2.546189 -1.032933 4.883319
v 2.546155 -1.033068 4.882999
v 2.546139 -1.032969 4.883150
v 2.545740 -1.033811 4.883151
v 2.545615 -1.033636 4.883602
v 2.545621 -1.033724 4.883262
v 2.545575 -1.033660 4.883427
v 2.545845 -1.042221 4.884655
v 2.546114 -1.042391 4.884522
v 2.546313 -1.041957 4.884814
v 2.545873 -1.042387 4.884641
v 2.545972 -1.042170 4.884787
v 2.545996 -1.042330 4.884767
v 2.546206 -1.042318 4.884672
v 2.545972 -1.042450 4.884593
v 2.546066 -1.042374 4.884732
v 2.546144 -1.042073 4.884845
v 2.546278 -1.042158 4.884778
v 2.546117 -1.042261 4.884808
v 2.545379 -1.042221 4.883718
v 2.545537 -1.041957 4.883252
v 2.545649 -1.042391 4.883585
v 2.545351 -1.042170 4.883537
v 2.545407 -1.042387 4.883704
v 2.545382 -1.042330 4.883531
v 2.545544 -1.042158 4.883300
v 2.545409 -1.042073 4.883366
v 2.545422 -1.042261 4.883410
v 2.545506 -1.042450 4.883655
v 2.545585 -1.042318 4.883422
v 2.545451 -1.042374 4.883496
v 2.554735 -1.036675 4.880282
v 2.554991 -1.036148 4.880157
v 2.554839 -1.036304 4.880620
v 2.554875 -1.036544 4.880214
v 2.554799 -1.036621 4.880445
v 2.554929 -1.036495 4.880373
v 2.555020 -1.036165 4.880337
v 2.554968 -1.036350 4.880168
v 2.554995 -1.036359 4.880341
v 2.554837 -1.036485 4.880569
v 2.554964 -1.036222 4.880507
v 2.554956 -1.036399 4.880460
v 2.554655 -1.034527 4.880322
v 2.554787 -1.034952 4.880646
v 2.554935 -1.034693 4.880185
v 2.554723 -1.034598 4.880483
v 2.554796 -1.034469 4.880253
v 2.554855 -1.034542 4.880410
v 2.554911 -1.034837 4.880533
v 2.554771 -1.034754 4.880602
v 2.554889 -1.034652 4.880494
v 2.554899 -1.034530 4.880202
v 2.554965 -1.034742 4.880364
v 2.554928 -1.034585 4.880374
v 2.554269 -1.036675 4.879345
v 2.554062 -1.036304 4.879058
v 2.554525 -1.036148 4.879220
v 2.554178 -1.036621 4.879196
v 2.554409 -1.036544 4.879277
v 2.554315 -1.036495 4.879137
v 2.554229 -1.036222 4.879028
v 2.554102 -1.036485 4.879091
v 2.554262 -1.036399 4.879063
v 2.554503 -1.036350 4.879230
v 2.554399 -1.036165 4.879087
v 2.554381 -1.036359 4.879105
v 2.554011 -1.034952 4.879084
v 2.554189 -1.034527 4.879385
v 2.554469 -1.034693 4.879247
v 2.554036 -1.034754 4.879124
v 2.554176 -1.034837 4.879055
v 2.554195 -1.034652 4.879096
v 2.554331 -1.034469 4.879315
v 2.554102 -1.034598 4.879234
v 2.554241 -1.034542 4.879174
v 2.554344 -1.034742 4.879115
v 2.554434 -1.034530 4.879265
v 2.554313 -1.034585 4.879138
v 2.547012 -1.040267 4.884470
v 2.546655 -1.039996 4.884256
v 2.546890 -1.040131 4.884478
v 2.546759 -1.040032 4.884399
v 2.546312 -1.041662 4.884814
v 2.545844 -1.041613 4.884655
v 2.546135 -1.041638 4.884849
v 2.545964 -1.041620 4.884791
v 2.546517 -1.040874 4.884713
v 2.546081 -1.040699 4.884539
v 2.546355 -1.040787 4.884740
v 2.546196 -1.040723 4.884676
v 2.545536 -1.041662 4.883252
v 2.545378 -1.041613 4.883718
v 2.545400 -1.041638 4.883370
v 2.545342 -1.041620 4.883541
v 2.546236 -1.040267 4.882908
v 2.546189 -1.039996 4.883319
v 2.546155 -1.040131 4.882999
v 2.546139 -1.040032 4.883150
v 2.545740 -1.040874 4.883151
v 2.545615 -1.040699 4.883602
v 2.545621 -1.040787 4.883262
v 2.545575 -1.040723 4.883427
v 2.545845 -1.049284 4.884655
v 2.546114 -1.049455 4.884522
v 2.546313 -1.049020 4.884814
v 2.545873 -1.049450 4.884641
v 2.545972 -1.049233 4.884787
v 2.545996 -1.049393 4.884767
v 2.546206 -1.049381 4.884672
v 2.545972 -1.049513 4.884593
v 2.546066 -1.049437 4.884732
v 2.546144 -1.049136 4.884845
v 2.546278 -1.049221 4.884778
v 2.546117 -1.049324 4.884808
v 2.545379 -1.049284 4.883718
v 2.545537 -1.049020 4.883252
v 2.545649 -1.049455 4.883585
v 2.545351 -1.049233 4.883537
v 2.545407 -1.049450 4.883704
v 2.545382 -1.049393 4.883531
v 2.545544 -1.049221 4.883300
v 2.545409 -1.049136 4.883366
v 2.545422 -1.049324 4.883410
v 2.545506 -1.049513 4.883655
v 2.545585 -1.049381 4.883422
v 2.545451 -1.049437 4.883496
v 2.554735 -1.043738 4.880282
v 2.554991 -1.043211 4.880157
v 2.554839 -1.043367 4.880620
v 2.554875 -1.043607 4.880214
v 2.554799 -1.043685 4.880445
v 2.554929 -1.043558 4.880373
v 2.555020 -1.043228 4.880337
v 2.554968 -1.043414 4.880168
v 2.554995 -1.043422 4.880341
v 2.554837 -1.043548 4.880569
v 2.554964 -1.043285 4.880507
v 2.554956 -1.043462 4.880460
v 2.554655 -1.041590 4.880322
v 2.554787 -1.042015 4.880646
v 2.554935 -1.041756 4.880185
v 2.554723 -1.041661 4.880483
v 2.554796 -1.041532 4.880253
v 2.554855 -1.041605 4.880410
v 2.554911 -1.041900 4.880533
v 2.554771 -1.041817 4.880602
v 2.554889 -1.041715 4.880494
v 2.554899 -1.041593 4.880202
v 2.554965 -1.041805 4.880364
v 2.554928 -1.041648 4.880374
v 2.554269 -1.043738 4.879345
v 2.554062 -1.043367 4.879058
v 2.554525 -1.043211 4.879220
v 2.554178 -1.043685 4.879196
v 2.554409 -1.043607 4.879277
v 2.554315 -1.043558 4.879137
v 2.554229 -1.043285 4.879028
v 2.554102 -1.043548 4.879091
v 2.554262 -1.043462 4.879063
v 2.554503 -1.043414 4.879230
v 2.554399 -1.043228 4.879087
v 2.554381 -1.043422 4.879105
v 2.554011 -1.042015 4.879084
v 2.554189 -1.041590 4.879385
v 2.554469 -1.041756 4.879247
v 2.554036 -1.041817 4.879124
v 2.554176 -1.041900 4.879055
v 2.554195 -1.041715 4.879096
v 2.554331 -1.041532 4.879315
v 2.554102 -1.041661 4.879234
v 2.554241 -1.041605 4.879174
v 2.554344 -1.041805 4.879115
v 2.554434 -1.041593 4.879265
v 2.554313 -1.041648 4.879138
v 2.547012 -1.047330 4.884470
v 2.546655 -1.047059 4.884256
v 2.546890 -1.047194 4.884478
v 2.546759 -1.047095 4.884399
v 2.546312 -1.048725 4.884814
v 2.545844 -1.048676 4.884655
v 2.546135 -1.048701 4.884849
v 2.545964 -1.048683 4.884791
v 2.546517 -1.047937 4.884713
v 2.546081 -1.047763 4.884539
v 2.546355 -1.047850 4.884740
v 2.546196 -1.047786 4.884676
v 2.545536 -1.048725 4.883252
v 2.545378 -1.048676 4.883718
v 2.545400 -1.048701 4.883370
v 2.545342 -1.048683 4.883541
v 2.546236 -1.047330 4.882908
v 2.546189 -1.047059 4.883319
v 2.546155 -1.047194 4.882999
v 2.546139 -1.047095 4.883150
v 2.545740 -1.047937 4.883151
v 2.545615 -1.047763 4.883602
v 2.545621 -1.047850 4.883262
v 2.545575 -1.047786 4.883427
v 2.545845 -1.056347 4.884655
v 2.546114 -1.056518 4.884522
v 2.546313 -1.056083 4.884814
v 2.545873 -1.056513 4.884641
v 2.545972 -1.056296 4.884787
v 2.545996 -1.056456 4.884767
v 2.546206 -1.056444 4.884672
v 2.545972 -1.056576 4.884593
v 2.546066 -1.056500 4.884732
v 2.546144 -1.056199 4.884845
v 2.546278 -1.056284 4.884778
v 2.546117 -1.056388 4.884808
v 2.545379 -1.056347 4.883718
v 2.545537 -1.056083 4.883252
v 2.545649 -1.056518 4.883585
v 2.545351 -1.056296 4.883537
v 2.545407 -1.056513 4.883704
v 2.545382 -1.056456 4.883531
v 2.545544 -1.056284 4.883300
v 2.545409 -1.056199 4.883366
v 2.545422 -1.056388 4.883410
v 2.545506 -1.056576 4.883655
v 2.545585 -1.056444 4.883422
v 2.545451 -1.056500 4.883496
v 2.554735 -1.050802 4.880282
v 2.554991 -1.050275 4.880157
v 2.554839 -1.050430 4.880620
v 2.554875 -1.050670 4.880214
v 2.554799 -1.050748 4.880445
v 2.554929 -1.050621 4.880373
v 2.555020 -1.050291 4.880337
v 2.554968 -1.050477 4.880168
v 2.554995 -1.050485 4.880341
v 2.554837 -1.050611 4.880569
v 2.554964 -1.050348 4.880507
v 2.554956 -1.050525 4.880460
v 2.554655 -1.048653 4.880322
v 2.554787 -1.049079 4.880646
v 2.554935 -1.048820 4.880185
v 2.554723 -1.048724 4.880483
v 2.554796 -1.048595 4.880253
v 2.554855 -1.048668 4.880410
v 2.554911 -1.048963 4.880533
v 2.554771 -1.048880 4.880602
v 2.554889 -1.048778 4.880494
v 2.554899 -1.048656 4.880202
v 2.554965 -1.048868 4.880364
v 2.554928 -1.048711 4.880374
v 2.554269 -1.050802 4.879345
v 2.554062 -1.050430 4.879058
v 2.554525 -1.050275 4.879220
v 2.554178 -1.050748 4.879196
v 2.554409 -1.050670 4.879277
v 2.554315 -1.050621 4.879137
v 2.554229 -1.050348 4.879028
v 2.554102 -1.050611 4.879091
v 2.554262 -1.050525 4.879063
v 2.554503 -1.050477 4.879230
v 2.554399 -1.050291 4.879087
v 2.554381 -1.050485 4.879105
v 2.554011 -1.049079 4.879084
v 2.554189 -1.048653 4.879385
v 2.554469 -1.048820 4.879247
v 2.554036 -1.048880 4.879124
v 2.554176 -1.048963 4.879055
v 2.554195 -1.048778 4.879096
v 2.554331 -1.048595 4.879315
v 2.554102 -1.048724 4.879234
v 2.554241 -1.048668 4.879174
v 2.554344 -1.048868 4.879115
v 2.554434 -1.048656 4.879265
v 2.554313 -1.048711 4.879138
v 2.547012 -1.054393 4.884470
v 2.546655 -1.054122 4.884256
v 2.546890 -1.054258 4.884478
v 2.546759 -1.054158 4.884399
v 2.546312 -1.055788 4.884814
v 2.545844 -1.055739 4.884655
v 2.546135 -1.055764 4.884849
v 2.545964 -1.055746 4.884791
v 2.546517 -1.055000 4.884713
v 2.546081 -1.054826 4.884539
v 2.546355 -1.054913 4.884740
v 2.546196 -1.054849 4.884676
v 2.545536 -1.055788 4.883252
v 2.545378 -1.055739 4.883718
v 2.545400 -1.055764 4.883370
v 2.545342 -1.055746 4.883541
v 2.546236 -1.054393 4.882908
v 2.546189 -1.054122 4.883319
v 2.546155 -1.054258 4.882999
v 2.546139 -1.054158 4.883150
v 2.545740 -1.055000 4.883151
v 2.545615 -1.054826 4.883602
v 2.545621 -1.054913 4.883262
v 2.545575 -1.054849 4.883427
v 2.545845 -1.063410 4.884655
v 2.546114 -1.063581 4.884522
v 2.546313 -1.063146 4.884814
v 2.545873 -1.063576 4.884641
v 2.545972 -1.063359 4.884787
v 2.545996 -1.063519 4.884767
v 2.546206 -1.063507 4.884672
v 2.545972 -1.063639 4.884593
v 2.546066 -1.063563 4.884732
v 2.546144 -1.063262 4.884845
v 2.546278 -1.063348 4.884778
v 2.546117 -1.063451 4.884808
v 2.545379 -1.063410 4.883718
v 2.545537 -1.063146 4.883252
v 2.545649 -1.063581 4.883585
v 2.545351 -1.063359 4.883537
v 2.545407 -1.063576 4.883704
v 2.545382 -1.063519 4.883531
v 2.545544 -1.063348 4.883300
v 2.545409 -1.063262 4.883366
v 2.545422 -1.063451 4.883410
v 2.545506 -1.063639 4.883655
v 2.545585 -1.063507 4.883422
v 2.545451 -1.063563 4.883496
v 2.554735 -1.057865 4.880282
v 2.554991 -1.057338 4.880157
v 2.554839 -1.057493 4.880620
v 2.554875 -1.057733 4.880214
v 2.554799 -1.057811 4.880445
v 2.554929 -1.057685 4.880373
v 2.555020 -1.057354 4.880337
v 2.554968 -1.057540 4.880168
v 2.554995 -1.057548 4.880341
v 2.554837 -1.057674 4.880569
v 2.554964 -1.057411 4.880507
v 2.554956 -1.057589 4.880460
v 2.554655 -1.055717 4.880322
v 2.554787 -1.056142 4.880646
v 2.554935 -1.055883 4.880185
v 2.554723 -1.055787 4.880483
v 2.554796 -1.055658 4.880253
v 2.554855 -1.055731 4.880410
v 2.554911 -1.056026 4.880533
v 2.554771 -1.055943 4.880602
v 2.554889 -1.055841 4.880494
v 2.554899 -1.055719 4.880202
v 2.554965 -1.055931 4.880364
v 2.554928 -1.055774 4.880374
v 2.554269 -1.057865 4.879345
v 2.554062 -1.057493 4.879058
v 2.554525 -1.057338 4.879220
v 2.554178 -1.057811 4.879196
v 2.554409 -1.057733 4.879277
v 2.554315 -1.057685 4.879137
v 2.554229 -1.057411 4.879028
v 2.554102 -1.057674 4.879091
v 2.554262 -1.057589 4.879063
v 2.554503 -1.057540 4.879230
v 2.554399 -1.057354 4.879087
v 2.554381 -1.057548 4.879105
v 2.554011 -1.056142 4.879084
v 2.554189 -1.055717 4.879385
v 2.554469 -1.055883 4.879247
v 2.554036 -1.055943 4.879124
v 2.554176 -1.056026 4.879055
v 2.554195 -1.055841 4.879096
v 2.554331 -1.055658 4.879315
v 2.554102 -1.055787 4.879234
v 2.554241 -1.055731 4.879174
v 2.554344 -1.055931 4.879115
v 2.554434 -1.055719 4.879265
v 2.554313 -1.055774 4.879138
v 2.547012 -1.061456 4.884470
v 2.546655 -1.061185 4.884256
v 2.546890 -1.061321 4.884478
v 2.546759 -1.061221 4.884399
v 2.546312 -1.062852 4.884814
v 2.545844 -1.062802 4.884655
v 2.546135 -1.062827 4.884849
v 2.545964 -1.062809 4.884791
v 2.546517 -1.062063 4.884713
v 2.546081 -1.061889 4.884539
v 2.546355 -1.061976 4.884740
v 2.546196 -1.061912 4.884676
v 2.545536 -1.062852 4.883252
v 2.545378 -1.062802 4.883718
v 2.545400 -1.062827 4.883370
v 2.545342 -1.062809 4.883541
v 2.546236 -1.061456 4.882908
v 2.546189 -1.061185 4.883319
v 2.546155 -1.061321 4.882999
v 2.546139 -1.061221 4.883150
v 2.545740 -1.062063 4.883151
v 2.545615 -1.061889 4.883602
v 2.545621 -1.061976 4.883262
v 2.545575 -1.061912 4.883427
v 2.545845 -1.070474 4.884655
v 2.546114 -1.070644 4.884522
v 2.546313 -1.070210 4.884814
v 2.545873 -1.070640 4.884641
v 2.545972 -1.070423 4.884787
v 2.545996 -1.070582 4.884767
v 2.546206 -1.070570 4.884672
v 2.545972 -1.070702 4.884593
v 2.546066 -1.070626 4.884732
v 2.546144 -1.070326 4.884845
v 2.546278 -1.070411 4.884778
v 2.546117 -1.070514 4.884808
v 2.545379 -1.070474 4.883718
v 2.545537 -1.070210 4.883252
v 2.545649 -1.070644 4.883585
v 2.545351 -1.070423 4.883537
v 2.545407 -1.070640 4.883704
v 2.545382 -1.070582 4.883531
v 2.545544 -1.070411 4.883300
v 2.545409 -1.070326 4.883366
v 2.545422 -1.070514 4.883410
v 2.545506 -1.070702 4.883655
v 2.545585 -1.070570 4.883422
v 2.545451 -1.070626 4.883496
v 2.554735 -1.064928 4.880282
v 2.554991 -1.064401 4.880157
v 2.554839 -1.064556 4.880620
v 2.554875 -1.064796 4.880214
v 2.554799 -1.064874 4.880445
v 2.554929 -1.064748 4.880373
v 2.555020 -1.064417 4.880337
v 2.554968 -1.064603 4.880168
v 2.554995 -1.064612 4.880341
v 2.554837 -1.064738 4.880569
v 2.554964 -1.064474 4.880507
v 2.554956 -1.064652 4.880460
v 2.554655 -1.062780 4.880322
v 2.554787 -1.063205 4.880646
v 2.554935 -1.062946 4.880185
v 2.554723 -1.062850 4.880483
v 2.554796 -1.062721 4.880253
v 2.554855 -1.062794 4.880410
v 2.554911 -1.063089 4.880533
v 2.554771 -1.063007 4.880602
v 2.554889 -1.062904 4.880494
v 2.554899 -1.062782 4.880202
v 2.554965 -1.062994 4.880364
v 2.554928 -1.062837 4.880374
v 2.554269 -1.064928 4.879345
v 2.554062 -1.064556 4.879058
v 2.554525 -1.064401 4.879220
v 2.554178 -1.064874 4.879196
v 2.554409 -1.064796 4.879277
v 2.554315 -1.064748 4.879137
v 2.554229 -1.064474 4.879028
v 2.554102 -1.064738 4.879091
v 2.554262 -1.064652 4.879063
v 2.554503 -1.064603 4.879230
v 2.554399 -1.064417 4.879087
v 2.554381 -1.064612 4.879105
v 2.554011 -1.063205 4.879084
v 2.554189 -1.062780 4.879385
v 2.554469 -1.062946 4.879247
v 2.554036 -1.063007 4.879124
v 2.554176 -1.063089 4.879055
v 2.554195 -1.062904 4.879096
v 2.554331 -1.062721 4.879315
v 2.554102 -1.062850 4.879234
v 2.554241 -1.062794 4.879174
v 2.554344 -1.062994 4.879115
v 2.554434 -1.062782 4.879265
v 2.554313 -1.062837 4.879138
v 2.547012 -1.068520 4.884470
v 2.546655 -1.068248 4.884256
v 2.546890 -1.068384 4.884478
v 2.546759 -1.068285 4.884399
v 2.546312 -1.069915 4.884814
v 2.545844 -1.069866 4.884655
v 2.546135 -1.069890 4.884849
v 2.545964 -1.069872 4.884791
v 2.546517 -1.069127 4.884713
v 2.546081 -1.068952 4.884539
v 2.546355 -1.069039 4.884740
v 2.546196 -1.068975 4.884676
v 2.545536 -1.069915 4.883252
v 2.545378 -1.069866 4.883718
v 2.545400 -1.069890 4.883370
v 2.545342 -1.069872 4.883541
v 2.546236 -1.068520 4.882908
v 2.546189 -1.068248 4.883319
v 2.546155 -1.068384 4.882999
v 2.546139 -1.068285 4.883150
v 2.545740 -1.069127 4.883151
v 2.545615 -1.068952 4.883602
v 2.545621 -1.069039 4.883262
v 2.545575 -1.068975 4.883427
vn -0.5060 0.7628 0.4026
vn -0.6260 0.7633 0.1596
vn -0.8334 0.4837 0.2673
vn -0.7168 0.4833 0.5026
vn -0.4506 0.8916 0.0450
vn -0.3091 0.8911 0.3322
vn -0.4937 -0.1149 -0.8620
vn -0.5633 0.0188 -0.8260
vn -0.5506 0.0710 -0.8317
vn -0.5181 0.1098 -0.8482
vn -0.3802 0.1169 -0.9175
vn -0.2633 -0.1012 -0.9594
vn 0.5996 -0.1016 0.7938
vn 0.4950 0.1166 0.8610
vn 0.3557 0.1095 0.9282
vn 0.3228 0.0708 0.9438
vn 0.3106 0.0187 0.9503
vn 0.3817 -0.1151 0.9171
vn 0.8195 -0.0379 -0.5718
vn 0.8006 0.1463 -0.5810
vn 0.9467 0.1465 -0.2867
vn 0.9508 -0.0380 -0.3075
vn -0.9394 0.1366 0.3144
vn -0.8182 0.1365 0.5586
vn -0.8064 -0.1030 0.5824
vn -0.9513 -0.1032 0.2905
vn -0.6178 -0.5773 0.5339
vn -0.3346 -0.4676 0.8182
vn -0.5082 -0.0961 0.8558
vn 0.0090 -0.9748 0.2229
vn 0.2028 -0.8087 0.5521
vn 0.4460 -0.8943 -0.0351
vn 0.5532 -0.7629 0.3346
vn 0.5117 -0.4316 0.7429
vn 0.1691 -0.4254 0.8891
vn 0.0059 -0.1133 0.9935
vn -0.9887 -0.0965 -0.1145
vn -0.8529 -0.4685 -0.2304
vn -0.7985 -0.5778 0.1689
vn -0.7846 -0.1135 -0.6095
vn -0.6022 -0.4255 -0.6755
vn -0.2767 -0.4309 -0.8589
vn 0.0712 -0.7617 -0.6439
vn -0.3143 -0.8088 -0.4970
vn 0.2985 -0.8939 -0.3345
vn -0.1712 -0.9749 -0.1424
vn 0.5787 -0.8064 -0.1220
vn 0.7452 -0.6298 -0.2189
vn 0.8187 -0.5659 0.0972
vn 0.6745 -0.7018 0.2293
vn 0.9072 -0.2955 -0.2994
vn 0.9628 -0.2690 0.0258
vn 0.9969 -0.0375 0.0690
vn 0.8449 -0.0639 0.5311
vn 0.8551 -0.3169 0.4104
vn 0.6801 -0.4032 0.6123
vn -0.0825 0.7633 0.6407
vn 0.3004 0.8172 0.4919
vn 0.1531 0.9778 0.1432
vn 0.2717 0.4319 0.8600
vn 0.5936 0.4413 0.6730
vn 0.7846 0.1286 0.6065
vn 0.9844 0.1305 0.1177
vn 0.8357 0.5002 0.2268
vn 0.7764 0.6080 -0.1662
vn 0.4476 -0.8058 -0.3877
vn 0.2279 -0.7004 -0.6764
vn 0.4193 -0.5646 -0.7109
vn 0.6252 -0.6293 -0.4617
vn -0.0711 -0.4020 -0.9129
vn 0.1940 -0.3158 -0.9288
vn 0.0924 -0.0634 -0.9937
vn 0.5490 -0.0373 -0.8350
vn 0.5626 -0.2682 -0.7820
vn 0.7868 -0.2953 -0.5420
vn -0.5156 0.4328 -0.7395
vn -0.1724 0.4415 -0.8806
vn -0.0036 0.1287 -0.9917
vn -0.5575 0.7645 -0.3236
vn -0.2071 0.8172 -0.5379
vn -0.0206 0.9777 -0.2089
vn 0.6022 0.6075 -0.5180
vn 0.3270 0.4994 -0.8023
vn 0.5031 0.1302 -0.8544
vn 0.0845 0.3963 0.9142
vn -0.0279 0.2526 0.9672
vn -0.2750 0.6671 0.6923
vn -0.4623 0.4239 0.7788
vn -0.7841 0.2533 -0.5666
vn -0.6730 0.3973 -0.6239
vn -0.8992 0.4250 -0.1044
vn -0.7160 0.6685 -0.2013
vn -0.0788 0.0672 0.9946
vn -0.5478 0.1159 0.8286
vn -0.8372 0.0674 -0.5428
vn -0.9910 0.1163 -0.0663
vn 0.3269 0.4994 -0.8023
vn -0.1724 0.4414 -0.8806
vn 0.5996 -0.1017 0.7938
vn 0.3557 0.1096 0.9282
vn 0.1531 0.9778 0.1431
vn -0.6730 0.3973 -0.6238
vn 0.0090 -0.9748 0.2230
vn 0.5936 0.4413 0.6729
vn 0.7764 0.6079 -0.1662
vn 0.1530 0.9778 0.1432
vn 0.8356 0.5002 0.2269
vn 0.4476 -0.8059 -0.3877
vn -0.2072 0.8172 -0.5378
vn 0.8357 0.5002 0.2269
vn 0.6252 -0.6293 -0.4616
vn -0.2072 0.8172 -0.5379
vn -0.6023 -0.4255 -0.6755
vn 0.0712 -0.7618 -0.6439
vn -0.0712 -0.4020 -0.9129
vt 0.500000 0.500000
vt 0.500000 0.500000
vt 0.500000 0.500000
vt 0.500000 0.500000
vt 0.500000 0.500000
vt 0.500000 0.500000
vt 0.500000 0.500000
vt 0.500000 0.500000
vt 0.500000 0.500000
vt 0.500000 0.500000
vt 0.500000 0.500000
vt 0.500000 0.500000
vt 0.500000 0.500000
vt 0.500000 0.500000
vt 0.500000 0.500000
vt 0.500000 0.500000
vt 0.500000 0.500000
vt 0.500000 0.500000
vt 0.500000 0.500000
vt 0.500000 0.500000
vt 0.500000 0.500000
vt 0.500000 0.500000
vt 0.500000 0.500000
vt 0.500000 0.500000
vt 0.500000 0.500000
vt 0.500000 0.500000
vt 0.500000 0.500000
vt 0.500000 0.500000
vt 0.500000 0.500000
vt 0.500000 0.500000
vt 0.500000 0.500000
vt 0.500000 0.500000
vt 0.500000 0.500000
vt 0.500000 0.500000
vt 0.500000 0.500000
vt 0.500000 0.500000
vt 0.500000 0.500000
vt 0.500000 0.500000
vt 0.500000 0.500000
vt 0.500000 0.500000
vt 0.500000 0.500000
vt 0.500000 0.500000
vt 0.500000 0.500000
vt 0.500000 0.500000
vt 0.500000 0.500000
vt 0.500000 0.500000
vt 0.500000 0.500000
vt 0.500000 0.500000
vt 0.500000 0.500000
vt 0.500000 0.500000
vt 0.500000 0.500000
vt 0.500000 0.500000
vt 0.500000 0.500000
vt 0.500000 0.500000
vt 0.500000 0.500000
vt 0.500000 0.500000
vt 0.500000 0.500000
vt 0.500000 0.500000
vt 0.500000 0.500000
vt 0.500000 0.500000
vt 0.500000 0.500000
vt 0.500000 0.500000
vt 0.500000 0.500000
vt 0.500000 0.500000
vt 0.500000 0.500000
vt 0.500000 0.500000
vt 0.500000 0.500000
vt 0.500000 0.500000
vt 0.500000 0.500000
vt 0.500000 0.500000
vt 0.500000 0.500000
vt 0.500000 0.500000
vt 0.500000 0.500000
vt 0.500000 0.500000
vt 0.500000 0.500000
vt 0.500000 0.500000
vt 0.500000 0.500000
vt 0.500000 0.500000
vt 0.500000 0.500000
vt 0.500000 0.500000
vt 0.500000 0.500000
vt 0.500000 0.500000
vt 0.500000 0.500000
vt 0.500000 0.500000
vt 0.500000 0.500000
vt 0.500000 0.500000
vt 0.500000 0.500000
vt 0.500000 0.500000
vt 0.500000 0.500000
vt 0.500000 0.500000
vt 0.500000 0.500000
vt 0.500000 0.500000
vt 0.500000 0.500000
vt 0.500000 0.500000
vt 0.500000 0.500000
vt 0.500000 0.500000
vt 0.500000 0.500000
vt 0.500000 0.500000
vt 0.500000 0.500000
vt 0.500000 0.500000
vt 0.500000 0.500000
vt 0.500000 0.500000
vt 0.500000 0.500000
vt 0.500000 0.500000
vt 0.500000 0.500000
vt 0.500000 0.500000
vt 0.500000 0.500000
vt 0.500000 0.500000
vt 0.500000 0.500000
vt 0.500000 0.500000
vt 0.500000 0.500000
vt 0.500000 0.500000
vt 0.500000 0.500000
vt 0.500000 0.500000
vt 0.500000 0.500000
vt 0.500000 0.500000
vt 0.500000 0.500000
vt 0.500000 0.500000
vt 0.500000 0.500000
vt 0.500000 0.500000
vt 0.500000 0.500000
vt 0.500000 0.500000
vt 0.500000 0.500000
vt 0.500000 0.500000
vt 0.500000 0.500000
vt 0.500000 0.500000
vt 0.500000 0.500000
vt 0.500000 0.500000
vt 0.500000 0.500000
vt 0.500000 0.500000
vt 0.500000 0.500000
vt 0.500000 0.500000
vt 0.500000 0.500000
vt 0.500000 0.500000
vt 0.500000 0.500000
vt 0.500000 0.500000
vt 0.500000 0.500000
vt 0.500000 0.500000
vt 0.500000 0.500000
vt 0.500000 0.500000
vt 0.500000 0.500000
vt 0.500000 0.500000
vt 0.500000 0.500000
vt 0.500000 0.500000
vt 0.500000 0.500000
vt 0.500000 0.500000
vt 0.500000 0.500000
vt 0.500000 0.500000
vt 0.500000 0.500000
vt 0.500000 0.500000
vt 0.500000 0.500000
vt 0.500000 0.500000
vt 0.500000 0.500000
vt 0.500000 0.500000
vt 0.500000 0.500000
vt 0.500000 0.500000
vt 0.500000 0.500000
vt 0.500000 0.500000
vt 0.500000 0.500000
vt 0.500000 0.500000
vt 0.500000 0.500000
vt 0.500000 0.500000
vt 0.500000 0.500000
vt 0.500000 0.500000
vt 0.500000 0.500000
vt 0.500000 0.500000
vt 0.500000 0.500000
vt 0.500000 0.500000
vt 0.500000 0.500000
vt 0.500000 0.500000
vt 0.500000 0.500000
vt 0.500000 0.500000
vt 0.500000 0.500000
vt 0.500000 0.500000
vt 0.500000 0.500000
vt 0.500000 0.500000
vt 0.500000 0.500000
vt 0.500000 0.500000
vt 0.500000 0.500000
vt 0.500000 0.500000
vt 0.500000 0.500000
vt 0.500000 0.500000
vt 0.500000 0.500000
vt 0.500000 0.500000
vt 0.500000 0.500000
vt 0.500000 0.500000
vt 0.500000 0.500000
vt 0.500000 0.500000
vt 0.500000 0.500000
vt 0.500000 0.500000
vt 0.500000 0.500000
vt 0.500000 0.500000
vt 0.500000 0.500000
vt 0.500000 0.500000
vt 0.500000 0.500000
vt 0.500000 0.500000
vt 0.500000 0.500000
vt 0.500000 0.500000
vt 0.500000 0.500000
vt 0.500000 0.500000
vt 0.500000 0.500000
vt 0.500000 0.500000
vt 0.500000 0.500000
vt 0.500000 0.500000
vt 0.500000 0.500000
vt 0.500000 0.500000
vt 0.500000 0.500000
vt 0.500000 0.500000
vt 0.500000 0.500000
vt 0.500000 0.500000
vt 0.500000 0.500000
vt 0.500000 0.500000
vt 0.500000 0.500000
vt 0.500000 0.500000
vt 0.500000 0.500000
vt 0.500000 0.500000
vt 0.500000 0.500000
vt 0.500000 0.500000
vt 0.500000 0.500000
vt 0.500000 0.500000
vt 0.500000 0.500000
vt 0.500000 0.500000
vt 0.500000 0.500000
vt 0.500000 0.500000
vt 0.500000 0.500000
vt 0.500000 0.500000
vt 0.500000 0.500000
vt 0.500000 0.500000
vt 0.500000 0.500000
vt 0.500000 0.500000
vt 0.500000 0.500000
vt 0.500000 0.500000
vt 0.500000 0.500000
vt 0.500000 0.500000
vt 0.500000 0.500000
vt 0.500000 0.500000
vt 0.500000 0.500000
vt 0.500000 0.500000
vt 0.500000 0.500000
vt 0.500000 0.500000
vt 0.500000 0.500000
vt 0.500000 0.500000
vt 0.500000 0.500000
vt 0.500000 0.500000
vt 0.500000 0.500000
vt 0.500000 0.500000
vt 0.500000 0.500000
vt 0.500000 0.500000
vt 0.500000 0.500000
vt 0.500000 0.500000
vt 0.500000 0.500000
vt 0.500000 0.500000
vt 0.500000 0.500000
vt 0.500000 0.500000
vt 0.500000 0.500000
vt 0.500000 0.500000
vt 0.500000 0.500000
vt 0.500000 0.500000
vt 0.500000 0.500000
vt 0.500000 0.500000
vt 0.500000 0.500000
vt 0.500000 0.500000
vt 0.500000 0.500000
vt 0.500000 0.500000
vt 0.500000 0.500000
vt 0.500000 0.500000
vt 0.500000 0.500000
vt 0.500000 0.500000
vt 0.500000 0.500000
vt 0.500000 0.500000
vt 0.500000 0.500000
vt 0.500000 0.500000
vt 0.500000 0.500000
vt 0.500000 0.500000
vt 0.500000 0.500000
vt 0.500000 0.500000
vt 0.500000 0.500000
vt 0.500000 0.500000
vt 0.500000 0.500000
vt 0.500000 0.500000
vt 0.500000 0.500000
vt 0.500000 0.500000
vt 0.500000 0.500000
vt 0.500000 0.500000
vt 0.500000 0.500000
vt 0.500000 0.500000
vt 0.500000 0.500000
vt 0.500000 0.500000
vt 0.500000 0.500000
vt 0.500000 0.500000
vt 0.500000 0.500000
vt 0.500000 0.500000
vt 0.500000 0.500000
vt 0.500000 0.500000
vt 0.500000 0.500000
vt 0.500000 0.500000
vt 0.500000 0.500000
vt 0.500000 0.500000
vt 0.500000 0.500000
vt 0.500000 0.500000
vt 0.500000 0.500000
vt 0.500000 0.500000
vt 0.500000 0.500000
vt 0.500000 0.500000
vt 0.500000 0.500000
vt 0.500000 0.500000
vt 0.500000 0.500000
vt 0.500000 0.500000
vt 0.500000 0.500000
vt 0.500000 0.500000
vt 0.500000 0.500000
vt 0.500000 0.500000
vt 0.500000 0.500000
vt 0.500000 0.500000
vt 0.500000 0.500000
vt 0.500000 0.500000
vt 0.500000 0.500000
vt 0.500000 0.500000
vt 0.500000 0.500000
vt 0.500000 0.500000
vt 0.500000 0.500000
vt 0.500000 0.500000
vt 0.500000 0.500000
vt 0.500000 0.500000
vt 0.500000 0.500000
vt 0.500000 0.500000
vt 0.500000 0.500000
vt 0.500000 0.500000
vt 0.500000 0.500000
vt 0.500000 0.500000
vt 0.500000 0.500000
vt 0.500000 0.500000
vt 0.500000 0.500000
vt 0.500000 0.500000
vt 0.500000 0.500000
vt 0.500000 0.500000
vt 0.500000 0.500000
vt 0.500000 0.500000
vt 0.500000 0.500000
vt 0.500000 0.500000
vt 0.500000 0.500000
vt 0.500000 0.500000
vt 0.500000 0.500000
vt 0.500000 0.500000
vt 0.500000 0.500000
vt 0.500000 0.500000
vt 0.500000 0.500000
vt 0.500000 0.500000
vt 0.500000 0.500000
vt 0.500000 0.500000
vt 0.500000 0.500000
vt 0.500000 0.500000
vt 0.500000 0.500000
vt 0.500000 0.500000
vt 0.500000 0.500000
vt 0.500000 0.500000
vt 0.500000 0.500000
vt 0.500000 0.500000
vt 0.500000 0.500000
vt 0.500000 0.500000
vt 0.500000 0.500000
vt 0.500000 0.500000
vt 0.500000 0.500000
vt 0.500000 0.500000
vt 0.500000 0.500000
vt 0.500000 0.500000
vt 0.500000 0.500000
vt 0.500000 0.500000
vt 0.500000 0.500000
vt 0.500000 0.500000
vt 0.500000 0.500000
vt 0.500000 0.500000
vt 0.500000 0.500000
vt 0.500000 0.500000
vt 0.500000 0.500000
vt 0.500000 0.500000
vt 0.500000 0.500000
vt 0.500000 0.500000
vt 0.500000 0.500000
vt 0.500000 0.500000
vt 0.500000 0.500000
vt 0.500000 0.500000
vt 0.500000 0.500000
vt 0.500000 0.500000
vt 0.500000 0.500000
vt 0.500000 0.500000
vt 0.500000 0.500000
vt 0.500000 0.500000
vt 0.500000 0.500000
vt 0.500000 0.500000
vt 0.500000 0.500000
vt 0.500000 0.500000
vt 0.500000 0.500000
vt 0.500000 0.500000
vt 0.500000 0.500000
vt 0.500000 0.500000
vt 0.500000 0.500000
vt 0.500000 0.500000
vt 0.500000 0.500000
vt 0.500000 0.500000
vt 0.500000 0.500000
vt 0.500000 0.500000
vt 0.500000 0.500000
vt 0.500000 0.500000
vt 0.500000 0.500000
vt 0.500000 0.500000
vt 0.500000 0.500000
vt 0.500000 0.500000
vt 0.500000 0.500000
vt 0.500000 0.500000
vt 0.500000 0.500000
vt 0.500000 0.500000
vt 0.500000 0.500000
vt 0.500000 0.500000
vt 0.500000 0.500000
vt 0.500000 0.500000
vt 0.500000 0.500000
vt 0.500000 0.500000
vt 0.500000 0.500000
vt 0.500000 0.500000
vt 0.500000 0.500000
vt 0.500000 0.500000
vt 0.500000 0.500000
vt 0.500000 0.500000
vt 0.500000 0.500000
vt 0.500000 0.500000
vt 0.500000 0.500000
vt 0.500000 0.500000
vt 0.500000 0.500000
vt 0.500000 0.500000
vt 0.500000 0.500000
vt 0.500000 0.500000
vt 0.500000 0.500000
vt 0.500000 0.500000
vt 0.500000 0.500000
vt 0.500000 0.500000
vt 0.500000 0.500000
vt 0.500000 0.500000
vt 0.500000 0.500000
vt 0.500000 0.500000
vt 0.500000 0.500000
vt 0.500000 0.500000
vt 0.500000 0.500000
vt 0.500000 0.500000
vt 0.500000 0.500000
vt 0.500000 0.500000
vt 0.500000 0.500000
vt 0.500000 0.500000
vt 0.500000 0.500000
vt 0.500000 0.500000
vt 0.500000 0.500000
vt 0.500000 0.500000
vt 0.500000 0.500000
vt 0.500000 0.500000
vt 0.500000 0.500000
vt 0.500000 0.500000
vt 0.500000 0.500000
vt 0.500000 0.500000
vt 0.500000 0.500000
vt 0.500000 0.500000
vt 0.500000 0.500000
vt 0.500000 0.500000
vt 0.500000 0.500000
vt 0.500000 0.500000
vt 0.500000 0.500000
vt 0.500000 0.500000
vt 0.500000 0.500000
vt 0.500000 0.500000
vt 0.500000 0.500000
vt 0.500000 0.500000
vt 0.500000 0.500000
vt 0.500000 0.500000
vt 0.500000 0.500000
vt 0.500000 0.500000
vt 0.500000 0.500000
vt 0.500000 0.500000
vt 0.500000 0.500000
vt 0.500000 0.500000
vt 0.500000 0.500000
vt 0.500000 0.500000
vt 0.500000 0.500000
vt 0.500000 0.500000
vt 0.500000 0.500000
vt 0.500000 0.500000
vt 0.500000 0.500000
vt 0.500000 0.500000
vt 0.500000 0.500000
vt 0.500000 0.500000
vt 0.500000 0.500000
vt 0.500000 0.500000
vt 0.500000 0.500000
vt 0.500000 0.500000
vt 0.500000 0.500000
vt 0.500000 0.500000
vt 0.500000 0.500000
vt 0.500000 0.500000
vt 0.500000 0.500000
vt 0.500000 0.500000
vt 0.500000 0.500000
vt 0.500000 0.500000
vt 0.500000 0.500000
vt 0.500000 0.500000
vt 0.500000 0.500000
vt 0.500000 0.500000
vt 0.500000 0.500000
vt 0.500000 0.500000
vt 0.500000 0.500000
vt 0.500000 0.500000
vt 0.500000 0.500000
vt 0.500000 0.500000
vt 0.500000 0.500000
vt 0.500000 0.500000
vt 0.500000 0.500000
vt 0.500000 0.500000
vt 0.500000 0.500000
vt 0.500000 0.500000
vt 0.500000 0.500000
vt 0.500000 0.500000
vt 0.500000 0.500000
vt 0.500000 0.500000
vt 0.500000 0.500000
vt 0.500000 0.500000
vt 0.500000 0.500000
vt 0.500000 0.500000
vt 0.500000 0.500000
vt 0.500000 0.500000
vt 0.500000 0.500000
vt 0.500000 0.500000
vt 0.500000 0.500000
vt 0.500000 0.500000
vt 0.500000 0.500000
vt 0.500000 0.500000
vt 0.500000 0.500000
vt 0.500000 0.500000
vt 0.500000 0.500000
vt 0.500000 0.500000
vt 0.500000 0.500000
vt 0.500000 0.500000
vt 0.500000 0.500000
vt 0.500000 0.500000
vt 0.500000 0.500000
vt 0.500000 0.500000
vt 0.500000 0.500000
vt 0.500000 0.500000
vt 0.500000 0.500000
vt 0.500000 0.500000
vt 0.500000 0.500000
vt 0.500000 0.500000
vt 0.500000 0.500000
vt 0.500000 0.500000
vt 0.500000 0.500000
vt 0.500000 0.500000
vt 0.500000 0.500000
vt 0.500000 0.500000
vt 0.500000 0.500000
vt 0.500000 0.500000
vt 0.500000 0.500000
vt 0.500000 0.500000
vt 0.500000 0.500000
vt 0.500000 0.500000
vt 0.500000 0.500000
vt 0.500000 0.500000
vt 0.500000 0.500000
vt 0.500000 0.500000
vt 0.500000 0.500000
vt 0.500000 0.500000
vt 0.500000 0.500000
vt 0.500000 0.500000
vt 0.500000 0.500000
vt 0.500000 0.500000
vt 0.500000 0.500000
vt 0.500000 0.500000
vt 0.500000 0.500000
vt 0.500000 0.500000
vt 0.500000 0.500000
vt 0.500000 0.500000
vt 0.500000 0.500000
vt 0.500000 0.500000
vt 0.500000 0.500000
vt 0.500000 0.500000
vt 0.500000 0.500000
vt 0.500000 0.500000
vt 0.500000 0.500000
vt 0.500000 0.500000
vt 0.500000 0.500000
vt 0.500000 0.500000
vt 0.500000 0.500000
vt 0.500000 0.500000
vt 0.500000 0.500000
vt 0.500000 0.500000
vt 0.500000 0.500000
vt 0.500000 0.500000
vt 0.500000 0.500000
vt 0.500000 0.500000
vt 0.500000 0.500000
vt 0.500000 0.500000
vt 0.500000 0.500000
vt 0.500000 0.500000
vt 0.500000 0.500000
vt 0.500000 0.500000
vt 0.500000 0.500000
vt 0.500000 0.500000
vt 0.500000 0.500000
vt 0.500000 0.500000
vt 0.500000 0.500000
vt 0.500000 0.500000
vt 0.500000 0.500000
vt 0.500000 0.500000
vt 0.500000 0.500000
vt 0.500000 0.500000
vt 0.500000 0.500000
vt 0.500000 0.500000
vt 0.500000 0.500000
vt 0.500000 0.500000
vt 0.500000 0.500000
vt 0.500000 0.500000
vt 0.500000 0.500000
vt 0.500000 0.500000
vt 0.500000 0.500000
vt 0.500000 0.500000
vt 0.500000 0.500000
vt 0.500000 0.500000
vt 0.500000 0.500000
vt 0.500000 0.500000
vt 0.500000 0.500000
vt 0.500000 0.500000
vt 0.500000 0.500000
vt 0.500000 0.500000
vt 0.500000 0.500000
vt 0.500000 0.500000
vt 0.500000 0.500000
vt 0.500000 0.500000
vt 0.500000 0.500000
vt 0.500000 0.500000
vt 0.500000 0.500000
vt 0.500000 0.500000
vt 0.500000 0.500000
vt 0.500000 0.500000
vt 0.500000 0.500000
vt 0.500000 0.500000
vt 0.500000 0.500000
vt 0.500000 0.500000
vt 0.500000 0.500000
vt 0.500000 0.500000
vt 0.500000 0.500000
vt 0.500000 0.500000
vt 0.500000 0.500000
vt 0.500000 0.500000
vt 0.500000 0.500000
vt 0.500000 0.500000
vt 0.500000 0.500000
vt 0.500000 0.500000
vt 0.500000 0.500000
vt 0.500000 0.500000
vt 0.500000 0.500000
vt 0.500000 0.500000
vt 0.500000 0.500000
vt 0.500000 0.500000
vt 0.500000 0.500000
vt 0.500000 0.500000
vt 0.500000 0.500000
vt 0.500000 0.500000
vt 0.500000 0.500000
vt 0.500000 0.500000
vt 0.500000 0.500000
vt 0.500000 0.500000
vt 0.500000 0.500000
vt 0.500000 0.500000
vt 0.500000 0.500000
vt 0.500000 0.500000
vt 0.500000 0.500000
vt 0.500000 0.500000
vt 0.500000 0.500000
vt 0.500000 0.500000
vt 0.500000 0.500000
vt 0.500000 0.500000
vt 0.500000 0.500000
vt 0.500000 0.500000
vt 0.500000 0.500000
vt 0.500000 0.500000
vt 0.500000 0.500000
vt 0.500000 0.500000
vt 0.500000 0.500000
vt 0.500000 0.500000
vt 0.500000 0.500000
vt 0.500000 0.500000
vt 0.500000 0.500000
vt 0.500000 0.500000
vt 0.500000 0.500000
vt 0.500000 0.500000
vt 0.500000 0.500000
vt 0.500000 0.500000
vt 0.500000 0.500000
vt 0.500000 0.500000
vt 0.500000 0.500000
vt 0.500000 0.500000
vt 0.500000 0.500000
vt 0.500000 0.500000
vt 0.500000 0.500000
vt 0.500000 0.500000
vt 0.500000 0.500000
vt 0.500000 0.500000
vt 0.500000 0.500000
vt 0.500000 0.500000
vt 0.500000 0.500000
vt 0.500000 0.500000
vt 0.500000 0.500000
vt 0.500000 0.500000
vt 0.500000 0.500000
vt 0.500000 0.500000
vt 0.500000 0.500000
vt 0.500000 0.500000
vt 0.500000 0.500000
vt 0.500000 0.500000
vt 0.500000 0.500000
vt 0.500000 0.500000
vt 0.500000 0.500000
vt 0.500000 0.500000
vt 0.500000 0.500000
vt 0.500000 0.500000
vt 0.500000 0.500000
vt 0.500000 0.500000
vt 0.500000 0.500000
vt 0.500000 0.500000
vt 0.500000 0.500000
vt 0.500000 0.500000
vt 0.500000 0.500000
vt 0.500000 0.500000
vt 0.500000 0.500000
vt 0.500000 0.500000
vt 0.500000 0.500000
vt 0.500000 0.500000
vt 0.500000 0.500000
vt 0.500000 0.500000
vt 0.500000 0.500000
vt 0.500000 0.500000
vt 0.500000 0.500000
vt 0.500000 0.500000
vt 0.500000 0.500000
vt 0.500000 0.500000
vt 0.500000 0.500000
vt 0.500000 0.500000
vt 0.500000 0.500000
vt 0.500000 0.500000
vt 0.500000 0.500000
vt 0.500000 0.500000
vt 0.500000 0.500000
vt 0.500000 0.500000
vt 0.500000 0.500000
vt 0.500000 0.500000
vt 0.500000 0.500000
vt 0.500000 0.500000
vt 0.500000 0.500000
vt 0.500000 0.500000
vt 0.500000 0.500000
vt 0.500000 0.500000
vt 0.500000 0.500000
vt 0.500000 0.500000
vt 0.500000 0.500000
vt 0.500000 0.500000
vt 0.500000 0.500000
vt 0.500000 0.500000
vt 0.500000 0.500000
vt 0.500000 0.500000
vt 0.500000 0.500000
vt 0.500000 0.500000
vt 0.500000 0.500000
vt 0.500000 0.500000
vt 0.500000 0.500000
vt 0.500000 0.500000
vt 0.500000 0.500000
vt 0.500000 0.500000
vt 0.500000 0.500000
vt 0.500000 0.500000
vt 0.500000 0.500000
vt 0.500000 0.500000
vt 0.500000 0.500000
vt 0.500000 0.500000
vt 0.500000 0.500000
vt 0.500000 0.500000
vt 0.500000 0.500000
vt 0.500000 0.500000
vt 0.500000 0.500000
vt 0.500000 0.500000
vt 0.500000 0.500000
vt 0.500000 0.500000
vt 0.500000 0.500000
vt 0.500000 0.500000
vt 0.500000 0.500000
vt 0.500000 0.500000
vt 0.500000 0.500000
vt 0.500000 0.500000
vt 0.500000 0.500000
vt 0.500000 0.500000
vt 0.500000 0.500000
vt 0.500000 0.500000
vt 0.500000 0.500000
vt 0.500000 0.500000
vt 0.500000 0.500000
vt 0.500000 0.500000
vt 0.500000 0.500000
vt 0.500000 0.500000
vt 0.500000 0.500000
vt 0.500000 0.500000
vt 0.500000 0.500000
vt 0.500000 0.500000
vt 0.500000 0.500000
vt 0.500000 0.500000
vt 0.500000 0.500000
vt 0.500000 0.500000
vt 0.500000 0.500000
vt 0.500000 0.500000
vt 0.500000 0.500000
vt 0.500000 0.500000
vt 0.500000 0.500000
vt 0.500000 0.500000
vt 0.500000 0.500000
vt 0.500000 0.500000
vt 0.500000 0.500000
vt 0.500000 0.500000
vt 0.500000 0.500000
vt 0.500000 0.500000
vt 0.500000 0.500000
vt 0.500000 0.500000
vt 0.500000 0.500000
vt 0.500000 0.500000
vt 0.500000 0.500000
vt 0.500000 0.500000
vt 0.500000 0.500000
vt 0.500000 0.500000
vt 0.500000 0.500000
vt 0.500000 0.500000
vt 0.500000 0.500000
vt 0.500000 0.500000
vt 0.500000 0.500000
vt 0.500000 0.500000
vt 0.500000 0.500000
vt 0.500000 0.500000
vt 0.500000 0.500000
vt 0.500000 0.500000
vt 0.500000 0.500000
vt 0.500000 0.500000
vt 0.500000 0.500000
vt 0.500000 0.500000
vt 0.500000 0.500000
vt 0.500000 0.500000
vt 0.500000 0.500000
vt 0.500000 0.500000
vt 0.500000 0.500000
vt 0.500000 0.500000
vt 0.500000 0.500000
vt 0.500000 0.500000
vt 0.500000 0.500000
vt 0.500000 0.500000
vt 0.500000 0.500000
vt 0.500000 0.500000
vt 0.500000 0.500000
vt 0.500000 0.500000
vt 0.500000 0.500000
vt 0.500000 0.500000
vt 0.500000 0.500000
vt 0.500000 0.500000
vt 0.500000 0.500000
vt 0.500000 0.500000
vt 0.500000 0.500000
vt 0.500000 0.500000
vt 0.500000 0.500000
vt 0.500000 0.500000
vt 0.500000 0.500000
vt 0.500000 0.500000
vt 0.500000 0.500000
vt 0.500000 0.500000
vt 0.500000 0.500000
vt 0.500000 0.500000
vt 0.500000 0.500000
vt 0.500000 0.500000
vt 0.500000 0.500000
vt 0.500000 0.500000
vt 0.500000 0.500000
vt 0.500000 0.500000
vt 0.500000 0.500000
vt 0.500000 0.500000
vt 0.500000 0.500000
vt 0.500000 0.500000
vt 0.500000 0.500000
vt 0.500000 0.500000
vt 0.500000 0.500000
vt 0.500000 0.500000
vt 0.500000 0.500000
vt 0.500000 0.500000
vt 0.500000 0.500000
vt 0.500000 0.500000
vt 0.500000 0.500000
vt 0.500000 0.500000
vt 0.500000 0.500000
vt 0.500000 0.500000
vt 0.500000 0.500000
vt 0.500000 0.500000
vt 0.500000 0.500000
vt 0.500000 0.500000
vt 0.500000 0.500000
vt 0.500000 0.500000
vt 0.500000 0.500000
vt 0.500000 0.500000
vt 0.500000 0.500000
vt 0.500000 0.500000
vt 0.500000 0.500000
vt 0.500000 0.500000
vt 0.500000 0.500000
vt 0.500000 0.500000
vt 0.500000 0.500000
vt 0.500000 0.500000
vt 0.500000 0.500000
vt 0.500000 0.500000
vt 0.500000 0.500000
vt 0.500000 0.500000
vt 0.500000 0.500000
vt 0.500000 0.500000
vt 0.500000 0.500000
vt 0.500000 0.500000
vt 0.500000 0.500000
vt 0.500000 0.500000
vt 0.500000 0.500000
vt 0.500000 0.500000
vt 0.500000 0.500000
vt 0.500000 0.500000
vt 0.500000 0.500000
vt 0.500000 0.500000
vt 0.500000 0.500000
vt 0.500000 0.500000
vt 0.500000 0.500000
vt 0.500000 0.500000
vt 0.500000 0.500000
vt 0.500000 0.500000
vt 0.500000 0.500000
vt 0.500000 0.500000
vt 0.500000 0.500000
vt 0.500000 0.500000
vt 0.500000 0.500000
vt 0.500000 0.500000
vt 0.500000 0.500000
vt 0.500000 0.500000
vt 0.500000 0.500000
vt 0.500000 0.500000
vt 0.500000 0.500000
vt 0.500000 0.500000
vt 0.500000 0.500000
vt 0.500000 0.500000
vt 0.500000 0.500000
vt 0.500000 0.500000
vt 0.500000 0.500000
vt 0.500000 0.500000
vt 0.500000 0.500000
vt 0.500000 0.500000
vt 0.500000 0.500000
vt 0.500000 0.500000
vt 0.500000 0.500000
vt 0.500000 0.500000
vt 0.500000 0.500000
vt 0.500000 0.500000
vt 0.500000 0.500000
vt 0.500000 0.500000
vt 0.500000 0.500000
vt 0.500000 0.500000
vt 0.500000 0.500000
vt 0.500000 0.500000
vt 0.500000 0.500000
vt 0.500000 0.500000
vt 0.500000 0.500000
vt 0.500000 0.500000
vt 0.500000 0.500000
vt 0.500000 0.500000
vt 0.500000 0.500000
vt 0.500000 0.500000
vt 0.500000 0.500000
vt 0.500000 0.500000
vt 0.500000 0.500000
vt 0.500000 0.500000
vt 0.500000 0.500000
vt 0.500000 0.500000
vt 0.500000 0.500000
vt 0.500000 0.500000
vt 0.500000 0.500000
vt 0.500000 0.500000
vt 0.500000 0.500000
vt 0.500000 0.500000
vt 0.500000 0.500000
vt 0.500000 0.500000
vt 0.500000 0.500000
vt 0.500000 0.500000
vt 0.500000 0.500000
vt 0.500000 0.500000
vt 0.500000 0.500000
vt 0.500000 0.500000
vt 0.500000 0.500000
vt 0.500000 0.500000
vt 0.500000 0.500000
vt 0.500000 0.500000
vt 0.500000 0.500000
vt 0.500000 0.500000
vt 0.500000 0.500000
vt 0.500000 0.500000
vt 0.500000 0.500000
vt 0.500000 0.500000
vt 0.500000 0.500000
vt 0.500000 0.500000
vt 0.500000 0.500000
vt 0.500000 0.500000
vt 0.500000 0.500000
vt 0.500000 0.500000
vt 0.500000 0.500000
vt 0.500000 0.500000
vt 0.500000 0.500000
vt 0.500000 0.500000
vt 0.500000 0.500000
vt 0.500000 0.500000
vt 0.500000 0.500000
vt 0.500000 0.500000
vt 0.500000 0.500000
vt 0.500000 0.500000
vt 0.500000 0.500000
vt 0.500000 0.500000
vt 0.500000 0.500000
vt 0.500000 0.500000
vt 0.500000 0.500000
vt 0.500000 0.500000
vt 0.500000 0.500000
vt 0.500000 0.500000
vt 0.500000 0.500000
vt 0.500000 0.500000
vt 0.500000 0.500000
vt 0.500000 0.500000
vt 0.500000 0.500000
vt 0.500000 0.500000
vt 0.500000 0.500000
vt 0.500000 0.500000
vt 0.500000 0.500000
vt 0.500000 0.500000
vt 0.500000 0.500000
vt 0.500000 0.500000
vt 0.500000 0.500000
vt 0.500000 0.500000
vt 0.500000 0.500000
vt 0.500000 0.500000
vt 0.500000 0.500000
vt 0.500000 0.500000
vt 0.500000 0.500000
vt 0.500000 0.500000
vt 0.500000 0.500000
vt 0.500000 0.500000
vt 0.500000 0.500000
vt 0.500000 0.500000
vt 0.500000 0.500000
vt 0.500000 0.500000
vt 0.500000 0.500000
vt 0.500000 0.500000
vt 0.500000 0.500000
vt 0.500000 0.500000
vt 0.500000 0.500000
vt 0.500000 0.500000
vt 0.500000 0.500000
vt 0.500000 0.500000
vt 0.500000 0.500000
vt 0.500000 0.500000
vt 0.500000 0.500000
vt 0.500000 0.500000
vt 0.500000 0.500000
vt 0.500000 0.500000
vt 0.500000 0.500000
vt 0.500000 0.500000
vt 0.500000 0.500000
vt 0.500000 0.500000
vt 0.500000 0.500000
vt 0.500000 0.500000
vt 0.500000 0.500000
vt 0.500000 0.500000
vt 0.500000 0.500000
vt 0.500000 0.500000
vt 0.500000 0.500000
vt 0.500000 0.500000
vt 0.500000 0.500000
vt 0.500000 0.500000
vt 0.500000 0.500000
vt 0.500000 0.500000
vt 0.500000 0.500000
vt 0.500000 0.500000
vt 0.500000 0.500000
vt 0.500000 0.500000
vt 0.500000 0.500000
vt 0.500000 0.500000
vt 0.500000 0.500000
vt 0.500000 0.500000
vt 0.500000 0.500000
vt 0.500000 0.500000
vt 0.500000 0.500000
vt 0.500000 0.500000
vt 0.500000 0.500000
vt 0.500000 0.500000
vt 0.500000 0.500000
vt 0.500000 0.500000
vt 0.500000 0.500000
vt 0.500000 0.500000
vt 0.500000 0.500000
vt 0.500000 0.500000
vt 0.500000 0.500000
vt 0.500000 0.500000
vt 0.500000 0.500000
vt 0.500000 0.500000
vt 0.500000 0.500000
vt 0.500000 0.500000
vt 0.500000 0.500000
vt 0.500000 0.500000
vt 0.500000 0.500000
vt 0.500000 0.500000
vt 0.500000 0.500000
vt 0.500000 0.500000
vt 0.500000 0.500000
vt 0.500000 0.500000
vt 0.500000 0.500000
vt 0.500000 0.500000
vt 0.500000 0.500000
vt 0.500000 0.500000
vt 0.500000 0.500000
vt 0.500000 0.500000
vt 0.500000 0.500000
vt 0.500000 0.500000
vt 0.500000 0.500000
vt 0.500000 0.500000
vt 0.500000 0.500000
vt 0.500000 0.500000
vt 0.500000 0.500000
vt 0.500000 0.500000
vt 0.500000 0.500000
vt 0.500000 0.500000
vt 0.500000 0.500000
vt 0.500000 0.500000
vt 0.500000 0.500000
vt 0.500000 0.500000
vt 0.500000 0.500000
vt 0.500000 0.500000
vt 0.500000 0.500000
vt 0.500000 0.500000
vt 0.500000 0.500000
vt 0.500000 0.500000
vt 0.500000 0.500000
vt 0.500000 0.500000
vt 0.500000 0.500000
vt 0.500000 0.500000
vt 0.500000 0.500000
vt 0.500000 0.500000
vt 0.500000 0.500000
vt 0.500000 0.500000
s 1
usemtl Black_Plastic
f 4177/4433/941 4193/4449/942 4197/4453/943 4185/4441/944
f 4165/4421/945 4193/4449/942 4177/4433/941 4140/4396/946
f 4117/4373/947 4188/4444/948 4196/4452/949 4192/4448/950 4164/4420/951 4153/4409/952
f 4130/4386/953 4141/4397/954 4176/4432/955 4184/4440/956 4180/4436/957 4106/4362/958
f 4154/4410/959 4166/4422/960 4142/4398/961 4129/4385/962
f 4185/4441/944 4197/4453/943 4189/4445/963 4181/4437/964
f 4104/4360/965 4181/4437/964 4189/4445/963 4116/4372/966
f 4104/4360/965 4107/4363/967 4109/4365/968 4108/4364/969
f 4107/4363/967 4111/4367/970 4112/4368/971 4109/4365/968
f 4105/4361/972 4110/4366/973 4112/4368/971 4111/4367/970
f 4110/4366/973 4114/4370/974 4115/4371/975 4112/4368/971
f 4106/4362/958 4113/4369/976 4115/4371/975 4114/4370/974
f 4113/4369/976 4108/4364/969 4109/4365/968 4115/4371/975
f 4109/4365/968 4112/4368/971 4115/4371/975
f 4116/4372/966 4119/4375/977 4121/4377/978 4120/4376/979
f 4119/4375/977 4123/4379/980 4124/4380/981 4121/4377/978
f 4117/4373/947 4122/4378/982 4124/4380/981 4123/4379/980
f 4122/4378/982 4126/4382/983 4127/4383/984 4124/4380/981
f 4118/4374/985 4125/4381/986 4127/4383/984 4126/4382/983
f 4125/4381/986 4120/4376/979 4121/4377/978 4127/4383/984
f 4121/4377/978 4124/4380/981 4127/4383/984
f 4128/4384/987 4131/4387/988 4133/4389/989 4132/4388/990
f 4131/4387/988 4135/4391/991 4136/4392/992 4133/4389/989
f 4129/4385/962 4134/4390/993 4136/4392/992 4135/4391/991
f 4134/4390/993 4138/4394/994 4139/4395/995 4136/4392/992
f 4130/4386/953 4137/4393/996 4139/4395/995 4138/4394/994
f 4137/4393/996 4132/4388/990 4133/4389/989 4139/4395/995
f 4133/4389/989 4136/4392/992 4139/4395/995
f 4140/4396/946 4143/4399/997 4145/4401/998 4144/4400/999
f 4143/4399/997 4147/4403/1000 4148/4404/1001 4145/4401/998
f 4141/4397/954 4146/4402/1002 4148/4404/1001 4147/4403/1000
f 4146/4402/1002 4150/4406/1003 4151/4407/1004 4148/4404/1001
f 4142/4398/961 4149/4405/1005 4151/4407/1004 4150/4406/1003
f 4149/4405/1005 4144/4400/999 4145/4401/998 4151/4407/1004
f 4145/4401/998 4148/4404/1001 4151/4407/1004
f 4152/4408/1006 4155/4411/1007 4157/4413/1008 4156/4412/1009
f 4155/4411/1007 4159/4415/1010 4160/4416/1011 4157/4413/1008
f 4153/4409/952 4158/4414/1012 4160/4416/1011 4159/4415/1010
f 4158/4414/1012 4162/4418/1013 4163/4419/1014 4160/4416/1011
f 4154/4410/959 4161/4417/1015 4163/4419/1014 4162/4418/1013
f 4161/4417/1015 4156/4412/1009 4157/4413/1008 4163/4419/1014
f 4157/4413/1008 4160/4416/1011 4163/4419/1014
f 4164/4420/951 4167/4423/1016 4169/4425/1017 4168/4424/1018
f 4167/4423/1016 4171/4427/1019 4172/4428/1020 4169/4425/1017
f 4165/4421/945 4170/4426/1021 4172/4428/1020 4171/4427/1019
f 4170/4426/1021 4174/4430/1022 4175/4431/1023 4172/4428/1020
f 4166/4422/960 4173/4429/1024 4175/4431/1023 4174/4430/1022
f 4173/4429/1024 4168/4424/1018 4169/4425/1017 4175/4431/1023
f 4169/4425/1017 4172/4428/1020 4175/4431/1023
f 4118/4374/985 4105/4361/972 4111/4367/970 4125/4381/986
f 4125/4381/986 4111/4367/970 4107/4363/967 4120/4376/979
f 4120/4376/979 4107/4363/967 4104/4360/965 4116/4372/966
f 4152/4408/1006 4118/4374/985 4126/4382/983 4155/4411/1007
f 4155/4411/1007 4126/4382/983 4122/4378/982 4159/4415/1010
f 4159/4415/1010 4122/4378/982 4117/4373/947 4153/4409/952
f 4166/4422/960 4154/4410/959 4162/4418/1013 4173/4429/1024
f 4173/4429/1024 4162/4418/1013 4158/4414/1012 4168/4424/1018
f 4168/4424/1018 4158/4414/1012 4153/4409/952 4164/4420/951
f 4128/4384/987 4152/4408/1006 4156/4412/1009 4131/4387/988
f 4131/4387/988 4156/4412/1009 4161/4417/1015 4135/4391/991
f 4135/4391/991 4161/4417/1015 4154/4410/959 4129/4385/962
f 4165/4421/945 4140/4396/946 4144/4400/999 4170/4426/1021
f 4170/4426/1021 4144/4400/999 4149/4405/1005 4174/4430/1022
f 4174/4430/1022 4149/4405/1005 4142/4398/961 4166/4422/960
f 4141/4397/954 4130/4386/953 4138/4394/994 4146/4402/1002
f 4146/4402/1002 4138/4394/994 4134/4390/993 4150/4406/1003
f 4150/4406/1003 4134/4390/993 4129/4385/962 4142/4398/961
f 4105/4361/972 4128/4384/987 4132/4388/990 4110/4366/973
f 4110/4366/973 4132/4388/990 4137/4393/996 4114/4370/974
f 4114/4370/974 4137/4393/996 4130/4386/953 4106/4362/958
f 4184/4440/956 4176/4432/955 4178/4434/1025 4186/4442/1026
f 4186/4442/1026 4178/4434/1025 4179/4435/1027 4187/4443/1028
f 4187/4443/1028 4179/4435/1027 4177/4433/941 4185/4441/944
f 4192/4448/950 4196/4452/949 4198/4454/1029 4194/4450/1030
f 4194/4450/1030 4198/4454/1029 4199/4455/1031 4195/4451/1032
f 4195/4451/1032 4199/4455/1031 4197/4453/943 4193/4449/942
f 4180/4436/957 4184/4440/956 4186/4442/1026 4182/4438/1033
f 4182/4438/1033 4186/4442/1026 4187/4443/1028 4183/4439/1034
f 4183/4439/1034 4187/4443/1028 4185/4441/944 4181/4437/964
f 4196/4452/949 4188/4444/948 4190/4446/1035 4198/4454/1029
f 4198/4454/1029 4190/4446/1035 4191/4447/1036 4199/4455/1031
f 4199/4455/1031 4191/4447/1036 4189/4445/963 4197/4453/943
f 4140/4396/946 4177/4433/941 4179/4435/1027 4143/4399/997
f 4143/4399/997 4179/4435/1027 4178/4434/1025 4147/4403/1000
f 4147/4403/1000 4178/4434/1025 4176/4432/955 4141/4397/954
f 4181/4437/964 4104/4360/965 4108/4364/969 4183/4439/1034
f 4183/4439/1034 4108/4364/969 4113/4369/976 4182/4438/1033
f 4182/4438/1033 4113/4369/976 4106/4362/958 4180/4436/957
f 4188/4444/948 4117/4373/947 4123/4379/980 4190/4446/1035
f 4190/4446/1035 4123/4379/980 4119/4375/977 4191/4447/1036
f 4191/4447/1036 4119/4375/977 4116/4372/966 4189/4445/963
f 4164/4420/951 4192/4448/950 4194/4450/1030 4167/4423/1016
f 4167/4423/1016 4194/4450/1030 4195/4451/1032 4171/4427/1019
f 4171/4427/1019 4195/4451/1032 4193/4449/942 4165/4421/945
f 4118/4374/985 4152/4408/1006 4128/4384/987 4105/4361/972
f 4273/4529/941 4289/4545/942 4293/4549/943 4281/4537/944
f 4261/4517/945 4289/4545/942 4273/4529/941 4236/4492/946
f 4213/4469/947 4284/4540/948 4292/4548/949 4288/4544/950 4260/4516/951 4249/4505/952
f 4226/4482/953 4237/4493/954 4272/4528/955 4280/4536/956 4276/4532/957 4202/4458/958
f 4250/4506/959 4262/4518/960 4238/4494/961 4225/4481/962
f 4281/4537/944 4293/4549/943 4285/4541/963 4277/4533/964
f 4200/4456/965 4277/4533/964 4285/4541/963 4212/4468/966
f 4200/4456/965 4203/4459/967 4205/4461/968 4204/4460/969
f 4203/4459/967 4207/4463/970 4208/4464/971 4205/4461/968
f 4201/4457/972 4206/4462/973 4208/4464/971 4207/4463/970
f 4206/4462/973 4210/4466/974 4211/4467/975 4208/4464/971
f 4202/4458/958 4209/4465/976 4211/4467/975 4210/4466/974
f 4209/4465/976 4204/4460/969 4205/4461/968 4211/4467/975
f 4205/4461/968 4208/4464/971 4211/4467/975
f 4212/4468/966 4215/4471/977 4217/4473/978 4216/4472/979
f 4215/4471/977 4219/4475/980 4220/4476/981 4217/4473/978
f 4213/4469/947 4218/4474/982 4220/4476/981 4219/4475/980
f 4218/4474/982 4222/4478/983 4223/4479/984 4220/4476/981
f 4214/4470/985 4221/4477/986 4223/4479/984 4222/4478/983
f 4221/4477/986 4216/4472/979 4217/4473/978 4223/4479/984
f 4217/4473/978 4220/4476/981 4223/4479/984
f 4224/4480/987 4227/4483/988 4229/4485/989 4228/4484/990
f 4227/4483/988 4231/4487/991 4232/4488/992 4229/4485/989
f 4225/4481/962 4230/4486/993 4232/4488/992 4231/4487/991
f 4230/4486/993 4234/4490/994 4235/4491/995 4232/4488/992
f 4226/4482/953 4233/4489/996 4235/4491/995 4234/4490/994
f 4233/4489/996 4228/4484/990 4229/4485/989 4235/4491/995
f 4229/4485/989 4232/4488/992 4235/4491/995
f 4236/4492/946 4239/4495/997 4241/4497/998 4240/4496/999
f 4239/4495/997 4243/4499/1000 4244/4500/1001 4241/4497/998
f 4237/4493/954 4242/4498/1002 4244/4500/1001 4243/4499/1000
f 4242/4498/1002 4246/4502/1003 4247/4503/1004 4244/4500/1001
f 4238/4494/961 4245/4501/1005 4247/4503/1004 4246/4502/1003
f 4245/4501/1005 4240/4496/999 4241/4497/998 4247/4503/1004
f 4241/4497/998 4244/4500/1001 4247/4503/1004
f 4248/4504/1006 4251/4507/1007 4253/4509/1008 4252/4508/1009
f 4251/4507/1007 4255/4511/1010 4256/4512/1011 4253/4509/1008
f 4249/4505/952 4254/4510/1012 4256/4512/1011 4255/4511/1010
f 4254/4510/1012 4258/4514/1013 4259/4515/1014 4256/4512/1011
f 4250/4506/959 4257/4513/1015 4259/4515/1014 4258/4514/1013
f 4257/4513/1015 4252/4508/1009 4253/4509/1008 4259/4515/1014
f 4253/4509/1008 4256/4512/1011 4259/4515/1014
f 4260/4516/951 4263/4519/1016 4265/4521/1017 4264/4520/1018
f 4263/4519/1016 4267/4523/1019 4268/4524/1020 4265/4521/1017
f 4261/4517/945 4266/4522/1021 4268/4524/1020 4267/4523/1019
f 4266/4522/1021 4270/4526/1022 4271/4527/1023 4268/4524/1020
f 4262/4518/960 4269/4525/1024 4271/4527/1023 4270/4526/1022
f 4269/4525/1024 4264/4520/1018 4265/4521/1017 4271/4527/1023
f 4265/4521/1017 4268/4524/1020 4271/4527/1023
f 4214/4470/985 4201/4457/972 4207/4463/970 4221/4477/986
f 4221/4477/986 4207/4463/970 4203/4459/967 4216/4472/979
f 4216/4472/979 4203/4459/967 4200/4456/965 4212/4468/966
f 4248/4504/1006 4214/4470/985 4222/4478/983 4251/4507/1007
f 4251/4507/1007 4222/4478/983 4218/4474/982 4255/4511/1010
f 4255/4511/1010 4218/4474/982 4213/4469/947 4249/4505/952
f 4262/4518/960 4250/4506/959 4258/4514/1013 4269/4525/1024
f 4269/4525/1024 4258/4514/1013 4254/4510/1012 4264/4520/1018
f 4264/4520/1018 4254/4510/1012 4249/4505/952 4260/4516/951
f 4224/4480/987 4248/4504/1006 4252/4508/1009 4227/4483/988
f 4227/4483/988 4252/4508/1009 4257/4513/1015 4231/4487/991
f 4231/4487/991 4257/4513/1015 4250/4506/959 4225/4481/962
f 4261/4517/945 4236/4492/946 4240/4496/999 4266/4522/1021
f 4266/4522/1021 4240/4496/999 4245/4501/1005 4270/4526/1022
f 4270/4526/1022 4245/4501/1005 4238/4494/961 4262/4518/960
f 4237/4493/954 4226/4482/953 4234/4490/994 4242/4498/1002
f 4242/4498/1002 4234/4490/994 4230/4486/993 4246/4502/1003
f 4246/4502/1003 4230/4486/993 4225/4481/962 4238/4494/961
f 4201/4457/972 4224/4480/987 4228/4484/990 4206/4462/973
f 4206/4462/973 4228/4484/990 4233/4489/996 4210/4466/974
f 4210/4466/974 4233/4489/996 4226/4482/953 4202/4458/958
f 4280/4536/956 4272/4528/955 4274/4530/1025 4282/4538/1026
f 4282/4538/1026 4274/4530/1025 4275/4531/1027 4283/4539/1028
f 4283/4539/1028 4275/4531/1027 4273/4529/941 4281/4537/944
f 4288/4544/950 4292/4548/949 4294/4550/1029 4290/4546/1030
f 4290/4546/1030 4294/4550/1029 4295/4551/1031 4291/4547/1032
f 4291/4547/1032 4295/4551/1031 4293/4549/943 4289/4545/942
f 4276/4532/957 4280/4536/956 4282/4538/1026 4278/4534/1033
f 4278/4534/1033 4282/4538/1026 4283/4539/1028 4279/4535/1034
f 4279/4535/1034 4283/4539/1028 4281/4537/944 4277/4533/964
f 4292/4548/949 4284/4540/948 4286/4542/1035 4294/4550/1029
f 4294/4550/1029 4286/4542/1035 4287/4543/1036 4295/4551/1031
f 4295/4551/1031 4287/4543/1036 4285/4541/963 4293/4549/943
f 4236/4492/946 4273/4529/941 4275/4531/1027 4239/4495/997
f 4239/4495/997 4275/4531/1027 4274/4530/1025 4243/4499/1000
f 4243/4499/1000 4274/4530/1025 4272/4528/955 4237/4493/954
f 4277/4533/964 4200/4456/965 4204/4460/969 4279/4535/1034
f 4279/4535/1034 4204/4460/969 4209/4465/976 4278/4534/1033
f 4278/4534/1033 4209/4465/976 4202/4458/958 4276/4532/957
f 4284/4540/948 4213/4469/947 4219/4475/980 4286/4542/1035
f 4286/4542/1035 4219/4475/980 4215/4471/977 4287/4543/1036
f 4287/4543/1036 4215/4471/977 4212/4468/966 4285/4541/963
f 4260/4516/951 4288/4544/950 4290/4546/1030 4263/4519/1016
f 4263/4519/1016 4290/4546/1030 4291/4547/1032 4267/4523/1019
f 4267/4523/1019 4291/4547/1032 4289/4545/942 4261/4517/945
f 4214/4470/985 4248/4504/1006 4224/4480/987 4201/4457/972
f 4369/4625/941 4385/4641/942 4389/4645/943 4377/4633/944
f 4357/4613/945 4385/4641/942 4369/4625/941 4332/4588/946
f 4309/4565/947 4380/4636/948 4388/4644/949 4384/4640/950 4356/4612/951 4345/4601/952
f 4322/4578/953 4333/4589/954 4368/4624/955 4376/4632/956 4372/4628/957 4298/4554/958
f 4346/4602/959 4358/4614/960 4334/4590/961 4321/4577/962
f 4377/4633/944 4389/4645/943 4381/4637/963 4373/4629/964
f 4296/4552/965 4373/4629/964 4381/4637/963 4308/4564/966
f 4296/4552/965 4299/4555/967 4301/4557/968 4300/4556/969
f 4299/4555/967 4303/4559/970 4304/4560/971 4301/4557/968
f 4297/4553/972 4302/4558/973 4304/4560/971 4303/4559/970
f 4302/4558/973 4306/4562/974 4307/4563/975 4304/4560/971
f 4298/4554/958 4305/4561/976 4307/4563/975 4306/4562/974
f 4305/4561/976 4300/4556/969 4301/4557/968 4307/4563/975
f 4301/4557/968 4304/4560/971 4307/4563/975
f 4308/4564/966 4311/4567/977 4313/4569/978 4312/4568/979
f 4311/4567/977 4315/4571/980 4316/4572/981 4313/4569/978
f 4309/4565/947 4314/4570/982 4316/4572/981 4315/4571/980
f 4314/4570/982 4318/4574/983 4319/4575/984 4316/4572/981
f 4310/4566/985 4317/4573/986 4319/4575/984 4318/4574/983
f 4317/4573/986 4312/4568/979 4313/4569/978 4319/4575/984
f 4313/4569/978 4316/4572/981 4319/4575/984
f 4320/4576/987 4323/4579/988 4325/4581/989 4324/4580/990
f 4323/4579/988 4327/4583/991 4328/4584/992 4325/4581/989
f 4321/4577/962 4326/4582/993 4328/4584/992 4327/4583/991
f 4326/4582/993 4330/4586/994 4331/4587/995 4328/4584/992
f 4322/4578/953 4329/4585/996 4331/4587/995 4330/4586/994
f 4329/4585/996 4324/4580/990 4325/4581/989 4331/4587/995
f 4325/4581/989 4328/4584/992 4331/4587/995
f 4332/4588/946 4335/4591/997 4337/4593/998 4336/4592/999
f 4335/4591/997 4339/4595/1000 4340/4596/1001 4337/4593/998
f 4333/4589/954 4338/4594/1002 4340/4596/1001 4339/4595/1000
f 4338/4594/1002 4342/4598/1003 4343/4599/1004 4340/4596/1001
f 4334/4590/961 4341/4597/1005 4343/4599/1004 4342/4598/1003
f 4341/4597/1005 4336/4592/999 4337/4593/998 4343/4599/1004
f 4337/4593/998 4340/4596/1001 4343/4599/1004
f 4344/4600/1006 4347/4603/1007 4349/4605/1008 4348/4604/1009
f 4347/4603/1007 4351/4607/1010 4352/4608/1011 4349/4605/1008
f 4345/4601/952 4350/4606/1012 4352/4608/1011 4351/4607/1010
f 4350/4606/1012 4354/4610/1013 4355/4611/1014 4352/4608/1011
f 4346/4602/959 4353/4609/1015 4355/4611/1014 4354/4610/1013
f 4353/4609/1015 4348/4604/1009 4349/4605/1008 4355/4611/1014
f 4349/4605/1008 4352/4608/1011 4355/4611/1014
f 4356/4612/951 4359/4615/1016 4361/4617/1017 4360/4616/1018
f 4359/4615/1016 4363/4619/1019 4364/4620/1020 4361/4617/1017
f 4357/4613/945 4362/4618/1021 4364/4620/1020 4363/4619/1019
f 4362/4618/1021 4366/4622/1022 4367/4623/1037 4364/4620/1020
f 4358/4614/960 4365/4621/1024 4367/4623/1037 4366/4622/1022
f 4365/4621/1024 4360/4616/1018 4361/4617/1017 4367/4623/1037
f 4361/4617/1017 4364/4620/1020 4367/4623/1037
f 4310/4566/985 4297/4553/972 4303/4559/970 4317/4573/986
f 4317/4573/986 4303/4559/970 4299/4555/967 4312/4568/979
f 4312/4568/979 4299/4555/967 4296/4552/965 4308/4564/966
f 4344/4600/1006 4310/4566/985 4318/4574/983 4347/4603/1007
f 4347/4603/1007 4318/4574/983 4314/4570/982 4351/4607/1010
f 4351/4607/1010 4314/4570/982 4309/4565/947 4345/4601/952
f 4358/4614/960 4346/4602/959 4354/4610/1013 4365/4621/1024
f 4365/4621/1024 4354/4610/1013 4350/4606/1012 4360/4616/1018
f 4360/4616/1018 4350/4606/1012 4345/4601/952 4356/4612/951
f 4320/4576/987 4344/4600/1006 4348/4604/1009 4323/4579/988
f 4323/4579/988 4348/4604/1009 4353/4609/1015 4327/4583/991
f 4327/4583/991 4353/4609/1015 4346/4602/959 4321/4577/962
f 4357/4613/945 4332/4588/946 4336/4592/999 4362/4618/1021
f 4362/4618/1021 4336/4592/999 4341/4597/1005 4366/4622/1022
f 4366/4622/1022 4341/4597/1005 4334/4590/961 4358/4614/960
f 4333/4589/954 4322/4578/953 4330/4586/994 4338/4594/1002
f 4338/4594/1002 4330/4586/994 4326/4582/993 4342/4598/1003
f 4342/4598/1003 4326/4582/993 4321/4577/962 4334/4590/961
f 4297/4553/972 4320/4576/987 4324/4580/990 4302/4558/973
f 4302/4558/973 4324/4580/990 4329/4585/996 4306/4562/974
f 4306/4562/974 4329/4585/996 4322/4578/953 4298/4554/958
f 4376/4632/956 4368/4624/955 4370/4626/1025 4378/4634/1026
f 4378/4634/1026 4370/4626/1025 4371/4627/1027 4379/4635/1028
f 4379/4635/1028 4371/4627/1027 4369/4625/941 4377/4633/944
f 4384/4640/950 4388/4644/949 4390/4646/1029 4386/4642/1030
f 4386/4642/1030 4390/4646/1029 4391/4647/1031 4387/4643/1032
f 4387/4643/1032 4391/4647/1031 4389/4645/943 4385/4641/942
f 4372/4628/957 4376/4632/956 4378/4634/1026 4374/4630/1033
f 4374/4630/1033 4378/4634/1026 4379/4635/1028 4375/4631/1034
f 4375/4631/1034 4379/4635/1028 4377/4633/944 4373/4629/964
f 4388/4644/949 4380/4636/948 4382/4638/1035 4390/4646/1029
f 4390/4646/1029 4382/4638/1035 4383/4639/1036 4391/4647/1031
f 4391/4647/1031 4383/4639/1036 4381/4637/963 4389/4645/943
f 4332/4588/946 4369/4625/941 4371/4627/1027 4335/4591/997
f 4335/4591/997 4371/4627/1027 4370/4626/1025 4339/4595/1000
f 4339/4595/1000 4370/4626/1025 4368/4624/955 4333/4589/954
f 4373/4629/964 4296/4552/965 4300/4556/969 4375/4631/1034
f 4375/4631/1034 4300/4556/969 4305/4561/976 4374/4630/1033
f 4374/4630/1033 4305/4561/976 4298/4554/958 4372/4628/957
f 4380/4636/948 4309/4565/947 4315/4571/980 4382/4638/1035
f 4382/4638/1035 4315/4571/980 4311/4567/977 4383/4639/1036
f 4383/4639/1036 4311/4567/977 4308/4564/966 4381/4637/963
f 4356/4612/951 4384/4640/950 4386/4642/1030 4359/4615/1016
f 4359/4615/1016 4386/4642/1030 4387/4643/1032 4363/4619/1019
f 4363/4619/1019 4387/4643/1032 4385/4641/942 4357/4613/945
f 4310/4566/985 4344/4600/1006 4320/4576/987 4297/4553/972
f 4465/4721/941 4481/4737/942 4485/4741/943 4473/4729/944
f 4453/4709/945 4481/4737/942 4465/4721/941 4428/4684/946
f 4405/4661/947 4476/4732/948 4484/4740/949 4480/4736/950 4452/4708/951 4441/4697/952
f 4418/4674/953 4429/4685/954 4464/4720/955 4472/4728/956 4468/4724/957 4394/4650/958
f 4442/4698/959 4454/4710/960 4430/4686/961 4417/4673/962
f 4473/4729/944 4485/4741/943 4477/4733/963 4469/4725/964
f 4392/4648/965 4469/4725/964 4477/4733/963 4404/4660/966
f 4392/4648/965 4395/4651/967 4397/4653/968 4396/4652/969
f 4395/4651/967 4399/4655/970 4400/4656/971 4397/4653/968
f 4393/4649/972 4398/4654/973 4400/4656/971 4399/4655/970
f 4398/4654/973 4402/4658/974 4403/4659/975 4400/4656/971
f 4394/4650/958 4401/4657/976 4403/4659/975 4402/4658/974
f 4401/4657/976 4396/4652/969 4397/4653/968 4403/4659/975
f 4397/4653/968 4400/4656/971 4403/4659/975
f 4404/4660/966 4407/4663/977 4409/4665/978 4408/4664/979
f 4407/4663/977 4411/4667/980 4412/4668/981 4409/4665/978
f 4405/4661/947 4410/4666/982 4412/4668/981 4411/4667/980
f 4410/4666/982 4414/4670/983 4415/4671/984 4412/4668/981
f 4406/4662/985 4413/4669/986 4415/4671/984 4414/4670/983
f 4413/4669/986 4408/4664/979 4409/4665/978 4415/4671/984
f 4409/4665/978 4412/4668/981 4415/4671/984
f 4416/4672/987 4419/4675/988 4421/4677/989 4420/4676/990
f 4419/4675/988 4423/4679/991 4424/4680/992 4421/4677/989
f 4417/4673/962 4422/4678/993 4424/4680/992 4423/4679/991
f 4422/4678/993 4426/4682/994 4427/4683/995 4424/4680/992
f 4418/4674/953 4425/4681/996 4427/4683/995 4426/4682/994
f 4425/4681/996 4420/4676/990 4421/4677/989 4427/4683/995
f 4421/4677/989 4424/4680/992 4427/4683/995
f 4428/4684/946 4431/4687/997 4433/4689/998 4432/4688/999
f 4431/4687/997 4435/4691/1000 4436/4692/1001 4433/4689/998
f 4429/4685/954 4434/4690/1002 4436/4692/1001 4435/4691/1000
f 4434/4690/1002 4438/4694/1003 4439/4695/1004 4436/4692/1001
f 4430/4686/961 4437/4693/1005 4439/4695/1004 4438/4694/1003
f 4437/4693/1005 4432/4688/999 4433/4689/998 4439/4695/1004
f 4433/4689/998 4436/4692/1001 4439/4695/1004
f 4440/4696/1006 4443/4699/1007 4445/4701/1008 4444/4700/1009
f 4443/4699/1007 4447/4703/1010 4448/4704/1011 4445/4701/1008
f 4441/4697/952 4446/4702/1012 4448/4704/1011 4447/4703/1010
f 4446/4702/1012 4450/4706/1013 4451/4707/1014 4448/4704/1011
f 4442/4698/959 4449/4705/1015 4451/4707/1014 4450/4706/1013
f 4449/4705/1015 4444/4700/1009 4445/4701/1008 4451/4707/1014
f 4445/4701/1008 4448/4704/1011 4451/4707/1014
f 4452/4708/951 4455/4711/1016 4457/4713/1038 4456/4712/1018
f 4455/4711/1016 4459/4715/1019 4460/4716/1020 4457/4713/1038
f 4453/4709/945 4458/4714/1021 4460/4716/1020 4459/4715/1019
f 4458/4714/1021 4462/4718/1022 4463/4719/1023 4460/4716/1020
f 4454/4710/960 4461/4717/1024 4463/4719/1023 4462/4718/1022
f 4461/4717/1024 4456/4712/1018 4457/4713/1038 4463/4719/1023
f 4457/4713/1038 4460/4716/1020 4463/4719/1023
f 4406/4662/985 4393/4649/972 4399/4655/970 4413/4669/986
f 4413/4669/986 4399/4655/970 4395/4651/967 4408/4664/979
f 4408/4664/979 4395/4651/967 4392/4648/965 4404/4660/966
f 4440/4696/1006 4406/4662/985 4414/4670/983 4443/4699/1007
f 4443/4699/1007 4414/4670/983 4410/4666/982 4447/4703/1010
f 4447/4703/1010 4410/4666/982 4405/4661/947 4441/4697/952
f 4454/4710/960 4442/4698/959 4450/4706/1013 4461/4717/1024
f 4461/4717/1024 4450/4706/1013 4446/4702/1012 4456/4712/1018
f 4456/4712/1018 4446/4702/1012 4441/4697/952 4452/4708/951
f 4416/4672/987 4440/4696/1006 4444/4700/1009 4419/4675/988
f 4419/4675/988 4444/4700/1009 4449/4705/1015 4423/4679/991
f 4423/4679/991 4449/4705/1015 4442/4698/959 4417/4673/962
f 4453/4709/945 4428/4684/946 4432/4688/999 4458/4714/1021
f 4458/4714/1021 4432/4688/999 4437/4693/1005 4462/4718/1022
f 4462/4718/1022 4437/4693/1005 4430/4686/961 4454/4710/960
f 4429/4685/954 4418/4674/953 4426/4682/994 4434/4690/1002
f 4434/4690/1002 4426/4682/994 4422/4678/993 4438/4694/1003
f 4438/4694/1003 4422/4678/993 4417/4673/962 4430/4686/961
f 4393/4649/972 4416/4672/987 4420/4676/990 4398/4654/973
f 4398/4654/973 4420/4676/990 4425/4681/996 4402/4658/974
f 4402/4658/974 4425/4681/996 4418/4674/953 4394/4650/958
f 4472/4728/956 4464/4720/955 4466/4722/1025 4474/4730/1026
f 4474/4730/1026 4466/4722/1025 4467/4723/1027 4475/4731/1028
f 4475/4731/1028 4467/4723/1027 4465/4721/941 4473/4729/944
f 4480/4736/950 4484/4740/949 4486/4742/1029 4482/4738/1030
f 4482/4738/1030 4486/4742/1029 4487/4743/1031 4483/4739/1032
f 4483/4739/1032 4487/4743/1031 4485/4741/943 4481/4737/942
f 4468/4724/957 4472/4728/956 4474/4730/1026 4470/4726/1033
f 4470/4726/1033 4474/4730/1026 4475/4731/1028 4471/4727/1034
f 4471/4727/1034 4475/4731/1028 4473/4729/944 4469/4725/964
f 4484/4740/949 4476/4732/948 4478/4734/1035 4486/4742/1029
f 4486/4742/1029 4478/4734/1035 4479/4735/1036 4487/4743/1031
f 4487/4743/1031 4479/4735/1036 4477/4733/963 4485/4741/943
f 4428/4684/946 4465/4721/941 4467/4723/1027 4431/4687/997
f 4431/4687/997 4467/4723/1027 4466/4722/1025 4435/4691/1000
f 4435/4691/1000 4466/4722/1025 4464/4720/955 4429/4685/954
f 4469/4725/964 4392/4648/965 4396/4652/969 4471/4727/1034
f 4471/4727/1034 4396/4652/969 4401/4657/976 4470/4726/1033
f 4470/4726/1033 4401/4657/976 4394/4650/958 4468/4724/957
f 4476/4732/948 4405/4661/947 4411/4667/980 4478/4734/1035
f 4478/4734/1035 4411/4667/980 4407/4663/977 4479/4735/1036
f 4479/4735/1036 4407/4663/977 4404/4660/966 4477/4733/963
f 4452/4708/951 4480/4736/950 4482/4738/1030 4455/4711/1016
f 4455/4711/1016 4482/4738/1030 4483/4739/1032 4459/4715/1019
f 4459/4715/1019 4483/4739/1032 4481/4737/942 4453/4709/945
f 4406/4662/985 4440/4696/1006 4416/4672/987 4393/4649/972
f 4561/4817/941 4577/4833/942 4581/4837/943 4569/4825/944
f 4549/4805/945 4577/4833/942 4561/4817/941 4524/4780/946
f 4501/4757/947 4572/4828/948 4580/4836/949 4576/4832/950 4548/4804/951 4537/4793/952
f 4514/4770/1039 4525/4781/954 4560/4816/1040 4568/4824/956 4564/4820/957 4490/4746/958
f 4538/4794/959 4550/4806/960 4526/4782/961 4513/4769/962
f 4569/4825/944 4581/4837/943 4573/4829/963 4565/4821/964
f 4488/4744/965 4565/4821/964 4573/4829/963 4500/4756/966
f 4488/4744/965 4491/4747/967 4493/4749/968 4492/4748/969
f 4491/4747/967 4495/4751/970 4496/4752/971 4493/4749/968
f 4489/4745/972 4494/4750/973 4496/4752/971 4495/4751/970
f 4494/4750/973 4498/4754/974 4499/4755/975 4496/4752/971
f 4490/4746/958 4497/4753/976 4499/4755/975 4498/4754/974
f 4497/4753/976 4492/4748/969 4493/4749/968 4499/4755/975
f 4493/4749/968 4496/4752/971 4499/4755/975
f 4500/4756/966 4503/4759/977 4505/4761/978 4504/4760/979
f 4503/4759/977 4507/4763/980 4508/4764/981 4505/4761/978
f 4501/4757/947 4506/4762/982 4508/4764/981 4507/4763/980
f 4506/4762/982 4510/4766/983 4511/4767/984 4508/4764/981
f 4502/4758/985 4509/4765/986 4511/4767/984 4510/4766/983
f 4509/4765/986 4504/4760/979 4505/4761/978 4511/4767/984
f 4505/4761/978 4508/4764/981 4511/4767/984
f 4512/4768/987 4515/4771/988 4517/4773/989 4516/4772/990
f 4515/4771/988 4519/4775/991 4520/4776/992 4517/4773/989
f 4513/4769/962 4518/4774/993 4520/4776/992 4519/4775/991
f 4518/4774/993 4522/4778/994 4523/4779/995 4520/4776/992
f 4514/4770/1039 4521/4777/996 4523/4779/995 4522/4778/994
f 4521/4777/996 4516/4772/990 4517/4773/989 4523/4779/995
f 4517/4773/989 4520/4776/992 4523/4779/995
f 4524/4780/946 4527/4783/997 4529/4785/998 4528/4784/1041
f 4527/4783/997 4531/4787/1000 4532/4788/1001 4529/4785/998
f 4525/4781/954 4530/4786/1002 4532/4788/1001 4531/4787/1000
f 4530/4786/1002 4534/4790/1003 4535/4791/1004 4532/4788/1001
f 4526/4782/961 4533/4789/1005 4535/4791/1004 4534/4790/1003
f 4533/4789/1005 4528/4784/1041 4529/4785/998 4535/4791/1004
f 4529/4785/998 4532/4788/1001 4535/4791/1004
f 4536/4792/1006 4539/4795/1007 4541/4797/1008 4540/4796/1009
f 4539/4795/1007 4543/4799/1010 4544/4800/1011 4541/4797/1008
f 4537/4793/952 4542/4798/1012 4544/4800/1011 4543/4799/1010
f 4542/4798/1012 4546/4802/1013 4547/4803/1014 4544/4800/1011
f 4538/4794/959 4545/4801/1015 4547/4803/1014 4546/4802/1013
f 4545/4801/1015 4540/4796/1009 4541/4797/1008 4547/4803/1014
f 4541/4797/1008 4544/4800/1011 4547/4803/1014
f 4548/4804/951 4551/4807/1016 4553/4809/1017 4552/4808/1018
f 4551/4807/1016 4555/4811/1019 4556/4812/1020 4553/4809/1017
f 4549/4805/945 4554/4810/1021 4556/4812/1020 4555/4811/1019
f 4554/4810/1021 4558/4814/1022 4559/4815/1023 4556/4812/1020
f 4550/4806/960 4557/4813/1024 4559/4815/1023 4558/4814/1022
f 4557/4813/1024 4552/4808/1018 4553/4809/1017 4559/4815/1023
f 4553/4809/1017 4556/4812/1020 4559/4815/1023
f 4502/4758/985 4489/4745/972 4495/4751/970 4509/4765/986
f 4509/4765/986 4495/4751/970 4491/4747/967 4504/4760/979
f 4504/4760/979 4491/4747/967 4488/4744/965 4500/4756/966
f 4536/4792/1006 4502/4758/985 4510/4766/983 4539/4795/1007
f 4539/4795/1007 4510/4766/983 4506/4762/982 4543/4799/1010
f 4543/4799/1010 4506/4762/982 4501/4757/947 4537/4793/952
f 4550/4806/960 4538/4794/959 4546/4802/1013 4557/4813/1024
f 4557/4813/1024 4546/4802/1013 4542/4798/1012 4552/4808/1018
f 4552/4808/1018 4542/4798/1012 4537/4793/952 4548/4804/951
f 4512/4768/987 4536/4792/1006 4540/4796/1009 4515/4771/988
f 4515/4771/988 4540/4796/1009 4545/4801/1015 4519/4775/991
f 4519/4775/991 4545/4801/1015 4538/4794/959 4513/4769/962
f 4549/4805/945 4524/4780/946 4528/4784/1041 4554/4810/1021
f 4554/4810/1021 4528/4784/1041 4533/4789/1005 4558/4814/1022
f 4558/4814/1022 4533/4789/1005 4526/4782/961 4550/4806/960
f 4525/4781/954 4514/4770/1039 4522/4778/994 4530/4786/1002
f 4530/4786/1002 4522/4778/994 4518/4774/993 4534/4790/1003
f 4534/4790/1003 4518/4774/993 4513/4769/962 4526/4782/961
f 4489/4745/972 4512/4768/987 4516/4772/990 4494/4750/973
f 4494/4750/973 4516/4772/990 4521/4777/996 4498/4754/974
f 4498/4754/974 4521/4777/996 4514/4770/1039 4490/4746/958
f 4568/4824/956 4560/4816/1040 4562/4818/1025 4570/4826/1026
f 4570/4826/1026 4562/4818/1025 4563/4819/1027 4571/4827/1028
f 4571/4827/1028 4563/4819/1027 4561/4817/941 4569/4825/944
f 4576/4832/950 4580/4836/949 4582/4838/1029 4578/4834/1042
f 4578/4834/1042 4582/4838/1029 4583/4839/1031 4579/4835/1032
f 4579/4835/1032 4583/4839/1031 4581/4837/943 4577/4833/942
f 4564/4820/957 4568/4824/956 4570/4826/1026 4566/4822/1033
f 4566/4822/1033 4570/4826/1026 4571/4827/1028 4567/4823/1034
f 4567/4823/1034 4571/4827/1028 4569/4825/944 4565/4821/964
f 4580/4836/949 4572/4828/948 4574/4830/1035 4582/4838/1029
f 4582/4838/1029 4574/4830/1035 4575/4831/1036 4583/4839/1031
f 4583/4839/1031 4575/4831/1036 4573/4829/963 4581/4837/943
f 4524/4780/946 4561/4817/941 4563/4819/1027 4527/4783/997
f 4527/4783/997 4563/4819/1027 4562/4818/1025 4531/4787/1000
f 4531/4787/1000 4562/4818/1025 4560/4816/1040 4525/4781/954
f 4565/4821/964 4488/4744/965 4492/4748/969 4567/4823/1034
f 4567/4823/1034 4492/4748/969 4497/4753/976 4566/4822/1033
f 4566/4822/1033 4497/4753/976 4490/4746/958 4564/4820/957
f 4572/4828/948 4501/4757/947 4507/4763/980 4574/4830/1035
f 4574/4830/1035 4507/4763/980 4503/4759/977 4575/4831/1036
f 4575/4831/1036 4503/4759/977 4500/4756/966 4573/4829/963
f 4548/4804/951 4576/4832/950 4578/4834/1042 4551/4807/1016
f 4551/4807/1016 4578/4834/1042 4579/4835/1032 4555/4811/1019
f 4555/4811/1019 4579/4835/1032 4577/4833/942 4549/4805/945
f 4502/4758/985 4536/4792/1006 4512/4768/987 4489/4745/972
f 4657/4913/941 4673/4929/942 4677/4933/943 4665/4921/944
f 4645/4901/945 4673/4929/942 4657/4913/941 4620/4876/946
f 4597/4853/947 4668/4924/948 4676/4932/949 4672/4928/950 4644/4900/951 4633/4889/952
f 4610/4866/1039 4621/4877/954 4656/4912/1040 4664/4920/956 4660/4916/957 4586/4842/958
f 4634/4890/959 4646/4902/960 4622/4878/961 4609/4865/962
f 4665/4921/944 4677/4933/943 4669/4925/963 4661/4917/964
f 4584/4840/965 4661/4917/964 4669/4925/963 4596/4852/966
f 4584/4840/965 4587/4843/967 4589/4845/968 4588/4844/969
f 4587/4843/967 4591/4847/1043 4592/4848/971 4589/4845/968
f 4585/4841/972 4590/4846/973 4592/4848/971 4591/4847/1043
f 4590/4846/973 4594/4850/974 4595/4851/975 4592/4848/971
f 4586/4842/958 4593/4849/976 4595/4851/975 4594/4850/974
f 4593/4849/976 4588/4844/969 4589/4845/968 4595/4851/975
f 4589/4845/968 4592/4848/971 4595/4851/975
f 4596/4852/966 4599/4855/977 4601/4857/978 4600/4856/979
f 4599/4855/977 4603/4859/980 4604/4860/981 4601/4857/978
f 4597/4853/947 4602/4858/982 4604/4860/981 4603/4859/980
f 4602/4858/982 4606/4862/983 4607/4863/984 4604/4860/981
f 4598/4854/985 4605/4861/986 4607/4863/984 4606/4862/983
f 4605/4861/986 4600/4856/979 4601/4857/978 4607/4863/984
f 4601/4857/978 4604/4860/981 4607/4863/984
f 4608/4864/987 4611/4867/988 4613/4869/989 4612/4868/990
f 4611/4867/988 4615/4871/991 4616/4872/992 4613/4869/989
f 4609/4865/962 4614/4870/993 4616/4872/992 4615/4871/991
f 4614/4870/993 4618/4874/994 4619/4875/995 4616/4872/992
f 4610/4866/1039 4617/4873/996 4619/4875/995 4618/4874/994
f 4617/4873/996 4612/4868/990 4613/4869/989 4619/4875/995
f 4613/4869/989 4616/4872/992 4619/4875/995
f 4620/4876/946 4623/4879/997 4625/4881/998 4624/4880/999
f 4623/4879/997 4627/4883/1000 4628/4884/1044 4625/4881/998
f 4621/4877/954 4626/4882/1002 4628/4884/1044 4627/4883/1000
f 4626/4882/1002 4630/4886/1003 4631/4887/1004 4628/4884/1044
f 4622/4878/961 4629/4885/1045 4631/4887/1004 4630/4886/1003
f 4629/4885/1045 4624/4880/999 4625/4881/998 4631/4887/1004
f 4625/4881/998 4628/4884/1044 4631/4887/1004
f 4632/4888/1006 4635/4891/1007 4637/4893/1008 4636/4892/1009
f 4635/4891/1007 4639/4895/1010 4640/4896/1011 4637/4893/1008
f 4633/4889/952 4638/4894/1012 4640/4896/1011 4639/4895/1010
f 4638/4894/1012 4642/4898/1013 4643/4899/1014 4640/4896/1011
f 4634/4890/959 4641/4897/1015 4643/4899/1014 4642/4898/1013
f 4641/4897/1015 4636/4892/1009 4637/4893/1008 4643/4899/1014
f 4637/4893/1008 4640/4896/1011 4643/4899/1014
f 4644/4900/951 4647/4903/1016 4649/4905/1017 4648/4904/1018
f 4647/4903/1016 4651/4907/1019 4652/4908/1020 4649/4905/1017
f 4645/4901/945 4650/4906/1021 4652/4908/1020 4651/4907/1019
f 4650/4906/1021 4654/4910/1022 4655/4911/1023 4652/4908/1020
f 4646/4902/960 4653/4909/1024 4655/4911/1023 4654/4910/1022
f 4653/4909/1024 4648/4904/1018 4649/4905/1017 4655/4911/1023
f 4649/4905/1017 4652/4908/1020 4655/4911/1023
f 4598/4854/985 4585/4841/972 4591/4847/1043 4605/4861/986
f 4605/4861/986 4591/4847/1043 4587/4843/967 4600/4856/979
f 4600/4856/979 4587/4843/967 4584/4840/965 4596/4852/966
f 4632/4888/1006 4598/4854/985 4606/4862/983 4635/4891/1007
f 4635/4891/1007 4606/4862/983 4602/4858/982 4639/4895/1010
f 4639/4895/1010 4602/4858/982 4597/4853/947 4633/4889/952
f 4646/4902/960 4634/4890/959 4642/4898/1013 4653/4909/1024
f 4653/4909/1024 4642/4898/1013 4638/4894/1012 4648/4904/1018
f 4648/4904/1018 4638/4894/1012 4633/4889/952 4644/4900/951
f 4608/4864/987 4632/4888/1006 4636/4892/1009 4611/4867/988
f 4611/4867/988 4636/4892/1009 4641/4897/1015 4615/4871/991
f 4615/4871/991 4641/4897/1015 4634/4890/959 4609/4865/962
f 4645/4901/945 4620/4876/946 4624/4880/999 4650/4906/1021
f 4650/4906/1021 4624/4880/999 4629/4885/1045 4654/4910/1022
f 4654/4910/1022 4629/4885/1045 4622/4878/961 4646/4902/960
f 4621/4877/954 4610/4866/1039 4618/4874/994 4626/4882/1002
f 4626/4882/1002 4618/4874/994 4614/4870/993 4630/4886/1003
f 4630/4886/1003 4614/4870/993 4609/4865/962 4622/4878/961
f 4585/4841/972 4608/4864/987 4612/4868/990 4590/4846/973
f 4590/4846/973 4612/4868/990 4617/4873/996 4594/4850/974
f 4594/4850/974 4617/4873/996 4610/4866/1039 4586/4842/958
f 4664/4920/956 4656/4912/1040 4658/4914/1025 4666/4922/1026
f 4666/4922/1026 4658/4914/1025 4659/4915/1027 4667/4923/1028
f 4667/4923/1028 4659/4915/1027 4657/4913/941 4665/4921/944
f 4672/4928/950 4676/4932/949 4678/4934/1029 4674/4930/1030
f 4674/4930/1030 4678/4934/1029 4679/4935/1031 4675/4931/1032
f 4675/4931/1032 4679/4935/1031 4677/4933/943 4673/4929/942
f 4660/4916/957 4664/4920/956 4666/4922/1026 4662/4918/1033
f 4662/4918/1033 4666/4922/1026 4667/4923/1028 4663/4919/1034
f 4663/4919/1034 4667/4923/1028 4665/4921/944 4661/4917/964
f 4676/4932/949 4668/4924/948 4670/4926/1035 4678/4934/1029
f 4678/4934/1029 4670/4926/1035 4671/4927/1036 4679/4935/1031
f 4679/4935/1031 4671/4927/1036 4669/4925/963 4677/4933/943
f 4620/4876/946 4657/4913/941 4659/4915/1027 4623/4879/997
f 4623/4879/997 4659/4915/1027 4658/4914/1025 4627/4883/1000
f 4627/4883/1000 4658/4914/1025 4656/4912/1040 4621/4877/954
f 4661/4917/964 4584/4840/965 4588/4844/969 4663/4919/1034
f 4663/4919/1034 4588/4844/969 4593/4849/976 4662/4918/1033
f 4662/4918/1033 4593/4849/976 4586/4842/958 4660/4916/957
f 4668/4924/948 4597/4853/947 4603/4859/980 4670/4926/1035
f 4670/4926/1035 4603/4859/980 4599/4855/977 4671/4927/1036
f 4671/4927/1036 4599/4855/977 4596/4852/966 4669/4925/963
f 4644/4900/951 4672/4928/950 4674/4930/1030 4647/4903/1016
f 4647/4903/1016 4674/4930/1030 4675/4931/1032 4651/4907/1019
f 4651/4907/1019 4675/4931/1032 4673/4929/942 4645/4901/945
f 4598/4854/985 4632/4888/1006 4608/4864/987 4585/4841/972
f 4753/5009/941 4769/5025/942 4773/5029/943 4761/5017/944
f 4741/4997/945 4769/5025/942 4753/5009/941 4716/4972/946
f 4693/4949/947 4764/5020/948 4772/5028/949 4768/5024/950 4740/4996/951 4729/4985/952
f 4706/4962/1039 4717/4973/954 4752/5008/1040 4760/5016/956 4756/5012/957 4682/4938/958
f 4730/4986/959 4742/4998/960 4718/4974/961 4705/4961/962
f 4761/5017/944 4773/5029/943 4765/5021/963 4757/5013/964
f 4680/4936/965 4757/5013/964 4765/5021/963 4692/4948/966
f 4680/4936/965 4683/4939/967 4685/4941/968 4684/4940/969
f 4683/4939/967 4687/4943/970 4688/4944/971 4685/4941/968
f 4681/4937/972 4686/4942/973 4688/4944/971 4687/4943/970
f 4686/4942/973 4690/4946/974 4691/4947/975 4688/4944/971
f 4682/4938/958 4689/4945/976 4691/4947/975 4690/4946/974
f 4689/4945/976 4684/4940/969 4685/4941/968 4691/4947/975
f 4685/4941/968 4688/4944/971 4691/4947/975
f 4692/4948/966 4695/4951/977 4697/4953/978 4696/4952/979
f 4695/4951/977 4699/4955/980 4700/4956/981 4697/4953/978
f 4693/4949/947 4698/4954/982 4700/4956/981 4699/4955/980
f 4698/4954/982 4702/4958/983 4703/4959/984 4700/4956/981
f 4694/4950/985 4701/4957/986 4703/4959/984 4702/4958/983
f 4701/4957/986 4696/4952/979 4697/4953/978 4703/4959/984
f 4697/4953/978 4700/4956/981 4703/4959/984
f 4704/4960/987 4707/4963/988 4709/4965/989 4708/4964/990
f 4707/4963/988 4711/4967/991 4712/4968/992 4709/4965/989
f 4705/4961/962 4710/4966/993 4712/4968/992 4711/4967/991
f 4710/4966/993 4714/4970/994 4715/4971/995 4712/4968/992
f 4706/4962/1039 4713/4969/996 4715/4971/995 4714/4970/994
f 4713/4969/996 4708/4964/990 4709/4965/989 4715/4971/995
f 4709/4965/989 4712/4968/992 4715/4971/995
f 4716/4972/946 4719/4975/997 4721/4977/998 4720/4976/999
f 4719/4975/997 4723/4979/1000 4724/4980/1044 4721/4977/998
f 4717/4973/954 4722/4978/1002 4724/4980/1044 4723/4979/1000
f 4722/4978/1002 4726/4982/1003 4727/4983/1004 4724/4980/1044
f 4718/4974/961 4725/4981/1005 4727/4983/1004 4726/4982/1003
f 4725/4981/1005 4720/4976/999 4721/4977/998 4727/4983/1004
f 4721/4977/998 4724/4980/1044 4727/4983/1004
f 4728/4984/1006 4731/4987/1007 4733/4989/1008 4732/4988/1009
f 4731/4987/1007 4735/4991/1010 4736/4992/1011 4733/4989/1008
f 4729/4985/952 4734/4990/1012 4736/4992/1011 4735/4991/1010
f 4734/4990/1012 4738/4994/1013 4739/4995/1014 4736/4992/1011
f 4730/4986/959 4737/4993/1015 4739/4995/1014 4738/4994/1013
f 4737/4993/1015 4732/4988/1009 4733/4989/1008 4739/4995/1014
f 4733/4989/1008 4736/4992/1011 4739/4995/1014
f 4740/4996/951 4743/4999/1016 4745/5001/1017 4744/5000/1018
f 4743/4999/1016 4747/5003/1019 4748/5004/1020 4745/5001/1017
f 4741/4997/945 4746/5002/1021 4748/5004/1020 4747/5003/1019
f 4746/5002/1021 4750/5006/1022 4751/5007/1023 4748/5004/1020
f 4742/4998/960 4749/5005/1024 4751/5007/1023 4750/5006/1022
f 4749/5005/1024 4744/5000/1018 4745/5001/1017 4751/5007/1023
f 4745/5001/1017 4748/5004/1020 4751/5007/1023
f 4694/4950/985 4681/4937/972 4687/4943/970 4701/4957/986
f 4701/4957/986 4687/4943/970 4683/4939/967 4696/4952/979
f 4696/4952/979 4683/4939/967 4680/4936/965 4692/4948/966
f 4728/4984/1006 4694/4950/985 4702/4958/983 4731/4987/1007
f 4731/4987/1007 4702/4958/983 4698/4954/982 4735/4991/1010
f 4735/4991/1010 4698/4954/982 4693/4949/947 4729/4985/952
f 4742/4998/960 4730/4986/959 4738/4994/1013 4749/5005/1024
f 4749/5005/1024 4738/4994/1013 4734/4990/1012 4744/5000/1018
f 4744/5000/1018 4734/4990/1012 4729/4985/952 4740/4996/951
f 4704/4960/987 4728/4984/1006 4732/4988/1009 4707/4963/988
f 4707/4963/988 4732/4988/1009 4737/4993/1015 4711/4967/991
f 4711/4967/991 4737/4993/1015 4730/4986/959 4705/4961/962
f 4741/4997/945 4716/4972/946 4720/4976/999 4746/5002/1021
f 4746/5002/1021 4720/4976/999 4725/4981/1005 4750/5006/1022
f 4750/5006/1022 4725/4981/1005 4718/4974/961 4742/4998/960
f 4717/4973/954 4706/4962/1039 4714/4970/994 4722/4978/1002
f 4722/4978/1002 4714/4970/994 4710/4966/993 4726/4982/1003
f 4726/4982/1003 4710/4966/993 4705/4961/962 4718/4974/961
f 4681/4937/972 4704/4960/987 4708/4964/990 4686/4942/973
f 4686/4942/973 4708/4964/990 4713/4969/996 4690/4946/974
f 4690/4946/974 4713/4969/996 4706/4962/1039 4682/4938/958
f 4760/5016/956 4752/5008/1040 4754/5010/1025 4762/5018/1026
f 4762/5018/1026 4754/5010/1025 4755/5011/1027 4763/5019/1028
f 4763/5019/1028 4755/5011/1027 4753/5009/941 4761/5017/944
f 4768/5024/950 4772/5028/949 4774/5030/1029 4770/5026/1030
f 4770/5026/1030 4774/5030/1029 4775/5031/1031 4771/5027/1032
f 4771/5027/1032 4775/5031/1031 4773/5029/943 4769/5025/942
f 4756/5012/957 4760/5016/956 4762/5018/1026 4758/5014/1033
f 4758/5014/1033 4762/5018/1026 4763/5019/1028 4759/5015/1034
f 4759/5015/1034 4763/5019/1028 4761/5017/944 4757/5013/964
f 4772/5028/949 4764/5020/948 4766/5022/1035 4774/5030/1029
f 4774/5030/1029 4766/5022/1035 4767/5023/1036 4775/5031/1031
f 4775/5031/1031 4767/5023/1036 4765/5021/963 4773/5029/943
f 4716/4972/946 4753/5009/941 4755/5011/1027 4719/4975/997
f 4719/4975/997 4755/5011/1027 4754/5010/1025 4723/4979/1000
f 4723/4979/1000 4754/5010/1025 4752/5008/1040 4717/4973/954
f 4757/5013/964 4680/4936/965 4684/4940/969 4759/5015/1034
f 4759/5015/1034 4684/4940/969 4689/4945/976 4758/5014/1033
f 4758/5014/1033 4689/4945/976 4682/4938/958 4756/5012/957
f 4764/5020/948 4693/4949/947 4699/4955/980 4766/5022/1035
f 4766/5022/1035 4699/4955/980 4695/4951/977 4767/5023/1036
f 4767/5023/1036 4695/4951/977 4692/4948/966 4765/5021/963
f 4740/4996/951 4768/5024/950 4770/5026/1030 4743/4999/1016
f 4743/4999/1016 4770/5026/1030 4771/5027/1032 4747/5003/1019
f 4747/5003/1019 4771/5027/1032 4769/5025/942 4741/4997/945
f 4694/4950/985 4728/4984/1006 4704/4960/987 4681/4937/972
f 4849/5105/941 4865/5121/942 4869/5125/943 4857/5113/944
f 4837/5093/945 4865/5121/942 4849/5105/941 4812/5068/946
f 4789/5045/947 4860/5116/948 4868/5124/949 4864/5120/950 4836/5092/951 4825/5081/952
f 4802/5058/1039 4813/5069/954 4848/5104/1040 4856/5112/956 4852/5108/957 4778/5034/958
f 4826/5082/959 4838/5094/960 4814/5070/961 4801/5057/962
f 4857/5113/944 4869/5125/943 4861/5117/963 4853/5109/964
f 4776/5032/965 4853/5109/964 4861/5117/963 4788/5044/966
f 4776/5032/965 4779/5035/967 4781/5037/968 4780/5036/969
f 4779/5035/967 4783/5039/970 4784/5040/971 4781/5037/968
f 4777/5033/972 4782/5038/973 4784/5040/971 4783/5039/970
f 4782/5038/973 4786/5042/974 4787/5043/975 4784/5040/971
f 4778/5034/958 4785/5041/976 4787/5043/975 4786/5042/974
f 4785/5041/976 4780/5036/969 4781/5037/968 4787/5043/975
f 4781/5037/968 4784/5040/971 4787/5043/975
f 4788/5044/966 4791/5047/977 4793/5049/978 4792/5048/979
f 4791/5047/977 4795/5051/980 4796/5052/981 4793/5049/978
f 4789/5045/947 4794/5050/982 4796/5052/981 4795/5051/980
f 4794/5050/982 4798/5054/983 4799/5055/984 4796/5052/981
f 4790/5046/985 4797/5053/986 4799/5055/984 4798/5054/983
f 4797/5053/986 4792/5048/979 4793/5049/978 4799/5055/984
f 4793/5049/978 4796/5052/981 4799/5055/984
f 4800/5056/987 4803/5059/988 4805/5061/989 4804/5060/990
f 4803/5059/988 4807/5063/991 4808/5064/992 4805/5061/989
f 4801/5057/962 4806/5062/993 4808/5064/992 4807/5063/991
f 4806/5062/993 4810/5066/994 4811/5067/995 4808/5064/992
f 4802/5058/1039 4809/5065/996 4811/5067/995 4810/5066/994
f 4809/5065/996 4804/5060/990 4805/5061/989 4811/5067/995
f 4805/5061/989 4808/5064/992 4811/5067/995
f 4812/5068/946 4815/5071/997 4817/5073/998 4816/5072/1041
f 4815/5071/997 4819/5075/1000 4820/5076/1044 4817/5073/998
f 4813/5069/954 4818/5074/1002 4820/5076/1044 4819/5075/1000
f 4818/5074/1002 4822/5078/1003 4823/5079/1004 4820/5076/1044
f 4814/5070/961 4821/5077/1045 4823/5079/1004 4822/5078/1003
f 4821/5077/1045 4816/5072/1041 4817/5073/998 4823/5079/1004
f 4817/5073/998 4820/5076/1044 4823/5079/1004
f 4824/5080/1006 4827/5083/1007 4829/5085/1008 4828/5084/1009
f 4827/5083/1007 4831/5087/1010 4832/5088/1011 4829/5085/1008
f 4825/5081/952 4830/5086/1012 4832/5088/1011 4831/5087/1010
f 4830/5086/1012 4834/5090/1013 4835/5091/1014 4832/5088/1011
f 4826/5082/959 4833/5089/1015 4835/5091/1014 4834/5090/1013
f 4833/5089/1015 4828/5084/1009 4829/5085/1008 4835/5091/1014
f 4829/5085/1008 4832/5088/1011 4835/5091/1014
f 4836/5092/951 4839/5095/1016 4841/5097/1017 4840/5096/1018
f 4839/5095/1016 4843/5099/1019 4844/5100/1020 4841/5097/1017
f 4837/5093/945 4842/5098/1021 4844/5100/1020 4843/5099/1019
f 4842/5098/1021 4846/5102/1022 4847/5103/1023 4844/5100/1020
f 4838/5094/960 4845/5101/1024 4847/5103/1023 4846/5102/1022
f 4845/5101/1024 4840/5096/1018 4841/5097/1017 4847/5103/1023
f 4841/5097/1017 4844/5100/1020 4847/5103/1023
f 4790/5046/985 4777/5033/972 4783/5039/970 4797/5053/986
f 4797/5053/986 4783/5039/970 4779/5035/967 4792/5048/979
f 4792/5048/979 4779/5035/967 4776/5032/965 4788/5044/966
f 4824/5080/1006 4790/5046/985 4798/5054/983 4827/5083/1007
f 4827/5083/1007 4798/5054/983 4794/5050/982 4831/5087/1010
f 4831/5087/1010 4794/5050/982 4789/5045/947 4825/5081/952
f 4838/5094/960 4826/5082/959 4834/5090/1013 4845/5101/1024
f 4845/5101/1024 4834/5090/1013 4830/5086/1012 4840/5096/1018
f 4840/5096/1018 4830/5086/1012 4825/5081/952 4836/5092/951
f 4800/5056/987 4824/5080/1006 4828/5084/1009 4803/5059/988
f 4803/5059/988 4828/5084/1009 4833/5089/1015 4807/5063/991
f 4807/5063/991 4833/5089/1015 4826/5082/959 4801/5057/962
f 4837/5093/945 4812/5068/946 4816/5072/1041 4842/5098/1021
f 4842/5098/1021 4816/5072/1041 4821/5077/1045 4846/5102/1022
f 4846/5102/1022 4821/5077/1045 4814/5070/961 4838/5094/960
f 4813/5069/954 4802/5058/1039 4810/5066/994 4818/5074/1002
f 4818/5074/1002 4810/5066/994 4806/5062/993 4822/5078/1003
f 4822/5078/1003 4806/5062/993 4801/5057/962 4814/5070/961
f 4777/5033/972 4800/5056/987 4804/5060/990 4782/5038/973
f 4782/5038/973 4804/5060/990 4809/5065/996 4786/5042/974
f 4786/5042/974 4809/5065/996 4802/5058/1039 4778/5034/958
f 4856/5112/956 4848/5104/1040 4850/5106/1025 4858/5114/1026
f 4858/5114/1026 4850/5106/1025 4851/5107/1027 4859/5115/1028
f 4859/5115/1028 4851/5107/1027 4849/5105/941 4857/5113/944
f 4864/5120/950 4868/5124/949 4870/5126/1029 4866/5122/1030
f 4866/5122/1030 4870/5126/1029 4871/5127/1031 4867/5123/1032
f 4867/5123/1032 4871/5127/1031 4869/5125/943 4865/5121/942
f 4852/5108/957 4856/5112/956 4858/5114/1026 4854/5110/1033
f 4854/5110/1033 4858/5114/1026 4859/5115/1028 4855/5111/1034
f 4855/5111/1034 4859/5115/1028 4857/5113/944 4853/5109/964
f 4868/5124/949 4860/5116/948 4862/5118/1035 4870/5126/1029
f 4870/5126/1029 4862/5118/1035 4863/5119/1036 4871/5127/1031
f 4871/5127/1031 4863/5119/1036 4861/5117/963 4869/5125/943
f 4812/5068/946 4849/5105/941 4851/5107/1027 4815/5071/997
f 4815/5071/997 4851/5107/1027 4850/5106/1025 4819/5075/1000
f 4819/5075/1000 4850/5106/1025 4848/5104/1040 4813/5069/954
f 4853/5109/964 4776/5032/965 4780/5036/969 4855/5111/1034
f 4855/5111/1034 4780/5036/969 4785/5041/976 4854/5110/1033
f 4854/5110/1033 4785/5041/976 4778/5034/958 4852/5108/957
f 4860/5116/948 4789/5045/947 4795/5051/980 4862/5118/1035
f 4862/5118/1035 4795/5051/980 4791/5047/977 4863/5119/1036
f 4863/5119/1036 4791/5047/977 4788/5044/966 4861/5117/963
f 4836/5092/951 4864/5120/950 4866/5122/1030 4839/5095/1016
f 4839/5095/1016 4866/5122/1030 4867/5123/1032 4843/5099/1019
f 4843/5099/1019 4867/5123/1032 4865/5121/942 4837/5093/945
f 4790/5046/985 4824/5080/1006 4800/5056/987 4777/5033/972
f 4945/5201/941 4961/5217/942 4965/5221/943 4953/5209/944
f 4933/5189/945 4961/5217/942 4945/5201/941 4908/5164/946
f 4885/5141/947 4956/5212/948 4964/5220/949 4960/5216/950 4932/5188/951 4921/5177/952
f 4898/5154/953 4909/5165/954 4944/5200/1040 4952/5208/956 4948/5204/957 4874/5130/958
f 4922/5178/959 4934/5190/960 4910/5166/961 4897/5153/962
f 4953/5209/944 4965/5221/943 4957/5213/963 4949/5205/964
f 4872/5128/965 4949/5205/964 4957/5213/963 4884/5140/966
f 4872/5128/965 4875/5131/967 4877/5133/968 4876/5132/969
f 4875/5131/967 4879/5135/970 4880/5136/971 4877/5133/968
f 4873/5129/972 4878/5134/973 4880/5136/971 4879/5135/970
f 4878/5134/973 4882/5138/974 4883/5139/975 4880/5136/971
f 4874/5130/958 4881/5137/976 4883/5139/975 4882/5138/974
f 4881/5137/976 4876/5132/969 4877/5133/968 4883/5139/975
f 4877/5133/968 4880/5136/971 4883/5139/975
f 4884/5140/966 4887/5143/977 4889/5145/978 4888/5144/979
f 4887/5143/977 4891/5147/980 4892/5148/981 4889/5145/978
f 4885/5141/947 4890/5146/982 4892/5148/981 4891/5147/980
f 4890/5146/982 4894/5150/983 4895/5151/984 4892/5148/981
f 4886/5142/985 4893/5149/986 4895/5151/984 4894/5150/983
f 4893/5149/986 4888/5144/979 4889/5145/978 4895/5151/984
f 4889/5145/978 4892/5148/981 4895/5151/984
f 4896/5152/987 4899/5155/988 4901/5157/989 4900/5156/990
f 4899/5155/988 4903/5159/991 4904/5160/992 4901/5157/989
f 4897/5153/962 4902/5158/993 4904/5160/992 4903/5159/991
f 4902/5158/993 4906/5162/994 4907/5163/995 4904/5160/992
f 4898/5154/953 4905/5161/996 4907/5163/995 4906/5162/994
f 4905/5161/996 4900/5156/990 4901/5157/989 4907/5163/995
f 4901/5157/989 4904/5160/992 4907/5163/995
f 4908/5164/946 4911/5167/997 4913/5169/998 4912/5168/1046
f 4911/5167/997 4915/5171/1000 4916/5172/1001 4913/5169/998
f 4909/5165/954 4914/5170/1002 4916/5172/1001 4915/5171/1000
f 4914/5170/1002 4918/5174/1003 4919/5175/1047 4916/5172/1001
f 4910/5166/961 4917/5173/1005 4919/5175/1047 4918/5174/1003
f 4917/5173/1005 4912/5168/1046 4913/5169/998 4919/5175/1047
f 4913/5169/998 4916/5172/1001 4919/5175/1047
f 4920/5176/1048 4923/5179/1007 4925/5181/1008 4924/5180/1009
f 4923/5179/1007 4927/5183/1010 4928/5184/1011 4925/5181/1008
f 4921/5177/952 4926/5182/1012 4928/5184/1011 4927/5183/1010
f 4926/5182/1012 4930/5186/1013 4931/5187/1014 4928/5184/1011
f 4922/5178/959 4929/5185/1015 4931/5187/1014 4930/5186/1013
f 4929/5185/1015 4924/5180/1009 4925/5181/1008 4931/5187/1014
f 4925/5181/1008 4928/5184/1011 4931/5187/1014
f 4932/5188/951 4935/5191/1016 4937/5193/1017 4936/5192/1018
f 4935/5191/1016 4939/5195/1019 4940/5196/1049 4937/5193/1017
f 4933/5189/945 4938/5194/1021 4940/5196/1049 4939/5195/1019
f 4938/5194/1021 4942/5198/1022 4943/5199/1037 4940/5196/1049
f 4934/5190/960 4941/5197/1024 4943/5199/1037 4942/5198/1022
f 4941/5197/1024 4936/5192/1018 4937/5193/1017 4943/5199/1037
f 4937/5193/1017 4940/5196/1049 4943/5199/1037
f 4886/5142/985 4873/5129/972 4879/5135/970 4893/5149/986
f 4893/5149/986 4879/5135/970 4875/5131/967 4888/5144/979
f 4888/5144/979 4875/5131/967 4872/5128/965 4884/5140/966
f 4920/5176/1048 4886/5142/985 4894/5150/983 4923/5179/1007
f 4923/5179/1007 4894/5150/983 4890/5146/982 4927/5183/1010
f 4927/5183/1010 4890/5146/982 4885/5141/947 4921/5177/952
f 4934/5190/960 4922/5178/959 4930/5186/1013 4941/5197/1024
f 4941/5197/1024 4930/5186/1013 4926/5182/1012 4936/5192/1018
f 4936/5192/1018 4926/5182/1012 4921/5177/952 4932/5188/951
f 4896/5152/987 4920/5176/1048 4924/5180/1009 4899/5155/988
f 4899/5155/988 4924/5180/1009 4929/5185/1015 4903/5159/991
f 4903/5159/991 4929/5185/1015 4922/5178/959 4897/5153/962
f 4933/5189/945 4908/5164/946 4912/5168/1046 4938/5194/1021
f 4938/5194/1021 4912/5168/1046 4917/5173/1005 4942/5198/1022
f 4942/5198/1022 4917/5173/1005 4910/5166/961 4934/5190/960
f 4909/5165/954 4898/5154/953 4906/5162/994 4914/5170/1002
f 4914/5170/1002 4906/5162/994 4902/5158/993 4918/5174/1003
f 4918/5174/1003 4902/5158/993 4897/5153/962 4910/5166/961
f 4873/5129/972 4896/5152/987 4900/5156/990 4878/5134/973
f 4878/5134/973 4900/5156/990 4905/5161/996 4882/5138/974
f 4882/5138/974 4905/5161/996 4898/5154/953 4874/5130/958
f 4952/5208/956 4944/5200/1040 4946/5202/1025 4954/5210/1026
f 4954/5210/1026 4946/5202/1025 4947/5203/1027 4955/5211/1028
f 4955/5211/1028 4947/5203/1027 4945/5201/941 4953/5209/944
f 4960/5216/950 4964/5220/949 4966/5222/1029 4962/5218/1030
f 4962/5218/1030 4966/5222/1029 4967/5223/1031 4963/5219/1032
f 4963/5219/1032 4967/5223/1031 4965/5221/943 4961/5217/942
f 4948/5204/957 4952/5208/956 4954/5210/1026 4950/5206/1033
f 4950/5206/1033 4954/5210/1026 4955/5211/1028 4951/5207/1034
f 4951/5207/1034 4955/5211/1028 4953/5209/944 4949/5205/964
f 4964/5220/949 4956/5212/948 4958/5214/1035 4966/5222/1029
f 4966/5222/1029 4958/5214/1035 4959/5215/1036 4967/5223/1031
f 4967/5223/1031 4959/5215/1036 4957/5213/963 4965/5221/943
f 4908/5164/946 4945/5201/941 4947/5203/1027 4911/5167/997
f 4911/5167/997 4947/5203/1027 4946/5202/1025 4915/5171/1000
f 4915/5171/1000 4946/5202/1025 4944/5200/1040 4909/5165/954
f 4949/5205/964 4872/5128/965 4876/5132/969 4951/5207/1034
f 4951/5207/1034 4876/5132/969 4881/5137/976 4950/5206/1033
f 4950/5206/1033 4881/5137/976 4874/5130/958 4948/5204/957
f 4956/5212/948 4885/5141/947 4891/5147/980 4958/5214/1035
f 4958/5214/1035 4891/5147/980 4887/5143/977 4959/5215/1036
f 4959/5215/1036 4887/5143/977 4884/5140/966 4957/5213/963
f 4932/5188/951 4960/5216/950 4962/5218/1030 4935/5191/1016
f 4935/5191/1016 4962/5218/1030 4963/5219/1032 4939/5195/1019
f 4939/5195/1019 4963/5219/1032 4961/5217/942 4933/5189/945
f 4886/5142/985 4920/5176/1048 4896/5152/987 4873/5129/972
f 5041/5297/941 5057/5313/942 5061/5317/943 5049/5305/944
f 5029/5285/945 5057/5313/942 5041/5297/941 5004/5260/946
f 4981/5237/947 5052/5308/948 5060/5316/949 5056/5312/950 5028/5284/951 5017/5273/952
f 4994/5250/953 5005/5261/954 5040/5296/1040 5048/5304/956 5044/5300/957 4970/5226/958
f 5018/5274/959 5030/5286/960 5006/5262/961 4993/5249/962
f 5049/5305/944 5061/5317/943 5053/5309/963 5045/5301/964
f 4968/5224/965 5045/5301/964 5053/5309/963 4980/5236/966
f 4968/5224/965 4971/5227/967 4973/5229/968 4972/5228/969
f 4971/5227/967 4975/5231/970 4976/5232/971 4973/5229/968
f 4969/5225/972 4974/5230/973 4976/5232/971 4975/5231/970
f 4974/5230/973 4978/5234/974 4979/5235/975 4976/5232/971
f 4970/5226/958 4977/5233/976 4979/5235/975 4978/5234/974
f 4977/5233/976 4972/5228/969 4973/5229/968 4979/5235/975
f 4973/5229/968 4976/5232/971 4979/5235/975
f 4980/5236/966 4983/5239/977 4985/5241/978 4984/5240/979
f 4983/5239/977 4987/5243/980 4988/5244/981 4985/5241/978
f 4981/5237/947 4986/5242/982 4988/5244/981 4987/5243/980
f 4986/5242/982 4990/5246/983 4991/5247/984 4988/5244/981
f 4982/5238/985 4989/5245/986 4991/5247/984 4990/5246/983
f 4989/5245/986 4984/5240/979 4985/5241/978 4991/5247/984
f 4985/5241/978 4988/5244/981 4991/5247/984
f 4992/5248/987 4995/5251/988 4997/5253/989 4996/5252/990
f 4995/5251/988 4999/5255/991 5000/5256/992 4997/5253/989
f 4993/5249/962 4998/5254/993 5000/5256/992 4999/5255/991
f 4998/5254/993 5002/5258/994 5003/5259/995 5000/5256/992
f 4994/5250/953 5001/5257/996 5003/5259/995 5002/5258/994
f 5001/5257/996 4996/5252/990 4997/5253/989 5003/5259/995
f 4997/5253/989 5000/5256/992 5003/5259/995
f 5004/5260/946 5007/5263/997 5009/5265/998 5008/5264/999
f 5007/5263/997 5011/5267/1000 5012/5268/1001 5009/5265/998
f 5005/5261/954 5010/5266/1002 5012/5268/1001 5011/5267/1000
f 5010/5266/1002 5014/5270/1003 5015/5271/1050 5012/5268/1001
f 5006/5262/961 5013/5269/1005 5015/5271/1050 5014/5270/1003
f 5013/5269/1005 5008/5264/999 5009/5265/998 5015/5271/1050
f 5009/5265/998 5012/5268/1001 5015/5271/1050
f 5016/5272/1048 5019/5275/1007 5021/5277/1008 5020/5276/1051
f 5019/5275/1007 5023/5279/1010 5024/5280/1011 5021/5277/1008
f 5017/5273/952 5022/5278/1012 5024/5280/1011 5023/5279/1010
f 5022/5278/1012 5026/5282/1013 5027/5283/1014 5024/5280/1011
f 5018/5274/959 5025/5281/1015 5027/5283/1014 5026/5282/1013
f 5025/5281/1015 5020/5276/1051 5021/5277/1008 5027/5283/1014
f 5021/5277/1008 5024/5280/1011 5027/5283/1014
f 5028/5284/951 5031/5287/1016 5033/5289/1017 5032/5288/1018
f 5031/5287/1016 5035/5291/1019 5036/5292/1049 5033/5289/1017
f 5029/5285/945 5034/5290/1021 5036/5292/1049 5035/5291/1019
f 5034/5290/1021 5038/5294/1022 5039/5295/1037 5036/5292/1049
f 5030/5286/960 5037/5293/1024 5039/5295/1037 5038/5294/1022
f 5037/5293/1024 5032/5288/1018 5033/5289/1017 5039/5295/1037
f 5033/5289/1017 5036/5292/1049 5039/5295/1037
f 4982/5238/985 4969/5225/972 4975/5231/970 4989/5245/986
f 4989/5245/986 4975/5231/970 4971/5227/967 4984/5240/979
f 4984/5240/979 4971/5227/967 4968/5224/965 4980/5236/966
f 5016/5272/1048 4982/5238/985 4990/5246/983 5019/5275/1007
f 5019/5275/1007 4990/5246/983 4986/5242/982 5023/5279/1010
f 5023/5279/1010 4986/5242/982 4981/5237/947 5017/5273/952
f 5030/5286/960 5018/5274/959 5026/5282/1013 5037/5293/1024
f 5037/5293/1024 5026/5282/1013 5022/5278/1012 5032/5288/1018
f 5032/5288/1018 5022/5278/1012 5017/5273/952 5028/5284/951
f 4992/5248/987 5016/5272/1048 5020/5276/1051 4995/5251/988
f 4995/5251/988 5020/5276/1051 5025/5281/1015 4999/5255/991
f 4999/5255/991 5025/5281/1015 5018/5274/959 4993/5249/962
f 5029/5285/945 5004/5260/946 5008/5264/999 5034/5290/1021
f 5034/5290/1021 5008/5264/999 5013/5269/1005 5038/5294/1022
f 5038/5294/1022 5013/5269/1005 5006/5262/961 5030/5286/960
f 5005/5261/954 4994/5250/953 5002/5258/994 5010/5266/1002
f 5010/5266/1002 5002/5258/994 4998/5254/993 5014/5270/1003
f 5014/5270/1003 4998/5254/993 4993/5249/962 5006/5262/961
f 4969/5225/972 4992/5248/987 4996/5252/990 4974/5230/973
f 4974/5230/973 4996/5252/990 5001/5257/996 4978/5234/974
f 4978/5234/974 5001/5257/996 4994/5250/953 4970/5226/958
f 5048/5304/956 5040/5296/1040 5042/5298/1025 5050/5306/1026
f 5050/5306/1026 5042/5298/1025 5043/5299/1027 5051/5307/1028
f 5051/5307/1028 5043/5299/1027 5041/5297/941 5049/5305/944
f 5056/5312/950 5060/5316/949 5062/5318/1029 5058/5314/1030
f 5058/5314/1030 5062/5318/1029 5063/5319/1031 5059/5315/1032
f 5059/5315/1032 5063/5319/1031 5061/5317/943 5057/5313/942
f 5044/5300/957 5048/5304/956 5050/5306/1026 5046/5302/1033
f 5046/5302/1033 5050/5306/1026 5051/5307/1028 5047/5303/1034
f 5047/5303/1034 5051/5307/1028 5049/5305/944 5045/5301/964
f 5060/5316/949 5052/5308/948 5054/5310/1035 5062/5318/1029
f 5062/5318/1029 5054/5310/1035 5055/5311/1036 5063/5319/1031
f 5063/5319/1031 5055/5311/1036 5053/5309/963 5061/5317/943
f 5004/5260/946 5041/5297/941 5043/5299/1027 5007/5263/997
f 5007/5263/997 5043/5299/1027 5042/5298/1025 5011/5267/1000
f 5011/5267/1000 5042/5298/1025 5040/5296/1040 5005/5261/954
f 5045/5301/964 4968/5224/965 4972/5228/969 5047/5303/1034
f 5047/5303/1034 4972/5228/969 4977/5233/976 5046/5302/1033
f 5046/5302/1033 4977/5233/976 4970/5226/958 5044/5300/957
f 5052/5308/948 4981/5237/947 4987/5243/980 5054/5310/1035
f 5054/5310/1035 4987/5243/980 4983/5239/977 5055/5311/1036
f 5055/5311/1036 4983/5239/977 4980/5236/966 5053/5309/963
f 5028/5284/951 5056/5312/950 5058/5314/1030 5031/5287/1016
f 5031/5287/1016 5058/5314/1030 5059/5315/1032 5035/5291/1019
f 5035/5291/1019 5059/5315/1032 5057/5313/942 5029/5285/945
f 4982/5238/985 5016/5272/1048 4992/5248/987 4969/5225/972
f 5137/5393/941 5153/5409/942 5157/5413/943 5145/5401/944
f 5125/5381/945 5153/5409/942 5137/5393/941 5100/5356/946
f 5077/5333/947 5148/5404/948 5156/5412/949 5152/5408/950 5124/5380/951 5113/5369/952
f 5090/5346/953 5101/5357/954 5136/5392/1040 5144/5400/956 5140/5396/957 5066/5322/958
f 5114/5370/959 5126/5382/960 5102/5358/961 5089/5345/962
f 5145/5401/944 5157/5413/943 5149/5405/963 5141/5397/964
f 5064/5320/965 5141/5397/964 5149/5405/963 5076/5332/966
f 5064/5320/965 5067/5323/967 5069/5325/968 5068/5324/969
f 5067/5323/967 5071/5327/970 5072/5328/971 5069/5325/968
f 5065/5321/972 5070/5326/973 5072/5328/971 5071/5327/970
f 5070/5326/973 5074/5330/974 5075/5331/975 5072/5328/971
f 5066/5322/958 5073/5329/976 5075/5331/975 5074/5330/974
f 5073/5329/976 5068/5324/969 5069/5325/968 5075/5331/975
f 5069/5325/968 5072/5328/971 5075/5331/975
f 5076/5332/966 5079/5335/977 5081/5337/978 5080/5336/979
f 5079/5335/977 5083/5339/980 5084/5340/981 5081/5337/978
f 5077/5333/947 5082/5338/982 5084/5340/981 5083/5339/980
f 5082/5338/982 5086/5342/983 5087/5343/984 5084/5340/981
f 5078/5334/985 5085/5341/986 5087/5343/984 5086/5342/983
f 5085/5341/986 5080/5336/979 5081/5337/978 5087/5343/984
f 5081/5337/978 5084/5340/981 5087/5343/984
f 5088/5344/987 5091/5347/988 5093/5349/989 5092/5348/990
f 5091/5347/988 5095/5351/991 5096/5352/992 5093/5349/989
f 5089/5345/962 5094/5350/993 5096/5352/992 5095/5351/991
f 5094/5350/993 5098/5354/994 5099/5355/995 5096/5352/992
f 5090/5346/953 5097/5353/996 5099/5355/995 5098/5354/994
f 5097/5353/996 5092/5348/990 5093/5349/989 5099/5355/995
f 5093/5349/989 5096/5352/992 5099/5355/995
f 5100/5356/946 5103/5359/997 5105/5361/998 5104/5360/1046
f 5103/5359/997 5107/5363/1000 5108/5364/1001 5105/5361/998
f 5101/5357/954 5106/5362/1002 5108/5364/1001 5107/5363/1000
f 5106/5362/1002 5110/5366/1003 5111/5367/1047 5108/5364/1001
f 5102/5358/961 5109/5365/1005 5111/5367/1047 5110/5366/1003
f 5109/5365/1005 5104/5360/1046 5105/5361/998 5111/5367/1047
f 5105/5361/998 5108/5364/1001 5111/5367/1047
f 5112/5368/1006 5115/5371/1007 5117/5373/1008 5116/5372/1051
f 5115/5371/1007 5119/5375/1010 5120/5376/1011 5117/5373/1008
f 5113/5369/952 5118/5374/1012 5120/5376/1011 5119/5375/1010
f 5118/5374/1012 5122/5378/1013 5123/5379/1014 5120/5376/1011
f 5114/5370/959 5121/5377/1015 5123/5379/1014 5122/5378/1013
f 5121/5377/1015 5116/5372/1051 5117/5373/1008 5123/5379/1014
f 5117/5373/1008 5120/5376/1011 5123/5379/1014
f 5124/5380/951 5127/5383/1016 5129/5385/1017 5128/5384/1018
f 5127/5383/1016 5131/5387/1019 5132/5388/1052 5129/5385/1017
f 5125/5381/945 5130/5386/1021 5132/5388/1052 5131/5387/1019
f 5130/5386/1021 5134/5390/1022 5135/5391/1037 5132/5388/1052
f 5126/5382/960 5133/5389/1024 5135/5391/1037 5134/5390/1022
f 5133/5389/1024 5128/5384/1018 5129/5385/1017 5135/5391/1037
f 5129/5385/1017 5132/5388/1052 5135/5391/1037
f 5078/5334/985 5065/5321/972 5071/5327/970 5085/5341/986
f 5085/5341/986 5071/5327/970 5067/5323/967 5080/5336/979
f 5080/5336/979 5067/5323/967 5064/5320/965 5076/5332/966
f 5112/5368/1006 5078/5334/985 5086/5342/983 5115/5371/1007
f 5115/5371/1007 5086/5342/983 5082/5338/982 5119/5375/1010
f 5119/5375/1010 5082/5338/982 5077/5333/947 5113/5369/952
f 5126/5382/960 5114/5370/959 5122/5378/1013 5133/5389/1024
f 5133/5389/1024 5122/5378/1013 5118/5374/1012 5128/5384/1018
f 5128/5384/1018 5118/5374/1012 5113/5369/952 5124/5380/951
f 5088/5344/987 5112/5368/1006 5116/5372/1051 5091/5347/988
f 5091/5347/988 5116/5372/1051 5121/5377/1015 5095/5351/991
f 5095/5351/991 5121/5377/1015 5114/5370/959 5089/5345/962
f 5125/5381/945 5100/5356/946 5104/5360/1046 5130/5386/1021
f 5130/5386/1021 5104/5360/1046 5109/5365/1005 5134/5390/1022
f 5134/5390/1022 5109/5365/1005 5102/5358/961 5126/5382/960
f 5101/5357/954 5090/5346/953 5098/5354/994 5106/5362/1002
f 5106/5362/1002 5098/5354/994 5094/5350/993 5110/5366/1003
f 5110/5366/1003 5094/5350/993 5089/5345/962 5102/5358/961
f 5065/5321/972 5088/5344/987 5092/5348/990 5070/5326/973
f 5070/5326/973 5092/5348/990 5097/5353/996 5074/5330/974
f 5074/5330/974 5097/5353/996 5090/5346/953 5066/5322/958
f 5144/5400/956 5136/5392/1040 5138/5394/1025 5146/5402/1026
f 5146/5402/1026 5138/5394/1025 5139/5395/1027 5147/5403/1028
f 5147/5403/1028 5139/5395/1027 5137/5393/941 5145/5401/944
f 5152/5408/950 5156/5412/949 5158/5414/1029 5154/5410/1030
f 5154/5410/1030 5158/5414/1029 5159/5415/1031 5155/5411/1032
f 5155/5411/1032 5159/5415/1031 5157/5413/943 5153/5409/942
f 5140/5396/957 5144/5400/956 5146/5402/1026 5142/5398/1033
f 5142/5398/1033 5146/5402/1026 5147/5403/1028 5143/5399/1034
f 5143/5399/1034 5147/5403/1028 5145/5401/944 5141/5397/964
f 5156/5412/949 5148/5404/948 5150/5406/1035 5158/5414/1029
f 5158/5414/1029 5150/5406/1035 5151/5407/1036 5159/5415/1031
f 5159/5415/1031 5151/5407/1036 5149/5405/963 5157/5413/943
f 5100/5356/946 5137/5393/941 5139/5395/1027 5103/5359/997
f 5103/5359/997 5139/5395/1027 5138/5394/1025 5107/5363/1000
f 5107/5363/1000 5138/5394/1025 5136/5392/1040 5101/5357/954
f 5141/5397/964 5064/5320/965 5068/5324/969 5143/5399/1034
f 5143/5399/1034 5068/5324/969 5073/5329/976 5142/5398/1033
f 5142/5398/1033 5073/5329/976 5066/5322/958 5140/5396/957
f 5148/5404/948 5077/5333/947 5083/5339/980 5150/5406/1035
f 5150/5406/1035 5083/5339/980 5079/5335/977 5151/5407/1036
f 5151/5407/1036 5079/5335/977 5076/5332/966 5149/5405/963
f 5124/5380/951 5152/5408/950 5154/5410/1030 5127/5383/1016
f 5127/5383/1016 5154/5410/1030 5155/5411/1032 5131/5387/1019
f 5131/5387/1019 5155/5411/1032 5153/5409/942 5125/5381/945
f 5078/5334/985 5112/5368/1006 5088/5344/987 5065/5321/972
f 5233/5489/941 5249/5505/942 5253/5509/943 5241/5497/944
f 5221/5477/945 5249/5505/942 5233/5489/941 5196/5452/946
f 5173/5429/947 5244/5500/948 5252/5508/949 5248/5504/950 5220/5476/951 5209/5465/952
f 5186/5442/953 5197/5453/954 5232/5488/1040 5240/5496/956 5236/5492/957 5162/5418/958
f 5210/5466/959 5222/5478/960 5198/5454/961 5185/5441/962
f 5241/5497/944 5253/5509/943 5245/5501/963 5237/5493/964
f 5160/5416/965 5237/5493/964 5245/5501/963 5172/5428/966
f 5160/5416/965 5163/5419/967 5165/5421/968 5164/5420/969
f 5163/5419/967 5167/5423/970 5168/5424/971 5165/5421/968
f 5161/5417/972 5166/5422/973 5168/5424/971 5167/5423/970
f 5166/5422/973 5170/5426/974 5171/5427/975 5168/5424/971
f 5162/5418/958 5169/5425/976 5171/5427/975 5170/5426/974
f 5169/5425/976 5164/5420/969 5165/5421/968 5171/5427/975
f 5165/5421/968 5168/5424/971 5171/5427/975
f 5172/5428/966 5175/5431/977 5177/5433/978 5176/5432/979
f 5175/5431/977 5179/5435/980 5180/5436/1053 5177/5433/978
f 5173/5429/947 5178/5434/982 5180/5436/1053 5179/5435/980
f 5178/5434/982 5182/5438/1054 5183/5439/984 5180/5436/1053
f 5174/5430/985 5181/5437/986 5183/5439/984 5182/5438/1054
f 5181/5437/986 5176/5432/979 5177/5433/978 5183/5439/984
f 5177/5433/978 5180/5436/1053 5183/5439/984
f 5184/5440/987 5187/5443/988 5189/5445/989 5188/5444/990
f 5187/5443/988 5191/5447/991 5192/5448/992 5189/5445/989
f 5185/5441/962 5190/5446/993 5192/5448/992 5191/5447/991
f 5190/5446/993 5194/5450/994 5195/5451/995 5192/5448/992
f 5186/5442/953 5193/5449/996 5195/5451/995 5194/5450/994
f 5193/5449/996 5188/5444/990 5189/5445/989 5195/5451/995
f 5189/5445/989 5192/5448/992 5195/5451/995
f 5196/5452/946 5199/5455/997 5201/5457/998 5200/5456/1046
f 5199/5455/997 5203/5459/1000 5204/5460/1001 5201/5457/998
f 5197/5453/954 5202/5458/1002 5204/5460/1001 5203/5459/1000
f 5202/5458/1002 5206/5462/1003 5207/5463/1047 5204/5460/1001
f 5198/5454/961 5205/5461/1005 5207/5463/1047 5206/5462/1003
f 5205/5461/1005 5200/5456/1046 5201/5457/998 5207/5463/1047
f 5201/5457/998 5204/5460/1001 5207/5463/1047
f 5208/5464/1006 5211/5467/1007 5213/5469/1008 5212/5468/1009
f 5211/5467/1007 5215/5471/1055 5216/5472/1011 5213/5469/1008
f 5209/5465/952 5214/5470/1012 5216/5472/1011 5215/5471/1055
f 5214/5470/1012 5218/5474/1013 5219/5475/1014 5216/5472/1011
f 5210/5466/959 5217/5473/1015 5219/5475/1014 5218/5474/1013
f 5217/5473/1015 5212/5468/1009 5213/5469/1008 5219/5475/1014
f 5213/5469/1008 5216/5472/1011 5219/5475/1014
f 5220/5476/951 5223/5479/1016 5225/5481/1017 5224/5480/1018
f 5223/5479/1016 5227/5483/1019 5228/5484/1049 5225/5481/1017
f 5221/5477/945 5226/5482/1021 5228/5484/1049 5227/5483/1019
f 5226/5482/1021 5230/5486/1022 5231/5487/1037 5228/5484/1049
f 5222/5478/960 5229/5485/1024 5231/5487/1037 5230/5486/1022
f 5229/5485/1024 5224/5480/1018 5225/5481/1017 5231/5487/1037
f 5225/5481/1017 5228/5484/1049 5231/5487/1037
f 5174/5430/985 5161/5417/972 5167/5423/970 5181/5437/986
f 5181/5437/986 5167/5423/970 5163/5419/967 5176/5432/979
f 5176/5432/979 5163/5419/967 5160/5416/965 5172/5428/966
f 5208/5464/1006 5174/5430/985 5182/5438/1054 5211/5467/1007
f 5211/5467/1007 5182/5438/1054 5178/5434/982 5215/5471/1055
f 5215/5471/1055 5178/5434/982 5173/5429/947 5209/5465/952
f 5222/5478/960 5210/5466/959 5218/5474/1013 5229/5485/1024
f 5229/5485/1024 5218/5474/1013 5214/5470/1012 5224/5480/1018
f 5224/5480/1018 5214/5470/1012 5209/5465/952 5220/5476/951
f 5184/5440/987 5208/5464/1006 5212/5468/1009 5187/5443/988
f 5187/5443/988 5212/5468/1009 5217/5473/1015 5191/5447/991
f 5191/5447/991 5217/5473/1015 5210/5466/959 5185/5441/962
f 5221/5477/945 5196/5452/946 5200/5456/1046 5226/5482/1021
f 5226/5482/1021 5200/5456/1046 5205/5461/1005 5230/5486/1022
f 5230/5486/1022 5205/5461/1005 5198/5454/961 5222/5478/960
f 5197/5453/954 5186/5442/953 5194/5450/994 5202/5458/1002
f 5202/5458/1002 5194/5450/994 5190/5446/993 5206/5462/1003
f 5206/5462/1003 5190/5446/993 5185/5441/962 5198/5454/961
f 5161/5417/972 5184/5440/987 5188/5444/990 5166/5422/973
f 5166/5422/973 5188/5444/990 5193/5449/996 5170/5426/974
f 5170/5426/974 5193/5449/996 5186/5442/953 5162/5418/958
f 5240/5496/956 5232/5488/1040 5234/5490/1025 5242/5498/1026
f 5242/5498/1026 5234/5490/1025 5235/5491/1027 5243/5499/1028
f 5243/5499/1028 5235/5491/1027 5233/5489/941 5241/5497/944
f 5248/5504/950 5252/5508/949 5254/5510/1029 5250/5506/1030
f 5250/5506/1030 5254/5510/1029 5255/5511/1031 5251/5507/1032
f 5251/5507/1032 5255/5511/1031 5253/5509/943 5249/5505/942
f 5236/5492/957 5240/5496/956 5242/5498/1026 5238/5494/1033
f 5238/5494/1033 5242/5498/1026 5243/5499/1028 5239/5495/1034
f 5239/5495/1034 5243/5499/1028 5241/5497/944 5237/5493/964
f 5252/5508/949 5244/5500/948 5246/5502/1035 5254/5510/1029
f 5254/5510/1029 5246/5502/1035 5247/5503/1036 5255/5511/1031
f 5255/5511/1031 5247/5503/1036 5245/5501/963 5253/5509/943
f 5196/5452/946 5233/5489/941 5235/5491/1027 5199/5455/997
f 5199/5455/997 5235/5491/1027 5234/5490/1025 5203/5459/1000
f 5203/5459/1000 5234/5490/1025 5232/5488/1040 5197/5453/954
f 5237/5493/964 5160/5416/965 5164/5420/969 5239/5495/1034
f 5239/5495/1034 5164/5420/969 5169/5425/976 5238/5494/1033
f 5238/5494/1033 5169/5425/976 5162/5418/958 5236/5492/957
f 5244/5500/948 5173/5429/947 5179/5435/980 5246/5502/1035
f 5246/5502/1035 5179/5435/980 5175/5431/977 5247/5503/1036
f 5247/5503/1036 5175/5431/977 5172/5428/966 5245/5501/963
f 5220/5476/951 5248/5504/950 5250/5506/1030 5223/5479/1016
f 5223/5479/1016 5250/5506/1030 5251/5507/1032 5227/5483/1019
f 5227/5483/1019 5251/5507/1032 5249/5505/942 5221/5477/945
f 5174/5430/985 5208/5464/1006 5184/5440/987 5161/5417/972
o Cube.004
v 2.535005 -0.992779 4.890041
v 2.535275 -0.992949 4.889909
v 2.535473 -0.992515 4.890200
v 2.535033 -0.992945 4.890028
v 2.535132 -0.992728 4.890173
v 2.535156 -0.992887 4.890153
v 2.535366 -0.992876 4.890058
v 2.535132 -0.993008 4.889979
v 2.535226 -0.992932 4.890119
v 2.535304 -0.992631 4.890231
v 2.535439 -0.992716 4.890165
v 2.535277 -0.992819 4.890194
v 2.534539 -0.992779 4.889104
v 2.534697 -0.992515 4.888638
v 2.534809 -0.992949 4.888971
v 2.534512 -0.992728 4.888924
v 2.534568 -0.992945 4.889090
v 2.534542 -0.992887 4.888917
v 2.534704 -0.992716 4.888686
v 2.534569 -0.992631 4.888752
v 2.534583 -0.992819 4.888796
v 2.534667 -0.993008 4.889041
v 2.534745 -0.992876 4.888809
v 2.534611 -0.992932 4.888883
v 2.543895 -0.987233 4.885669
v 2.544151 -0.986706 4.885543
v 2.543999 -0.986862 4.886007
v 2.544035 -0.987102 4.885601
v 2.543959 -0.987179 4.885832
v 2.544090 -0.987053 4.885759
v 2.544180 -0.986723 4.885723
v 2.544129 -0.986908 4.885554
v 2.544156 -0.986917 4.885727
v 2.543997 -0.987043 4.885956
v 2.544125 -0.986780 4.885893
v 2.544116 -0.986957 4.885847
v 2.543815 -0.985085 4.885709
v 2.543947 -0.985510 4.886033
v 2.544095 -0.985251 4.885571
v 2.543883 -0.985156 4.885870
v 2.543957 -0.985027 4.885639
v 2.544016 -0.985100 4.885796
v 2.544071 -0.985395 4.885920
v 2.543931 -0.985312 4.885989
v 2.544050 -0.985210 4.885880
v 2.544060 -0.985088 4.885589
v 2.544126 -0.985300 4.885750
v 2.544088 -0.985143 4.885760
v 2.543430 -0.987233 4.884732
v 2.543223 -0.986862 4.884445
v 2.543685 -0.986706 4.884606
v 2.543338 -0.987179 4.884583
v 2.543569 -0.987102 4.884663
v 2.543475 -0.987053 4.884523
v 2.543390 -0.986780 4.884415
v 2.543262 -0.987043 4.884477
v 2.543422 -0.986957 4.884449
v 2.543663 -0.986908 4.884617
v 2.543560 -0.986723 4.884474
v 2.543541 -0.986917 4.884491
v 2.543171 -0.985510 4.884470
v 2.543349 -0.985085 4.884772
v 2.543630 -0.985251 4.884634
v 2.543196 -0.985312 4.884510
v 2.543336 -0.985395 4.884441
v 2.543355 -0.985210 4.884482
v 2.543491 -0.985027 4.884702
v 2.543262 -0.985156 4.884620
v 2.543401 -0.985100 4.884560
v 2.543505 -0.985300 4.884501
v 2.543594 -0.985088 4.884651
v 2.543474 -0.985143 4.884524
v 2.536172 -0.990825 4.889856
v 2.535815 -0.990554 4.889643
v 2.536050 -0.990689 4.889864
v 2.535920 -0.990590 4.889786
v 2.535473 -0.992220 4.890200
v 2.535004 -0.992171 4.890042
v 2.535295 -0.992196 4.890235
v 2.535124 -0.992178 4.890177
v 2.535677 -0.991432 4.890100
v 2.535241 -0.991257 4.889925
v 2.535516 -0.991345 4.890127
v 2.535356 -0.991281 4.890063
v 2.534696 -0.992220 4.888638
v 2.534539 -0.992171 4.889104
v 2.534561 -0.992196 4.888757
v 2.534503 -0.992178 4.888927
v 2.535396 -0.990825 4.888294
v 2.535349 -0.990554 4.888706
v 2.535316 -0.990689 4.888386
v 2.535299 -0.990590 4.888536
v 2.534901 -0.991432 4.888537
v 2.534775 -0.991257 4.888988
v 2.534781 -0.991345 4.888649
v 2.534735 -0.991281 4.888813
v 2.535005 -0.999842 4.890041
v 2.535275 -1.000013 4.889909
v 2.535473 -0.999578 4.890200
v 2.535033 -1.000008 4.890028
v 2.535132 -0.999791 4.890173
v 2.535156 -0.999951 4.890153
v 2.535366 -0.999939 4.890058
v 2.535132 -1.000071 4.889979
v 2.535226 -0.999995 4.890119
v 2.535304 -0.999694 4.890231
v 2.535439 -0.999779 4.890165
v 2.535277 -0.999882 4.890194
v 2.534539 -0.999842 4.889104
v 2.534697 -0.999578 4.888638
v 2.534809 -1.000013 4.888971
v 2.534512 -0.999791 4.888924
v 2.534568 -1.000008 4.889090
v 2.534542 -0.999951 4.888917
v 2.534704 -0.999779 4.888686
v 2.534569 -0.999694 4.888752
v 2.534583 -0.999882 4.888796
v 2.534667 -1.000071 4.889041
v 2.534745 -0.999939 4.888809
v 2.534611 -0.999995 4.888883
v 2.543895 -0.994296 4.885669
v 2.544151 -0.993769 4.885543
v 2.543999 -0.993925 4.886007
v 2.544035 -0.994165 4.885601
v 2.543959 -0.994242 4.885832
v 2.544090 -0.994116 4.885759
v 2.544180 -0.993786 4.885723
v 2.544129 -0.993972 4.885554
v 2.544156 -0.993980 4.885727
v 2.543997 -0.994106 4.885956
v 2.544125 -0.993843 4.885893
v 2.544116 -0.994020 4.885847
v 2.543815 -0.992148 4.885709
v 2.543947 -0.992573 4.886033
v 2.544095 -0.992314 4.885571
v 2.543883 -0.992219 4.885870
v 2.543957 -0.992090 4.885639
v 2.544016 -0.992163 4.885796
v 2.544071 -0.992458 4.885920
v 2.543931 -0.992375 4.885989
v 2.544050 -0.992273 4.885880
v 2.544060 -0.992151 4.885589
v 2.544126 -0.992363 4.885750
v 2.544088 -0.992206 4.885760
v 2.543430 -0.994296 4.884732
v 2.543223 -0.993925 4.884445
v 2.543685 -0.993769 4.884606
v 2.543338 -0.994242 4.884583
v 2.543569 -0.994165 4.884663
v 2.543475 -0.994116 4.884523
v 2.543390 -0.993843 4.884415
v 2.543262 -0.994106 4.884477
v 2.543422 -0.994020 4.884449
v 2.543663 -0.993972 4.884617
v 2.543560 -0.993786 4.884474
v 2.543541 -0.993980 4.884491
v 2.543171 -0.992573 4.884470
v 2.543349 -0.992148 4.884772
v 2.543630 -0.992314 4.884634
v 2.543196 -0.992375 4.884510
v 2.543336 -0.992458 4.884441
v 2.543355 -0.992273 4.884482
v 2.543491 -0.992090 4.884702
v 2.543262 -0.992219 4.884620
v 2.543401 -0.992163 4.884560
v 2.543505 -0.992363 4.884501
v 2.543594 -0.992151 4.884651
v 2.543474 -0.992206 4.884524
v 2.536172 -0.997888 4.889856
v 2.535815 -0.997617 4.889643
v 2.536050 -0.997752 4.889864
v 2.535920 -0.997653 4.889786
v 2.535473 -0.999283 4.890200
v 2.535004 -0.999234 4.890042
v 2.535295 -0.999259 4.890235
v 2.535124 -0.999241 4.890177
v 2.535677 -0.998495 4.890100
v 2.535241 -0.998320 4.889925
v 2.535516 -0.998408 4.890127
v 2.535356 -0.998344 4.890063
v 2.534696 -0.999283 4.888638
v 2.534539 -0.999234 4.889104
v 2.534561 -0.999259 4.888757
v 2.534503 -0.999241 4.888927
v 2.535396 -0.997888 4.888294
v 2.535349 -0.997617 4.888706
v 2.535316 -0.997752 4.888386
v 2.535299 -0.997653 4.888536
v 2.534901 -0.998495 4.888537
v 2.534775 -0.998320 4.888988
v 2.534781 -0.998408 4.888649
v 2.534735 -0.998344 4.888813
v 2.535005 -1.006905 4.890041
v 2.535275 -1.007076 4.889909
v 2.535473 -1.006641 4.890200
v 2.535033 -1.007071 4.890028
v 2.535132 -1.006854 4.890173
v 2.535156 -1.007014 4.890153
v 2.535366 -1.007002 4.890058
v 2.535132 -1.007134 4.889979
v 2.535226 -1.007058 4.890119
v 2.535304 -1.006757 4.890231
v 2.535439 -1.006842 4.890165
v 2.535277 -1.006945 4.890194
v 2.534539 -1.006905 4.889104
v 2.534697 -1.006641 4.888638
v 2.534809 -1.007076 4.888971
v 2.534512 -1.006854 4.888924
v 2.534568 -1.007071 4.889090
v 2.534542 -1.007014 4.888917
v 2.534704 -1.006842 4.888686
v 2.534569 -1.006757 4.888752
v 2.534583 -1.006945 4.888796
v 2.534667 -1.007134 4.889041
v 2.534745 -1.007002 4.888809
v 2.534611 -1.007058 4.888883
v 2.543895 -1.001360 4.885669
v 2.544151 -1.000833 4.885543
v 2.543999 -1.000988 4.886007
v 2.544035 -1.001228 4.885601
v 2.543959 -1.001306 4.885832
v 2.544090 -1.001179 4.885759
v 2.544180 -1.000849 4.885723
v 2.544129 -1.001035 4.885554
v 2.544156 -1.001043 4.885727
v 2.543997 -1.001169 4.885956
v 2.544125 -1.000906 4.885893
v 2.544116 -1.001083 4.885847
v 2.543815 -0.999211 4.885709
v 2.543947 -0.999637 4.886033
v 2.544095 -0.999378 4.885571
v 2.543883 -0.999282 4.885870
v 2.543957 -0.999153 4.885639
v 2.544016 -0.999226 4.885796
v 2.544071 -0.999521 4.885920
v 2.543931 -0.999438 4.885989
v 2.544050 -0.999336 4.885880
v 2.544060 -0.999214 4.885589
v 2.544126 -0.999426 4.885750
v 2.544088 -0.999269 4.885760
v 2.543430 -1.001360 4.884732
v 2.543223 -1.000988 4.884445
v 2.543685 -1.000833 4.884606
v 2.543338 -1.001306 4.884583
v 2.543569 -1.001228 4.884663
v 2.543475 -1.001179 4.884523
v 2.543390 -1.000906 4.884415
v 2.543262 -1.001169 4.884477
v 2.543422 -1.001083 4.884449
v 2.543663 -1.001035 4.884617
v 2.543560 -1.000849 4.884474
v 2.543541 -1.001043 4.884491
v 2.543171 -0.999637 4.884470
v 2.543349 -0.999211 4.884772
v 2.543630 -0.999378 4.884634
v 2.543196 -0.999438 4.884510
v 2.543336 -0.999521 4.884441
v 2.543355 -0.999336 4.884482
v 2.543491 -0.999153 4.884702
v 2.543262 -0.999282 4.884620
v 2.543401 -0.999226 4.884560
v 2.543505 -0.999426 4.884501
v 2.543594 -0.999214 4.884651
v 2.543474 -0.999269 4.884524
v 2.536172 -1.004951 4.889856
v 2.535815 -1.004680 4.889643
v 2.536050 -1.004816 4.889864
v 2.535920 -1.004716 4.889786
v 2.535473 -1.006346 4.890200
v 2.535004 -1.006297 4.890042
v 2.535295 -1.006322 4.890235
v 2.535124 -1.006304 4.890177
v 2.535677 -1.005558 4.890100
v 2.535241 -1.005384 4.889925
v 2.535516 -1.005471 4.890127
v 2.535356 -1.005407 4.890063
v 2.534696 -1.006346 4.888638
v 2.534539 -1.006297 4.889104
v 2.534561 -1.006322 4.888757
v 2.534503 -1.006304 4.888927
v 2.535396 -1.004951 4.888294
v 2.535349 -1.004680 4.888706
v 2.535316 -1.004816 4.888386
v 2.535299 -1.004716 4.888536
v 2.534901 -1.005558 4.888537
v 2.534775 -1.005384 4.888988
v 2.534781 -1.005471 4.888649
v 2.534735 -1.005407 4.888813
v 2.535005 -1.013968 4.890041
v 2.535275 -1.014139 4.889909
v 2.535473 -1.013704 4.890200
v 2.535033 -1.014134 4.890028
v 2.535132 -1.013917 4.890173
v 2.535156 -1.014077 4.890153
v 2.535366 -1.014065 4.890058
v 2.535132 -1.014197 4.889979
v 2.535226 -1.014121 4.890119
v 2.535304 -1.013820 4.890231
v 2.535439 -1.013906 4.890165
v 2.535277 -1.014009 4.890194
v 2.534539 -1.013968 4.889104
v 2.534697 -1.013704 4.888638
v 2.534809 -1.014139 4.888971
v 2.534512 -1.013917 4.888924
v 2.534568 -1.014134 4.889090
v 2.534542 -1.014077 4.888917
v 2.534704 -1.013906 4.888686
v 2.534569 -1.013820 4.888752
v 2.534583 -1.014009 4.888796
v 2.534667 -1.014197 4.889041
v 2.534745 -1.014065 4.888809
v 2.534611 -1.014121 4.888883
v 2.543895 -1.008423 4.885669
v 2.544151 -1.007896 4.885543
v 2.543999 -1.008051 4.886007
v 2.544035 -1.008291 4.885601
v 2.543959 -1.008369 4.885832
v 2.544090 -1.008242 4.885759
v 2.544180 -1.007912 4.885723
v 2.544129 -1.008098 4.885554
v 2.544156 -1.008106 4.885727
v 2.543997 -1.008232 4.885956
v 2.544125 -1.007969 4.885893
v 2.544116 -1.008147 4.885847
v 2.543815 -1.006275 4.885709
v 2.543947 -1.006700 4.886033
v 2.544095 -1.006441 4.885571
v 2.543883 -1.006345 4.885870
v 2.543957 -1.006216 4.885639
v 2.544016 -1.006289 4.885796
v 2.544071 -1.006584 4.885920
v 2.543931 -1.006501 4.885989
v 2.544050 -1.006399 4.885880
v 2.544060 -1.006277 4.885589
v 2.544126 -1.006489 4.885750
v 2.544088 -1.006332 4.885760
v 2.543430 -1.008423 4.884732
v 2.543223 -1.008051 4.884445
v 2.543685 -1.007896 4.884606
v 2.543338 -1.008369 4.884583
v 2.543569 -1.008291 4.884663
v 2.543475 -1.008242 4.884523
v 2.543390 -1.007969 4.884415
v 2.543262 -1.008232 4.884477
v 2.543422 -1.008147 4.884449
v 2.543663 -1.008098 4.884617
v 2.543560 -1.007912 4.884474
v 2.543541 -1.008106 4.884491
v 2.543171 -1.006700 4.884470
v 2.543349 -1.006275 4.884772
v 2.543630 -1.006441 4.884634
v 2.543196 -1.006501 4.884510
v 2.543336 -1.006584 4.884441
v 2.543355 -1.006399 4.884482
v 2.543491 -1.006216 4.884702
v 2.543262 -1.006345 4.884620
v 2.543401 -1.006289 4.884560
v 2.543505 -1.006489 4.884501
v 2.543594 -1.006277 4.884651
v 2.543474 -1.006332 4.884524
v 2.536172 -1.012014 4.889856
v 2.535815 -1.011743 4.889643
v 2.536050 -1.011879 4.889864
v 2.535920 -1.011779 4.889786
v 2.535473 -1.013410 4.890200
v 2.535004 -1.013360 4.890042
v 2.535295 -1.013385 4.890235
v 2.535124 -1.013367 4.890177
v 2.535677 -1.012622 4.890100
v 2.535241 -1.012447 4.889925
v 2.535516 -1.012534 4.890127
v 2.535356 -1.012470 4.890063
v 2.534696 -1.013410 4.888638
v 2.534539 -1.013360 4.889104
v 2.534561 -1.013385 4.888757
v 2.534503 -1.013367 4.888927
v 2.535396 -1.012014 4.888294
v 2.535349 -1.011743 4.888706
v 2.535316 -1.011879 4.888386
v 2.535299 -1.011779 4.888536
v 2.534901 -1.012622 4.888537
v 2.534775 -1.012447 4.888988
v 2.534781 -1.012534 4.888649
v 2.534735 -1.012470 4.888813
v 2.535005 -1.021031 4.890041
v 2.535275 -1.021202 4.889909
v 2.535473 -1.020767 4.890200
v 2.535033 -1.021198 4.890028
v 2.535132 -1.020981 4.890173
v 2.535156 -1.021140 4.890153
v 2.535366 -1.021128 4.890058
v 2.535132 -1.021260 4.889979
v 2.535226 -1.021184 4.890119
v 2.535304 -1.020884 4.890231
v 2.535439 -1.020969 4.890165
v 2.535277 -1.021072 4.890194
v 2.534539 -1.021031 4.889104
v 2.534697 -1.020767 4.888638
v 2.534809 -1.021202 4.888971
v 2.534512 -1.020981 4.888924
v 2.534568 -1.021198 4.889090
v 2.534542 -1.021140 4.888917
v 2.534704 -1.020969 4.888686
v 2.534569 -1.020884 4.888752
v 2.534583 -1.021072 4.888796
v 2.534667 -1.021260 4.889041
v 2.534745 -1.021128 4.888809
v 2.534611 -1.021184 4.888883
v 2.543895 -1.015486 4.885669
v 2.544151 -1.014959 4.885543
v 2.543999 -1.015114 4.886007
v 2.544035 -1.015354 4.885601
v 2.543959 -1.015432 4.885832
v 2.544090 -1.015306 4.885759
v 2.544180 -1.014975 4.885723
v 2.544129 -1.015161 4.885554
v 2.544156 -1.015170 4.885727
v 2.543997 -1.015296 4.885956
v 2.544125 -1.015032 4.885893
v 2.544116 -1.015210 4.885847
v 2.543815 -1.013338 4.885709
v 2.543947 -1.013763 4.886033
v 2.544095 -1.013504 4.885571
v 2.543883 -1.013409 4.885870
v 2.543957 -1.013279 4.885639
v 2.544016 -1.013352 4.885796
v 2.544071 -1.013648 4.885920
v 2.543931 -1.013565 4.885989
v 2.544050 -1.013462 4.885880
v 2.544060 -1.013340 4.885589
v 2.544126 -1.013552 4.885750
v 2.544088 -1.013395 4.885760
v 2.543430 -1.015486 4.884732
v 2.543223 -1.015114 4.884445
v 2.543685 -1.014959 4.884606
v 2.543338 -1.015432 4.884583
v 2.543569 -1.015354 4.884663
v 2.543475 -1.015306 4.884523
v 2.543390 -1.015032 4.884415
v 2.543262 -1.015296 4.884477
v 2.543422 -1.015210 4.884449
v 2.543663 -1.015161 4.884617
v 2.543560 -1.014975 4.884474
v 2.543541 -1.015170 4.884491
v 2.543171 -1.013763 4.884470
v 2.543349 -1.013338 4.884772
v 2.543630 -1.013504 4.884634
v 2.543196 -1.013565 4.884510
v 2.543336 -1.013648 4.884441
v 2.543355 -1.013462 4.884482
v 2.543491 -1.013279 4.884702
v 2.543262 -1.013409 4.884620
v 2.543401 -1.013352 4.884560
v 2.543505 -1.013552 4.884501
v 2.543594 -1.013340 4.884651
v 2.543474 -1.013395 4.884524
v 2.536172 -1.019078 4.889856
v 2.535815 -1.018806 4.889643
v 2.536050 -1.018942 4.889864
v 2.535920 -1.018843 4.889786
v 2.535473 -1.020473 4.890200
v 2.535004 -1.020424 4.890042
v 2.535295 -1.020448 4.890235
v 2.535124 -1.020430 4.890177
v 2.535677 -1.019685 4.890100
v 2.535241 -1.019510 4.889925
v 2.535516 -1.019597 4.890127
v 2.535356 -1.019533 4.890063
v 2.534696 -1.020473 4.888638
v 2.534539 -1.020424 4.889104
v 2.534561 -1.020448 4.888757
v 2.534503 -1.020430 4.888927
v 2.535396 -1.019078 4.888294
v 2.535349 -1.018806 4.888706
v 2.535316 -1.018942 4.888386
v 2.535299 -1.018843 4.888536
v 2.534901 -1.019685 4.888537
v 2.534775 -1.019510 4.888988
v 2.534781 -1.019597 4.888649
v 2.534735 -1.019533 4.888813
v 2.535005 -1.028095 4.890041
v 2.535275 -1.028265 4.889909
v 2.535473 -1.027831 4.890200
v 2.535033 -1.028261 4.890028
v 2.535132 -1.028044 4.890173
v 2.535156 -1.028203 4.890153
v 2.535366 -1.028191 4.890058
v 2.535132 -1.028323 4.889979
v 2.535226 -1.028247 4.890119
v 2.535304 -1.027947 4.890231
v 2.535439 -1.028032 4.890165
v 2.535277 -1.028135 4.890194
v 2.534539 -1.028095 4.889104
v 2.534697 -1.027831 4.888638
v 2.534809 -1.028265 4.888971
v 2.534512 -1.028044 4.888924
v 2.534568 -1.028261 4.889090
v 2.534542 -1.028203 4.888917
v 2.534704 -1.028032 4.888686
v 2.534569 -1.027947 4.888752
v 2.534583 -1.028135 4.888796
v 2.534667 -1.028323 4.889041
v 2.534745 -1.028191 4.888809
v 2.534611 -1.028247 4.888883
v 2.543895 -1.022549 4.885669
v 2.544151 -1.022022 4.885543
v 2.543999 -1.022177 4.886007
v 2.544035 -1.022418 4.885601
v 2.543959 -1.022495 4.885832
v 2.544090 -1.022369 4.885759
v 2.544180 -1.022039 4.885723
v 2.544129 -1.022224 4.885554
v 2.544156 -1.022233 4.885727
v 2.543997 -1.022359 4.885956
v 2.544125 -1.022096 4.885893
v 2.544116 -1.022273 4.885847
v 2.543815 -1.020401 4.885709
v 2.543947 -1.020826 4.886033
v 2.544095 -1.020567 4.885571
v 2.543883 -1.020472 4.885870
v 2.543957 -1.020342 4.885639
v 2.544016 -1.020416 4.885796
v 2.544071 -1.020711 4.885920
v 2.543931 -1.020628 4.885989
v 2.544050 -1.020525 4.885880
v 2.544060 -1.020403 4.885589
v 2.544126 -1.020616 4.885750
v 2.544088 -1.020458 4.885760
v 2.543430 -1.022549 4.884732
v 2.543223 -1.022177 4.884445
v 2.543685 -1.022022 4.884606
v 2.543338 -1.022495 4.884583
v 2.543569 -1.022418 4.884663
v 2.543475 -1.022369 4.884523
v 2.543390 -1.022096 4.884415
v 2.543262 -1.022359 4.884477
v 2.543422 -1.022273 4.884449
v 2.543663 -1.022224 4.884617
v 2.543560 -1.022039 4.884474
v 2.543541 -1.022233 4.884491
v 2.543171 -1.020826 4.884470
v 2.543349 -1.020401 4.884772
v 2.543630 -1.020567 4.884634
v 2.543196 -1.020628 4.884510
v 2.543336 -1.020711 4.884441
v 2.543355 -1.020525 4.884482
v 2.543491 -1.020342 4.884702
v 2.543262 -1.020472 4.884620
v 2.543401 -1.020416 4.884560
v 2.543505 -1.020616 4.884501
v 2.543594 -1.020403 4.884651
v 2.543474 -1.020458 4.884524
v 2.536172 -1.026141 4.889856
v 2.535815 -1.025869 4.889643
v 2.536050 -1.026005 4.889864
v 2.535920 -1.025906 4.889786
v 2.535473 -1.027536 4.890200
v 2.535004 -1.027487 4.890042
v 2.535295 -1.027511 4.890235
v 2.535124 -1.027493 4.890177
v 2.535677 -1.026748 4.890100
v 2.535241 -1.026573 4.889925
v 2.535516 -1.026660 4.890127
v 2.535356 -1.026596 4.890063
v 2.534696 -1.027536 4.888638
v 2.534539 -1.027487 4.889104
v 2.534561 -1.027511 4.888757
v 2.534503 -1.027493 4.888927
v 2.535396 -1.026141 4.888294
v 2.535349 -1.025869 4.888706
v 2.535316 -1.026005 4.888386
v 2.535299 -1.025906 4.888536
v 2.534901 -1.026748 4.888537
v 2.534775 -1.026573 4.888988
v 2.534781 -1.026660 4.888649
v 2.534735 -1.026596 4.888813
v 2.535005 -1.035158 4.890041
v 2.535275 -1.035328 4.889909
v 2.535473 -1.034894 4.890200
v 2.535033 -1.035324 4.890028
v 2.535132 -1.035107 4.890173
v 2.535156 -1.035266 4.890153
v 2.535366 -1.035255 4.890058
v 2.535132 -1.035386 4.889979
v 2.535226 -1.035310 4.890119
v 2.535304 -1.035010 4.890231
v 2.535439 -1.035095 4.890165
v 2.535277 -1.035198 4.890194
v 2.534539 -1.035158 4.889104
v 2.534697 -1.034894 4.888638
v 2.534809 -1.035328 4.888971
v 2.534512 -1.035107 4.888924
v 2.534568 -1.035324 4.889090
v 2.534542 -1.035266 4.888917
v 2.534704 -1.035095 4.888686
v 2.534569 -1.035010 4.888752
v 2.534583 -1.035198 4.888796
v 2.534667 -1.035386 4.889041
v 2.534745 -1.035255 4.888809
v 2.534611 -1.035310 4.888883
v 2.543895 -1.029612 4.885669
v 2.544151 -1.029085 4.885543
v 2.543999 -1.029240 4.886007
v 2.544035 -1.029481 4.885601
v 2.543959 -1.029558 4.885832
v 2.544090 -1.029432 4.885759
v 2.544180 -1.029102 4.885723
v 2.544129 -1.029287 4.885554
v 2.544156 -1.029296 4.885727
v 2.543997 -1.029422 4.885956
v 2.544125 -1.029159 4.885893
v 2.544116 -1.029336 4.885847
v 2.543815 -1.027464 4.885709
v 2.543947 -1.027889 4.886033
v 2.544095 -1.027630 4.885571
v 2.543883 -1.027535 4.885870
v 2.543957 -1.027406 4.885639
v 2.544016 -1.027479 4.885796
v 2.544071 -1.027774 4.885920
v 2.543931 -1.027691 4.885989
v 2.544050 -1.027588 4.885880
v 2.544060 -1.027466 4.885589
v 2.544126 -1.027679 4.885750
v 2.544088 -1.027522 4.885760
v 2.543430 -1.029612 4.884732
v 2.543223 -1.029240 4.884445
v 2.543685 -1.029085 4.884606
v 2.543338 -1.029558 4.884583
v 2.543569 -1.029481 4.884663
v 2.543475 -1.029432 4.884523
v 2.543390 -1.029159 4.884415
v 2.543262 -1.029422 4.884477
v 2.543422 -1.029336 4.884449
v 2.543663 -1.029287 4.884617
v 2.543560 -1.029102 4.884474
v 2.543541 -1.029296 4.884491
v 2.543171 -1.027889 4.884470
v 2.543349 -1.027464 4.884772
v 2.543630 -1.027630 4.884634
v 2.543196 -1.027691 4.884510
v 2.543336 -1.027774 4.884441
v 2.543355 -1.027588 4.884482
v 2.543491 -1.027406 4.884702
v 2.543262 -1.027535 4.884620
v 2.543401 -1.027479 4.884560
v 2.543505 -1.027679 4.884501
v 2.543594 -1.027466 4.884651
v 2.543474 -1.027522 4.884524
v 2.536172 -1.033204 4.889856
v 2.535815 -1.032933 4.889643
v 2.536050 -1.033068 4.889864
v 2.535920 -1.032969 4.889786
v 2.535473 -1.034599 4.890200
v 2.535004 -1.034550 4.890042
v 2.535295 -1.034574 4.890235
v 2.535124 -1.034557 4.890177
v 2.535677 -1.033811 4.890100
v 2.535241 -1.033636 4.889925
v 2.535516 -1.033724 4.890127
v 2.535356 -1.033660 4.890063
v 2.534696 -1.034599 4.888638
v 2.534539 -1.034550 4.889104
v 2.534561 -1.034574 4.888757
v 2.534503 -1.034557 4.888927
v 2.535396 -1.033204 4.888294
v 2.535349 -1.032933 4.888706
v 2.535316 -1.033068 4.888386
v 2.535299 -1.032969 4.888536
v 2.534901 -1.033811 4.888537
v 2.534775 -1.033636 4.888988
v 2.534781 -1.033724 4.888649
v 2.534735 -1.033660 4.888813
v 2.535005 -1.042221 4.890041
v 2.535275 -1.042391 4.889909
v 2.535473 -1.041957 4.890200
v 2.535033 -1.042387 4.890028
v 2.535132 -1.042170 4.890173
v 2.535156 -1.042330 4.890153
v 2.535366 -1.042318 4.890058
v 2.535132 -1.042450 4.889979
v 2.535226 -1.042374 4.890119
v 2.535304 -1.042073 4.890231
v 2.535439 -1.042158 4.890165
v 2.535277 -1.042261 4.890194
v 2.534539 -1.042221 4.889104
v 2.534697 -1.041957 4.888638
v 2.534809 -1.042391 4.888971
v 2.534512 -1.042170 4.888924
v 2.534568 -1.042387 4.889090
v 2.534542 -1.042330 4.888917
v 2.534704 -1.042158 4.888686
v 2.534569 -1.042073 4.888752
v 2.534583 -1.042261 4.888796
v 2.534667 -1.042450 4.889041
v 2.534745 -1.042318 4.888809
v 2.534611 -1.042374 4.888883
v 2.543895 -1.036675 4.885669
v 2.544151 -1.036148 4.885543
v 2.543999 -1.036304 4.886007
v 2.544035 -1.036544 4.885601
v 2.543959 -1.036621 4.885832
v 2.544090 -1.036495 4.885759
v 2.544180 -1.036165 4.885723
v 2.544129 -1.036350 4.885554
v 2.544156 -1.036359 4.885727
v 2.543997 -1.036485 4.885956
v 2.544125 -1.036222 4.885893
v 2.544116 -1.036399 4.885847
v 2.543815 -1.034527 4.885709
v 2.543947 -1.034952 4.886033
v 2.544095 -1.034693 4.885571
v 2.543883 -1.034598 4.885870
v 2.543957 -1.034469 4.885639
v 2.544016 -1.034542 4.885796
v 2.544071 -1.034837 4.885920
v 2.543931 -1.034754 4.885989
v 2.544050 -1.034652 4.885880
v 2.544060 -1.034530 4.885589
v 2.544126 -1.034742 4.885750
v 2.544088 -1.034585 4.885760
v 2.543430 -1.036675 4.884732
v 2.543223 -1.036304 4.884445
v 2.543685 -1.036148 4.884606
v 2.543338 -1.036621 4.884583
v 2.543569 -1.036544 4.884663
v 2.543475 -1.036495 4.884523
v 2.543390 -1.036222 4.884415
v 2.543262 -1.036485 4.884477
v 2.543422 -1.036399 4.884449
v 2.543663 -1.036350 4.884617
v 2.543560 -1.036165 4.884474
v 2.543541 -1.036359 4.884491
v 2.543171 -1.034952 4.884470
v 2.543349 -1.034527 4.884772
v 2.543630 -1.034693 4.884634
v 2.543196 -1.034754 4.884510
v 2.543336 -1.034837 4.884441
v 2.543355 -1.034652 4.884482
v 2.543491 -1.034469 4.884702
v 2.543262 -1.034598 4.884620
v 2.543401 -1.034542 4.884560
v 2.543505 -1.034742 4.884501
v 2.543594 -1.034530 4.884651
v 2.543474 -1.034585 4.884524
v 2.536172 -1.040267 4.889856
v 2.535815 -1.039996 4.889643
v 2.536050 -1.040131 4.889864
v 2.535920 -1.040032 4.889786
v 2.535473 -1.041662 4.890200
v 2.535004 -1.041613 4.890042
v 2.535295 -1.041638 4.890235
v 2.535124 -1.041620 4.890177
v 2.535677 -1.040874 4.890100
v 2.535241 -1.040699 4.889925
v 2.535516 -1.040787 4.890127
v 2.535356 -1.040723 4.890063
v 2.534696 -1.041662 4.888638
v 2.534539 -1.041613 4.889104
v 2.534561 -1.041638 4.888757
v 2.534503 -1.041620 4.888927
v 2.535396 -1.040267 4.888294
v 2.535349 -1.039996 4.888706
v 2.535316 -1.040131 4.888386
v 2.535299 -1.040032 4.888536
v 2.534901 -1.040874 4.888537
v 2.534775 -1.040699 4.888988
v 2.534781 -1.040787 4.888649
v 2.534735 -1.040723 4.888813
v 2.535005 -1.049284 4.890041
v 2.535275 -1.049455 4.889909
v 2.535473 -1.049020 4.890200
v 2.535033 -1.049450 4.890028
v 2.535132 -1.049233 4.890173
v 2.535156 -1.049393 4.890153
v 2.535366 -1.049381 4.890058
v 2.535132 -1.049513 4.889979
v 2.535226 -1.049437 4.890119
v 2.535304 -1.049136 4.890231
v 2.535439 -1.049221 4.890165
v 2.535277 -1.049324 4.890194
v 2.534539 -1.049284 4.889104
v 2.534697 -1.049020 4.888638
v 2.534809 -1.049455 4.888971
v 2.534512 -1.049233 4.888924
v 2.534568 -1.049450 4.889090
v 2.534542 -1.049393 4.888917
v 2.534704 -1.049221 4.888686
v 2.534569 -1.049136 4.888752
v 2.534583 -1.049324 4.888796
v 2.534667 -1.049513 4.889041
v 2.534745 -1.049381 4.888809
v 2.534611 -1.049437 4.888883
v 2.543895 -1.043738 4.885669
v 2.544151 -1.043211 4.885543
v 2.543999 -1.043367 4.886007
v 2.544035 -1.043607 4.885601
v 2.543959 -1.043685 4.885832
v 2.544090 -1.043558 4.885759
v 2.544180 -1.043228 4.885723
v 2.544129 -1.043414 4.885554
v 2.544156 -1.043422 4.885727
v 2.543997 -1.043548 4.885956
v 2.544125 -1.043285 4.885893
v 2.544116 -1.043462 4.885847
v 2.543815 -1.041590 4.885709
v 2.543947 -1.042015 4.886033
v 2.544095 -1.041756 4.885571
v 2.543883 -1.041661 4.885870
v 2.543957 -1.041532 4.885639
v 2.544016 -1.041605 4.885796
v 2.544071 -1.041900 4.885920
v 2.543931 -1.041817 4.885989
v 2.544050 -1.041715 4.885880
v 2.544060 -1.041593 4.885589
v 2.544126 -1.041805 4.885750
v 2.544088 -1.041648 4.885760
v 2.543430 -1.043738 4.884732
v 2.543223 -1.043367 4.884445
v 2.543685 -1.043211 4.884606
v 2.543338 -1.043685 4.884583
v 2.543569 -1.043607 4.884663
v 2.543475 -1.043558 4.884523
v 2.543390 -1.043285 4.884415
v 2.543262 -1.043548 4.884477
v 2.543422 -1.043462 4.884449
v 2.543663 -1.043414 4.884617
v 2.543560 -1.043228 4.884474
v 2.543541 -1.043422 4.884491
v 2.543171 -1.042015 4.884470
v 2.543349 -1.041590 4.884772
v 2.543630 -1.041756 4.884634
v 2.543196 -1.041817 4.884510
v 2.543336 -1.041900 4.884441
v 2.543355 -1.041715 4.884482
v 2.543491 -1.041532 4.884702
v 2.543262 -1.041661 4.884620
v 2.543401 -1.041605 4.884560
v 2.543505 -1.041805 4.884501
v 2.543594 -1.041593 4.884651
v 2.543474 -1.041648 4.884524
v 2.536172 -1.047330 4.889856
v 2.535815 -1.047059 4.889643
v 2.536050 -1.047194 4.889864
v 2.535920 -1.047095 4.889786
v 2.535473 -1.048725 4.890200
v 2.535004 -1.048676 4.890042
v 2.535295 -1.048701 4.890235
v 2.535124 -1.048683 4.890177
v 2.535677 -1.047937 4.890100
v 2.535241 -1.047763 4.889925
v 2.535516 -1.047850 4.890127
v 2.535356 -1.047786 4.890063
v 2.534696 -1.048725 4.888638
v 2.534539 -1.048676 4.889104
v 2.534561 -1.048701 4.888757
v 2.534503 -1.048683 4.888927
v 2.535396 -1.047330 4.888294
v 2.535349 -1.047059 4.888706
v 2.535316 -1.047194 4.888386
v 2.535299 -1.047095 4.888536
v 2.534901 -1.047937 4.888537
v 2.534775 -1.047763 4.888988
v 2.534781 -1.047850 4.888649
v 2.534735 -1.047786 4.888813
v 2.535005 -1.056347 4.890041
v 2.535275 -1.056518 4.889909
v 2.535473 -1.056083 4.890200
v 2.535033 -1.056513 4.890028
v 2.535132 -1.056296 4.890173
v 2.535156 -1.056456 4.890153
v 2.535366 -1.056444 4.890058
v 2.535132 -1.056576 4.889979
v 2.535226 -1.056500 4.890119
v 2.535304 -1.056199 4.890231
v 2.535439 -1.056284 4.890165
v 2.535277 -1.056388 4.890194
v 2.534539 -1.056347 4.889104
v 2.534697 -1.056083 4.888638
v 2.534809 -1.056518 4.888971
v 2.534512 -1.056296 4.888924
v 2.534568 -1.056513 4.889090
v 2.534542 -1.056456 4.888917
v 2.534704 -1.056284 4.888686
v 2.534569 -1.056199 4.888752
v 2.534583 -1.056388 4.888796
v 2.534667 -1.056576 4.889041
v 2.534745 -1.056444 4.888809
v 2.534611 -1.056500 4.888883
v 2.543895 -1.050802 4.885669
v 2.544151 -1.050275 4.885543
v 2.543999 -1.050430 4.886007
v 2.544035 -1.050670 4.885601
v 2.543959 -1.050748 4.885832
v 2.544090 -1.050621 4.885759
v 2.544180 -1.050291 4.885723
v 2.544129 -1.050477 4.885554
v 2.544156 -1.050485 4.885727
v 2.543997 -1.050611 4.885956
v 2.544125 -1.050348 4.885893
v 2.544116 -1.050525 4.885847
v 2.543815 -1.048653 4.885709
v 2.543947 -1.049079 4.886033
v 2.544095 -1.048820 4.885571
v 2.543883 -1.048724 4.885870
v 2.543957 -1.048595 4.885639
v 2.544016 -1.048668 4.885796
v 2.544071 -1.048963 4.885920
v 2.543931 -1.048880 4.885989
v 2.544050 -1.048778 4.885880
v 2.544060 -1.048656 4.885589
v 2.544126 -1.048868 4.885750
v 2.544088 -1.048711 4.885760
v 2.543430 -1.050802 4.884732
v 2.543223 -1.050430 4.884445
v 2.543685 -1.050275 4.884606
v 2.543338 -1.050748 4.884583
v 2.543569 -1.050670 4.884663
v 2.543475 -1.050621 4.884523
v 2.543390 -1.050348 4.884415
v 2.543262 -1.050611 4.884477
v 2.543422 -1.050525 4.884449
v 2.543663 -1.050477 4.884617
v 2.543560 -1.050291 4.884474
v 2.543541 -1.050485 4.884491
v 2.543171 -1.049079 4.884470
v 2.543349 -1.048653 4.884772
v 2.543630 -1.048820 4.884634
v 2.543196 -1.048880 4.884510
v 2.543336 -1.048963 4.884441
v 2.543355 -1.048778 4.884482
v 2.543491 -1.048595 4.884702
v 2.543262 -1.048724 4.884620
v 2.543401 -1.048668 4.884560
v 2.543505 -1.048868 4.884501
v 2.543594 -1.048656 4.884651
v 2.543474 -1.048711 4.884524
v 2.536172 -1.054393 4.889856
v 2.535815 -1.054122 4.889643
v 2.536050 -1.054258 4.889864
v 2.535920 -1.054158 4.889786
v 2.535473 -1.055788 4.890200
v 2.535004 -1.055739 4.890042
v 2.535295 -1.055764 4.890235
v 2.535124 -1.055746 4.890177
v 2.535677 -1.055000 4.890100
v 2.535241 -1.054826 4.889925
v 2.535516 -1.054913 4.890127
v 2.535356 -1.054849 4.890063
v 2.534696 -1.055788 4.888638
v 2.534539 -1.055739 4.889104
v 2.534561 -1.055764 4.888757
v 2.534503 -1.055746 4.888927
v 2.535396 -1.054393 4.888294
v 2.535349 -1.054122 4.888706
v 2.535316 -1.054258 4.888386
v 2.535299 -1.054158 4.888536
v 2.534901 -1.055000 4.888537
v 2.534775 -1.054826 4.888988
v 2.534781 -1.054913 4.888649
v 2.534735 -1.054849 4.888813
v 2.535005 -1.063410 4.890041
v 2.535275 -1.063581 4.889909
v 2.535473 -1.063146 4.890200
v 2.535033 -1.063576 4.890028
v 2.535132 -1.063359 4.890173
v 2.535156 -1.063519 4.890153
v 2.535366 -1.063507 4.890058
v 2.535132 -1.063639 4.889979
v 2.535226 -1.063563 4.890119
v 2.535304 -1.063262 4.890231
v 2.535439 -1.063348 4.890165
v 2.535277 -1.063451 4.890194
v 2.534539 -1.063410 4.889104
v 2.534697 -1.063146 4.888638
v 2.534809 -1.063581 4.888971
v 2.534512 -1.063359 4.888924
v 2.534568 -1.063576 4.889090
v 2.534542 -1.063519 4.888917
v 2.534704 -1.063348 4.888686
v 2.534569 -1.063262 4.888752
v 2.534583 -1.063451 4.888796
v 2.534667 -1.063639 4.889041
v 2.534745 -1.063507 4.888809
v 2.534611 -1.063563 4.888883
v 2.543895 -1.057865 4.885669
v 2.544151 -1.057338 4.885543
v 2.543999 -1.057493 4.886007
v 2.544035 -1.057733 4.885601
v 2.543959 -1.057811 4.885832
v 2.544090 -1.057685 4.885759
v 2.544180 -1.057354 4.885723
v 2.544129 -1.057540 4.885554
v 2.544156 -1.057548 4.885727
v 2.543997 -1.057674 4.885956
v 2.544125 -1.057411 4.885893
v 2.544116 -1.057589 4.885847
v 2.543815 -1.055717 4.885709
v 2.543947 -1.056142 4.886033
v 2.544095 -1.055883 4.885571
v 2.543883 -1.055787 4.885870
v 2.543957 -1.055658 4.885639
v 2.544016 -1.055731 4.885796
v 2.544071 -1.056026 4.885920
v 2.543931 -1.055943 4.885989
v 2.544050 -1.055841 4.885880
v 2.544060 -1.055719 4.885589
v 2.544126 -1.055931 4.885750
v 2.544088 -1.055774 4.885760
v 2.543430 -1.057865 4.884732
v 2.543223 -1.057493 4.884445
v 2.543685 -1.057338 4.884606
v 2.543338 -1.057811 4.884583
v 2.543569 -1.057733 4.884663
v 2.543475 -1.057685 4.884523
v 2.543390 -1.057411 4.884415
v 2.543262 -1.057674 4.884477
v 2.543422 -1.057589 4.884449
v 2.543663 -1.057540 4.884617
v 2.543560 -1.057354 4.884474
v 2.543541 -1.057548 4.884491
v 2.543171 -1.056142 4.884470
v 2.543349 -1.055717 4.884772
v 2.543630 -1.055883 4.884634
v 2.543196 -1.055943 4.884510
v 2.543336 -1.056026 4.884441
v 2.543355 -1.055841 4.884482
v 2.543491 -1.055658 4.884702
v 2.543262 -1.055787 4.884620
v 2.543401 -1.055731 4.884560
v 2.543505 -1.055931 4.884501
v 2.543594 -1.055719 4.884651
v 2.543474 -1.055774 4.884524
v 2.536172 -1.061456 4.889856
v 2.535815 -1.061185 4.889643
v 2.536050 -1.061321 4.889864
v 2.535920 -1.061221 4.889786
v 2.535473 -1.062852 4.890200
v 2.535004 -1.062802 4.890042
v 2.535295 -1.062827 4.890235
v 2.535124 -1.062809 4.890177
v 2.535677 -1.062063 4.890100
v 2.535241 -1.061889 4.889925
v 2.535516 -1.061976 4.890127
v 2.535356 -1.061912 4.890063
v 2.534696 -1.062852 4.888638
v 2.534539 -1.062802 4.889104
v 2.534561 -1.062827 4.888757
v 2.534503 -1.062809 4.888927
v 2.535396 -1.061456 4.888294
v 2.535349 -1.061185 4.888706
v 2.535316 -1.061321 4.888386
v 2.535299 -1.061221 4.888536
v 2.534901 -1.062063 4.888537
v 2.534775 -1.061889 4.888988
v 2.534781 -1.061976 4.888649
v 2.534735 -1.061912 4.888813
v 2.535005 -1.070474 4.890041
v 2.535275 -1.070644 4.889909
v 2.535473 -1.070210 4.890200
v 2.535033 -1.070640 4.890028
v 2.535132 -1.070423 4.890173
v 2.535156 -1.070582 4.890153
v 2.535366 -1.070570 4.890058
v 2.535132 -1.070702 4.889979
v 2.535226 -1.070626 4.890119
v 2.535304 -1.070326 4.890231
v 2.535439 -1.070411 4.890165
v 2.535277 -1.070514 4.890194
v 2.534539 -1.070474 4.889104
v 2.534697 -1.070210 4.888638
v 2.534809 -1.070644 4.888971
v 2.534512 -1.070423 4.888924
v 2.534568 -1.070640 4.889090
v 2.534542 -1.070582 4.888917
v 2.534704 -1.070411 4.888686
v 2.534569 -1.070326 4.888752
v 2.534583 -1.070514 4.888796
v 2.534667 -1.070702 4.889041
v 2.534745 -1.070570 4.888809
v 2.534611 -1.070626 4.888883
v 2.543895 -1.064928 4.885669
v 2.544151 -1.064401 4.885543
v 2.543999 -1.064556 4.886007
v 2.544035 -1.064796 4.885601
v 2.543959 -1.064874 4.885832
v 2.544090 -1.064748 4.885759
v 2.544180 -1.064417 4.885723
v 2.544129 -1.064603 4.885554
v 2.544156 -1.064612 4.885727
v 2.543997 -1.064738 4.885956
v 2.544125 -1.064474 4.885893
v 2.544116 -1.064652 4.885847
v 2.543815 -1.062780 4.885709
v 2.543947 -1.063205 4.886033
v 2.544095 -1.062946 4.885571
v 2.543883 -1.062850 4.885870
v 2.543957 -1.062721 4.885639
v 2.544016 -1.062794 4.885796
v 2.544071 -1.063089 4.885920
v 2.543931 -1.063007 4.885989
v 2.544050 -1.062904 4.885880
v 2.544060 -1.062782 4.885589
v 2.544126 -1.062994 4.885750
v 2.544088 -1.062837 4.885760
v 2.543430 -1.064928 4.884732
v 2.543223 -1.064556 4.884445
v 2.543685 -1.064401 4.884606
v 2.543338 -1.064874 4.884583
v 2.543569 -1.064796 4.884663
v 2.543475 -1.064748 4.884523
v 2.543390 -1.064474 4.884415
v 2.543262 -1.064738 4.884477
v 2.543422 -1.064652 4.884449
v 2.543663 -1.064603 4.884617
v 2.543560 -1.064417 4.884474
v 2.543541 -1.064612 4.884491
v 2.543171 -1.063205 4.884470
v 2.543349 -1.062780 4.884772
v 2.543630 -1.062946 4.884634
v 2.543196 -1.063007 4.884510
v 2.543336 -1.063089 4.884441
v 2.543355 -1.062904 4.884482
v 2.543491 -1.062721 4.884702
v 2.543262 -1.062850 4.884620
v 2.543401 -1.062794 4.884560
v 2.543505 -1.062994 4.884501
v 2.543594 -1.062782 4.884651
v 2.543474 -1.062837 4.884524
v 2.536172 -1.068520 4.889856
v 2.535815 -1.068248 4.889643
v 2.536050 -1.068384 4.889864
v 2.535920 -1.068285 4.889786
v 2.535473 -1.069915 4.890200
v 2.535004 -1.069866 4.890042
v 2.535295 -1.069890 4.890235
v 2.535124 -1.069872 4.890177
v 2.535677 -1.069127 4.890100
v 2.535241 -1.068952 4.889925
v 2.535516 -1.069039 4.890127
v 2.535356 -1.068975 4.890063
v 2.534696 -1.069915 4.888638
v 2.534539 -1.069866 4.889104
v 2.534561 -1.069890 4.888757
v 2.534503 -1.069872 4.888927
v 2.535396 -1.068520 4.888294
v 2.535349 -1.068248 4.888706
v 2.535316 -1.068384 4.888386
v 2.535299 -1.068285 4.888536
v 2.534901 -1.069127 4.888537
v 2.534775 -1.068952 4.888988
v 2.534781 -1.069039 4.888649
v 2.534735 -1.068975 4.888813
vn -0.5060 0.7628 0.4026
vn -0.6260 0.7633 0.1596
vn -0.8334 0.4837 0.2673
vn -0.7168 0.4833 0.5026
vn -0.4506 0.8916 0.0450
vn -0.3091 0.8911 0.3322
vn -0.4937 -0.1149 -0.8620
vn -0.5633 0.0188 -0.8260
vn -0.5506 0.0710 -0.8317
vn -0.5181 0.1098 -0.8482
vn -0.3802 0.1169 -0.9175
vn -0.2633 -0.1012 -0.9594
vn 0.5996 -0.1016 0.7938
vn 0.4950 0.1166 0.8610
vn 0.3557 0.1095 0.9282
vn 0.3228 0.0708 0.9438
vn 0.3106 0.0187 0.9503
vn 0.3817 -0.1151 0.9171
vn 0.8195 -0.0379 -0.5718
vn 0.8006 0.1463 -0.5810
vn 0.9467 0.1465 -0.2867
vn 0.9508 -0.0380 -0.3075
vn -0.9394 0.1366 0.3144
vn -0.8182 0.1365 0.5586
vn -0.8064 -0.1030 0.5824
vn -0.9513 -0.1032 0.2905
vn -0.6178 -0.5773 0.5339
vn -0.3346 -0.4676 0.8182
vn -0.5082 -0.0961 0.8558
vn 0.0090 -0.9748 0.2229
vn 0.2028 -0.8087 0.5521
vn 0.4460 -0.8943 -0.0351
vn 0.5532 -0.7629 0.3346
vn 0.5117 -0.4316 0.7429
vn 0.1691 -0.4254 0.8891
vn 0.0059 -0.1133 0.9935
vn -0.9887 -0.0965 -0.1145
vn -0.8529 -0.4685 -0.2304
vn -0.7985 -0.5778 0.1689
vn -0.7846 -0.1135 -0.6095
vn -0.6022 -0.4255 -0.6755
vn -0.2767 -0.4309 -0.8589
vn 0.0712 -0.7617 -0.6439
vn -0.3143 -0.8088 -0.4970
vn 0.2985 -0.8939 -0.3345
vn -0.1712 -0.9749 -0.1424
vn 0.5787 -0.8064 -0.1220
vn 0.7452 -0.6298 -0.2189
vn 0.8187 -0.5659 0.0972
vn 0.6745 -0.7018 0.2293
vn 0.9072 -0.2955 -0.2994
vn 0.9628 -0.2690 0.0258
vn 0.9969 -0.0375 0.0690
vn 0.8449 -0.0639 0.5311
vn 0.8551 -0.3169 0.4104
vn 0.6801 -0.4032 0.6123
vn -0.0825 0.7633 0.6407
vn 0.3004 0.8172 0.4919
vn 0.1531 0.9778 0.1432
vn 0.2717 0.4319 0.8600
vn 0.5936 0.4413 0.6730
vn 0.7846 0.1286 0.6065
vn 0.9844 0.1305 0.1177
vn 0.8357 0.5002 0.2268
vn 0.7764 0.6080 -0.1662
vn 0.4476 -0.8058 -0.3877
vn 0.2279 -0.7004 -0.6764
vn 0.4193 -0.5646 -0.7109
vn 0.6252 -0.6293 -0.4617
vn -0.0711 -0.4020 -0.9129
vn 0.1940 -0.3158 -0.9288
vn 0.0924 -0.0634 -0.9937
vn 0.5490 -0.0373 -0.8350
vn 0.5626 -0.2682 -0.7820
vn 0.7868 -0.2953 -0.5420
vn -0.5156 0.4328 -0.7395
vn -0.1724 0.4415 -0.8806
vn -0.0036 0.1287 -0.9917
vn -0.5575 0.7645 -0.3236
vn -0.2071 0.8172 -0.5379
vn -0.0206 0.9777 -0.2089
vn 0.6022 0.6075 -0.5180
vn 0.3270 0.4994 -0.8023
vn 0.5031 0.1302 -0.8544
vn 0.0845 0.3963 0.9142
vn -0.0279 0.2526 0.9672
vn -0.2750 0.6671 0.6923
vn -0.4623 0.4239 0.7788
vn -0.7841 0.2533 -0.5666
vn -0.6730 0.3973 -0.6239
vn -0.8992 0.4250 -0.1044
vn -0.7160 0.6685 -0.2013
vn -0.0788 0.0672 0.9946
vn -0.5478 0.1159 0.8286
vn -0.8372 0.0674 -0.5428
vn -0.9910 0.1163 -0.0663
vn 0.3269 0.4994 -0.8023
vn -0.1724 0.4414 -0.8806
vn 0.5996 -0.1017 0.7938
vn 0.3557 0.1096 0.9282
vn 0.1531 0.9778 0.1431
vn -0.6730 0.3973 -0.6238
vn 0.0090 -0.9748 0.2230
vn 0.5936 0.4413 0.6729
vn 0.7764 0.6079 -0.1662
vn 0.1530 0.9778 0.1432
vn 0.8356 0.5002 0.2269
vn 0.4476 -0.8059 -0.3877
vn -0.2072 0.8172 -0.5378
vn 0.8357 0.5002 0.2269
vn 0.6252 -0.6293 -0.4616
vn -0.2072 0.8172 -0.5379
vn -0.6023 -0.4255 -0.6755
vn 0.0712 -0.7618 -0.6439
vn -0.0712 -0.4020 -0.9129
vt 0.500000 0.500000
vt 0.500000 0.500000
vt 0.500000 0.500000
vt 0.500000 0.500000
vt 0.500000 0.500000
vt 0.500000 0.500000
vt 0.500000 0.500000
vt 0.500000 0.500000
vt 0.500000 0.500000
vt 0.500000 0.500000
vt 0.500000 0.500000
vt 0.500000 0.500000
vt 0.500000 0.500000
vt 0.500000 0.500000
vt 0.500000 0.500000
vt 0.500000 0.500000
vt 0.500000 0.500000
vt 0.500000 0.500000
vt 0.500000 0.500000
vt 0.500000 0.500000
vt 0.500000 0.500000
vt 0.500000 0.500000
vt 0.500000 0.500000
vt 0.500000 0.500000
vt 0.500000 0.500000
vt 0.500000 0.500000
vt 0.500000 0.500000
vt 0.500000 0.500000
vt 0.500000 0.500000
vt 0.500000 0.500000
vt 0.500000 0.500000
vt 0.500000 0.500000
vt 0.500000 0.500000
vt 0.500000 0.500000
vt 0.500000 0.500000
vt 0.500000 0.500000
vt 0.500000 0.500000
vt 0.500000 0.500000
vt 0.500000 0.500000
vt 0.500000 0.500000
vt 0.500000 0.500000
vt 0.500000 0.500000
vt 0.500000 0.500000
vt 0.500000 0.500000
vt 0.500000 0.500000
vt 0.500000 0.500000
vt 0.500000 0.500000
vt 0.500000 0.500000
vt 0.500000 0.500000
vt 0.500000 0.500000
vt 0.500000 0.500000
vt 0.500000 0.500000
vt 0.500000 0.500000
vt 0.500000 0.500000
vt 0.500000 0.500000
vt 0.500000 0.500000
vt 0.500000 0.500000
vt 0.500000 0.500000
vt 0.500000 0.500000
vt 0.500000 0.500000
vt 0.500000 0.500000
vt 0.500000 0.500000
vt 0.500000 0.500000
vt 0.500000 0.500000
vt 0.500000 0.500000
vt 0.500000 0.500000
vt 0.500000 0.500000
vt 0.500000 0.500000
vt 0.500000 0.500000
vt 0.500000 0.500000
vt 0.500000 0.500000
vt 0.500000 0.500000
vt 0.500000 0.500000
vt 0.500000 0.500000
vt 0.500000 0.500000
vt 0.500000 0.500000
vt 0.500000 0.500000
vt 0.500000 0.500000
vt 0.500000 0.500000
vt 0.500000 0.500000
vt 0.500000 0.500000
vt 0.500000 0.500000
vt 0.500000 0.500000
vt 0.500000 0.500000
vt 0.500000 0.500000
vt 0.500000 0.500000
vt 0.500000 0.500000
vt 0.500000 0.500000
vt 0.500000 0.500000
vt 0.500000 0.500000
vt 0.500000 0.500000
vt 0.500000 0.500000
vt 0.500000 0.500000
vt 0.500000 0.500000
vt 0.500000 0.500000
vt 0.500000 0.500000
vt 0.500000 0.500000
vt 0.500000 0.500000
vt 0.500000 0.500000
vt 0.500000 0.500000
vt 0.500000 0.500000
vt 0.500000 0.500000
vt 0.500000 0.500000
vt 0.500000 0.500000
vt 0.500000 0.500000
vt 0.500000 0.500000
vt 0.500000 0.500000
vt 0.500000 0.500000
vt 0.500000 0.500000
vt 0.500000 0.500000
vt 0.500000 0.500000
vt 0.500000 0.500000
vt 0.500000 0.500000
vt 0.500000 0.500000
vt 0.500000 0.500000
vt 0.500000 0.500000
vt 0.500000 0.500000
vt 0.500000 0.500000
vt 0.500000 0.500000
vt 0.500000 0.500000
vt 0.500000 0.500000
vt 0.500000 0.500000
vt 0.500000 0.500000
vt 0.500000 0.500000
vt 0.500000 0.500000
vt 0.500000 0.500000
vt 0.500000 0.500000
vt 0.500000 0.500000
vt 0.500000 0.500000
vt 0.500000 0.500000
vt 0.500000 0.500000
vt 0.500000 0.500000
vt 0.500000 0.500000
vt 0.500000 0.500000
vt 0.500000 0.500000
vt 0.500000 0.500000
vt 0.500000 0.500000
vt 0.500000 0.500000
vt 0.500000 0.500000
vt 0.500000 0.500000
vt 0.500000 0.500000
vt 0.500000 0.500000
vt 0.500000 0.500000
vt 0.500000 0.500000
vt 0.500000 0.500000
vt 0.500000 0.500000
vt 0.500000 0.500000
vt 0.500000 0.500000
vt 0.500000 0.500000
vt 0.500000 0.500000
vt 0.500000 0.500000
vt 0.500000 0.500000
vt 0.500000 0.500000
vt 0.500000 0.500000
vt 0.500000 0.500000
vt 0.500000 0.500000
vt 0.500000 0.500000
vt 0.500000 0.500000
vt 0.500000 0.500000
vt 0.500000 0.500000
vt 0.500000 0.500000
vt 0.500000 0.500000
vt 0.500000 0.500000
vt 0.500000 0.500000
vt 0.500000 0.500000
vt 0.500000 0.500000
vt 0.500000 0.500000
vt 0.500000 0.500000
vt 0.500000 0.500000
vt 0.500000 0.500000
vt 0.500000 0.500000
vt 0.500000 0.500000
vt 0.500000 0.500000
vt 0.500000 0.500000
vt 0.500000 0.500000
vt 0.500000 0.500000
vt 0.500000 0.500000
vt 0.500000 0.500000
vt 0.500000 0.500000
vt 0.500000 0.500000
vt 0.500000 0.500000
vt 0.500000 0.500000
vt 0.500000 0.500000
vt 0.500000 0.500000
vt 0.500000 0.500000
vt 0.500000 0.500000
vt 0.500000 0.500000
vt 0.500000 0.500000
vt 0.500000 0.500000
vt 0.500000 0.500000
vt 0.500000 0.500000
vt 0.500000 0.500000
vt 0.500000 0.500000
vt 0.500000 0.500000
vt 0.500000 0.500000
vt 0.500000 0.500000
vt 0.500000 0.500000
vt 0.500000 0.500000
vt 0.500000 0.500000
vt 0.500000 0.500000
vt 0.500000 0.500000
vt 0.500000 0.500000
vt 0.500000 0.500000
vt 0.500000 0.500000
vt 0.500000 0.500000
vt 0.500000 0.500000
vt 0.500000 0.500000
vt 0.500000 0.500000
vt 0.500000 0.500000
vt 0.500000 0.500000
vt 0.500000 0.500000
vt 0.500000 0.500000
vt 0.500000 0.500000
vt 0.500000 0.500000
vt 0.500000 0.500000
vt 0.500000 0.500000
vt 0.500000 0.500000
vt 0.500000 0.500000
vt 0.500000 0.500000
vt 0.500000 0.500000
vt 0.500000 0.500000
vt 0.500000 0.500000
vt 0.500000 0.500000
vt 0.500000 0.500000
vt 0.500000 0.500000
vt 0.500000 0.500000
vt 0.500000 0.500000
vt 0.500000 0.500000
vt 0.500000 0.500000
vt 0.500000 0.500000
vt 0.500000 0.500000
vt 0.500000 0.500000
vt 0.500000 0.500000
vt 0.500000 0.500000
vt 0.500000 0.500000
vt 0.500000 0.500000
vt 0.500000 0.500000
vt 0.500000 0.500000
vt 0.500000 0.500000
vt 0.500000 0.500000
vt 0.500000 0.500000
vt 0.500000 0.500000
vt 0.500000 0.500000
vt 0.500000 0.500000
vt 0.500000 0.500000
vt 0.500000 0.500000
vt 0.500000 0.500000
vt 0.500000 0.500000
vt 0.500000 0.500000
vt 0.500000 0.500000
vt 0.500000 0.500000
vt 0.500000 0.500000
vt 0.500000 0.500000
vt 0.500000 0.500000
vt 0.500000 0.500000
vt 0.500000 0.500000
vt 0.500000 0.500000
vt 0.500000 0.500000
vt 0.500000 0.500000
vt 0.500000 0.500000
vt 0.500000 0.500000
vt 0.500000 0.500000
vt 0.500000 0.500000
vt 0.500000 0.500000
vt 0.500000 0.500000
vt 0.500000 0.500000
vt 0.500000 0.500000
vt 0.500000 0.500000
vt 0.500000 0.500000
vt 0.500000 0.500000
vt 0.500000 0.500000
vt 0.500000 0.500000
vt 0.500000 0.500000
vt 0.500000 0.500000
vt 0.500000 0.500000
vt 0.500000 0.500000
vt 0.500000 0.500000
vt 0.500000 0.500000
vt 0.500000 0.500000
vt 0.500000 0.500000
vt 0.500000 0.500000
vt 0.500000 0.500000
vt 0.500000 0.500000
vt 0.500000 0.500000
vt 0.500000 0.500000
vt 0.500000 0.500000
vt 0.500000 0.500000
vt 0.500000 0.500000
vt 0.500000 0.500000
vt 0.500000 0.500000
vt 0.500000 0.500000
vt 0.500000 0.500000
vt 0.500000 0.500000
vt 0.500000 0.500000
vt 0.500000 0.500000
vt 0.500000 0.500000
vt 0.500000 0.500000
vt 0.500000 0.500000
vt 0.500000 0.500000
vt 0.500000 0.500000
vt 0.500000 0.500000
vt 0.500000 0.500000
vt 0.500000 0.500000
vt 0.500000 0.500000
vt 0.500000 0.500000
vt 0.500000 0.500000
vt 0.500000 0.500000
vt 0.500000 0.500000
vt 0.500000 0.500000
vt 0.500000 0.500000
vt 0.500000 0.500000
vt 0.500000 0.500000
vt 0.500000 0.500000
vt 0.500000 0.500000
vt 0.500000 0.500000
vt 0.500000 0.500000
vt 0.500000 0.500000
vt 0.500000 0.500000
vt 0.500000 0.500000
vt 0.500000 0.500000
vt 0.500000 0.500000
vt 0.500000 0.500000
vt 0.500000 0.500000
vt 0.500000 0.500000
vt 0.500000 0.500000
vt 0.500000 0.500000
vt 0.500000 0.500000
vt 0.500000 0.500000
vt 0.500000 0.500000
vt 0.500000 0.500000
vt 0.500000 0.500000
vt 0.500000 0.500000
vt 0.500000 0.500000
vt 0.500000 0.500000
vt 0.500000 0.500000
vt 0.500000 0.500000
vt 0.500000 0.500000
vt 0.500000 0.500000
vt 0.500000 0.500000
vt 0.500000 0.500000
vt 0.500000 0.500000
vt 0.500000 0.500000
vt 0.500000 0.500000
vt 0.500000 0.500000
vt 0.500000 0.500000
vt 0.500000 0.500000
vt 0.500000 0.500000
vt 0.500000 0.500000
vt 0.500000 0.500000
vt 0.500000 0.500000
vt 0.500000 0.500000
vt 0.500000 0.500000
vt 0.500000 0.500000
vt 0.500000 0.500000
vt 0.500000 0.500000
vt 0.500000 0.500000
vt 0.500000 0.500000
vt 0.500000 0.500000
vt 0.500000 0.500000
vt 0.500000 0.500000
vt 0.500000 0.500000
vt 0.500000 0.500000
vt 0.500000 0.500000
vt 0.500000 0.500000
vt 0.500000 0.500000
vt 0.500000 0.500000
vt 0.500000 0.500000
vt 0.500000 0.500000
vt 0.500000 0.500000
vt 0.500000 0.500000
vt 0.500000 0.500000
vt 0.500000 0.500000
vt 0.500000 0.500000
vt 0.500000 0.500000
vt 0.500000 0.500000
vt 0.500000 0.500000
vt 0.500000 0.500000
vt 0.500000 0.500000
vt 0.500000 0.500000
vt 0.500000 0.500000
vt 0.500000 0.500000
vt 0.500000 0.500000
vt 0.500000 0.500000
vt 0.500000 0.500000
vt 0.500000 0.500000
vt 0.500000 0.500000
vt 0.500000 0.500000
vt 0.500000 0.500000
vt 0.500000 0.500000
vt 0.500000 0.500000
vt 0.500000 0.500000
vt 0.500000 0.500000
vt 0.500000 0.500000
vt 0.500000 0.500000
vt 0.500000 0.500000
vt 0.500000 0.500000
vt 0.500000 0.500000
vt 0.500000 0.500000
vt 0.500000 0.500000
vt 0.500000 0.500000
vt 0.500000 0.500000
vt 0.500000 0.500000
vt 0.500000 0.500000
vt 0.500000 0.500000
vt 0.500000 0.500000
vt 0.500000 0.500000
vt 0.500000 0.500000
vt 0.500000 0.500000
vt 0.500000 0.500000
vt 0.500000 0.500000
vt 0.500000 0.500000
vt 0.500000 0.500000
vt 0.500000 0.500000
vt 0.500000 0.500000
vt 0.500000 0.500000
vt 0.500000 0.500000
vt 0.500000 0.500000
vt 0.500000 0.500000
vt 0.500000 0.500000
vt 0.500000 0.500000
vt 0.500000 0.500000
vt 0.500000 0.500000
vt 0.500000 0.500000
vt 0.500000 0.500000
vt 0.500000 0.500000
vt 0.500000 0.500000
vt 0.500000 0.500000
vt 0.500000 0.500000
vt 0.500000 0.500000
vt 0.500000 0.500000
vt 0.500000 0.500000
vt 0.500000 0.500000
vt 0.500000 0.500000
vt 0.500000 0.500000
vt 0.500000 0.500000
vt 0.500000 0.500000
vt 0.500000 0.500000
vt 0.500000 0.500000
vt 0.500000 0.500000
vt 0.500000 0.500000
vt 0.500000 0.500000
vt 0.500000 0.500000
vt 0.500000 0.500000
vt 0.500000 0.500000
vt 0.500000 0.500000
vt 0.500000 0.500000
vt 0.500000 0.500000
vt 0.500000 0.500000
vt 0.500000 0.500000
vt 0.500000 0.500000
vt 0.500000 0.500000
vt 0.500000 0.500000
vt 0.500000 0.500000
vt 0.500000 0.500000
vt 0.500000 0.500000
vt 0.500000 0.500000
vt 0.500000 0.500000
vt 0.500000 0.500000
vt 0.500000 0.500000
vt 0.500000 0.500000
vt 0.500000 0.500000
vt 0.500000 0.500000
vt 0.500000 0.500000
vt 0.500000 0.500000
vt 0.500000 0.500000
vt 0.500000 0.500000
vt 0.500000 0.500000
vt 0.500000 0.500000
vt 0.500000 0.500000
vt 0.500000 0.500000
vt 0.500000 0.500000
vt 0.500000 0.500000
vt 0.500000 0.500000
vt 0.500000 0.500000
vt 0.500000 0.500000
vt 0.500000 0.500000
vt 0.500000 0.500000
vt 0.500000 0.500000
vt 0.500000 0.500000
vt 0.500000 0.500000
vt 0.500000 0.500000
vt 0.500000 0.500000
vt 0.500000 0.500000
vt 0.500000 0.500000
vt 0.500000 0.500000
vt 0.500000 0.500000
vt 0.500000 0.500000
vt 0.500000 0.500000
vt 0.500000 0.500000
vt 0.500000 0.500000
vt 0.500000 0.500000
vt 0.500000 0.500000
vt 0.500000 0.500000
vt 0.500000 0.500000
vt 0.500000 0.500000
vt 0.500000 0.500000
vt 0.500000 0.500000
vt 0.500000 0.500000
vt 0.500000 0.500000
vt 0.500000 0.500000
vt 0.500000 0.500000
vt 0.500000 0.500000
vt 0.500000 0.500000
vt 0.500000 0.500000
vt 0.500000 0.500000
vt 0.500000 0.500000
vt 0.500000 0.500000
vt 0.500000 0.500000
vt 0.500000 0.500000
vt 0.500000 0.500000
vt 0.500000 0.500000
vt 0.500000 0.500000
vt 0.500000 0.500000
vt 0.500000 0.500000
vt 0.500000 0.500000
vt 0.500000 0.500000
vt 0.500000 0.500000
vt 0.500000 0.500000
vt 0.500000 0.500000
vt 0.500000 0.500000
vt 0.500000 0.500000
vt 0.500000 0.500000
vt 0.500000 0.500000
vt 0.500000 0.500000
vt 0.500000 0.500000
vt 0.500000 0.500000
vt 0.500000 0.500000
vt 0.500000 0.500000
vt 0.500000 0.500000
vt 0.500000 0.500000
vt 0.500000 0.500000
vt 0.500000 0.500000
vt 0.500000 0.500000
vt 0.500000 0.500000
vt 0.500000 0.500000
vt 0.500000 0.500000
vt 0.500000 0.500000
vt 0.500000 0.500000
vt 0.500000 0.500000
vt 0.500000 0.500000
vt 0.500000 0.500000
vt 0.500000 0.500000
vt 0.500000 0.500000
vt 0.500000 0.500000
vt 0.500000 0.500000
vt 0.500000 0.500000
vt 0.500000 0.500000
vt 0.500000 0.500000
vt 0.500000 0.500000
vt 0.500000 0.500000
vt 0.500000 0.500000
vt 0.500000 0.500000
vt 0.500000 0.500000
vt 0.500000 0.500000
vt 0.500000 0.500000
vt 0.500000 0.500000
vt 0.500000 0.500000
vt 0.500000 0.500000
vt 0.500000 0.500000
vt 0.500000 0.500000
vt 0.500000 0.500000
vt 0.500000 0.500000
vt 0.500000 0.500000
vt 0.500000 0.500000
vt 0.500000 0.500000
vt 0.500000 0.500000
vt 0.500000 0.500000
vt 0.500000 0.500000
vt 0.500000 0.500000
vt 0.500000 0.500000
vt 0.500000 0.500000
vt 0.500000 0.500000
vt 0.500000 0.500000
vt 0.500000 0.500000
vt 0.500000 0.500000
vt 0.500000 0.500000
vt 0.500000 0.500000
vt 0.500000 0.500000
vt 0.500000 0.500000
vt 0.500000 0.500000
vt 0.500000 0.500000
vt 0.500000 0.500000
vt 0.500000 0.500000
vt 0.500000 0.500000
vt 0.500000 0.500000
vt 0.500000 0.500000
vt 0.500000 0.500000
vt 0.500000 0.500000
vt 0.500000 0.500000
vt 0.500000 0.500000
vt 0.500000 0.500000
vt 0.500000 0.500000
vt 0.500000 0.500000
vt 0.500000 0.500000
vt 0.500000 0.500000
vt 0.500000 0.500000
vt 0.500000 0.500000
vt 0.500000 0.500000
vt 0.500000 0.500000
vt 0.500000 0.500000
vt 0.500000 0.500000
vt 0.500000 0.500000
vt 0.500000 0.500000
vt 0.500000 0.500000
vt 0.500000 0.500000
vt 0.500000 0.500000
vt 0.500000 0.500000
vt 0.500000 0.500000
vt 0.500000 0.500000
vt 0.500000 0.500000
vt 0.500000 0.500000
vt 0.500000 0.500000
vt 0.500000 0.500000
vt 0.500000 0.500000
vt 0.500000 0.500000
vt 0.500000 0.500000
vt 0.500000 0.500000
vt 0.500000 0.500000
vt 0.500000 0.500000
vt 0.500000 0.500000
vt 0.500000 0.500000
vt 0.500000 0.500000
vt 0.500000 0.500000
vt 0.500000 0.500000
vt 0.500000 0.500000
vt 0.500000 0.500000
vt 0.500000 0.500000
vt 0.500000 0.500000
vt 0.500000 0.500000
vt 0.500000 0.500000
vt 0.500000 0.500000
vt 0.500000 0.500000
vt 0.500000 0.500000
vt 0.500000 0.500000
vt 0.500000 0.500000
vt 0.500000 0.500000
vt 0.500000 0.500000
vt 0.500000 0.500000
vt 0.500000 0.500000
vt 0.500000 0.500000
vt 0.500000 0.500000
vt 0.500000 0.500000
vt 0.500000 0.500000
vt 0.500000 0.500000
vt 0.500000 0.500000
vt 0.500000 0.500000
vt 0.500000 0.500000
vt 0.500000 0.500000
vt 0.500000 0.500000
vt 0.500000 0.500000
vt 0.500000 0.500000
vt 0.500000 0.500000
vt 0.500000 0.500000
vt 0.500000 0.500000
vt 0.500000 0.500000
vt 0.500000 0.500000
vt 0.500000 0.500000
vt 0.500000 0.500000
vt 0.500000 0.500000
vt 0.500000 0.500000
vt 0.500000 0.500000
vt 0.500000 0.500000
vt 0.500000 0.500000
vt 0.500000 0.500000
vt 0.500000 0.500000
vt 0.500000 0.500000
vt 0.500000 0.500000
vt 0.500000 0.500000
vt 0.500000 0.500000
vt 0.500000 0.500000
vt 0.500000 0.500000
vt 0.500000 0.500000
vt 0.500000 0.500000
vt 0.500000 0.500000
vt 0.500000 0.500000
vt 0.500000 0.500000
vt 0.500000 0.500000
vt 0.500000 0.500000
vt 0.500000 0.500000
vt 0.500000 0.500000
vt 0.500000 0.500000
vt 0.500000 0.500000
vt 0.500000 0.500000
vt 0.500000 0.500000
vt 0.500000 0.500000
vt 0.500000 0.500000
vt 0.500000 0.500000
vt 0.500000 0.500000
vt 0.500000 0.500000
vt 0.500000 0.500000
vt 0.500000 0.500000
vt 0.500000 0.500000
vt 0.500000 0.500000
vt 0.500000 0.500000
vt 0.500000 0.500000
vt 0.500000 0.500000
vt 0.500000 0.500000
vt 0.500000 0.500000
vt 0.500000 0.500000
vt 0.500000 0.500000
vt 0.500000 0.500000
vt 0.500000 0.500000
vt 0.500000 0.500000
vt 0.500000 0.500000
vt 0.500000 0.500000
vt 0.500000 0.500000
vt 0.500000 0.500000
vt 0.500000 0.500000
vt 0.500000 0.500000
vt 0.500000 0.500000
vt 0.500000 0.500000
vt 0.500000 0.500000
vt 0.500000 0.500000
vt 0.500000 0.500000
vt 0.500000 0.500000
vt 0.500000 0.500000
vt 0.500000 0.500000
vt 0.500000 0.500000
vt 0.500000 0.500000
vt 0.500000 0.500000
vt 0.500000 0.500000
vt 0.500000 0.500000
vt 0.500000 0.500000
vt 0.500000 0.500000
vt 0.500000 0.500000
vt 0.500000 0.500000
vt 0.500000 0.500000
vt 0.500000 0.500000
vt 0.500000 0.500000
vt 0.500000 0.500000
vt 0.500000 0.500000
vt 0.500000 0.500000
vt 0.500000 0.500000
vt 0.500000 0.500000
vt 0.500000 0.500000
vt 0.500000 0.500000
vt 0.500000 0.500000
vt 0.500000 0.500000
vt 0.500000 0.500000
vt 0.500000 0.500000
vt 0.500000 0.500000
vt 0.500000 0.500000
vt 0.500000 0.500000
vt 0.500000 0.500000
vt 0.500000 0.500000
vt 0.500000 0.500000
vt 0.500000 0.500000
vt 0.500000 0.500000
vt 0.500000 0.500000
vt 0.500000 0.500000
vt 0.500000 0.500000
vt 0.500000 0.500000
vt 0.500000 0.500000
vt 0.500000 0.500000
vt 0.500000 0.500000
vt 0.500000 0.500000
vt 0.500000 0.500000
vt 0.500000 0.500000
vt 0.500000 0.500000
vt 0.500000 0.500000
vt 0.500000 0.500000
vt 0.500000 0.500000
vt 0.500000 0.500000
vt 0.500000 0.500000
vt 0.500000 0.500000
vt 0.500000 0.500000
vt 0.500000 0.500000
vt 0.500000 0.500000
vt 0.500000 0.500000
vt 0.500000 0.500000
vt 0.500000 0.500000
vt 0.500000 0.500000
vt 0.500000 0.500000
vt 0.500000 0.500000
vt 0.500000 0.500000
vt 0.500000 0.500000
vt 0.500000 0.500000
vt 0.500000 0.500000
vt 0.500000 0.500000
vt 0.500000 0.500000
vt 0.500000 0.500000
vt 0.500000 0.500000
vt 0.500000 0.500000
vt 0.500000 0.500000
vt 0.500000 0.500000
vt 0.500000 0.500000
vt 0.500000 0.500000
vt 0.500000 0.500000
vt 0.500000 0.500000
vt 0.500000 0.500000
vt 0.500000 0.500000
vt 0.500000 0.500000
vt 0.500000 0.500000
vt 0.500000 0.500000
vt 0.500000 0.500000
vt 0.500000 0.500000
vt 0.500000 0.500000
vt 0.500000 0.500000
vt 0.500000 0.500000
vt 0.500000 0.500000
vt 0.500000 0.500000
vt 0.500000 0.500000
vt 0.500000 0.500000
vt 0.500000 0.500000
vt 0.500000 0.500000
vt 0.500000 0.500000
vt 0.500000 0.500000
vt 0.500000 0.500000
vt 0.500000 0.500000
vt 0.500000 0.500000
vt 0.500000 0.500000
vt 0.500000 0.500000
vt 0.500000 0.500000
vt 0.500000 0.500000
vt 0.500000 0.500000
vt 0.500000 0.500000
vt 0.500000 0.500000
vt 0.500000 0.500000
vt 0.500000 0.500000
vt 0.500000 0.500000
vt 0.500000 0.500000
vt 0.500000 0.500000
vt 0.500000 0.500000
vt 0.500000 0.500000
vt 0.500000 0.500000
vt 0.500000 0.500000
vt 0.500000 0.500000
vt 0.500000 0.500000
vt 0.500000 0.500000
vt 0.500000 0.500000
vt 0.500000 0.500000
vt 0.500000 0.500000
vt 0.500000 0.500000
vt 0.500000 0.500000
vt 0.500000 0.500000
vt 0.500000 0.500000
vt 0.500000 0.500000
vt 0.500000 0.500000
vt 0.500000 0.500000
vt 0.500000 0.500000
vt 0.500000 0.500000
vt 0.500000 0.500000
vt 0.500000 0.500000
vt 0.500000 0.500000
vt 0.500000 0.500000
vt 0.500000 0.500000
vt 0.500000 0.500000
vt 0.500000 0.500000
vt 0.500000 0.500000
vt 0.500000 0.500000
vt 0.500000 0.500000
vt 0.500000 0.500000
vt 0.500000 0.500000
vt 0.500000 0.500000
vt 0.500000 0.500000
vt 0.500000 0.500000
vt 0.500000 0.500000
vt 0.500000 0.500000
vt 0.500000 0.500000
vt 0.500000 0.500000
vt 0.500000 0.500000
vt 0.500000 0.500000
vt 0.500000 0.500000
vt 0.500000 0.500000
vt 0.500000 0.500000
vt 0.500000 0.500000
vt 0.500000 0.500000
vt 0.500000 0.500000
vt 0.500000 0.500000
vt 0.500000 0.500000
vt 0.500000 0.500000
vt 0.500000 0.500000
vt 0.500000 0.500000
vt 0.500000 0.500000
vt 0.500000 0.500000
vt 0.500000 0.500000
vt 0.500000 0.500000
vt 0.500000 0.500000
vt 0.500000 0.500000
vt 0.500000 0.500000
vt 0.500000 0.500000
vt 0.500000 0.500000
vt 0.500000 0.500000
vt 0.500000 0.500000
vt 0.500000 0.500000
vt 0.500000 0.500000
vt 0.500000 0.500000
vt 0.500000 0.500000
vt 0.500000 0.500000
vt 0.500000 0.500000
vt 0.500000 0.500000
vt 0.500000 0.500000
vt 0.500000 0.500000
vt 0.500000 0.500000
vt 0.500000 0.500000
vt 0.500000 0.500000
vt 0.500000 0.500000
vt 0.500000 0.500000
vt 0.500000 0.500000
vt 0.500000 0.500000
vt 0.500000 0.500000
vt 0.500000 0.500000
vt 0.500000 0.500000
vt 0.500000 0.500000
vt 0.500000 0.500000
vt 0.500000 0.500000
vt 0.500000 0.500000
vt 0.500000 0.500000
vt 0.500000 0.500000
vt 0.500000 0.500000
vt 0.500000 0.500000
vt 0.500000 0.500000
vt 0.500000 0.500000
vt 0.500000 0.500000
vt 0.500000 0.500000
vt 0.500000 0.500000
vt 0.500000 0.500000
vt 0.500000 0.500000
vt 0.500000 0.500000
vt 0.500000 0.500000
vt 0.500000 0.500000
vt 0.500000 0.500000
vt 0.500000 0.500000
vt 0.500000 0.500000
vt 0.500000 0.500000
vt 0.500000 0.500000
vt 0.500000 0.500000
vt 0.500000 0.500000
vt 0.500000 0.500000
vt 0.500000 0.500000
vt 0.500000 0.500000
vt 0.500000 0.500000
vt 0.500000 0.500000
vt 0.500000 0.500000
vt 0.500000 0.500000
vt 0.500000 0.500000
vt 0.500000 0.500000
vt 0.500000 0.500000
vt 0.500000 0.500000
vt 0.500000 0.500000
vt 0.500000 0.500000
vt 0.500000 0.500000
vt 0.500000 0.500000
vt 0.500000 0.500000
vt 0.500000 0.500000
vt 0.500000 0.500000
vt 0.500000 0.500000
vt 0.500000 0.500000
vt 0.500000 0.500000
vt 0.500000 0.500000
vt 0.500000 0.500000
vt 0.500000 0.500000
vt 0.500000 0.500000
vt 0.500000 0.500000
vt 0.500000 0.500000
vt 0.500000 0.500000
vt 0.500000 0.500000
vt 0.500000 0.500000
vt 0.500000 0.500000
vt 0.500000 0.500000
vt 0.500000 0.500000
vt 0.500000 0.500000
vt 0.500000 0.500000
vt 0.500000 0.500000
vt 0.500000 0.500000
vt 0.500000 0.500000
vt 0.500000 0.500000
vt 0.500000 0.500000
vt 0.500000 0.500000
vt 0.500000 0.500000
vt 0.500000 0.500000
vt 0.500000 0.500000
vt 0.500000 0.500000
vt 0.500000 0.500000
vt 0.500000 0.500000
vt 0.500000 0.500000
vt 0.500000 0.500000
vt 0.500000 0.500000
vt 0.500000 0.500000
vt 0.500000 0.500000
vt 0.500000 0.500000
vt 0.500000 0.500000
vt 0.500000 0.500000
vt 0.500000 0.500000
vt 0.500000 0.500000
vt 0.500000 0.500000
vt 0.500000 0.500000
vt 0.500000 0.500000
vt 0.500000 0.500000
vt 0.500000 0.500000
vt 0.500000 0.500000
vt 0.500000 0.500000
vt 0.500000 0.500000
vt 0.500000 0.500000
vt 0.500000 0.500000
vt 0.500000 0.500000
vt 0.500000 0.500000
vt 0.500000 0.500000
vt 0.500000 0.500000
vt 0.500000 0.500000
vt 0.500000 0.500000
vt 0.500000 0.500000
vt 0.500000 0.500000
vt 0.500000 0.500000
vt 0.500000 0.500000
vt 0.500000 0.500000
vt 0.500000 0.500000
vt 0.500000 0.500000
vt 0.500000 0.500000
vt 0.500000 0.500000
vt 0.500000 0.500000
vt 0.500000 0.500000
vt 0.500000 0.500000
vt 0.500000 0.500000
vt 0.500000 0.500000
vt 0.500000 0.500000
vt 0.500000 0.500000
vt 0.500000 0.500000
vt 0.500000 0.500000
vt 0.500000 0.500000
vt 0.500000 0.500000
vt 0.500000 0.500000
vt 0.500000 0.500000
vt 0.500000 0.500000
vt 0.500000 0.500000
vt 0.500000 0.500000
vt 0.500000 0.500000
vt 0.500000 0.500000
vt 0.500000 0.500000
vt 0.500000 0.500000
vt 0.500000 0.500000
vt 0.500000 0.500000
vt 0.500000 0.500000
vt 0.500000 0.500000
vt 0.500000 0.500000
vt 0.500000 0.500000
vt 0.500000 0.500000
vt 0.500000 0.500000
vt 0.500000 0.500000
vt 0.500000 0.500000
vt 0.500000 0.500000
vt 0.500000 0.500000
vt 0.500000 0.500000
vt 0.500000 0.500000
vt 0.500000 0.500000
vt 0.500000 0.500000
vt 0.500000 0.500000
vt 0.500000 0.500000
vt 0.500000 0.500000
vt 0.500000 0.500000
vt 0.500000 0.500000
vt 0.500000 0.500000
vt 0.500000 0.500000
vt 0.500000 0.500000
vt 0.500000 0.500000
vt 0.500000 0.500000
vt 0.500000 0.500000
vt 0.500000 0.500000
vt 0.500000 0.500000
vt 0.500000 0.500000
vt 0.500000 0.500000
vt 0.500000 0.500000
vt 0.500000 0.500000
vt 0.500000 0.500000
vt 0.500000 0.500000
vt 0.500000 0.500000
vt 0.500000 0.500000
vt 0.500000 0.500000
vt 0.500000 0.500000
vt 0.500000 0.500000
vt 0.500000 0.500000
vt 0.500000 0.500000
vt 0.500000 0.500000
vt 0.500000 0.500000
vt 0.500000 0.500000
vt 0.500000 0.500000
vt 0.500000 0.500000
vt 0.500000 0.500000
vt 0.500000 0.500000
vt 0.500000 0.500000
vt 0.500000 0.500000
vt 0.500000 0.500000
vt 0.500000 0.500000
vt 0.500000 0.500000
vt 0.500000 0.500000
vt 0.500000 0.500000
vt 0.500000 0.500000
vt 0.500000 0.500000
vt 0.500000 0.500000
vt 0.500000 0.500000
vt 0.500000 0.500000
vt 0.500000 0.500000
vt 0.500000 0.500000
vt 0.500000 0.500000
vt 0.500000 0.500000
vt 0.500000 0.500000
vt 0.500000 0.500000
vt 0.500000 0.500000
vt 0.500000 0.500000
vt 0.500000 0.500000
vt 0.500000 0.500000
vt 0.500000 0.500000
vt 0.500000 0.500000
vt 0.500000 0.500000
vt 0.500000 0.500000
vt 0.500000 0.500000
vt 0.500000 0.500000
vt 0.500000 0.500000
vt 0.500000 0.500000
vt 0.500000 0.500000
vt 0.500000 0.500000
vt 0.500000 0.500000
vt 0.500000 0.500000
vt 0.500000 0.500000
vt 0.500000 0.500000
vt 0.500000 0.500000
vt 0.500000 0.500000
vt 0.500000 0.500000
vt 0.500000 0.500000
vt 0.500000 0.500000
vt 0.500000 0.500000
vt 0.500000 0.500000
vt 0.500000 0.500000
vt 0.500000 0.500000
vt 0.500000 0.500000
vt 0.500000 0.500000
vt 0.500000 0.500000
vt 0.500000 0.500000
vt 0.500000 0.500000
vt 0.500000 0.500000
vt 0.500000 0.500000
vt 0.500000 0.500000
vt 0.500000 0.500000
vt 0.500000 0.500000
vt 0.500000 0.500000
vt 0.500000 0.500000
vt 0.500000 0.500000
vt 0.500000 0.500000
vt 0.500000 0.500000
vt 0.500000 0.500000
vt 0.500000 0.500000
vt 0.500000 0.500000
vt 0.500000 0.500000
vt 0.500000 0.500000
vt 0.500000 0.500000
vt 0.500000 0.500000
vt 0.500000 0.500000
vt 0.500000 0.500000
vt 0.500000 0.500000
vt 0.500000 0.500000
vt 0.500000 0.500000
vt 0.500000 0.500000
s 1
usemtl Black_Plastic
f 5329/5585/1056 5345/5601/1057 5349/5605/1058 5337/5593/1059
f 5317/5573/1060 5345/5601/1057 5329/5585/1056 5292/5548/1061
f 5269/5525/1062 5340/5596/1063 5348/5604/1064 5344/5600/1065 5316/5572/1066 5305/5561/1067
f 5282/5538/1068 5293/5549/1069 5328/5584/1070 5336/5592/1071 5332/5588/1072 5258/5514/1073
f 5306/5562/1074 5318/5574/1075 5294/5550/1076 5281/5537/1077
f 5337/5593/1059 5349/5605/1058 5341/5597/1078 5333/5589/1079
f 5256/5512/1080 5333/5589/1079 5341/5597/1078 5268/5524/1081
f 5256/5512/1080 5259/5515/1082 5261/5517/1083 5260/5516/1084
f 5259/5515/1082 5263/5519/1085 5264/5520/1086 5261/5517/1083
f 5257/5513/1087 5262/5518/1088 5264/5520/1086 5263/5519/1085
f 5262/5518/1088 5266/5522/1089 5267/5523/1090 5264/5520/1086
f 5258/5514/1073 5265/5521/1091 5267/5523/1090 5266/5522/1089
f 5265/5521/1091 5260/5516/1084 5261/5517/1083 5267/5523/1090
f 5261/5517/1083 5264/5520/1086 5267/5523/1090
f 5268/5524/1081 5271/5527/1092 5273/5529/1093 5272/5528/1094
f 5271/5527/1092 5275/5531/1095 5276/5532/1096 5273/5529/1093
f 5269/5525/1062 5274/5530/1097 5276/5532/1096 5275/5531/1095
f 5274/5530/1097 5278/5534/1098 5279/5535/1099 5276/5532/1096
f 5270/5526/1100 5277/5533/1101 5279/5535/1099 5278/5534/1098
f 5277/5533/1101 5272/5528/1094 5273/5529/1093 5279/5535/1099
f 5273/5529/1093 5276/5532/1096 5279/5535/1099
f 5280/5536/1102 5283/5539/1103 5285/5541/1104 5284/5540/1105
f 5283/5539/1103 5287/5543/1106 5288/5544/1107 5285/5541/1104
f 5281/5537/1077 5286/5542/1108 5288/5544/1107 5287/5543/1106
f 5286/5542/1108 5290/5546/1109 5291/5547/1110 5288/5544/1107
f 5282/5538/1068 5289/5545/1111 5291/5547/1110 5290/5546/1109
f 5289/5545/1111 5284/5540/1105 5285/5541/1104 5291/5547/1110
f 5285/5541/1104 5288/5544/1107 5291/5547/1110
f 5292/5548/1061 5295/5551/1112 5297/5553/1113 5296/5552/1114
f 5295/5551/1112 5299/5555/1115 5300/5556/1116 5297/5553/1113
f 5293/5549/1069 5298/5554/1117 5300/5556/1116 5299/5555/1115
f 5298/5554/1117 5302/5558/1118 5303/5559/1119 5300/5556/1116
f 5294/5550/1076 5301/5557/1120 5303/5559/1119 5302/5558/1118
f 5301/5557/1120 5296/5552/1114 5297/5553/1113 5303/5559/1119
f 5297/5553/1113 5300/5556/1116 5303/5559/1119
f 5304/5560/1121 5307/5563/1122 5309/5565/1123 5308/5564/1124
f 5307/5563/1122 5311/5567/1125 5312/5568/1126 5309/5565/1123
f 5305/5561/1067 5310/5566/1127 5312/5568/1126 5311/5567/1125
f 5310/5566/1127 5314/5570/1128 5315/5571/1129 5312/5568/1126
f 5306/5562/1074 5313/5569/1130 5315/5571/1129 5314/5570/1128
f 5313/5569/1130 5308/5564/1124 5309/5565/1123 5315/5571/1129
f 5309/5565/1123 5312/5568/1126 5315/5571/1129
f 5316/5572/1066 5319/5575/1131 5321/5577/1132 5320/5576/1133
f 5319/5575/1131 5323/5579/1134 5324/5580/1135 5321/5577/1132
f 5317/5573/1060 5322/5578/1136 5324/5580/1135 5323/5579/1134
f 5322/5578/1136 5326/5582/1137 5327/5583/1138 5324/5580/1135
f 5318/5574/1075 5325/5581/1139 5327/5583/1138 5326/5582/1137
f 5325/5581/1139 5320/5576/1133 5321/5577/1132 5327/5583/1138
f 5321/5577/1132 5324/5580/1135 5327/5583/1138
f 5270/5526/1100 5257/5513/1087 5263/5519/1085 5277/5533/1101
f 5277/5533/1101 5263/5519/1085 5259/5515/1082 5272/5528/1094
f 5272/5528/1094 5259/5515/1082 5256/5512/1080 5268/5524/1081
f 5304/5560/1121 5270/5526/1100 5278/5534/1098 5307/5563/1122
f 5307/5563/1122 5278/5534/1098 5274/5530/1097 5311/5567/1125
f 5311/5567/1125 5274/5530/1097 5269/5525/1062 5305/5561/1067
f 5318/5574/1075 5306/5562/1074 5314/5570/1128 5325/5581/1139
f 5325/5581/1139 5314/5570/1128 5310/5566/1127 5320/5576/1133
f 5320/5576/1133 5310/5566/1127 5305/5561/1067 5316/5572/1066
f 5280/5536/1102 5304/5560/1121 5308/5564/1124 5283/5539/1103
f 5283/5539/1103 5308/5564/1124 5313/5569/1130 5287/5543/1106
f 5287/5543/1106 5313/5569/1130 5306/5562/1074 5281/5537/1077
f 5317/5573/1060 5292/5548/1061 5296/5552/1114 5322/5578/1136
f 5322/5578/1136 5296/5552/1114 5301/5557/1120 5326/5582/1137
f 5326/5582/1137 5301/5557/1120 5294/5550/1076 5318/5574/1075
f 5293/5549/1069 5282/5538/1068 5290/5546/1109 5298/5554/1117
f 5298/5554/1117 5290/5546/1109 5286/5542/1108 5302/5558/1118
f 5302/5558/1118 5286/5542/1108 5281/5537/1077 5294/5550/1076
f 5257/5513/1087 5280/5536/1102 5284/5540/1105 5262/5518/1088
f 5262/5518/1088 5284/5540/1105 5289/5545/1111 5266/5522/1089
f 5266/5522/1089 5289/5545/1111 5282/5538/1068 5258/5514/1073
f 5336/5592/1071 5328/5584/1070 5330/5586/1140 5338/5594/1141
f 5338/5594/1141 5330/5586/1140 5331/5587/1142 5339/5595/1143
f 5339/5595/1143 5331/5587/1142 5329/5585/1056 5337/5593/1059
f 5344/5600/1065 5348/5604/1064 5350/5606/1144 5346/5602/1145
f 5346/5602/1145 5350/5606/1144 5351/5607/1146 5347/5603/1147
f 5347/5603/1147 5351/5607/1146 5349/5605/1058 5345/5601/1057
f 5332/5588/1072 5336/5592/1071 5338/5594/1141 5334/5590/1148
f 5334/5590/1148 5338/5594/1141 5339/5595/1143 5335/5591/1149
f 5335/5591/1149 5339/5595/1143 5337/5593/1059 5333/5589/1079
f 5348/5604/1064 5340/5596/1063 5342/5598/1150 5350/5606/1144
f 5350/5606/1144 5342/5598/1150 5343/5599/1151 5351/5607/1146
f 5351/5607/1146 5343/5599/1151 5341/5597/1078 5349/5605/1058
f 5292/5548/1061 5329/5585/1056 5331/5587/1142 5295/5551/1112
f 5295/5551/1112 5331/5587/1142 5330/5586/1140 5299/5555/1115
f 5299/5555/1115 5330/5586/1140 5328/5584/1070 5293/5549/1069
f 5333/5589/1079 5256/5512/1080 5260/5516/1084 5335/5591/1149
f 5335/5591/1149 5260/5516/1084 5265/5521/1091 5334/5590/1148
f 5334/5590/1148 5265/5521/1091 5258/5514/1073 5332/5588/1072
f 5340/5596/1063 5269/5525/1062 5275/5531/1095 5342/5598/1150
f 5342/5598/1150 5275/5531/1095 5271/5527/1092 5343/5599/1151
f 5343/5599/1151 5271/5527/1092 5268/5524/1081 5341/5597/1078
f 5316/5572/1066 5344/5600/1065 5346/5602/1145 5319/5575/1131
f 5319/5575/1131 5346/5602/1145 5347/5603/1147 5323/5579/1134
f 5323/5579/1134 5347/5603/1147 5345/5601/1057 5317/5573/1060
f 5270/5526/1100 5304/5560/1121 5280/5536/1102 5257/5513/1087
f 5425/5681/1056 5441/5697/1057 5445/5701/1058 5433/5689/1059
f 5413/5669/1060 5441/5697/1057 5425/5681/1056 5388/5644/1061
f 5365/5621/1062 5436/5692/1063 5444/5700/1064 5440/5696/1065 5412/5668/1066 5401/5657/1067
f 5378/5634/1068 5389/5645/1069 5424/5680/1070 5432/5688/1071 5428/5684/1072 5354/5610/1073
f 5402/5658/1074 5414/5670/1075 5390/5646/1076 5377/5633/1077
f 5433/5689/1059 5445/5701/1058 5437/5693/1078 5429/5685/1079
f 5352/5608/1080 5429/5685/1079 5437/5693/1078 5364/5620/1081
f 5352/5608/1080 5355/5611/1082 5357/5613/1083 5356/5612/1084
f 5355/5611/1082 5359/5615/1085 5360/5616/1086 5357/5613/1083
f 5353/5609/1087 5358/5614/1088 5360/5616/1086 5359/5615/1085
f 5358/5614/1088 5362/5618/1089 5363/5619/1090 5360/5616/1086
f 5354/5610/1073 5361/5617/1091 5363/5619/1090 5362/5618/1089
f 5361/5617/1091 5356/5612/1084 5357/5613/1083 5363/5619/1090
f 5357/5613/1083 5360/5616/1086 5363/5619/1090
f 5364/5620/1081 5367/5623/1092 5369/5625/1093 5368/5624/1094
f 5367/5623/1092 5371/5627/1095 5372/5628/1096 5369/5625/1093
f 5365/5621/1062 5370/5626/1097 5372/5628/1096 5371/5627/1095
f 5370/5626/1097 5374/5630/1098 5375/5631/1099 5372/5628/1096
f 5366/5622/1100 5373/5629/1101 5375/5631/1099 5374/5630/1098
f 5373/5629/1101 5368/5624/1094 5369/5625/1093 5375/5631/1099
f 5369/5625/1093 5372/5628/1096 5375/5631/1099
f 5376/5632/1102 5379/5635/1103 5381/5637/1104 5380/5636/1105
f 5379/5635/1103 5383/5639/1106 5384/5640/1107 5381/5637/1104
f 5377/5633/1077 5382/5638/1108 5384/5640/1107 5383/5639/1106
f 5382/5638/1108 5386/5642/1109 5387/5643/1110 5384/5640/1107
f 5378/5634/1068 5385/5641/1111 5387/5643/1110 5386/5642/1109
f 5385/5641/1111 5380/5636/1105 5381/5637/1104 5387/5643/1110
f 5381/5637/1104 5384/5640/1107 5387/5643/1110
f 5388/5644/1061 5391/5647/1112 5393/5649/1113 5392/5648/1114
f 5391/5647/1112 5395/5651/1115 5396/5652/1116 5393/5649/1113
f 5389/5645/1069 5394/5650/1117 5396/5652/1116 5395/5651/1115
f 5394/5650/1117 5398/5654/1118 5399/5655/1119 5396/5652/1116
f 5390/5646/1076 5397/5653/1120 5399/5655/1119 5398/5654/1118
f 5397/5653/1120 5392/5648/1114 5393/5649/1113 5399/5655/1119
f 5393/5649/1113 5396/5652/1116 5399/5655/1119
f 5400/5656/1121 5403/5659/1122 5405/5661/1123 5404/5660/1124
f 5403/5659/1122 5407/5663/1125 5408/5664/1126 5405/5661/1123
f 5401/5657/1067 5406/5662/1127 5408/5664/1126 5407/5663/1125
f 5406/5662/1127 5410/5666/1128 5411/5667/1129 5408/5664/1126
f 5402/5658/1074 5409/5665/1130 5411/5667/1129 5410/5666/1128
f 5409/5665/1130 5404/5660/1124 5405/5661/1123 5411/5667/1129
f 5405/5661/1123 5408/5664/1126 5411/5667/1129
f 5412/5668/1066 5415/5671/1131 5417/5673/1132 5416/5672/1133
f 5415/5671/1131 5419/5675/1134 5420/5676/1135 5417/5673/1132
f 5413/5669/1060 5418/5674/1136 5420/5676/1135 5419/5675/1134
f 5418/5674/1136 5422/5678/1137 5423/5679/1138 5420/5676/1135
f 5414/5670/1075 5421/5677/1139 5423/5679/1138 5422/5678/1137
f 5421/5677/1139 5416/5672/1133 5417/5673/1132 5423/5679/1138
f 5417/5673/1132 5420/5676/1135 5423/5679/1138
f 5366/5622/1100 5353/5609/1087 5359/5615/1085 5373/5629/1101
f 5373/5629/1101 5359/5615/1085 5355/5611/1082 5368/5624/1094
f 5368/5624/1094 5355/5611/1082 5352/5608/1080 5364/5620/1081
f 5400/5656/1121 5366/5622/1100 5374/5630/1098 5403/5659/1122
f 5403/5659/1122 5374/5630/1098 5370/5626/1097 5407/5663/1125
f 5407/5663/1125 5370/5626/1097 5365/5621/1062 5401/5657/1067
f 5414/5670/1075 5402/5658/1074 5410/5666/1128 5421/5677/1139
f 5421/5677/1139 5410/5666/1128 5406/5662/1127 5416/5672/1133
f 5416/5672/1133 5406/5662/1127 5401/5657/1067 5412/5668/1066
f 5376/5632/1102 5400/5656/1121 5404/5660/1124 5379/5635/1103
f 5379/5635/1103 5404/5660/1124 5409/5665/1130 5383/5639/1106
f 5383/5639/1106 5409/5665/1130 5402/5658/1074 5377/5633/1077
f 5413/5669/1060 5388/5644/1061 5392/5648/1114 5418/5674/1136
f 5418/5674/1136 5392/5648/1114 5397/5653/1120 5422/5678/1137
f 5422/5678/1137 5397/5653/1120 5390/5646/1076 5414/5670/1075
f 5389/5645/1069 5378/5634/1068 5386/5642/1109 5394/5650/1117
f 5394/5650/1117 5386/5642/1109 5382/5638/1108 5398/5654/1118
f 5398/5654/1118 5382/5638/1108 5377/5633/1077 5390/5646/1076
f 5353/5609/1087 5376/5632/1102 5380/5636/1105 5358/5614/1088
f 5358/5614/1088 5380/5636/1105 5385/5641/1111 5362/5618/1089
f 5362/5618/1089 5385/5641/1111 5378/5634/1068 5354/5610/1073
f 5432/5688/1071 5424/5680/1070 5426/5682/1140 5434/5690/1141
f 5434/5690/1141 5426/5682/1140 5427/5683/1142 5435/5691/1143
f 5435/5691/1143 5427/5683/1142 5425/5681/1056 5433/5689/1059
f 5440/5696/1065 5444/5700/1064 5446/5702/1144 5442/5698/1145
f 5442/5698/1145 5446/5702/1144 5447/5703/1146 5443/5699/1147
f 5443/5699/1147 5447/5703/1146 5445/5701/1058 5441/5697/1057
f 5428/5684/1072 5432/5688/1071 5434/5690/1141 5430/5686/1148
f 5430/5686/1148 5434/5690/1141 5435/5691/1143 5431/5687/1149
f 5431/5687/1149 5435/5691/1143 5433/5689/1059 5429/5685/1079
f 5444/5700/1064 5436/5692/1063 5438/5694/1150 5446/5702/1144
f 5446/5702/1144 5438/5694/1150 5439/5695/1151 5447/5703/1146
f 5447/5703/1146 5439/5695/1151 5437/5693/1078 5445/5701/1058
f 5388/5644/1061 5425/5681/1056 5427/5683/1142 5391/5647/1112
f 5391/5647/1112 5427/5683/1142 5426/5682/1140 5395/5651/1115
f 5395/5651/1115 5426/5682/1140 5424/5680/1070 5389/5645/1069
f 5429/5685/1079 5352/5608/1080 5356/5612/1084 5431/5687/1149
f 5431/5687/1149 5356/5612/1084 5361/5617/1091 5430/5686/1148
f 5430/5686/1148 5361/5617/1091 5354/5610/1073 5428/5684/1072
f 5436/5692/1063 5365/5621/1062 5371/5627/1095 5438/5694/1150
f 5438/5694/1150 5371/5627/1095 5367/5623/1092 5439/5695/1151
f 5439/5695/1151 5367/5623/1092 5364/5620/1081 5437/5693/1078
f 5412/5668/1066 5440/5696/1065 5442/5698/1145 5415/5671/1131
f 5415/5671/1131 5442/5698/1145 5443/5699/1147 5419/5675/1134
f 5419/5675/1134 5443/5699/1147 5441/5697/1057 5413/5669/1060
f 5366/5622/1100 5400/5656/1121 5376/5632/1102 5353/5609/1087
f 5521/5777/1056 5537/5793/1057 5541/5797/1058 5529/5785/1059
f 5509/5765/1060 5537/5793/1057 5521/5777/1056 5484/5740/1061
f 5461/5717/1062 5532/5788/1063 5540/5796/1064 5536/5792/1065 5508/5764/1066 5497/5753/1067
f 5474/5730/1068 5485/5741/1069 5520/5776/1070 5528/5784/1071 5524/5780/1072 5450/5706/1073
f 5498/5754/1074 5510/5766/1075 5486/5742/1076 5473/5729/1077
f 5529/5785/1059 5541/5797/1058 5533/5789/1078 5525/5781/1079
f 5448/5704/1080 5525/5781/1079 5533/5789/1078 5460/5716/1081
f 5448/5704/1080 5451/5707/1082 5453/5709/1083 5452/5708/1084
f 5451/5707/1082 5455/5711/1085 5456/5712/1086 5453/5709/1083
f 5449/5705/1087 5454/5710/1088 5456/5712/1086 5455/5711/1085
f 5454/5710/1088 5458/5714/1089 5459/5715/1090 5456/5712/1086
f 5450/5706/1073 5457/5713/1091 5459/5715/1090 5458/5714/1089
f 5457/5713/1091 5452/5708/1084 5453/5709/1083 5459/5715/1090
f 5453/5709/1083 5456/5712/1086 5459/5715/1090
f 5460/5716/1081 5463/5719/1092 5465/5721/1093 5464/5720/1094
f 5463/5719/1092 5467/5723/1095 5468/5724/1096 5465/5721/1093
f 5461/5717/1062 5466/5722/1097 5468/5724/1096 5467/5723/1095
f 5466/5722/1097 5470/5726/1098 5471/5727/1099 5468/5724/1096
f 5462/5718/1100 5469/5725/1101 5471/5727/1099 5470/5726/1098
f 5469/5725/1101 5464/5720/1094 5465/5721/1093 5471/5727/1099
f 5465/5721/1093 5468/5724/1096 5471/5727/1099
f 5472/5728/1102 5475/5731/1103 5477/5733/1104 5476/5732/1105
f 5475/5731/1103 5479/5735/1106 5480/5736/1107 5477/5733/1104
f 5473/5729/1077 5478/5734/1108 5480/5736/1107 5479/5735/1106
f 5478/5734/1108 5482/5738/1109 5483/5739/1110 5480/5736/1107
f 5474/5730/1068 5481/5737/1111 5483/5739/1110 5482/5738/1109
f 5481/5737/1111 5476/5732/1105 5477/5733/1104 5483/5739/1110
f 5477/5733/1104 5480/5736/1107 5483/5739/1110
f 5484/5740/1061 5487/5743/1112 5489/5745/1113 5488/5744/1114
f 5487/5743/1112 5491/5747/1115 5492/5748/1116 5489/5745/1113
f 5485/5741/1069 5490/5746/1117 5492/5748/1116 5491/5747/1115
f 5490/5746/1117 5494/5750/1118 5495/5751/1119 5492/5748/1116
f 5486/5742/1076 5493/5749/1120 5495/5751/1119 5494/5750/1118
f 5493/5749/1120 5488/5744/1114 5489/5745/1113 5495/5751/1119
f 5489/5745/1113 5492/5748/1116 5495/5751/1119
f 5496/5752/1121 5499/5755/1122 5501/5757/1123 5500/5756/1124
f 5499/5755/1122 5503/5759/1125 5504/5760/1126 5501/5757/1123
f 5497/5753/1067 5502/5758/1127 5504/5760/1126 5503/5759/1125
f 5502/5758/1127 5506/5762/1128 5507/5763/1129 5504/5760/1126
f 5498/5754/1074 5505/5761/1130 5507/5763/1129 5506/5762/1128
f 5505/5761/1130 5500/5756/1124 5501/5757/1123 5507/5763/1129
f 5501/5757/1123 5504/5760/1126 5507/5763/1129
f 5508/5764/1066 5511/5767/1131 5513/5769/1132 5512/5768/1133
f 5511/5767/1131 5515/5771/1134 5516/5772/1135 5513/5769/1132
f 5509/5765/1060 5514/5770/1136 5516/5772/1135 5515/5771/1134
f 5514/5770/1136 5518/5774/1137 5519/5775/1152 5516/5772/1135
f 5510/5766/1075 5517/5773/1139 5519/5775/1152 5518/5774/1137
f 5517/5773/1139 5512/5768/1133 5513/5769/1132 5519/5775/1152
f 5513/5769/1132 5516/5772/1135 5519/5775/1152
f 5462/5718/1100 5449/5705/1087 5455/5711/1085 5469/5725/1101
f 5469/5725/1101 5455/5711/1085 5451/5707/1082 5464/5720/1094
f 5464/5720/1094 5451/5707/1082 5448/5704/1080 5460/5716/1081
f 5496/5752/1121 5462/5718/1100 5470/5726/1098 5499/5755/1122
f 5499/5755/1122 5470/5726/1098 5466/5722/1097 5503/5759/1125
f 5503/5759/1125 5466/5722/1097 5461/5717/1062 5497/5753/1067
f 5510/5766/1075 5498/5754/1074 5506/5762/1128 5517/5773/1139
f 5517/5773/1139 5506/5762/1128 5502/5758/1127 5512/5768/1133
f 5512/5768/1133 5502/5758/1127 5497/5753/1067 5508/5764/1066
f 5472/5728/1102 5496/5752/1121 5500/5756/1124 5475/5731/1103
f 5475/5731/1103 5500/5756/1124 5505/5761/1130 5479/5735/1106
f 5479/5735/1106 5505/5761/1130 5498/5754/1074 5473/5729/1077
f 5509/5765/1060 5484/5740/1061 5488/5744/1114 5514/5770/1136
f 5514/5770/1136 5488/5744/1114 5493/5749/1120 5518/5774/1137
f 5518/5774/1137 5493/5749/1120 5486/5742/1076 5510/5766/1075
f 5485/5741/1069 5474/5730/1068 5482/5738/1109 5490/5746/1117
f 5490/5746/1117 5482/5738/1109 5478/5734/1108 5494/5750/1118
f 5494/5750/1118 5478/5734/1108 5473/5729/1077 5486/5742/1076
f 5449/5705/1087 5472/5728/1102 5476/5732/1105 5454/5710/1088
f 5454/5710/1088 5476/5732/1105 5481/5737/1111 5458/5714/1089
f 5458/5714/1089 5481/5737/1111 5474/5730/1068 5450/5706/1073
f 5528/5784/1071 5520/5776/1070 5522/5778/1140 5530/5786/1141
f 5530/5786/1141 5522/5778/1140 5523/5779/1142 5531/5787/1143
f 5531/5787/1143 5523/5779/1142 5521/5777/1056 5529/5785/1059
f 5536/5792/1065 5540/5796/1064 5542/5798/1144 5538/5794/1145
f 5538/5794/1145 5542/5798/1144 5543/5799/1146 5539/5795/1147
f 5539/5795/1147 5543/5799/1146 5541/5797/1058 5537/5793/1057
f 5524/5780/1072 5528/5784/1071 5530/5786/1141 5526/5782/1148
f 5526/5782/1148 5530/5786/1141 5531/5787/1143 5527/5783/1149
f 5527/5783/1149 5531/5787/1143 5529/5785/1059 5525/5781/1079
f 5540/5796/1064 5532/5788/1063 5534/5790/1150 5542/5798/1144
f 5542/5798/1144 5534/5790/1150 5535/5791/1151 5543/5799/1146
f 5543/5799/1146 5535/5791/1151 5533/5789/1078 5541/5797/1058
f 5484/5740/1061 5521/5777/1056 5523/5779/1142 5487/5743/1112
f 5487/5743/1112 5523/5779/1142 5522/5778/1140 5491/5747/1115
f 5491/5747/1115 5522/5778/1140 5520/5776/1070 5485/5741/1069
f 5525/5781/1079 5448/5704/1080 5452/5708/1084 5527/5783/1149
f 5527/5783/1149 5452/5708/1084 5457/5713/1091 5526/5782/1148
f 5526/5782/1148 5457/5713/1091 5450/5706/1073 5524/5780/1072
f 5532/5788/1063 5461/5717/1062 5467/5723/1095 5534/5790/1150
f 5534/5790/1150 5467/5723/1095 5463/5719/1092 5535/5791/1151
f 5535/5791/1151 5463/5719/1092 5460/5716/1081 5533/5789/1078
f 5508/5764/1066 5536/5792/1065 5538/5794/1145 5511/5767/1131
f 5511/5767/1131 5538/5794/1145 5539/5795/1147 5515/5771/1134
f 5515/5771/1134 5539/5795/1147 5537/5793/1057 5509/5765/1060
f 5462/5718/1100 5496/5752/1121 5472/5728/1102 5449/5705/1087
f 5617/5873/1056 5633/5889/1057 5637/5893/1058 5625/5881/1059
f 5605/5861/1060 5633/5889/1057 5617/5873/1056 5580/5836/1061
f 5557/5813/1062 5628/5884/1063 5636/5892/1064 5632/5888/1065 5604/5860/1066 5593/5849/1067
f 5570/5826/1068 5581/5837/1069 5616/5872/1070 5624/5880/1071 5620/5876/1072 5546/5802/1073
f 5594/5850/1074 5606/5862/1075 5582/5838/1076 5569/5825/1077
f 5625/5881/1059 5637/5893/1058 5629/5885/1078 5621/5877/1079
f 5544/5800/1080 5621/5877/1079 5629/5885/1078 5556/5812/1081
f 5544/5800/1080 5547/5803/1082 5549/5805/1083 5548/5804/1084
f 5547/5803/1082 5551/5807/1085 5552/5808/1086 5549/5805/1083
f 5545/5801/1087 5550/5806/1088 5552/5808/1086 5551/5807/1085
f 5550/5806/1088 5554/5810/1089 5555/5811/1090 5552/5808/1086
f 5546/5802/1073 5553/5809/1091 5555/5811/1090 5554/5810/1089
f 5553/5809/1091 5548/5804/1084 5549/5805/1083 5555/5811/1090
f 5549/5805/1083 5552/5808/1086 5555/5811/1090
f 5556/5812/1081 5559/5815/1092 5561/5817/1093 5560/5816/1094
f 5559/5815/1092 5563/5819/1095 5564/5820/1096 5561/5817/1093
f 5557/5813/1062 5562/5818/1097 5564/5820/1096 5563/5819/1095
f 5562/5818/1097 5566/5822/1098 5567/5823/1099 5564/5820/1096
f 5558/5814/1100 5565/5821/1101 5567/5823/1099 5566/5822/1098
f 5565/5821/1101 5560/5816/1094 5561/5817/1093 5567/5823/1099
f 5561/5817/1093 5564/5820/1096 5567/5823/1099
f 5568/5824/1102 5571/5827/1103 5573/5829/1104 5572/5828/1105
f 5571/5827/1103 5575/5831/1106 5576/5832/1107 5573/5829/1104
f 5569/5825/1077 5574/5830/1108 5576/5832/1107 5575/5831/1106
f 5574/5830/1108 5578/5834/1109 5579/5835/1110 5576/5832/1107
f 5570/5826/1068 5577/5833/1111 5579/5835/1110 5578/5834/1109
f 5577/5833/1111 5572/5828/1105 5573/5829/1104 5579/5835/1110
f 5573/5829/1104 5576/5832/1107 5579/5835/1110
f 5580/5836/1061 5583/5839/1112 5585/5841/1113 5584/5840/1114
f 5583/5839/1112 5587/5843/1115 5588/5844/1116 5585/5841/1113
f 5581/5837/1069 5586/5842/1117 5588/5844/1116 5587/5843/1115
f 5586/5842/1117 5590/5846/1118 5591/5847/1119 5588/5844/1116
f 5582/5838/1076 5589/5845/1120 5591/5847/1119 5590/5846/1118
f 5589/5845/1120 5584/5840/1114 5585/5841/1113 5591/5847/1119
f 5585/5841/1113 5588/5844/1116 5591/5847/1119
f 5592/5848/1121 5595/5851/1122 5597/5853/1123 5596/5852/1124
f 5595/5851/1122 5599/5855/1125 5600/5856/1126 5597/5853/1123
f 5593/5849/1067 5598/5854/1127 5600/5856/1126 5599/5855/1125
f 5598/5854/1127 5602/5858/1128 5603/5859/1129 5600/5856/1126
f 5594/5850/1074 5601/5857/1130 5603/5859/1129 5602/5858/1128
f 5601/5857/1130 5596/5852/1124 5597/5853/1123 5603/5859/1129
f 5597/5853/1123 5600/5856/1126 5603/5859/1129
f 5604/5860/1066 5607/5863/1131 5609/5865/1153 5608/5864/1133
f 5607/5863/1131 5611/5867/1134 5612/5868/1135 5609/5865/1153
f 5605/5861/1060 5610/5866/1136 5612/5868/1135 5611/5867/1134
f 5610/5866/1136 5614/5870/1137 5615/5871/1138 5612/5868/1135
f 5606/5862/1075 5613/5869/1139 5615/5871/1138 5614/5870/1137
f 5613/5869/1139 5608/5864/1133 5609/5865/1153 5615/5871/1138
f 5609/5865/1153 5612/5868/1135 5615/5871/1138
f 5558/5814/1100 5545/5801/1087 5551/5807/1085 5565/5821/1101
f 5565/5821/1101 5551/5807/1085 5547/5803/1082 5560/5816/1094
f 5560/5816/1094 5547/5803/1082 5544/5800/1080 5556/5812/1081
f 5592/5848/1121 5558/5814/1100 5566/5822/1098 5595/5851/1122
f 5595/5851/1122 5566/5822/1098 5562/5818/1097 5599/5855/1125
f 5599/5855/1125 5562/5818/1097 5557/5813/1062 5593/5849/1067
f 5606/5862/1075 5594/5850/1074 5602/5858/1128 5613/5869/1139
f 5613/5869/1139 5602/5858/1128 5598/5854/1127 5608/5864/1133
f 5608/5864/1133 5598/5854/1127 5593/5849/1067 5604/5860/1066
f 5568/5824/1102 5592/5848/1121 5596/5852/1124 5571/5827/1103
f 5571/5827/1103 5596/5852/1124 5601/5857/1130 5575/5831/1106
f 5575/5831/1106 5601/5857/1130 5594/5850/1074 5569/5825/1077
f 5605/5861/1060 5580/5836/1061 5584/5840/1114 5610/5866/1136
f 5610/5866/1136 5584/5840/1114 5589/5845/1120 5614/5870/1137
f 5614/5870/1137 5589/5845/1120 5582/5838/1076 5606/5862/1075
f 5581/5837/1069 5570/5826/1068 5578/5834/1109 5586/5842/1117
f 5586/5842/1117 5578/5834/1109 5574/5830/1108 5590/5846/1118
f 5590/5846/1118 5574/5830/1108 5569/5825/1077 5582/5838/1076
f 5545/5801/1087 5568/5824/1102 5572/5828/1105 5550/5806/1088
f 5550/5806/1088 5572/5828/1105 5577/5833/1111 5554/5810/1089
f 5554/5810/1089 5577/5833/1111 5570/5826/1068 5546/5802/1073
f 5624/5880/1071 5616/5872/1070 5618/5874/1140 5626/5882/1141
f 5626/5882/1141 5618/5874/1140 5619/5875/1142 5627/5883/1143
f 5627/5883/1143 5619/5875/1142 5617/5873/1056 5625/5881/1059
f 5632/5888/1065 5636/5892/1064 5638/5894/1144 5634/5890/1145
f 5634/5890/1145 5638/5894/1144 5639/5895/1146 5635/5891/1147
f 5635/5891/1147 5639/5895/1146 5637/5893/1058 5633/5889/1057
f 5620/5876/1072 5624/5880/1071 5626/5882/1141 5622/5878/1148
f 5622/5878/1148 5626/5882/1141 5627/5883/1143 5623/5879/1149
f 5623/5879/1149 5627/5883/1143 5625/5881/1059 5621/5877/1079
f 5636/5892/1064 5628/5884/1063 5630/5886/1150 5638/5894/1144
f 5638/5894/1144 5630/5886/1150 5631/5887/1151 5639/5895/1146
f 5639/5895/1146 5631/5887/1151 5629/5885/1078 5637/5893/1058
f 5580/5836/1061 5617/5873/1056 5619/5875/1142 5583/5839/1112
f 5583/5839/1112 5619/5875/1142 5618/5874/1140 5587/5843/1115
f 5587/5843/1115 5618/5874/1140 5616/5872/1070 5581/5837/1069
f 5621/5877/1079 5544/5800/1080 5548/5804/1084 5623/5879/1149
f 5623/5879/1149 5548/5804/1084 5553/5809/1091 5622/5878/1148
f 5622/5878/1148 5553/5809/1091 5546/5802/1073 5620/5876/1072
f 5628/5884/1063 5557/5813/1062 5563/5819/1095 5630/5886/1150
f 5630/5886/1150 5563/5819/1095 5559/5815/1092 5631/5887/1151
f 5631/5887/1151 5559/5815/1092 5556/5812/1081 5629/5885/1078
f 5604/5860/1066 5632/5888/1065 5634/5890/1145 5607/5863/1131
f 5607/5863/1131 5634/5890/1145 5635/5891/1147 5611/5867/1134
f 5611/5867/1134 5635/5891/1147 5633/5889/1057 5605/5861/1060
f 5558/5814/1100 5592/5848/1121 5568/5824/1102 5545/5801/1087
f 5713/5969/1056 5729/5985/1057 5733/5989/1058 5721/5977/1059
f 5701/5957/1060 5729/5985/1057 5713/5969/1056 5676/5932/1061
f 5653/5909/1062 5724/5980/1063 5732/5988/1064 5728/5984/1065 5700/5956/1066 5689/5945/1067
f 5666/5922/1154 5677/5933/1069 5712/5968/1155 5720/5976/1071 5716/5972/1072 5642/5898/1073
f 5690/5946/1074 5702/5958/1075 5678/5934/1076 5665/5921/1077
f 5721/5977/1059 5733/5989/1058 5725/5981/1078 5717/5973/1079
f 5640/5896/1080 5717/5973/1079 5725/5981/1078 5652/5908/1081
f 5640/5896/1080 5643/5899/1082 5645/5901/1083 5644/5900/1084
f 5643/5899/1082 5647/5903/1085 5648/5904/1086 5645/5901/1083
f 5641/5897/1087 5646/5902/1088 5648/5904/1086 5647/5903/1085
f 5646/5902/1088 5650/5906/1089 5651/5907/1090 5648/5904/1086
f 5642/5898/1073 5649/5905/1091 5651/5907/1090 5650/5906/1089
f 5649/5905/1091 5644/5900/1084 5645/5901/1083 5651/5907/1090
f 5645/5901/1083 5648/5904/1086 5651/5907/1090
f 5652/5908/1081 5655/5911/1092 5657/5913/1093 5656/5912/1094
f 5655/5911/1092 5659/5915/1095 5660/5916/1096 5657/5913/1093
f 5653/5909/1062 5658/5914/1097 5660/5916/1096 5659/5915/1095
f 5658/5914/1097 5662/5918/1098 5663/5919/1099 5660/5916/1096
f 5654/5910/1100 5661/5917/1101 5663/5919/1099 5662/5918/1098
f 5661/5917/1101 5656/5912/1094 5657/5913/1093 5663/5919/1099
f 5657/5913/1093 5660/5916/1096 5663/5919/1099
f 5664/5920/1102 5667/5923/1103 5669/5925/1104 5668/5924/1105
f 5667/5923/1103 5671/5927/1106 5672/5928/1107 5669/5925/1104
f 5665/5921/1077 5670/5926/1108 5672/5928/1107 5671/5927/1106
f 5670/5926/1108 5674/5930/1109 5675/5931/1110 5672/5928/1107
f 5666/5922/1154 5673/5929/1111 5675/5931/1110 5674/5930/1109
f 5673/5929/1111 5668/5924/1105 5669/5925/1104 5675/5931/1110
f 5669/5925/1104 5672/5928/1107 5675/5931/1110
f 5676/5932/1061 5679/5935/1112 5681/5937/1113 5680/5936/1156
f 5679/5935/1112 5683/5939/1115 5684/5940/1116 5681/5937/1113
f 5677/5933/1069 5682/5938/1117 5684/5940/1116 5683/5939/1115
f 5682/5938/1117 5686/5942/1118 5687/5943/1119 5684/5940/1116
f 5678/5934/1076 5685/5941/1120 5687/5943/1119 5686/5942/1118
f 5685/5941/1120 5680/5936/1156 5681/5937/1113 5687/5943/1119
f 5681/5937/1113 5684/5940/1116 5687/5943/1119
f 5688/5944/1121 5691/5947/1122 5693/5949/1123 5692/5948/1124
f 5691/5947/1122 5695/5951/1125 5696/5952/1126 5693/5949/1123
f 5689/5945/1067 5694/5950/1127 5696/5952/1126 5695/5951/1125
f 5694/5950/1127 5698/5954/1128 5699/5955/1129 5696/5952/1126
f 5690/5946/1074 5697/5953/1130 5699/5955/1129 5698/5954/1128
f 5697/5953/1130 5692/5948/1124 5693/5949/1123 5699/5955/1129
f 5693/5949/1123 5696/5952/1126 5699/5955/1129
f 5700/5956/1066 5703/5959/1131 5705/5961/1132 5704/5960/1133
f 5703/5959/1131 5707/5963/1134 5708/5964/1135 5705/5961/1132
f 5701/5957/1060 5706/5962/1136 5708/5964/1135 5707/5963/1134
f 5706/5962/1136 5710/5966/1137 5711/5967/1138 5708/5964/1135
f 5702/5958/1075 5709/5965/1139 5711/5967/1138 5710/5966/1137
f 5709/5965/1139 5704/5960/1133 5705/5961/1132 5711/5967/1138
f 5705/5961/1132 5708/5964/1135 5711/5967/1138
f 5654/5910/1100 5641/5897/1087 5647/5903/1085 5661/5917/1101
f 5661/5917/1101 5647/5903/1085 5643/5899/1082 5656/5912/1094
f 5656/5912/1094 5643/5899/1082 5640/5896/1080 5652/5908/1081
f 5688/5944/1121 5654/5910/1100 5662/5918/1098 5691/5947/1122
f 5691/5947/1122 5662/5918/1098 5658/5914/1097 5695/5951/1125
f 5695/5951/1125 5658/5914/1097 5653/5909/1062 5689/5945/1067
f 5702/5958/1075 5690/5946/1074 5698/5954/1128 5709/5965/1139
f 5709/5965/1139 5698/5954/1128 5694/5950/1127 5704/5960/1133
f 5704/5960/1133 5694/5950/1127 5689/5945/1067 5700/5956/1066
f 5664/5920/1102 5688/5944/1121 5692/5948/1124 5667/5923/1103
f 5667/5923/1103 5692/5948/1124 5697/5953/1130 5671/5927/1106
f 5671/5927/1106 5697/5953/1130 5690/5946/1074 5665/5921/1077
f 5701/5957/1060 5676/5932/1061 5680/5936/1156 5706/5962/1136
f 5706/5962/1136 5680/5936/1156 5685/5941/1120 5710/5966/1137
f 5710/5966/1137 5685/5941/1120 5678/5934/1076 5702/5958/1075
f 5677/5933/1069 5666/5922/1154 5674/5930/1109 5682/5938/1117
f 5682/5938/1117 5674/5930/1109 5670/5926/1108 5686/5942/1118
f 5686/5942/1118 5670/5926/1108 5665/5921/1077 5678/5934/1076
f 5641/5897/1087 5664/5920/1102 5668/5924/1105 5646/5902/1088
f 5646/5902/1088 5668/5924/1105 5673/5929/1111 5650/5906/1089
f 5650/5906/1089 5673/5929/1111 5666/5922/1154 5642/5898/1073
f 5720/5976/1071 5712/5968/1155 5714/5970/1140 5722/5978/1141
f 5722/5978/1141 5714/5970/1140 5715/5971/1142 5723/5979/1143
f 5723/5979/1143 5715/5971/1142 5713/5969/1056 5721/5977/1059
f 5728/5984/1065 5732/5988/1064 5734/5990/1144 5730/5986/1157
f 5730/5986/1157 5734/5990/1144 5735/5991/1146 5731/5987/1147
f 5731/5987/1147 5735/5991/1146 5733/5989/1058 5729/5985/1057
f 5716/5972/1072 5720/5976/1071 5722/5978/1141 5718/5974/1148
f 5718/5974/1148 5722/5978/1141 5723/5979/1143 5719/5975/1149
f 5719/5975/1149 5723/5979/1143 5721/5977/1059 5717/5973/1079
f 5732/5988/1064 5724/5980/1063 5726/5982/1150 5734/5990/1144
f 5734/5990/1144 5726/5982/1150 5727/5983/1151 5735/5991/1146
f 5735/5991/1146 5727/5983/1151 5725/5981/1078 5733/5989/1058
f 5676/5932/1061 5713/5969/1056 5715/5971/1142 5679/5935/1112
f 5679/5935/1112 5715/5971/1142 5714/5970/1140 5683/5939/1115
f 5683/5939/1115 5714/5970/1140 5712/5968/1155 5677/5933/1069
f 5717/5973/1079 5640/5896/1080 5644/5900/1084 5719/5975/1149
f 5719/5975/1149 5644/5900/1084 5649/5905/1091 5718/5974/1148
f 5718/5974/1148 5649/5905/1091 5642/5898/1073 5716/5972/1072
f 5724/5980/1063 5653/5909/1062 5659/5915/1095 5726/5982/1150
f 5726/5982/1150 5659/5915/1095 5655/5911/1092 5727/5983/1151
f 5727/5983/1151 5655/5911/1092 5652/5908/1081 5725/5981/1078
f 5700/5956/1066 5728/5984/1065 5730/5986/1157 5703/5959/1131
f 5703/5959/1131 5730/5986/1157 5731/5987/1147 5707/5963/1134
f 5707/5963/1134 5731/5987/1147 5729/5985/1057 5701/5957/1060
f 5654/5910/1100 5688/5944/1121 5664/5920/1102 5641/5897/1087
f 5809/6065/1056 5825/6081/1057 5829/6085/1058 5817/6073/1059
f 5797/6053/1060 5825/6081/1057 5809/6065/1056 5772/6028/1061
f 5749/6005/1062 5820/6076/1063 5828/6084/1064 5824/6080/1065 5796/6052/1066 5785/6041/1067
f 5762/6018/1154 5773/6029/1069 5808/6064/1155 5816/6072/1071 5812/6068/1072 5738/5994/1073
f 5786/6042/1074 5798/6054/1075 5774/6030/1076 5761/6017/1077
f 5817/6073/1059 5829/6085/1058 5821/6077/1078 5813/6069/1079
f 5736/5992/1080 5813/6069/1079 5821/6077/1078 5748/6004/1081
f 5736/5992/1080 5739/5995/1082 5741/5997/1083 5740/5996/1084
f 5739/5995/1082 5743/5999/1158 5744/6000/1086 5741/5997/1083
f 5737/5993/1087 5742/5998/1088 5744/6000/1086 5743/5999/1158
f 5742/5998/1088 5746/6002/1089 5747/6003/1090 5744/6000/1086
f 5738/5994/1073 5745/6001/1091 5747/6003/1090 5746/6002/1089
f 5745/6001/1091 5740/5996/1084 5741/5997/1083 5747/6003/1090
f 5741/5997/1083 5744/6000/1086 5747/6003/1090
f 5748/6004/1081 5751/6007/1092 5753/6009/1093 5752/6008/1094
f 5751/6007/1092 5755/6011/1095 5756/6012/1096 5753/6009/1093
f 5749/6005/1062 5754/6010/1097 5756/6012/1096 5755/6011/1095
f 5754/6010/1097 5758/6014/1098 5759/6015/1099 5756/6012/1096
f 5750/6006/1100 5757/6013/1101 5759/6015/1099 5758/6014/1098
f 5757/6013/1101 5752/6008/1094 5753/6009/1093 5759/6015/1099
f 5753/6009/1093 5756/6012/1096 5759/6015/1099
f 5760/6016/1102 5763/6019/1103 5765/6021/1104 5764/6020/1105
f 5763/6019/1103 5767/6023/1106 5768/6024/1107 5765/6021/1104
f 5761/6017/1077 5766/6022/1108 5768/6024/1107 5767/6023/1106
f 5766/6022/1108 5770/6026/1109 5771/6027/1110 5768/6024/1107
f 5762/6018/1154 5769/6025/1111 5771/6027/1110 5770/6026/1109
f 5769/6025/1111 5764/6020/1105 5765/6021/1104 5771/6027/1110
f 5765/6021/1104 5768/6024/1107 5771/6027/1110
f 5772/6028/1061 5775/6031/1112 5777/6033/1113 5776/6032/1114
f 5775/6031/1112 5779/6035/1115 5780/6036/1159 5777/6033/1113
f 5773/6029/1069 5778/6034/1117 5780/6036/1159 5779/6035/1115
f 5778/6034/1117 5782/6038/1118 5783/6039/1119 5780/6036/1159
f 5774/6030/1076 5781/6037/1160 5783/6039/1119 5782/6038/1118
f 5781/6037/1160 5776/6032/1114 5777/6033/1113 5783/6039/1119
f 5777/6033/1113 5780/6036/1159 5783/6039/1119
f 5784/6040/1121 5787/6043/1122 5789/6045/1123 5788/6044/1124
f 5787/6043/1122 5791/6047/1125 5792/6048/1126 5789/6045/1123
f 5785/6041/1067 5790/6046/1127 5792/6048/1126 5791/6047/1125
f 5790/6046/1127 5794/6050/1128 5795/6051/1129 5792/6048/1126
f 5786/6042/1074 5793/6049/1130 5795/6051/1129 5794/6050/1128
f 5793/6049/1130 5788/6044/1124 5789/6045/1123 5795/6051/1129
f 5789/6045/1123 5792/6048/1126 5795/6051/1129
f 5796/6052/1066 5799/6055/1131 5801/6057/1132 5800/6056/1133
f 5799/6055/1131 5803/6059/1134 5804/6060/1135 5801/6057/1132
f 5797/6053/1060 5802/6058/1136 5804/6060/1135 5803/6059/1134
f 5802/6058/1136 5806/6062/1137 5807/6063/1138 5804/6060/1135
f 5798/6054/1075 5805/6061/1139 5807/6063/1138 5806/6062/1137
f 5805/6061/1139 5800/6056/1133 5801/6057/1132 5807/6063/1138
f 5801/6057/1132 5804/6060/1135 5807/6063/1138
f 5750/6006/1100 5737/5993/1087 5743/5999/1158 5757/6013/1101
f 5757/6013/1101 5743/5999/1158 5739/5995/1082 5752/6008/1094
f 5752/6008/1094 5739/5995/1082 5736/5992/1080 5748/6004/1081
f 5784/6040/1121 5750/6006/1100 5758/6014/1098 5787/6043/1122
f 5787/6043/1122 5758/6014/1098 5754/6010/1097 5791/6047/1125
f 5791/6047/1125 5754/6010/1097 5749/6005/1062 5785/6041/1067
f 5798/6054/1075 5786/6042/1074 5794/6050/1128 5805/6061/1139
f 5805/6061/1139 5794/6050/1128 5790/6046/1127 5800/6056/1133
f 5800/6056/1133 5790/6046/1127 5785/6041/1067 5796/6052/1066
f 5760/6016/1102 5784/6040/1121 5788/6044/1124 5763/6019/1103
f 5763/6019/1103 5788/6044/1124 5793/6049/1130 5767/6023/1106
f 5767/6023/1106 5793/6049/1130 5786/6042/1074 5761/6017/1077
f 5797/6053/1060 5772/6028/1061 5776/6032/1114 5802/6058/1136
f 5802/6058/1136 5776/6032/1114 5781/6037/1160 5806/6062/1137
f 5806/6062/1137 5781/6037/1160 5774/6030/1076 5798/6054/1075
f 5773/6029/1069 5762/6018/1154 5770/6026/1109 5778/6034/1117
f 5778/6034/1117 5770/6026/1109 5766/6022/1108 5782/6038/1118
f 5782/6038/1118 5766/6022/1108 5761/6017/1077 5774/6030/1076
f 5737/5993/1087 5760/6016/1102 5764/6020/1105 5742/5998/1088
f 5742/5998/1088 5764/6020/1105 5769/6025/1111 5746/6002/1089
f 5746/6002/1089 5769/6025/1111 5762/6018/1154 5738/5994/1073
f 5816/6072/1071 5808/6064/1155 5810/6066/1140 5818/6074/1141
f 5818/6074/1141 5810/6066/1140 5811/6067/1142 5819/6075/1143
f 5819/6075/1143 5811/6067/1142 5809/6065/1056 5817/6073/1059
f 5824/6080/1065 5828/6084/1064 5830/6086/1144 5826/6082/1145
f 5826/6082/1145 5830/6086/1144 5831/6087/1146 5827/6083/1147
f 5827/6083/1147 5831/6087/1146 5829/6085/1058 5825/6081/1057
f 5812/6068/1072 5816/6072/1071 5818/6074/1141 5814/6070/1148
f 5814/6070/1148 5818/6074/1141 5819/6075/1143 5815/6071/1149
f 5815/6071/1149 5819/6075/1143 5817/6073/1059 5813/6069/1079
f 5828/6084/1064 5820/6076/1063 5822/6078/1150 5830/6086/1144
f 5830/6086/1144 5822/6078/1150 5823/6079/1151 5831/6087/1146
f 5831/6087/1146 5823/6079/1151 5821/6077/1078 5829/6085/1058
f 5772/6028/1061 5809/6065/1056 5811/6067/1142 5775/6031/1112
f 5775/6031/1112 5811/6067/1142 5810/6066/1140 5779/6035/1115
f 5779/6035/1115 5810/6066/1140 5808/6064/1155 5773/6029/1069
f 5813/6069/1079 5736/5992/1080 5740/5996/1084 5815/6071/1149
f 5815/6071/1149 5740/5996/1084 5745/6001/1091 5814/6070/1148
f 5814/6070/1148 5745/6001/1091 5738/5994/1073 5812/6068/1072
f 5820/6076/1063 5749/6005/1062 5755/6011/1095 5822/6078/1150
f 5822/6078/1150 5755/6011/1095 5751/6007/1092 5823/6079/1151
f 5823/6079/1151 5751/6007/1092 5748/6004/1081 5821/6077/1078
f 5796/6052/1066 5824/6080/1065 5826/6082/1145 5799/6055/1131
f 5799/6055/1131 5826/6082/1145 5827/6083/1147 5803/6059/1134
f 5803/6059/1134 5827/6083/1147 5825/6081/1057 5797/6053/1060
f 5750/6006/1100 5784/6040/1121 5760/6016/1102 5737/5993/1087
f 5905/6161/1056 5921/6177/1057 5925/6181/1058 5913/6169/1059
f 5893/6149/1060 5921/6177/1057 5905/6161/1056 5868/6124/1061
f 5845/6101/1062 5916/6172/1063 5924/6180/1064 5920/6176/1065 5892/6148/1066 5881/6137/1067
f 5858/6114/1154 5869/6125/1069 5904/6160/1155 5912/6168/1071 5908/6164/1072 5834/6090/1073
f 5882/6138/1074 5894/6150/1075 5870/6126/1076 5857/6113/1077
f 5913/6169/1059 5925/6181/1058 5917/6173/1078 5909/6165/1079
f 5832/6088/1080 5909/6165/1079 5917/6173/1078 5844/6100/1081
f 5832/6088/1080 5835/6091/1082 5837/6093/1083 5836/6092/1084
f 5835/6091/1082 5839/6095/1085 5840/6096/1086 5837/6093/1083
f 5833/6089/1087 5838/6094/1088 5840/6096/1086 5839/6095/1085
f 5838/6094/1088 5842/6098/1089 5843/6099/1090 5840/6096/1086
f 5834/6090/1073 5841/6097/1091 5843/6099/1090 5842/6098/1089
f 5841/6097/1091 5836/6092/1084 5837/6093/1083 5843/6099/1090
f 5837/6093/1083 5840/6096/1086 5843/6099/1090
f 5844/6100/1081 5847/6103/1092 5849/6105/1093 5848/6104/1094
f 5847/6103/1092 5851/6107/1095 5852/6108/1096 5849/6105/1093
f 5845/6101/1062 5850/6106/1097 5852/6108/1096 5851/6107/1095
f 5850/6106/1097 5854/6110/1098 5855/6111/1099 5852/6108/1096
f 5846/6102/1100 5853/6109/1101 5855/6111/1099 5854/6110/1098
f 5853/6109/1101 5848/6104/1094 5849/6105/1093 5855/6111/1099
f 5849/6105/1093 5852/6108/1096 5855/6111/1099
f 5856/6112/1102 5859/6115/1103 5861/6117/1104 5860/6116/1105
f 5859/6115/1103 5863/6119/1106 5864/6120/1107 5861/6117/1104
f 5857/6113/1077 5862/6118/1108 5864/6120/1107 5863/6119/1106
f 5862/6118/1108 5866/6122/1109 5867/6123/1110 5864/6120/1107
f 5858/6114/1154 5865/6121/1111 5867/6123/1110 5866/6122/1109
f 5865/6121/1111 5860/6116/1105 5861/6117/1104 5867/6123/1110
f 5861/6117/1104 5864/6120/1107 5867/6123/1110
f 5868/6124/1061 5871/6127/1112 5873/6129/1113 5872/6128/1114
f 5871/6127/1112 5875/6131/1115 5876/6132/1159 5873/6129/1113
f 5869/6125/1069 5874/6130/1117 5876/6132/1159 5875/6131/1115
f 5874/6130/1117 5878/6134/1118 5879/6135/1119 5876/6132/1159
f 5870/6126/1076 5877/6133/1120 5879/6135/1119 5878/6134/1118
f 5877/6133/1120 5872/6128/1114 5873/6129/1113 5879/6135/1119
f 5873/6129/1113 5876/6132/1159 5879/6135/1119
f 5880/6136/1121 5883/6139/1122 5885/6141/1123 5884/6140/1124
f 5883/6139/1122 5887/6143/1125 5888/6144/1126 5885/6141/1123
f 5881/6137/1067 5886/6142/1127 5888/6144/1126 5887/6143/1125
f 5886/6142/1127 5890/6146/1128 5891/6147/1129 5888/6144/1126
f 5882/6138/1074 5889/6145/1130 5891/6147/1129 5890/6146/1128
f 5889/6145/1130 5884/6140/1124 5885/6141/1123 5891/6147/1129
f 5885/6141/1123 5888/6144/1126 5891/6147/1129
f 5892/6148/1066 5895/6151/1131 5897/6153/1132 5896/6152/1133
f 5895/6151/1131 5899/6155/1134 5900/6156/1135 5897/6153/1132
f 5893/6149/1060 5898/6154/1136 5900/6156/1135 5899/6155/1134
f 5898/6154/1136 5902/6158/1137 5903/6159/1138 5900/6156/1135
f 5894/6150/1075 5901/6157/1139 5903/6159/1138 5902/6158/1137
f 5901/6157/1139 5896/6152/1133 5897/6153/1132 5903/6159/1138
f 5897/6153/1132 5900/6156/1135 5903/6159/1138
f 5846/6102/1100 5833/6089/1087 5839/6095/1085 5853/6109/1101
f 5853/6109/1101 5839/6095/1085 5835/6091/1082 5848/6104/1094
f 5848/6104/1094 5835/6091/1082 5832/6088/1080 5844/6100/1081
f 5880/6136/1121 5846/6102/1100 5854/6110/1098 5883/6139/1122
f 5883/6139/1122 5854/6110/1098 5850/6106/1097 5887/6143/1125
f 5887/6143/1125 5850/6106/1097 5845/6101/1062 5881/6137/1067
f 5894/6150/1075 5882/6138/1074 5890/6146/1128 5901/6157/1139
f 5901/6157/1139 5890/6146/1128 5886/6142/1127 5896/6152/1133
f 5896/6152/1133 5886/6142/1127 5881/6137/1067 5892/6148/1066
f 5856/6112/1102 5880/6136/1121 5884/6140/1124 5859/6115/1103
f 5859/6115/1103 5884/6140/1124 5889/6145/1130 5863/6119/1106
f 5863/6119/1106 5889/6145/1130 5882/6138/1074 5857/6113/1077
f 5893/6149/1060 5868/6124/1061 5872/6128/1114 5898/6154/1136
f 5898/6154/1136 5872/6128/1114 5877/6133/1120 5902/6158/1137
f 5902/6158/1137 5877/6133/1120 5870/6126/1076 5894/6150/1075
f 5869/6125/1069 5858/6114/1154 5866/6122/1109 5874/6130/1117
f 5874/6130/1117 5866/6122/1109 5862/6118/1108 5878/6134/1118
f 5878/6134/1118 5862/6118/1108 5857/6113/1077 5870/6126/1076
f 5833/6089/1087 5856/6112/1102 5860/6116/1105 5838/6094/1088
f 5838/6094/1088 5860/6116/1105 5865/6121/1111 5842/6098/1089
f 5842/6098/1089 5865/6121/1111 5858/6114/1154 5834/6090/1073
f 5912/6168/1071 5904/6160/1155 5906/6162/1140 5914/6170/1141
f 5914/6170/1141 5906/6162/1140 5907/6163/1142 5915/6171/1143
f 5915/6171/1143 5907/6163/1142 5905/6161/1056 5913/6169/1059
f 5920/6176/1065 5924/6180/1064 5926/6182/1144 5922/6178/1145
f 5922/6178/1145 5926/6182/1144 5927/6183/1146 5923/6179/1147
f 5923/6179/1147 5927/6183/1146 5925/6181/1058 5921/6177/1057
f 5908/6164/1072 5912/6168/1071 5914/6170/1141 5910/6166/1148
f 5910/6166/1148 5914/6170/1141 5915/6171/1143 5911/6167/1149
f 5911/6167/1149 5915/6171/1143 5913/6169/1059 5909/6165/1079
f 5924/6180/1064 5916/6172/1063 5918/6174/1150 5926/6182/1144
f 5926/6182/1144 5918/6174/1150 5919/6175/1151 5927/6183/1146
f 5927/6183/1146 5919/6175/1151 5917/6173/1078 5925/6181/1058
f 5868/6124/1061 5905/6161/1056 5907/6163/1142 5871/6127/1112
f 5871/6127/1112 5907/6163/1142 5906/6162/1140 5875/6131/1115
f 5875/6131/1115 5906/6162/1140 5904/6160/1155 5869/6125/1069
f 5909/6165/1079 5832/6088/1080 5836/6092/1084 5911/6167/1149
f 5911/6167/1149 5836/6092/1084 5841/6097/1091 5910/6166/1148
f 5910/6166/1148 5841/6097/1091 5834/6090/1073 5908/6164/1072
f 5916/6172/1063 5845/6101/1062 5851/6107/1095 5918/6174/1150
f 5918/6174/1150 5851/6107/1095 5847/6103/1092 5919/6175/1151
f 5919/6175/1151 5847/6103/1092 5844/6100/1081 5917/6173/1078
f 5892/6148/1066 5920/6176/1065 5922/6178/1145 5895/6151/1131
f 5895/6151/1131 5922/6178/1145 5923/6179/1147 5899/6155/1134
f 5899/6155/1134 5923/6179/1147 5921/6177/1057 5893/6149/1060
f 5846/6102/1100 5880/6136/1121 5856/6112/1102 5833/6089/1087
f 6001/6257/1056 6017/6273/1057 6021/6277/1058 6009/6265/1059
f 5989/6245/1060 6017/6273/1057 6001/6257/1056 5964/6220/1061
f 5941/6197/1062 6012/6268/1063 6020/6276/1064 6016/6272/1065 5988/6244/1066 5977/6233/1067
f 5954/6210/1154 5965/6221/1069 6000/6256/1155 6008/6264/1071 6004/6260/1072 5930/6186/1073
f 5978/6234/1074 5990/6246/1075 5966/6222/1076 5953/6209/1077
f 6009/6265/1059 6021/6277/1058 6013/6269/1078 6005/6261/1079
f 5928/6184/1080 6005/6261/1079 6013/6269/1078 5940/6196/1081
f 5928/6184/1080 5931/6187/1082 5933/6189/1083 5932/6188/1084
f 5931/6187/1082 5935/6191/1085 5936/6192/1086 5933/6189/1083
f 5929/6185/1087 5934/6190/1088 5936/6192/1086 5935/6191/1085
f 5934/6190/1088 5938/6194/1089 5939/6195/1090 5936/6192/1086
f 5930/6186/1073 5937/6193/1091 5939/6195/1090 5938/6194/1089
f 5937/6193/1091 5932/6188/1084 5933/6189/1083 5939/6195/1090
f 5933/6189/1083 5936/6192/1086 5939/6195/1090
f 5940/6196/1081 5943/6199/1092 5945/6201/1093 5944/6200/1094
f 5943/6199/1092 5947/6203/1095 5948/6204/1096 5945/6201/1093
f 5941/6197/1062 5946/6202/1097 5948/6204/1096 5947/6203/1095
f 5946/6202/1097 5950/6206/1098 5951/6207/1099 5948/6204/1096
f 5942/6198/1100 5949/6205/1101 5951/6207/1099 5950/6206/1098
f 5949/6205/1101 5944/6200/1094 5945/6201/1093 5951/6207/1099
f 5945/6201/1093 5948/6204/1096 5951/6207/1099
f 5952/6208/1102 5955/6211/1103 5957/6213/1104 5956/6212/1105
f 5955/6211/1103 5959/6215/1106 5960/6216/1107 5957/6213/1104
f 5953/6209/1077 5958/6214/1108 5960/6216/1107 5959/6215/1106
f 5958/6214/1108 5962/6218/1109 5963/6219/1110 5960/6216/1107
f 5954/6210/1154 5961/6217/1111 5963/6219/1110 5962/6218/1109
f 5961/6217/1111 5956/6212/1105 5957/6213/1104 5963/6219/1110
f 5957/6213/1104 5960/6216/1107 5963/6219/1110
f 5964/6220/1061 5967/6223/1112 5969/6225/1113 5968/6224/1156
f 5967/6223/1112 5971/6227/1115 5972/6228/1159 5969/6225/1113
f 5965/6221/1069 5970/6226/1117 5972/6228/1159 5971/6227/1115
f 5970/6226/1117 5974/6230/1118 5975/6231/1119 5972/6228/1159
f 5966/6222/1076 5973/6229/1160 5975/6231/1119 5974/6230/1118
f 5973/6229/1160 5968/6224/1156 5969/6225/1113 5975/6231/1119
f 5969/6225/1113 5972/6228/1159 5975/6231/1119
f 5976/6232/1121 5979/6235/1122 5981/6237/1123 5980/6236/1124
f 5979/6235/1122 5983/6239/1125 5984/6240/1126 5981/6237/1123
f 5977/6233/1067 5982/6238/1127 5984/6240/1126 5983/6239/1125
f 5982/6238/1127 5986/6242/1128 5987/6243/1129 5984/6240/1126
f 5978/6234/1074 5985/6241/1130 5987/6243/1129 5986/6242/1128
f 5985/6241/1130 5980/6236/1124 5981/6237/1123 5987/6243/1129
f 5981/6237/1123 5984/6240/1126 5987/6243/1129
f 5988/6244/1066 5991/6247/1131 5993/6249/1132 5992/6248/1133
f 5991/6247/1131 5995/6251/1134 5996/6252/1135 5993/6249/1132
f 5989/6245/1060 5994/6250/1136 5996/6252/1135 5995/6251/1134
f 5994/6250/1136 5998/6254/1137 5999/6255/1138 5996/6252/1135
f 5990/6246/1075 5997/6253/1139 5999/6255/1138 5998/6254/1137
f 5997/6253/1139 5992/6248/1133 5993/6249/1132 5999/6255/1138
f 5993/6249/1132 5996/6252/1135 5999/6255/1138
f 5942/6198/1100 5929/6185/1087 5935/6191/1085 5949/6205/1101
f 5949/6205/1101 5935/6191/1085 5931/6187/1082 5944/6200/1094
f 5944/6200/1094 5931/6187/1082 5928/6184/1080 5940/6196/1081
f 5976/6232/1121 5942/6198/1100 5950/6206/1098 5979/6235/1122
f 5979/6235/1122 5950/6206/1098 5946/6202/1097 5983/6239/1125
f 5983/6239/1125 5946/6202/1097 5941/6197/1062 5977/6233/1067
f 5990/6246/1075 5978/6234/1074 5986/6242/1128 5997/6253/1139
f 5997/6253/1139 5986/6242/1128 5982/6238/1127 5992/6248/1133
f 5992/6248/1133 5982/6238/1127 5977/6233/1067 5988/6244/1066
f 5952/6208/1102 5976/6232/1121 5980/6236/1124 5955/6211/1103
f 5955/6211/1103 5980/6236/1124 5985/6241/1130 5959/6215/1106
f 5959/6215/1106 5985/6241/1130 5978/6234/1074 5953/6209/1077
f 5989/6245/1060 5964/6220/1061 5968/6224/1156 5994/6250/1136
f 5994/6250/1136 5968/6224/1156 5973/6229/1160 5998/6254/1137
f 5998/6254/1137 5973/6229/1160 5966/6222/1076 5990/6246/1075
f 5965/6221/1069 5954/6210/1154 5962/6218/1109 5970/6226/1117
f 5970/6226/1117 5962/6218/1109 5958/6214/1108 5974/6230/1118
f 5974/6230/1118 5958/6214/1108 5953/6209/1077 5966/6222/1076
f 5929/6185/1087 5952/6208/1102 5956/6212/1105 5934/6190/1088
f 5934/6190/1088 5956/6212/1105 5961/6217/1111 5938/6194/1089
f 5938/6194/1089 5961/6217/1111 5954/6210/1154 5930/6186/1073
f 6008/6264/1071 6000/6256/1155 6002/6258/1140 6010/6266/1141
f 6010/6266/1141 6002/6258/1140 6003/6259/1142 6011/6267/1143
f 6011/6267/1143 6003/6259/1142 6001/6257/1056 6009/6265/1059
f 6016/6272/1065 6020/6276/1064 6022/6278/1144 6018/6274/1145
f 6018/6274/1145 6022/6278/1144 6023/6279/1146 6019/6275/1147
f 6019/6275/1147 6023/6279/1146 6021/6277/1058 6017/6273/1057
f 6004/6260/1072 6008/6264/1071 6010/6266/1141 6006/6262/1148
f 6006/6262/1148 6010/6266/1141 6011/6267/1143 6007/6263/1149
f 6007/6263/1149 6011/6267/1143 6009/6265/1059 6005/6261/1079
f 6020/6276/1064 6012/6268/1063 6014/6270/1150 6022/6278/1144
f 6022/6278/1144 6014/6270/1150 6015/6271/1151 6023/6279/1146
f 6023/6279/1146 6015/6271/1151 6013/6269/1078 6021/6277/1058
f 5964/6220/1061 6001/6257/1056 6003/6259/1142 5967/6223/1112
f 5967/6223/1112 6003/6259/1142 6002/6258/1140 5971/6227/1115
f 5971/6227/1115 6002/6258/1140 6000/6256/1155 5965/6221/1069
f 6005/6261/1079 5928/6184/1080 5932/6188/1084 6007/6263/1149
f 6007/6263/1149 5932/6188/1084 5937/6193/1091 6006/6262/1148
f 6006/6262/1148 5937/6193/1091 5930/6186/1073 6004/6260/1072
f 6012/6268/1063 5941/6197/1062 5947/6203/1095 6014/6270/1150
f 6014/6270/1150 5947/6203/1095 5943/6199/1092 6015/6271/1151
f 6015/6271/1151 5943/6199/1092 5940/6196/1081 6013/6269/1078
f 5988/6244/1066 6016/6272/1065 6018/6274/1145 5991/6247/1131
f 5991/6247/1131 6018/6274/1145 6019/6275/1147 5995/6251/1134
f 5995/6251/1134 6019/6275/1147 6017/6273/1057 5989/6245/1060
f 5942/6198/1100 5976/6232/1121 5952/6208/1102 5929/6185/1087
f 6097/6353/1056 6113/6369/1057 6117/6373/1058 6105/6361/1059
f 6085/6341/1060 6113/6369/1057 6097/6353/1056 6060/6316/1061
f 6037/6293/1062 6108/6364/1063 6116/6372/1064 6112/6368/1065 6084/6340/1066 6073/6329/1067
f 6050/6306/1068 6061/6317/1069 6096/6352/1155 6104/6360/1071 6100/6356/1072 6026/6282/1073
f 6074/6330/1074 6086/6342/1075 6062/6318/1076 6049/6305/1077
f 6105/6361/1059 6117/6373/1058 6109/6365/1078 6101/6357/1079
f 6024/6280/1080 6101/6357/1079 6109/6365/1078 6036/6292/1081
f 6024/6280/1080 6027/6283/1082 6029/6285/1083 6028/6284/1084
f 6027/6283/1082 6031/6287/1085 6032/6288/1086 6029/6285/1083
f 6025/6281/1087 6030/6286/1088 6032/6288/1086 6031/6287/1085
f 6030/6286/1088 6034/6290/1089 6035/6291/1090 6032/6288/1086
f 6026/6282/1073 6033/6289/1091 6035/6291/1090 6034/6290/1089
f 6033/6289/1091 6028/6284/1084 6029/6285/1083 6035/6291/1090
f 6029/6285/1083 6032/6288/1086 6035/6291/1090
f 6036/6292/1081 6039/6295/1092 6041/6297/1093 6040/6296/1094
f 6039/6295/1092 6043/6299/1095 6044/6300/1096 6041/6297/1093
f 6037/6293/1062 6042/6298/1097 6044/6300/1096 6043/6299/1095
f 6042/6298/1097 6046/6302/1098 6047/6303/1099 6044/6300/1096
f 6038/6294/1100 6045/6301/1101 6047/6303/1099 6046/6302/1098
f 6045/6301/1101 6040/6296/1094 6041/6297/1093 6047/6303/1099
f 6041/6297/1093 6044/6300/1096 6047/6303/1099
f 6048/6304/1102 6051/6307/1103 6053/6309/1104 6052/6308/1105
f 6051/6307/1103 6055/6311/1106 6056/6312/1107 6053/6309/1104
f 6049/6305/1077 6054/6310/1108 6056/6312/1107 6055/6311/1106
f 6054/6310/1108 6058/6314/1109 6059/6315/1110 6056/6312/1107
f 6050/6306/1068 6057/6313/1111 6059/6315/1110 6058/6314/1109
f 6057/6313/1111 6052/6308/1105 6053/6309/1104 6059/6315/1110
f 6053/6309/1104 6056/6312/1107 6059/6315/1110
f 6060/6316/1061 6063/6319/1112 6065/6321/1113 6064/6320/1161
f 6063/6319/1112 6067/6323/1115 6068/6324/1116 6065/6321/1113
f 6061/6317/1069 6066/6322/1117 6068/6324/1116 6067/6323/1115
f 6066/6322/1117 6070/6326/1118 6071/6327/1162 6068/6324/1116
f 6062/6318/1076 6069/6325/1120 6071/6327/1162 6070/6326/1118
f 6069/6325/1120 6064/6320/1161 6065/6321/1113 6071/6327/1162
f 6065/6321/1113 6068/6324/1116 6071/6327/1162
f 6072/6328/1163 6075/6331/1122 6077/6333/1123 6076/6332/1124
f 6075/6331/1122 6079/6335/1125 6080/6336/1126 6077/6333/1123
f 6073/6329/1067 6078/6334/1127 6080/6336/1126 6079/6335/1125
f 6078/6334/1127 6082/6338/1128 6083/6339/1129 6080/6336/1126
f 6074/6330/1074 6081/6337/1130 6083/6339/1129 6082/6338/1128
f 6081/6337/1130 6076/6332/1124 6077/6333/1123 6083/6339/1129
f 6077/6333/1123 6080/6336/1126 6083/6339/1129
f 6084/6340/1066 6087/6343/1131 6089/6345/1132 6088/6344/1133
f 6087/6343/1131 6091/6347/1134 6092/6348/1164 6089/6345/1132
f 6085/6341/1060 6090/6346/1136 6092/6348/1164 6091/6347/1134
f 6090/6346/1136 6094/6350/1137 6095/6351/1152 6092/6348/1164
f 6086/6342/1075 6093/6349/1139 6095/6351/1152 6094/6350/1137
f 6093/6349/1139 6088/6344/1133 6089/6345/1132 6095/6351/1152
f 6089/6345/1132 6092/6348/1164 6095/6351/1152
f 6038/6294/1100 6025/6281/1087 6031/6287/1085 6045/6301/1101
f 6045/6301/1101 6031/6287/1085 6027/6283/1082 6040/6296/1094
f 6040/6296/1094 6027/6283/1082 6024/6280/1080 6036/6292/1081
f 6072/6328/1163 6038/6294/1100 6046/6302/1098 6075/6331/1122
f 6075/6331/1122 6046/6302/1098 6042/6298/1097 6079/6335/1125
f 6079/6335/1125 6042/6298/1097 6037/6293/1062 6073/6329/1067
f 6086/6342/1075 6074/6330/1074 6082/6338/1128 6093/6349/1139
f 6093/6349/1139 6082/6338/1128 6078/6334/1127 6088/6344/1133
f 6088/6344/1133 6078/6334/1127 6073/6329/1067 6084/6340/1066
f 6048/6304/1102 6072/6328/1163 6076/6332/1124 6051/6307/1103
f 6051/6307/1103 6076/6332/1124 6081/6337/1130 6055/6311/1106
f 6055/6311/1106 6081/6337/1130 6074/6330/1074 6049/6305/1077
f 6085/6341/1060 6060/6316/1061 6064/6320/1161 6090/6346/1136
f 6090/6346/1136 6064/6320/1161 6069/6325/1120 6094/6350/1137
f 6094/6350/1137 6069/6325/1120 6062/6318/1076 6086/6342/1075
f 6061/6317/1069 6050/6306/1068 6058/6314/1109 6066/6322/1117
f 6066/6322/1117 6058/6314/1109 6054/6310/1108 6070/6326/1118
f 6070/6326/1118 6054/6310/1108 6049/6305/1077 6062/6318/1076
f 6025/6281/1087 6048/6304/1102 6052/6308/1105 6030/6286/1088
f 6030/6286/1088 6052/6308/1105 6057/6313/1111 6034/6290/1089
f 6034/6290/1089 6057/6313/1111 6050/6306/1068 6026/6282/1073
f 6104/6360/1071 6096/6352/1155 6098/6354/1140 6106/6362/1141
f 6106/6362/1141 6098/6354/1140 6099/6355/1142 6107/6363/1143
f 6107/6363/1143 6099/6355/1142 6097/6353/1056 6105/6361/1059
f 6112/6368/1065 6116/6372/1064 6118/6374/1144 6114/6370/1145
f 6114/6370/1145 6118/6374/1144 6119/6375/1146 6115/6371/1147
f 6115/6371/1147 6119/6375/1146 6117/6373/1058 6113/6369/1057
f 6100/6356/1072 6104/6360/1071 6106/6362/1141 6102/6358/1148
f 6102/6358/1148 6106/6362/1141 6107/6363/1143 6103/6359/1149
f 6103/6359/1149 6107/6363/1143 6105/6361/1059 6101/6357/1079
f 6116/6372/1064 6108/6364/1063 6110/6366/1150 6118/6374/1144
f 6118/6374/1144 6110/6366/1150 6111/6367/1151 6119/6375/1146
f 6119/6375/1146 6111/6367/1151 6109/6365/1078 6117/6373/1058
f 6060/6316/1061 6097/6353/1056 6099/6355/1142 6063/6319/1112
f 6063/6319/1112 6099/6355/1142 6098/6354/1140 6067/6323/1115
f 6067/6323/1115 6098/6354/1140 6096/6352/1155 6061/6317/1069
f 6101/6357/1079 6024/6280/1080 6028/6284/1084 6103/6359/1149
f 6103/6359/1149 6028/6284/1084 6033/6289/1091 6102/6358/1148
f 6102/6358/1148 6033/6289/1091 6026/6282/1073 6100/6356/1072
f 6108/6364/1063 6037/6293/1062 6043/6299/1095 6110/6366/1150
f 6110/6366/1150 6043/6299/1095 6039/6295/1092 6111/6367/1151
f 6111/6367/1151 6039/6295/1092 6036/6292/1081 6109/6365/1078
f 6084/6340/1066 6112/6368/1065 6114/6370/1145 6087/6343/1131
f 6087/6343/1131 6114/6370/1145 6115/6371/1147 6091/6347/1134
f 6091/6347/1134 6115/6371/1147 6113/6369/1057 6085/6341/1060
f 6038/6294/1100 6072/6328/1163 6048/6304/1102 6025/6281/1087
f 6193/6449/1056 6209/6465/1057 6213/6469/1058 6201/6457/1059
f 6181/6437/1060 6209/6465/1057 6193/6449/1056 6156/6412/1061
f 6133/6389/1062 6204/6460/1063 6212/6468/1064 6208/6464/1065 6180/6436/1066 6169/6425/1067
f 6146/6402/1068 6157/6413/1069 6192/6448/1155 6200/6456/1071 6196/6452/1072 6122/6378/1073
f 6170/6426/1074 6182/6438/1075 6158/6414/1076 6145/6401/1077
f 6201/6457/1059 6213/6469/1058 6205/6461/1078 6197/6453/1079
f 6120/6376/1080 6197/6453/1079 6205/6461/1078 6132/6388/1081
f 6120/6376/1080 6123/6379/1082 6125/6381/1083 6124/6380/1084
f 6123/6379/1082 6127/6383/1085 6128/6384/1086 6125/6381/1083
f 6121/6377/1087 6126/6382/1088 6128/6384/1086 6127/6383/1085
f 6126/6382/1088 6130/6386/1089 6131/6387/1090 6128/6384/1086
f 6122/6378/1073 6129/6385/1091 6131/6387/1090 6130/6386/1089
f 6129/6385/1091 6124/6380/1084 6125/6381/1083 6131/6387/1090
f 6125/6381/1083 6128/6384/1086 6131/6387/1090
f 6132/6388/1081 6135/6391/1092 6137/6393/1093 6136/6392/1094
f 6135/6391/1092 6139/6395/1095 6140/6396/1096 6137/6393/1093
f 6133/6389/1062 6138/6394/1097 6140/6396/1096 6139/6395/1095
f 6138/6394/1097 6142/6398/1098 6143/6399/1099 6140/6396/1096
f 6134/6390/1100 6141/6397/1101 6143/6399/1099 6142/6398/1098
f 6141/6397/1101 6136/6392/1094 6137/6393/1093 6143/6399/1099
f 6137/6393/1093 6140/6396/1096 6143/6399/1099
f 6144/6400/1102 6147/6403/1103 6149/6405/1104 6148/6404/1105
f 6147/6403/1103 6151/6407/1106 6152/6408/1107 6149/6405/1104
f 6145/6401/1077 6150/6406/1108 6152/6408/1107 6151/6407/1106
f 6150/6406/1108 6154/6410/1109 6155/6411/1110 6152/6408/1107
f 6146/6402/1068 6153/6409/1111 6155/6411/1110 6154/6410/1109
f 6153/6409/1111 6148/6404/1105 6149/6405/1104 6155/6411/1110
f 6149/6405/1104 6152/6408/1107 6155/6411/1110
f 6156/6412/1061 6159/6415/1112 6161/6417/1113 6160/6416/1114
f 6159/6415/1112 6163/6419/1115 6164/6420/1116 6161/6417/1113
f 6157/6413/1069 6162/6418/1117 6164/6420/1116 6163/6419/1115
f 6162/6418/1117 6166/6422/1118 6167/6423/1165 6164/6420/1116
f 6158/6414/1076 6165/6421/1120 6167/6423/1165 6166/6422/1118
f 6165/6421/1120 6160/6416/1114 6161/6417/1113 6167/6423/1165
f 6161/6417/1113 6164/6420/1116 6167/6423/1165
f 6168/6424/1163 6171/6427/1122 6173/6429/1123 6172/6428/1166
f 6171/6427/1122 6175/6431/1125 6176/6432/1126 6173/6429/1123
f 6169/6425/1067 6174/6430/1127 6176/6432/1126 6175/6431/1125
f 6174/6430/1127 6178/6434/1128 6179/6435/1129 6176/6432/1126
f 6170/6426/1074 6177/6433/1130 6179/6435/1129 6178/6434/1128
f 6177/6433/1130 6172/6428/1166 6173/6429/1123 6179/6435/1129
f 6173/6429/1123 6176/6432/1126 6179/6435/1129
f 6180/6436/1066 6183/6439/1131 6185/6441/1132 6184/6440/1133
f 6183/6439/1131 6187/6443/1134 6188/6444/1164 6185/6441/1132
f 6181/6437/1060 6186/6442/1136 6188/6444/1164 6187/6443/1134
f 6186/6442/1136 6190/6446/1137 6191/6447/1152 6188/6444/1164
f 6182/6438/1075 6189/6445/1139 6191/6447/1152 6190/6446/1137
f 6189/6445/1139 6184/6440/1133 6185/6441/1132 6191/6447/1152
f 6185/6441/1132 6188/6444/1164 6191/6447/1152
f 6134/6390/1100 6121/6377/1087 6127/6383/1085 6141/6397/1101
f 6141/6397/1101 6127/6383/1085 6123/6379/1082 6136/6392/1094
f 6136/6392/1094 6123/6379/1082 6120/6376/1080 6132/6388/1081
f 6168/6424/1163 6134/6390/1100 6142/6398/1098 6171/6427/1122
f 6171/6427/1122 6142/6398/1098 6138/6394/1097 6175/6431/1125
f 6175/6431/1125 6138/6394/1097 6133/6389/1062 6169/6425/1067
f 6182/6438/1075 6170/6426/1074 6178/6434/1128 6189/6445/1139
f 6189/6445/1139 6178/6434/1128 6174/6430/1127 6184/6440/1133
f 6184/6440/1133 6174/6430/1127 6169/6425/1067 6180/6436/1066
f 6144/6400/1102 6168/6424/1163 6172/6428/1166 6147/6403/1103
f 6147/6403/1103 6172/6428/1166 6177/6433/1130 6151/6407/1106
f 6151/6407/1106 6177/6433/1130 6170/6426/1074 6145/6401/1077
f 6181/6437/1060 6156/6412/1061 6160/6416/1114 6186/6442/1136
f 6186/6442/1136 6160/6416/1114 6165/6421/1120 6190/6446/1137
f 6190/6446/1137 6165/6421/1120 6158/6414/1076 6182/6438/1075
f 6157/6413/1069 6146/6402/1068 6154/6410/1109 6162/6418/1117
f 6162/6418/1117 6154/6410/1109 6150/6406/1108 6166/6422/1118
f 6166/6422/1118 6150/6406/1108 6145/6401/1077 6158/6414/1076
f 6121/6377/1087 6144/6400/1102 6148/6404/1105 6126/6382/1088
f 6126/6382/1088 6148/6404/1105 6153/6409/1111 6130/6386/1089
f 6130/6386/1089 6153/6409/1111 6146/6402/1068 6122/6378/1073
f 6200/6456/1071 6192/6448/1155 6194/6450/1140 6202/6458/1141
f 6202/6458/1141 6194/6450/1140 6195/6451/1142 6203/6459/1143
f 6203/6459/1143 6195/6451/1142 6193/6449/1056 6201/6457/1059
f 6208/6464/1065 6212/6468/1064 6214/6470/1144 6210/6466/1145
f 6210/6466/1145 6214/6470/1144 6215/6471/1146 6211/6467/1147
f 6211/6467/1147 6215/6471/1146 6213/6469/1058 6209/6465/1057
f 6196/6452/1072 6200/6456/1071 6202/6458/1141 6198/6454/1148
f 6198/6454/1148 6202/6458/1141 6203/6459/1143 6199/6455/1149
f 6199/6455/1149 6203/6459/1143 6201/6457/1059 6197/6453/1079
f 6212/6468/1064 6204/6460/1063 6206/6462/1150 6214/6470/1144
f 6214/6470/1144 6206/6462/1150 6207/6463/1151 6215/6471/1146
f 6215/6471/1146 6207/6463/1151 6205/6461/1078 6213/6469/1058
f 6156/6412/1061 6193/6449/1056 6195/6451/1142 6159/6415/1112
f 6159/6415/1112 6195/6451/1142 6194/6450/1140 6163/6419/1115
f 6163/6419/1115 6194/6450/1140 6192/6448/1155 6157/6413/1069
f 6197/6453/1079 6120/6376/1080 6124/6380/1084 6199/6455/1149
f 6199/6455/1149 6124/6380/1084 6129/6385/1091 6198/6454/1148
f 6198/6454/1148 6129/6385/1091 6122/6378/1073 6196/6452/1072
f 6204/6460/1063 6133/6389/1062 6139/6395/1095 6206/6462/1150
f 6206/6462/1150 6139/6395/1095 6135/6391/1092 6207/6463/1151
f 6207/6463/1151 6135/6391/1092 6132/6388/1081 6205/6461/1078
f 6180/6436/1066 6208/6464/1065 6210/6466/1145 6183/6439/1131
f 6183/6439/1131 6210/6466/1145 6211/6467/1147 6187/6443/1134
f 6187/6443/1134 6211/6467/1147 6209/6465/1057 6181/6437/1060
f 6134/6390/1100 6168/6424/1163 6144/6400/1102 6121/6377/1087
f 6289/6545/1056 6305/6561/1057 6309/6565/1058 6297/6553/1059
f 6277/6533/1060 6305/6561/1057 6289/6545/1056 6252/6508/1061
f 6229/6485/1062 6300/6556/1063 6308/6564/1064 6304/6560/1065 6276/6532/1066 6265/6521/1067
f 6242/6498/1068 6253/6509/1069 6288/6544/1155 6296/6552/1071 6292/6548/1072 6218/6474/1073
f 6266/6522/1074 6278/6534/1075 6254/6510/1076 6241/6497/1077
f 6297/6553/1059 6309/6565/1058 6301/6557/1078 6293/6549/1079
f 6216/6472/1080 6293/6549/1079 6301/6557/1078 6228/6484/1081
f 6216/6472/1080 6219/6475/1082 6221/6477/1083 6220/6476/1084
f 6219/6475/1082 6223/6479/1085 6224/6480/1086 6221/6477/1083
f 6217/6473/1087 6222/6478/1088 6224/6480/1086 6223/6479/1085
f 6222/6478/1088 6226/6482/1089 6227/6483/1090 6224/6480/1086
f 6218/6474/1073 6225/6481/1091 6227/6483/1090 6226/6482/1089
f 6225/6481/1091 6220/6476/1084 6221/6477/1083 6227/6483/1090
f 6221/6477/1083 6224/6480/1086 6227/6483/1090
f 6228/6484/1081 6231/6487/1092 6233/6489/1093 6232/6488/1094
f 6231/6487/1092 6235/6491/1095 6236/6492/1096 6233/6489/1093
f 6229/6485/1062 6234/6490/1097 6236/6492/1096 6235/6491/1095
f 6234/6490/1097 6238/6494/1098 6239/6495/1099 6236/6492/1096
f 6230/6486/1100 6237/6493/1101 6239/6495/1099 6238/6494/1098
f 6237/6493/1101 6232/6488/1094 6233/6489/1093 6239/6495/1099
f 6233/6489/1093 6236/6492/1096 6239/6495/1099
f 6240/6496/1102 6243/6499/1103 6245/6501/1104 6244/6500/1105
f 6243/6499/1103 6247/6503/1106 6248/6504/1107 6245/6501/1104
f 6241/6497/1077 6246/6502/1108 6248/6504/1107 6247/6503/1106
f 6246/6502/1108 6250/6506/1109 6251/6507/1110 6248/6504/1107
f 6242/6498/1068 6249/6505/1111 6251/6507/1110 6250/6506/1109
f 6249/6505/1111 6244/6500/1105 6245/6501/1104 6251/6507/1110
f 6245/6501/1104 6248/6504/1107 6251/6507/1110
f 6252/6508/1061 6255/6511/1112 6257/6513/1113 6256/6512/1161
f 6255/6511/1112 6259/6515/1115 6260/6516/1116 6257/6513/1113
f 6253/6509/1069 6258/6514/1117 6260/6516/1116 6259/6515/1115
f 6258/6514/1117 6262/6518/1118 6263/6519/1162 6260/6516/1116
f 6254/6510/1076 6261/6517/1120 6263/6519/1162 6262/6518/1118
f 6261/6517/1120 6256/6512/1161 6257/6513/1113 6263/6519/1162
f 6257/6513/1113 6260/6516/1116 6263/6519/1162
f 6264/6520/1121 6267/6523/1122 6269/6525/1123 6268/6524/1166
f 6267/6523/1122 6271/6527/1125 6272/6528/1126 6269/6525/1123
f 6265/6521/1067 6270/6526/1127 6272/6528/1126 6271/6527/1125
f 6270/6526/1127 6274/6530/1128 6275/6531/1129 6272/6528/1126
f 6266/6522/1074 6273/6529/1130 6275/6531/1129 6274/6530/1128
f 6273/6529/1130 6268/6524/1166 6269/6525/1123 6275/6531/1129
f 6269/6525/1123 6272/6528/1126 6275/6531/1129
f 6276/6532/1066 6279/6535/1131 6281/6537/1132 6280/6536/1133
f 6279/6535/1131 6283/6539/1134 6284/6540/1167 6281/6537/1132
f 6277/6533/1060 6282/6538/1136 6284/6540/1167 6283/6539/1134
f 6282/6538/1136 6286/6542/1137 6287/6543/1152 6284/6540/1167
f 6278/6534/1075 6285/6541/1139 6287/6543/1152 6286/6542/1137
f 6285/6541/1139 6280/6536/1133 6281/6537/1132 6287/6543/1152
f 6281/6537/1132 6284/6540/1167 6287/6543/1152
f 6230/6486/1100 6217/6473/1087 6223/6479/1085 6237/6493/1101
f 6237/6493/1101 6223/6479/1085 6219/6475/1082 6232/6488/1094
f 6232/6488/1094 6219/6475/1082 6216/6472/1080 6228/6484/1081
f 6264/6520/1121 6230/6486/1100 6238/6494/1098 6267/6523/1122
f 6267/6523/1122 6238/6494/1098 6234/6490/1097 6271/6527/1125
f 6271/6527/1125 6234/6490/1097 6229/6485/1062 6265/6521/1067
f 6278/6534/1075 6266/6522/1074 6274/6530/1128 6285/6541/1139
f 6285/6541/1139 6274/6530/1128 6270/6526/1127 6280/6536/1133
f 6280/6536/1133 6270/6526/1127 6265/6521/1067 6276/6532/1066
f 6240/6496/1102 6264/6520/1121 6268/6524/1166 6243/6499/1103
f 6243/6499/1103 6268/6524/1166 6273/6529/1130 6247/6503/1106
f 6247/6503/1106 6273/6529/1130 6266/6522/1074 6241/6497/1077
f 6277/6533/1060 6252/6508/1061 6256/6512/1161 6282/6538/1136
f 6282/6538/1136 6256/6512/1161 6261/6517/1120 6286/6542/1137
f 6286/6542/1137 6261/6517/1120 6254/6510/1076 6278/6534/1075
f 6253/6509/1069 6242/6498/1068 6250/6506/1109 6258/6514/1117
f 6258/6514/1117 6250/6506/1109 6246/6502/1108 6262/6518/1118
f 6262/6518/1118 6246/6502/1108 6241/6497/1077 6254/6510/1076
f 6217/6473/1087 6240/6496/1102 6244/6500/1105 6222/6478/1088
f 6222/6478/1088 6244/6500/1105 6249/6505/1111 6226/6482/1089
f 6226/6482/1089 6249/6505/1111 6242/6498/1068 6218/6474/1073
f 6296/6552/1071 6288/6544/1155 6290/6546/1140 6298/6554/1141
f 6298/6554/1141 6290/6546/1140 6291/6547/1142 6299/6555/1143
f 6299/6555/1143 6291/6547/1142 6289/6545/1056 6297/6553/1059
f 6304/6560/1065 6308/6564/1064 6310/6566/1144 6306/6562/1145
f 6306/6562/1145 6310/6566/1144 6311/6567/1146 6307/6563/1147
f 6307/6563/1147 6311/6567/1146 6309/6565/1058 6305/6561/1057
f 6292/6548/1072 6296/6552/1071 6298/6554/1141 6294/6550/1148
f 6294/6550/1148 6298/6554/1141 6299/6555/1143 6295/6551/1149
f 6295/6551/1149 6299/6555/1143 6297/6553/1059 6293/6549/1079
f 6308/6564/1064 6300/6556/1063 6302/6558/1150 6310/6566/1144
f 6310/6566/1144 6302/6558/1150 6303/6559/1151 6311/6567/1146
f 6311/6567/1146 6303/6559/1151 6301/6557/1078 6309/6565/1058
f 6252/6508/1061 6289/6545/1056 6291/6547/1142 6255/6511/1112
f 6255/6511/1112 6291/6547/1142 6290/6546/1140 6259/6515/1115
f 6259/6515/1115 6290/6546/1140 6288/6544/1155 6253/6509/1069
f 6293/6549/1079 6216/6472/1080 6220/6476/1084 6295/6551/1149
f 6295/6551/1149 6220/6476/1084 6225/6481/1091 6294/6550/1148
f 6294/6550/1148 6225/6481/1091 6218/6474/1073 6292/6548/1072
f 6300/6556/1063 6229/6485/1062 6235/6491/1095 6302/6558/1150
f 6302/6558/1150 6235/6491/1095 6231/6487/1092 6303/6559/1151
f 6303/6559/1151 6231/6487/1092 6228/6484/1081 6301/6557/1078
f 6276/6532/1066 6304/6560/1065 6306/6562/1145 6279/6535/1131
f 6279/6535/1131 6306/6562/1145 6307/6563/1147 6283/6539/1134
f 6283/6539/1134 6307/6563/1147 6305/6561/1057 6277/6533/1060
f 6230/6486/1100 6264/6520/1121 6240/6496/1102 6217/6473/1087
f 6385/6641/1056 6401/6657/1057 6405/6661/1058 6393/6649/1059
f 6373/6629/1060 6401/6657/1057 6385/6641/1056 6348/6604/1061
f 6325/6581/1062 6396/6652/1063 6404/6660/1064 6400/6656/1065 6372/6628/1066 6361/6617/1067
f 6338/6594/1068 6349/6605/1069 6384/6640/1155 6392/6648/1071 6388/6644/1072 6314/6570/1073
f 6362/6618/1074 6374/6630/1075 6350/6606/1076 6337/6593/1077
f 6393/6649/1059 6405/6661/1058 6397/6653/1078 6389/6645/1079
f 6312/6568/1080 6389/6645/1079 6397/6653/1078 6324/6580/1081
f 6312/6568/1080 6315/6571/1082 6317/6573/1083 6316/6572/1084
f 6315/6571/1082 6319/6575/1085 6320/6576/1086 6317/6573/1083
f 6313/6569/1087 6318/6574/1088 6320/6576/1086 6319/6575/1085
f 6318/6574/1088 6322/6578/1089 6323/6579/1090 6320/6576/1086
f 6314/6570/1073 6321/6577/1091 6323/6579/1090 6322/6578/1089
f 6321/6577/1091 6316/6572/1084 6317/6573/1083 6323/6579/1090
f 6317/6573/1083 6320/6576/1086 6323/6579/1090
f 6324/6580/1081 6327/6583/1092 6329/6585/1093 6328/6584/1094
f 6327/6583/1092 6331/6587/1095 6332/6588/1168 6329/6585/1093
f 6325/6581/1062 6330/6586/1097 6332/6588/1168 6331/6587/1095
f 6330/6586/1097 6334/6590/1169 6335/6591/1099 6332/6588/1168
f 6326/6582/1100 6333/6589/1101 6335/6591/1099 6334/6590/1169
f 6333/6589/1101 6328/6584/1094 6329/6585/1093 6335/6591/1099
f 6329/6585/1093 6332/6588/1168 6335/6591/1099
f 6336/6592/1102 6339/6595/1103 6341/6597/1104 6340/6596/1105
f 6339/6595/1103 6343/6599/1106 6344/6600/1107 6341/6597/1104
f 6337/6593/1077 6342/6598/1108 6344/6600/1107 6343/6599/1106
f 6342/6598/1108 6346/6602/1109 6347/6603/1110 6344/6600/1107
f 6338/6594/1068 6345/6601/1111 6347/6603/1110 6346/6602/1109
f 6345/6601/1111 6340/6596/1105 6341/6597/1104 6347/6603/1110
f 6341/6597/1104 6344/6600/1107 6347/6603/1110
f 6348/6604/1061 6351/6607/1112 6353/6609/1113 6352/6608/1161
f 6351/6607/1112 6355/6611/1115 6356/6612/1116 6353/6609/1113
f 6349/6605/1069 6354/6610/1117 6356/6612/1116 6355/6611/1115
f 6354/6610/1117 6358/6614/1118 6359/6615/1162 6356/6612/1116
f 6350/6606/1076 6357/6613/1120 6359/6615/1162 6358/6614/1118
f 6357/6613/1120 6352/6608/1161 6353/6609/1113 6359/6615/1162
f 6353/6609/1113 6356/6612/1116 6359/6615/1162
f 6360/6616/1121 6363/6619/1122 6365/6621/1123 6364/6620/1124
f 6363/6619/1122 6367/6623/1170 6368/6624/1126 6365/6621/1123
f 6361/6617/1067 6366/6622/1127 6368/6624/1126 6367/6623/1170
f 6366/6622/1127 6370/6626/1128 6371/6627/1129 6368/6624/1126
f 6362/6618/1074 6369/6625/1130 6371/6627/1129 6370/6626/1128
f 6369/6625/1130 6364/6620/1124 6365/6621/1123 6371/6627/1129
f 6365/6621/1123 6368/6624/1126 6371/6627/1129
f 6372/6628/1066 6375/6631/1131 6377/6633/1132 6376/6632/1133
f 6375/6631/1131 6379/6635/1134 6380/6636/1164 6377/6633/1132
f 6373/6629/1060 6378/6634/1136 6380/6636/1164 6379/6635/1134
f 6378/6634/1136 6382/6638/1137 6383/6639/1152 6380/6636/1164
f 6374/6630/1075 6381/6637/1139 6383/6639/1152 6382/6638/1137
f 6381/6637/1139 6376/6632/1133 6377/6633/1132 6383/6639/1152
f 6377/6633/1132 6380/6636/1164 6383/6639/1152
f 6326/6582/1100 6313/6569/1087 6319/6575/1085 6333/6589/1101
f 6333/6589/1101 6319/6575/1085 6315/6571/1082 6328/6584/1094
f 6328/6584/1094 6315/6571/1082 6312/6568/1080 6324/6580/1081
f 6360/6616/1121 6326/6582/1100 6334/6590/1169 6363/6619/1122
f 6363/6619/1122 6334/6590/1169 6330/6586/1097 6367/6623/1170
f 6367/6623/1170 6330/6586/1097 6325/6581/1062 6361/6617/1067
f 6374/6630/1075 6362/6618/1074 6370/6626/1128 6381/6637/1139
f 6381/6637/1139 6370/6626/1128 6366/6622/1127 6376/6632/1133
f 6376/6632/1133 6366/6622/1127 6361/6617/1067 6372/6628/1066
f 6336/6592/1102 6360/6616/1121 6364/6620/1124 6339/6595/1103
f 6339/6595/1103 6364/6620/1124 6369/6625/1130 6343/6599/1106
f 6343/6599/1106 6369/6625/1130 6362/6618/1074 6337/6593/1077
f 6373/6629/1060 6348/6604/1061 6352/6608/1161 6378/6634/1136
f 6378/6634/1136 6352/6608/1161 6357/6613/1120 6382/6638/1137
f 6382/6638/1137 6357/6613/1120 6350/6606/1076 6374/6630/1075
f 6349/6605/1069 6338/6594/1068 6346/6602/1109 6354/6610/1117
f 6354/6610/1117 6346/6602/1109 6342/6598/1108 6358/6614/1118
f 6358/6614/1118 6342/6598/1108 6337/6593/1077 6350/6606/1076
f 6313/6569/1087 6336/6592/1102 6340/6596/1105 6318/6574/1088
f 6318/6574/1088 6340/6596/1105 6345/6601/1111 6322/6578/1089
f 6322/6578/1089 6345/6601/1111 6338/6594/1068 6314/6570/1073
f 6392/6648/1071 6384/6640/1155 6386/6642/1140 6394/6650/1141
f 6394/6650/1141 6386/6642/1140 6387/6643/1142 6395/6651/1143
f 6395/6651/1143 6387/6643/1142 6385/6641/1056 6393/6649/1059
f 6400/6656/1065 6404/6660/1064 6406/6662/1144 6402/6658/1145
f 6402/6658/1145 6406/6662/1144 6407/6663/1146 6403/6659/1147
f 6403/6659/1147 6407/6663/1146 6405/6661/1058 6401/6657/1057
f 6388/6644/1072 6392/6648/1071 6394/6650/1141 6390/6646/1148
f 6390/6646/1148 6394/6650/1141 6395/6651/1143 6391/6647/1149
f 6391/6647/1149 6395/6651/1143 6393/6649/1059 6389/6645/1079
f 6404/6660/1064 6396/6652/1063 6398/6654/1150 6406/6662/1144
f 6406/6662/1144 6398/6654/1150 6399/6655/1151 6407/6663/1146
f 6407/6663/1146 6399/6655/1151 6397/6653/1078 6405/6661/1058
f 6348/6604/1061 6385/6641/1056 6387/6643/1142 6351/6607/1112
f 6351/6607/1112 6387/6643/1142 6386/6642/1140 6355/6611/1115
f 6355/6611/1115 6386/6642/1140 6384/6640/1155 6349/6605/1069
f 6389/6645/1079 6312/6568/1080 6316/6572/1084 6391/6647/1149
f 6391/6647/1149 6316/6572/1084 6321/6577/1091 6390/6646/1148
f 6390/6646/1148 6321/6577/1091 6314/6570/1073 6388/6644/1072
f 6396/6652/1063 6325/6581/1062 6331/6587/1095 6398/6654/1150
f 6398/6654/1150 6331/6587/1095 6327/6583/1092 6399/6655/1151
f 6399/6655/1151 6327/6583/1092 6324/6580/1081 6397/6653/1078
f 6372/6628/1066 6400/6656/1065 6402/6658/1145 6375/6631/1131
f 6375/6631/1131 6402/6658/1145 6403/6659/1147 6379/6635/1134
f 6379/6635/1134 6403/6659/1147 6401/6657/1057 6373/6629/1060
f 6326/6582/1100 6360/6616/1121 6336/6592/1102 6313/6569/1087
o Cube.005
v 2.543298 -0.938453 4.885466
v 2.543498 -0.938005 4.885868
v 2.542896 -0.938005 4.885666
v 2.543498 -0.925804 4.885868
v 2.543298 -0.925355 4.885466
v 2.542896 -0.925804 4.885666
v 2.540868 -0.938453 4.880576
v 2.540466 -0.938005 4.880775
v 2.540668 -0.938005 4.880174
v 2.540868 -0.925355 4.880576
v 2.540668 -0.925804 4.880174
v 2.540466 -0.925804 4.880775
v 2.544346 -0.938453 4.884945
v 2.544748 -0.938005 4.884746
v 2.544546 -0.938005 4.885347
v 2.544346 -0.925355 4.884945
v 2.544546 -0.925804 4.885347
v 2.544748 -0.925804 4.884746
v 2.541916 -0.938453 4.880055
v 2.541716 -0.938005 4.879653
v 2.542317 -0.938005 4.879855
v 2.541916 -0.925355 4.880055
v 2.542317 -0.925804 4.879855
v 2.541716 -0.925804 4.879653
v 2.543298 -0.963094 4.885466
v 2.543498 -0.962645 4.885868
v 2.542896 -0.962645 4.885666
v 2.543498 -0.950445 4.885868
v 2.543298 -0.949996 4.885466
v 2.542896 -0.950445 4.885666
v 2.540868 -0.963094 4.880576
v 2.540466 -0.962645 4.880775
v 2.540668 -0.962645 4.880174
v 2.540868 -0.949996 4.880576
v 2.540668 -0.950445 4.880174
v 2.540466 -0.950445 4.880775
v 2.544346 -0.963094 4.884945
v 2.544748 -0.962645 4.884746
v 2.544546 -0.962645 4.885347
v 2.544346 -0.949996 4.884945
v 2.544546 -0.950445 4.885347
v 2.544748 -0.950445 4.884746
v 2.541916 -0.963094 4.880055
v 2.541716 -0.962645 4.879653
v 2.542317 -0.962645 4.879855
v 2.541916 -0.949996 4.880055
v 2.542317 -0.950445 4.879855
v 2.541716 -0.950445 4.879653
vn 0.4450 -0.0000 0.8955
vn 0.8955 -0.0000 -0.4450
vn -0.0000 -1.0000 -0.0000
vn -0.0000 1.0000 -0.0000
vn -0.8955 -0.0000 0.4450
vn -0.4450 -0.0000 -0.8955
vn -0.2601 -0.5774 0.7740
vn -0.2601 0.5774 0.7740
vn -0.7740 -0.5774 -0.2601
vn -0.7740 0.5774 -0.2601
vn 0.7740 -0.5774 0.2601
vn 0.7740 0.5774 0.2601
vn 0.2601 -0.5774 -0.7740
vn 0.2601 0.5774 -0.7740
vn -0.2601 -0.5773 0.7740
vn -0.7740 -0.5773 -0.2601
vn 0.7740 -0.5773 0.2601
vn 0.2601 -0.5773 -0.7740
vn -0.6332 -0.7071 0.3147
vn -0.3186 -0.0000 0.9479
vn -0.6332 0.7071 0.3147
vn -0.9479 -0.0000 -0.3186
vn -0.3147 -0.7071 -0.6332
vn -0.3147 0.7071 -0.6332
vn 0.3186 -0.0000 -0.9479
vn 0.6332 -0.7071 -0.3147
vn 0.6332 0.7071 -0.3147
vn 0.9479 -0.0000 0.3186
vn 0.3147 -0.7071 0.6332
vn 0.3147 0.7071 0.6332
vt 0.179241 0.732364
vt 0.383562 0.945759
vt 0.383562 0.000000
vt 0.179241 0.750000
vt 0.125000 0.732364
vt 0.383562 0.017636
vt 0.616438 0.000000
vt 0.616438 0.945759
vt 0.820759 0.732364
vt 0.625000 0.017636
vt 0.625000 0.945759
vt 0.616438 1.000000
vt 0.616438 0.017636
vt 0.179241 0.517636
vt 0.125000 0.517636
vt 0.383562 0.232364
vt 0.383562 0.304241
vt 0.179241 0.500000
vt 0.820759 0.517636
vt 0.625000 0.232364
vt 0.625000 0.304241
vt 0.616438 0.304241
vt 0.616438 0.250000
vt 0.616438 0.232364
vt 0.320759 0.732364
vt 0.375000 0.732364
vt 0.383562 0.732364
vt 0.383562 0.804241
vt 0.320759 0.750000
vt 0.679241 0.732364
vt 0.625000 0.804241
vt 0.616438 0.804241
vt 0.616438 0.750000
vt 0.616438 0.732364
vt 0.320759 0.517636
vt 0.320759 0.500000
vt 0.383562 0.445759
vt 0.375000 0.517636
vt 0.383562 0.517636
vt 0.625000 0.517636
vt 0.625000 0.445759
vt 0.679241 0.517636
vt 0.616438 0.517636
vt 0.616438 0.500000
vt 0.616438 0.445759
vt 0.179241 0.732364
vt 0.383562 0.945759
vt 0.383562 0.000000
vt 0.179241 0.750000
vt 0.125000 0.732364
vt 0.383562 0.017636
vt 0.616438 0.000000
vt 0.616438 0.945759
vt 0.820759 0.732364
vt 0.625000 0.017636
vt 0.625000 0.945759
vt 0.616438 1.000000
vt 0.616438 0.017636
vt 0.179241 0.517636
vt 0.125000 0.517636
vt 0.383562 0.232364
vt 0.383562 0.304241
vt 0.179241 0.500000
vt 0.820759 0.517636
vt 0.625000 0.232364
vt 0.625000 0.304241
vt 0.616438 0.304241
vt 0.616438 0.250000
vt 0.616438 0.232364
vt 0.320759 0.732364
vt 0.375000 0.732364
vt 0.383562 0.732364
vt 0.383562 0.804241
vt 0.320759 0.750000
vt 0.679241 0.732364
vt 0.625000 0.804241
vt 0.616438 0.804241
vt 0.616438 0.750000
vt 0.616438 0.732364
vt 0.320759 0.517636
vt 0.320759 0.500000
vt 0.383562 0.445759
vt 0.375000 0.517636
vt 0.383562 0.517636
vt 0.625000 0.517636
vt 0.625000 0.445759
vt 0.679241 0.517636
vt 0.616438 0.517636
vt 0.616438 0.500000
vt 0.616438 0.445759
s 0
usemtl Material.004
f 6422/6691/1171 6424/6695/1171 6411/6671/1171 6409/6665/1171
f 6428/6702/1172 6430/6706/1172 6425/6697/1172 6421/6690/1172
f 6438/6722/1173 6450/6743/1173 6444/6733/1173 6432/6709/1173
f 6429/6705/1174 6417/6682/1174 6412/6672/1174 6423/6693/1174
f 6410/6669/1175 6413/6676/1175 6419/6687/1175 6415/6679/1175
f 6416/6680/1176 6418/6685/1176 6431/6708/1176 6427/6700/1176
f 6446/6736/1171 6448/6740/1171 6435/6716/1171 6433/6710/1171
f 6452/6747/1172 6454/6751/1172 6449/6742/1172 6445/6735/1172
f 6453/6750/1174 6441/6727/1174 6436/6717/1174 6447/6738/1174
f 6434/6714/1175 6437/6721/1175 6443/6732/1175 6439/6724/1175
f 6440/6725/1176 6442/6730/1176 6455/6753/1176 6451/6745/1176
f 6408/6664/1177 6409/6667/1177 6410/6668/1177
f 6411/6671/1178 6412/6674/1178 6413/6675/1178
f 6414/6677/1179 6415/6678/1179 6416/6681/1179
f 6417/6684/1180 6418/6685/1180 6419/6686/1180
f 6420/6688/1181 6421/6689/1181 6422/6692/1181
f 6423/6694/1182 6424/6695/1182 6425/6696/1182
f 6426/6698/1183 6427/6699/1183 6428/6701/1183
f 6429/6703/1184 6430/6706/1184 6431/6707/1184
f 6432/6709/1185 6433/6712/1185 6434/6713/1185
f 6435/6716/1178 6436/6719/1178 6437/6720/1178
f 6438/6722/1186 6439/6723/1186 6440/6726/1186
f 6441/6729/1180 6442/6730/1180 6443/6731/1180
f 6444/6733/1187 6445/6734/1187 6446/6737/1187
f 6447/6739/1182 6448/6740/1182 6449/6741/1182
f 6450/6743/1188 6451/6744/1188 6452/6746/1188
f 6453/6748/1184 6454/6751/1184 6455/6752/1184
f 6414/6677/1189 6408/6664/1189 6410/6668/1189 6415/6678/1189
f 6409/6666/1190 6411/6670/1190 6413/6676/1190 6410/6669/1190
f 6412/6673/1191 6417/6683/1191 6419/6687/1191 6413/6676/1191
f 6418/6685/1192 6416/6680/1192 6415/6679/1192 6419/6687/1192
f 6426/6698/1193 6414/6677/1193 6416/6681/1193 6427/6699/1193
f 6417/6684/1194 6429/6704/1194 6431/6708/1194 6418/6685/1194
f 6430/6706/1195 6428/6702/1195 6427/6700/1195 6431/6708/1195
f 6420/6688/1196 6426/6698/1196 6428/6702/1196 6421/6690/1196
f 6429/6705/1197 6423/6693/1197 6425/6697/1197 6430/6706/1197
f 6424/6695/1198 6422/6691/1198 6421/6690/1198 6425/6697/1198
f 6408/6664/1199 6420/6688/1199 6422/6692/1199 6409/6667/1199
f 6423/6694/1200 6412/6674/1200 6411/6671/1200 6424/6695/1200
f 6438/6722/1189 6432/6709/1189 6434/6713/1189 6439/6723/1189
f 6433/6711/1190 6435/6715/1190 6437/6721/1190 6434/6714/1190
f 6436/6718/1191 6441/6728/1191 6443/6732/1191 6437/6721/1191
f 6442/6730/1192 6440/6725/1192 6439/6724/1192 6443/6732/1192
f 6450/6743/1193 6438/6722/1193 6440/6726/1193 6451/6744/1193
f 6441/6729/1194 6453/6749/1194 6455/6753/1194 6442/6730/1194
f 6454/6751/1195 6452/6747/1195 6451/6745/1195 6455/6753/1195
f 6444/6733/1196 6450/6743/1196 6452/6747/1196 6445/6735/1196
f 6453/6750/1197 6447/6738/1197 6449/6742/1197 6454/6751/1197
f 6448/6740/1198 6446/6736/1198 6445/6735/1198 6449/6742/1198
f 6432/6709/1199 6444/6733/1199 6446/6737/1199 6433/6712/1199
f 6447/6739/1200 6436/6719/1200 6435/6716/1200 6448/6740/1200
f 6414/6677/1173 6426/6698/1173 6420/6688/1173 6408/6664/1173
o Cube.006
v 2.540301 -0.939221 4.887717
v 2.540548 -0.939497 4.887594
v 2.540335 -0.939357 4.887700
v 2.540426 -0.939460 4.887654
v 2.540548 -0.923874 4.887594
v 2.540301 -0.924151 4.887717
v 2.540426 -0.923912 4.887654
v 2.540335 -0.924014 4.887700
v 2.537676 -0.939497 4.881814
v 2.537429 -0.939221 4.881937
v 2.537554 -0.939460 4.881874
v 2.537462 -0.939357 4.881920
v 2.537429 -0.924151 4.881937
v 2.537676 -0.923874 4.881814
v 2.537462 -0.924014 4.881920
v 2.537554 -0.923912 4.881874
v 2.545890 -0.939497 4.884940
v 2.546137 -0.939221 4.884817
v 2.546012 -0.939460 4.884879
v 2.546103 -0.939357 4.884833
v 2.546137 -0.924151 4.884817
v 2.545890 -0.923874 4.884940
v 2.546103 -0.924014 4.884833
v 2.546012 -0.923912 4.884879
v 2.543264 -0.939221 4.879036
v 2.543017 -0.939497 4.879159
v 2.543231 -0.939357 4.879053
v 2.543139 -0.939460 4.879099
v 2.543017 -0.923874 4.879159
v 2.543264 -0.924151 4.879036
v 2.543139 -0.923912 4.879099
v 2.543231 -0.924014 4.879053
v 2.540523 -0.939188 4.887607
v 2.540577 -0.939250 4.887579
v 2.540528 -0.939232 4.887604
v 2.540538 -0.939244 4.887599
v 2.540577 -0.924122 4.887579
v 2.540523 -0.924183 4.887607
v 2.540538 -0.924128 4.887599
v 2.540528 -0.924139 4.887604
v 2.537705 -0.939250 4.881799
v 2.537650 -0.939188 4.881826
v 2.537666 -0.939244 4.881819
v 2.537656 -0.939232 4.881824
v 2.537650 -0.924183 4.881826
v 2.537705 -0.924122 4.881799
v 2.537656 -0.924139 4.881824
v 2.537666 -0.924128 4.881819
v 2.545861 -0.939250 4.884954
v 2.545916 -0.939188 4.884927
v 2.545900 -0.939244 4.884934
v 2.545910 -0.939232 4.884930
v 2.545916 -0.924183 4.884927
v 2.545861 -0.924122 4.884954
v 2.545910 -0.924139 4.884930
v 2.545900 -0.924128 4.884934
v 2.543043 -0.939188 4.879147
v 2.542988 -0.939250 4.879174
v 2.543038 -0.939232 4.879149
v 2.543028 -0.939244 4.879154
v 2.542988 -0.924122 4.879174
v 2.543043 -0.924183 4.879147
v 2.543028 -0.924128 4.879154
v 2.543038 -0.924139 4.879149
vn -0.2141 0.7282 -0.6510
vn -0.3896 0.7282 -0.5638
vn 0.2141 0.7282 0.6510
vn 0.3896 0.7282 0.5638
vn -0.3503 -0.0980 0.9315
vn -0.3503 0.0980 0.9315
vn -0.9540 0.0980 -0.2834
vn -0.9540 -0.0980 -0.2834
vn 0.3503 -0.0980 -0.9315
vn 0.3503 0.0980 -0.9315
vn 0.9540 0.0980 0.2834
vn 0.9540 -0.0980 0.2834
vn -0.3896 -0.7282 -0.5638
vn 0.2141 -0.7282 0.6510
vn -0.0496 -0.6543 0.7546
vn -0.6314 -0.6543 -0.4163
vn -0.2950 -0.3802 0.8766
vn -0.8768 -0.3802 -0.2943
vn -0.6314 0.6543 -0.4163
vn -0.0496 0.6543 0.7546
vn -0.8768 0.3802 -0.2943
vn -0.2950 0.3802 0.8766
vn 0.3896 -0.7282 0.5638
vn -0.2141 -0.7282 -0.6510
vn 0.0496 -0.6543 -0.7546
vn 0.6314 -0.6543 0.4163
vn 0.2950 -0.3802 -0.8766
vn 0.8768 -0.3802 0.2943
vn 0.6314 0.6543 0.4163
vn 0.0496 0.6543 -0.7546
vn 0.8768 0.3802 0.2943
vn 0.2950 0.3802 -0.8766
vn -0.3638 -0.6895 -0.6263
vn 0.2795 -0.6895 0.6682
vn 0.3638 -0.6895 0.6263
vn -0.2795 -0.6895 -0.6682
vn 0.9391 0.0471 0.3404
vn 0.2958 0.0471 -0.9541
vn 0.2958 -0.0471 -0.9541
vn 0.9391 -0.0471 0.3404
vn -0.9391 0.0471 -0.3404
vn -0.2958 0.0471 0.9541
vn -0.2958 -0.0471 0.9541
vn -0.9391 -0.0471 -0.3404
vn -0.2795 0.6895 -0.6682
vn -0.1040 0.5533 -0.8265
vn 0.5960 0.5533 0.5820
vn 0.3638 0.6895 0.6263
vn 0.1455 0.2747 -0.9505
vn 0.8454 0.2747 0.4580
vn 0.5960 -0.5533 0.5820
vn -0.1040 -0.5533 -0.8265
vn 0.8454 -0.2747 0.4580
vn 0.1455 -0.2747 -0.9505
vn 0.2795 0.6895 0.6682
vn 0.1040 0.5533 0.8265
vn -0.5960 0.5533 -0.5820
vn -0.3638 0.6895 -0.6263
vn -0.1455 0.2747 0.9505
vn -0.8454 0.2747 -0.4580
vn -0.5960 -0.5533 -0.5820
vn 0.1040 -0.5533 0.8265
vn -0.8454 -0.2747 -0.4580
vn -0.1455 -0.2747 0.9505
vt 0.379004 0.000000
vt 0.134652 0.750000
vt 0.125000 0.750000
vt 0.375000 0.000000
vt 0.129826 0.750000
vt 0.865348 0.750000
vt 0.620996 0.000000
vt 0.870174 0.750000
vt 0.875000 0.750000
vt 0.625000 0.000000
vt 0.134652 0.500000
vt 0.379004 0.250000
vt 0.129826 0.500000
vt 0.125000 0.500000
vt 0.375000 0.250000
vt 0.620996 0.250000
vt 0.865348 0.500000
vt 0.875000 0.500000
vt 0.625000 0.250000
vt 0.870174 0.500000
vt 0.365348 0.750000
vt 0.379004 0.750000
vt 0.370174 0.750000
vt 0.377002 0.750000
vt 0.620996 0.750000
vt 0.634652 0.750000
vt 0.622998 0.750000
vt 0.629826 0.750000
vt 0.379004 0.500000
vt 0.365348 0.500000
vt 0.377002 0.500000
vt 0.370174 0.500000
vt 0.634652 0.500000
vt 0.620996 0.500000
vt 0.629826 0.500000
vt 0.622998 0.500000
vt 0.379004 0.000000
vt 0.134652 0.750000
vt 0.125000 0.750000
vt 0.375000 0.000000
vt 0.129826 0.750000
vt 0.865348 0.750000
vt 0.620996 0.000000
vt 0.870174 0.750000
vt 0.875000 0.750000
vt 0.625000 0.000000
vt 0.134652 0.500000
vt 0.379004 0.250000
vt 0.129826 0.500000
vt 0.125000 0.500000
vt 0.375000 0.250000
vt 0.620996 0.250000
vt 0.865348 0.500000
vt 0.875000 0.500000
vt 0.625000 0.250000
vt 0.870174 0.500000
vt 0.365348 0.750000
vt 0.379004 0.750000
vt 0.370174 0.750000
vt 0.377002 0.750000
vt 0.620996 0.750000
vt 0.634652 0.750000
vt 0.622998 0.750000
vt 0.629826 0.750000
vt 0.379004 0.500000
vt 0.365348 0.500000
vt 0.377002 0.500000
vt 0.370174 0.500000
vt 0.634652 0.500000
vt 0.620996 0.500000
vt 0.629826 0.500000
vt 0.622998 0.500000
s 1
usemtl Metal
f 6484/6786/1201 6469/6770/1202 6460/6759/1203 6477/6779/1204
f 6456/6754/1205 6461/6760/1206 6468/6769/1207 6465/6765/1208
f 6480/6782/1209 6485/6787/1210 6476/6778/1211 6473/6775/1212
f 6464/6764/1213 6457/6755/1214 6459/6758/1215 6466/6766/1216
f 6466/6766/1216 6459/6758/1215 6458/6756/1217 6467/6767/1218
f 6467/6768/1218 6458/6757/1217 6456/6754/1205 6465/6765/1208
f 6460/6759/1203 6469/6770/1202 6471/6773/1219 6462/6761/1220
f 6462/6761/1220 6471/6773/1219 6470/6771/1221 6463/6762/1222
f 6463/6763/1222 6470/6772/1221 6468/6769/1207 6461/6760/1206
f 6472/6774/1223 6481/6783/1224 6483/6785/1225 6474/6776/1226
f 6474/6776/1226 6483/6785/1225 6482/6784/1227 6475/6777/1228
f 6475/6777/1228 6482/6784/1227 6480/6782/1209 6473/6775/1212
f 6484/6786/1201 6477/6779/1204 6479/6781/1229 6486/6788/1230
f 6486/6788/1230 6479/6781/1229 6478/6780/1231 6487/6789/1232
f 6487/6789/1232 6478/6780/1231 6476/6778/1211 6485/6787/1210
f 6464/6764/1213 6481/6783/1224 6472/6774/1223 6457/6755/1214
f 6516/6822/1233 6509/6815/1234 6492/6795/1235 6501/6806/1236
f 6488/6790/1237 6497/6801/1238 6500/6805/1239 6493/6796/1240
f 6512/6818/1241 6505/6811/1242 6508/6814/1243 6517/6823/1244
f 6496/6800/1245 6498/6802/1246 6491/6794/1247 6489/6791/1248
f 6498/6802/1246 6499/6803/1249 6490/6792/1250 6491/6794/1247
f 6499/6804/1249 6497/6801/1238 6488/6790/1237 6490/6793/1250
f 6492/6795/1235 6494/6797/1251 6503/6809/1252 6501/6806/1236
f 6494/6797/1251 6495/6798/1253 6502/6807/1254 6503/6809/1252
f 6495/6799/1253 6493/6796/1240 6500/6805/1239 6502/6808/1254
f 6504/6810/1255 6506/6812/1256 6515/6821/1257 6513/6819/1258
f 6506/6812/1256 6507/6813/1259 6514/6820/1260 6515/6821/1257
f 6507/6813/1259 6505/6811/1242 6512/6818/1241 6514/6820/1260
f 6516/6822/1233 6518/6824/1261 6511/6817/1262 6509/6815/1234
f 6518/6824/1261 6519/6825/1263 6510/6816/1264 6511/6817/1262
f 6519/6825/1263 6517/6823/1244 6508/6814/1243 6510/6816/1264
f 6496/6800/1245 6489/6791/1248 6504/6810/1255 6513/6819/1258
f 6464/6764/1213 6466/6766/1216 6498/6802/1246 6496/6800/1245
f 6459/6758/1215 6457/6755/1214 6489/6791/1248 6491/6794/1247
f 6466/6766/1216 6467/6767/1218 6499/6803/1249 6498/6802/1246
f 6458/6756/1217 6459/6758/1215 6491/6794/1247 6490/6792/1250
f 6467/6768/1218 6465/6765/1208 6497/6801/1238 6499/6804/1249
f 6456/6754/1205 6458/6757/1217 6490/6793/1250 6488/6790/1237
f 6460/6759/1203 6462/6761/1220 6494/6797/1251 6492/6795/1235
f 6471/6773/1219 6469/6770/1202 6501/6806/1236 6503/6809/1252
f 6462/6761/1220 6463/6762/1222 6495/6798/1253 6494/6797/1251
f 6470/6771/1221 6471/6773/1219 6503/6809/1252 6502/6807/1254
f 6463/6763/1222 6461/6760/1206 6493/6796/1240 6495/6799/1253
f 6468/6769/1207 6470/6772/1221 6502/6808/1254 6500/6805/1239
f 6472/6774/1223 6474/6776/1226 6506/6812/1256 6504/6810/1255
f 6483/6785/1225 6481/6783/1224 6513/6819/1258 6515/6821/1257
f 6474/6776/1226 6475/6777/1228 6507/6813/1259 6506/6812/1256
f 6482/6784/1227 6483/6785/1225 6515/6821/1257 6514/6820/1260
f 6475/6777/1228 6473/6775/1212 6505/6811/1242 6507/6813/1259
f 6480/6782/1209 6482/6784/1227 6514/6820/1260 6512/6818/1241
f 6484/6786/1201 6486/6788/1230 6518/6824/1261 6516/6822/1233
f 6479/6781/1229 6477/6779/1204 6509/6815/1234 6511/6817/1262
f 6486/6788/1230 6487/6789/1232 6519/6825/1263 6518/6824/1261
f 6478/6780/1231 6479/6781/1229 6511/6817/1262 6510/6816/1264
f 6487/6789/1232 6485/6787/1210 6517/6823/1244 6519/6825/1263
f 6476/6778/1211 6478/6780/1231 6510/6816/1264 6508/6814/1243
f 6481/6783/1224 6464/6764/1213 6496/6800/1245 6513/6819/1258
f 6457/6755/1214 6472/6774/1223 6504/6810/1255 6489/6791/1248
f 6461/6760/1206 6456/6754/1205 6488/6790/1237 6493/6796/1240
f 6465/6765/1208 6468/6769/1207 6500/6805/1239 6497/6801/1238
f 6469/6770/1202 6484/6786/1201 6516/6822/1233 6501/6806/1236
f 6477/6779/1204 6460/6759/1203 6492/6795/1235 6509/6815/1234
f 6485/6787/1210 6480/6782/1209 6512/6818/1241 6517/6823/1244
f 6473/6775/1212 6476/6778/1211 6508/6814/1243 6505/6811/1242
o Cube.007
v 2.540301 -0.963890 4.887717
v 2.540548 -0.964167 4.887594
v 2.540335 -0.964027 4.887700
v 2.540426 -0.964129 4.887654
v 2.540548 -0.948544 4.887594
v 2.540301 -0.948820 4.887717
v 2.540426 -0.948581 4.887654
v 2.540335 -0.948684 4.887700
v 2.537676 -0.964167 4.881814
v 2.537429 -0.963890 4.881937
v 2.537554 -0.964129 4.881874
v 2.537462 -0.964027 4.881920
v 2.537429 -0.948820 4.881937
v 2.537676 -0.948544 4.881814
v 2.537462 -0.948684 4.881920
v 2.537554 -0.948581 4.881874
v 2.545890 -0.964167 4.884940
v 2.546137 -0.963890 4.884817
v 2.546012 -0.964129 4.884879
v 2.546103 -0.964027 4.884833
v 2.546137 -0.948820 4.884817
v 2.545890 -0.948544 4.884940
v 2.546103 -0.948684 4.884833
v 2.546012 -0.948581 4.884879
v 2.543264 -0.963890 4.879036
v 2.543017 -0.964167 4.879159
v 2.543231 -0.964027 4.879053
v 2.543139 -0.964129 4.879099
v 2.543017 -0.948544 4.879159
v 2.543264 -0.948820 4.879036
v 2.543139 -0.948581 4.879099
v 2.543231 -0.948684 4.879053
v 2.540523 -0.963858 4.887607
v 2.540577 -0.963919 4.887579
v 2.540528 -0.963902 4.887604
v 2.540538 -0.963913 4.887599
v 2.540577 -0.948791 4.887579
v 2.540523 -0.948853 4.887607
v 2.540538 -0.948797 4.887599
v 2.540528 -0.948809 4.887604
v 2.537705 -0.963919 4.881799
v 2.537650 -0.963858 4.881826
v 2.537666 -0.963913 4.881819
v 2.537656 -0.963902 4.881824
v 2.537650 -0.948853 4.881826
v 2.537705 -0.948791 4.881799
v 2.537656 -0.948809 4.881824
v 2.537666 -0.948797 4.881819
v 2.545861 -0.963919 4.884954
v 2.545916 -0.963858 4.884927
v 2.545900 -0.963913 4.884934
v 2.545910 -0.963902 4.884930
v 2.545916 -0.948853 4.884927
v 2.545861 -0.948791 4.884954
v 2.545910 -0.948809 4.884930
v 2.545900 -0.948797 4.884934
v 2.543043 -0.963858 4.879147
v 2.542988 -0.963919 4.879174
v 2.543038 -0.963902 4.879149
v 2.543028 -0.963913 4.879154
v 2.542988 -0.948791 4.879174
v 2.543043 -0.948853 4.879147
v 2.543028 -0.948797 4.879154
v 2.543038 -0.948809 4.879149
vn -0.2141 0.7282 -0.6510
vn -0.3896 0.7282 -0.5638
vn 0.2141 0.7282 0.6510
vn 0.3896 0.7282 0.5638
vn -0.3503 -0.0980 0.9315
vn -0.3503 0.0980 0.9315
vn -0.9540 0.0980 -0.2834
vn -0.9540 -0.0980 -0.2834
vn 0.3503 -0.0980 -0.9315
vn 0.3503 0.0980 -0.9315
vn 0.9540 0.0980 0.2834
vn 0.9540 -0.0980 0.2834
vn -0.3896 -0.7282 -0.5638
vn 0.2141 -0.7282 0.6510
vn -0.0496 -0.6543 0.7546
vn -0.6314 -0.6543 -0.4163
vn -0.2950 -0.3802 0.8766
vn -0.8768 -0.3802 -0.2943
vn -0.6314 0.6543 -0.4163
vn -0.0496 0.6543 0.7546
vn -0.8768 0.3802 -0.2943
vn -0.2950 0.3802 0.8766
vn 0.3896 -0.7282 0.5638
vn -0.2141 -0.7282 -0.6510
vn 0.0496 -0.6543 -0.7546
vn 0.6314 -0.6543 0.4163
vn 0.2950 -0.3802 -0.8766
vn 0.8768 -0.3802 0.2943
vn 0.6314 0.6543 0.4163
vn 0.0496 0.6543 -0.7546
vn 0.8768 0.3802 0.2943
vn 0.2950 0.3802 -0.8766
vn -0.3638 -0.6895 -0.6263
vn 0.2795 -0.6895 0.6682
vn 0.3638 -0.6895 0.6263
vn -0.2795 -0.6895 -0.6682
vn 0.9391 0.0471 0.3404
vn 0.2958 0.0471 -0.9541
vn 0.2958 -0.0471 -0.9541
vn 0.9391 -0.0471 0.3404
vn -0.9391 0.0471 -0.3404
vn -0.2958 0.0471 0.9541
vn -0.2958 -0.0471 0.9541
vn -0.9391 -0.0471 -0.3404
vn -0.2795 0.6895 -0.6682
vn -0.1040 0.5533 -0.8265
vn 0.5960 0.5533 0.5820
vn 0.3638 0.6895 0.6263
vn 0.1455 0.2747 -0.9505
vn 0.8454 0.2747 0.4580
vn 0.5960 -0.5533 0.5820
vn -0.1040 -0.5533 -0.8265
vn 0.8454 -0.2747 0.4580
vn 0.1455 -0.2747 -0.9505
vn 0.2795 0.6895 0.6682
vn 0.1040 0.5533 0.8265
vn -0.5960 0.5533 -0.5820
vn -0.3638 0.6895 -0.6263
vn -0.1455 0.2747 0.9505
vn -0.8454 0.2747 -0.4580
vn -0.5960 -0.5533 -0.5820
vn 0.1040 -0.5533 0.8265
vn -0.8454 -0.2747 -0.4580
vn -0.1455 -0.2747 0.9505
vt 0.379004 0.000000
vt 0.134652 0.750000
vt 0.125000 0.750000
vt 0.375000 0.000000
vt 0.129826 0.750000
vt 0.865348 0.750000
vt 0.620996 0.000000
vt 0.870174 0.750000
vt 0.875000 0.750000
vt 0.625000 0.000000
vt 0.134652 0.500000
vt 0.379004 0.250000
vt 0.129826 0.500000
vt 0.125000 0.500000
vt 0.375000 0.250000
vt 0.620996 0.250000
vt 0.865348 0.500000
vt 0.875000 0.500000
vt 0.625000 0.250000
vt 0.870174 0.500000
vt 0.365348 0.750000
vt 0.379004 0.750000
vt 0.370174 0.750000
vt 0.377002 0.750000
vt 0.620996 0.750000
vt 0.634652 0.750000
vt 0.622998 0.750000
vt 0.629826 0.750000
vt 0.379004 0.500000
vt 0.365348 0.500000
vt 0.377002 0.500000
vt 0.370174 0.500000
vt 0.634652 0.500000
vt 0.620996 0.500000
vt 0.629826 0.500000
vt 0.622998 0.500000
vt 0.379004 0.000000
vt 0.134652 0.750000
vt 0.125000 0.750000
vt 0.375000 0.000000
vt 0.129826 0.750000
vt 0.865348 0.750000
vt 0.620996 0.000000
vt 0.870174 0.750000
vt 0.875000 0.750000
vt 0.625000 0.000000
vt 0.134652 0.500000
vt 0.379004 0.250000
vt 0.129826 0.500000
vt 0.125000 0.500000
vt 0.375000 0.250000
vt 0.620996 0.250000
vt 0.865348 0.500000
vt 0.875000 0.500000
vt 0.625000 0.250000
vt 0.870174 0.500000
vt 0.365348 0.750000
vt 0.379004 0.750000
vt 0.370174 0.750000
vt 0.377002 0.750000
vt 0.620996 0.750000
vt 0.634652 0.750000
vt 0.622998 0.750000
vt 0.629826 0.750000
vt 0.379004 0.500000
vt 0.365348 0.500000
vt 0.377002 0.500000
vt 0.370174 0.500000
vt 0.634652 0.500000
vt 0.620996 0.500000
vt 0.629826 0.500000
vt 0.622998 0.500000
s 1
usemtl Metal
f 6548/6858/1265 6533/6842/1266 6524/6831/1267 6541/6851/1268
f 6520/6826/1269 6525/6832/1270 6532/6841/1271 6529/6837/1272
f 6544/6854/1273 6549/6859/1274 6540/6850/1275 6537/6847/1276
f 6528/6836/1277 6521/6827/1278 6523/6830/1279 6530/6838/1280
f 6530/6838/1280 6523/6830/1279 6522/6828/1281 6531/6839/1282
f 6531/6840/1282 6522/6829/1281 6520/6826/1269 6529/6837/1272
f 6524/6831/1267 6533/6842/1266 6535/6845/1283 6526/6833/1284
f 6526/6833/1284 6535/6845/1283 6534/6843/1285 6527/6834/1286
f 6527/6835/1286 6534/6844/1285 6532/6841/1271 6525/6832/1270
f 6536/6846/1287 6545/6855/1288 6547/6857/1289 6538/6848/1290
f 6538/6848/1290 6547/6857/1289 6546/6856/1291 6539/6849/1292
f 6539/6849/1292 6546/6856/1291 6544/6854/1273 6537/6847/1276
f 6548/6858/1265 6541/6851/1268 6543/6853/1293 6550/6860/1294
f 6550/6860/1294 6543/6853/1293 6542/6852/1295 6551/6861/1296
f 6551/6861/1296 6542/6852/1295 6540/6850/1275 6549/6859/1274
f 6528/6836/1277 6545/6855/1288 6536/6846/1287 6521/6827/1278
f 6580/6894/1297 6573/6887/1298 6556/6867/1299 6565/6878/1300
f 6552/6862/1301 6561/6873/1302 6564/6877/1303 6557/6868/1304
f 6576/6890/1305 6569/6883/1306 6572/6886/1307 6581/6895/1308
f 6560/6872/1309 6562/6874/1310 6555/6866/1311 6553/6863/1312
f 6562/6874/1310 6563/6875/1313 6554/6864/1314 6555/6866/1311
f 6563/6876/1313 6561/6873/1302 6552/6862/1301 6554/6865/1314
f 6556/6867/1299 6558/6869/1315 6567/6881/1316 6565/6878/1300
f 6558/6869/1315 6559/6870/1317 6566/6879/1318 6567/6881/1316
f 6559/6871/1317 6557/6868/1304 6564/6877/1303 6566/6880/1318
f 6568/6882/1319 6570/6884/1320 6579/6893/1321 6577/6891/1322
f 6570/6884/1320 6571/6885/1323 6578/6892/1324 6579/6893/1321
f 6571/6885/1323 6569/6883/1306 6576/6890/1305 6578/6892/1324
f 6580/6894/1297 6582/6896/1325 6575/6889/1326 6573/6887/1298
f 6582/6896/1325 6583/6897/1327 6574/6888/1328 6575/6889/1326
f 6583/6897/1327 6581/6895/1308 6572/6886/1307 6574/6888/1328
f 6560/6872/1309 6553/6863/1312 6568/6882/1319 6577/6891/1322
f 6528/6836/1277 6530/6838/1280 6562/6874/1310 6560/6872/1309
f 6523/6830/1279 6521/6827/1278 6553/6863/1312 6555/6866/1311
f 6530/6838/1280 6531/6839/1282 6563/6875/1313 6562/6874/1310
f 6522/6828/1281 6523/6830/1279 6555/6866/1311 6554/6864/1314
f 6531/6840/1282 6529/6837/1272 6561/6873/1302 6563/6876/1313
f 6520/6826/1269 6522/6829/1281 6554/6865/1314 6552/6862/1301
f 6524/6831/1267 6526/6833/1284 6558/6869/1315 6556/6867/1299
f 6535/6845/1283 6533/6842/1266 6565/6878/1300 6567/6881/1316
f 6526/6833/1284 6527/6834/1286 6559/6870/1317 6558/6869/1315
f 6534/6843/1285 6535/6845/1283 6567/6881/1316 6566/6879/1318
f 6527/6835/1286 6525/6832/1270 6557/6868/1304 6559/6871/1317
f 6532/6841/1271 6534/6844/1285 6566/6880/1318 6564/6877/1303
f 6536/6846/1287 6538/6848/1290 6570/6884/1320 6568/6882/1319
f 6547/6857/1289 6545/6855/1288 6577/6891/1322 6579/6893/1321
f 6538/6848/1290 6539/6849/1292 6571/6885/1323 6570/6884/1320
f 6546/6856/1291 6547/6857/1289 6579/6893/1321 6578/6892/1324
f 6539/6849/1292 6537/6847/1276 6569/6883/1306 6571/6885/1323
f 6544/6854/1273 6546/6856/1291 6578/6892/1324 6576/6890/1305
f 6548/6858/1265 6550/6860/1294 6582/6896/1325 6580/6894/1297
f 6543/6853/1293 6541/6851/1268 6573/6887/1298 6575/6889/1326
f 6550/6860/1294 6551/6861/1296 6583/6897/1327 6582/6896/1325
f 6542/6852/1295 6543/6853/1293 6575/6889/1326 6574/6888/1328
f 6551/6861/1296 6549/6859/1274 6581/6895/1308 6583/6897/1327
f 6540/6850/1275 6542/6852/1295 6574/6888/1328 6572/6886/1307
f 6545/6855/1288 6528/6836/1277 6560/6872/1309 6577/6891/1322
f 6521/6827/1278 6536/6846/1287 6568/6882/1319 6553/6863/1312
f 6525/6832/1270 6520/6826/1269 6552/6862/1301 6557/6868/1304
f 6529/6837/1272 6532/6841/1271 6564/6877/1303 6561/6873/1302
f 6533/6842/1266 6548/6858/1265 6580/6894/1297 6565/6878/1300
f 6541/6851/1268 6524/6831/1267 6556/6867/1299 6573/6887/1298
f 6549/6859/1274 6544/6854/1273 6576/6890/1305 6581/6895/1308
f 6537/6847/1276 6540/6850/1275 6572/6886/1307 6569/6883/1306
o Cylinder.007
v 2.514741 -0.869570 4.856653
v 2.521099 -0.869570 4.869701
v 2.514713 -0.868719 4.856667
v 2.521071 -0.868719 4.869715
v 2.514629 -0.867901 4.856707
v 2.520987 -0.867901 4.869755
v 2.514493 -0.867147 4.856773
v 2.520852 -0.867147 4.869822
v 2.514311 -0.866486 4.856863
v 2.520669 -0.866486 4.869911
v 2.514088 -0.865944 4.856971
v 2.520446 -0.865944 4.870019
v 2.513834 -0.865541 4.857094
v 2.520192 -0.865541 4.870142
v 2.513559 -0.865293 4.857229
v 2.519917 -0.865293 4.870277
v 2.513272 -0.865209 4.857368
v 2.519630 -0.865209 4.870417
v 2.512986 -0.865293 4.857508
v 2.519344 -0.865293 4.870556
v 2.512710 -0.865541 4.857642
v 2.519068 -0.865541 4.870690
v 2.512456 -0.865944 4.857766
v 2.518815 -0.865944 4.870814
v 2.512051 -0.867147 4.857964
v 2.518409 -0.867147 4.871012
v 2.511832 -0.868719 4.858070
v 2.518190 -0.868719 4.871119
v 2.511832 -0.870420 4.858070
v 2.518190 -0.870420 4.871119
v 2.512051 -0.871992 4.857964
v 2.518409 -0.871992 4.871012
v 2.512456 -0.873195 4.857766
v 2.518815 -0.873195 4.870814
v 2.512986 -0.873846 4.857508
v 2.519344 -0.873846 4.870556
v 2.513272 -0.873930 4.857368
v 2.519630 -0.873930 4.870417
v 2.513559 -0.873846 4.857229
v 2.519917 -0.873846 4.870277
v 2.513834 -0.873598 4.857094
v 2.520192 -0.873598 4.870142
v 2.514088 -0.873195 4.856971
v 2.520446 -0.873195 4.870019
v 2.514311 -0.872653 4.856863
v 2.520669 -0.872653 4.869911
v 2.514493 -0.871992 4.856773
v 2.520852 -0.871992 4.869822
v 2.514629 -0.871238 4.856707
v 2.520987 -0.871238 4.869755
v 2.514713 -0.870420 4.856667
v 2.521071 -0.870420 4.869715
v 2.512274 -0.865516 4.858019
v 2.512274 -0.874055 4.858019
v 2.519461 -0.865516 4.854037
v 2.519461 -0.874055 4.854037
v 2.518737 -0.865516 4.870765
v 2.518737 -0.874055 4.870765
v 2.525924 -0.865516 4.866783
v 2.525924 -0.874055 4.866783
v 2.512127 -0.865240 4.857730
v 2.512127 -0.874331 4.857730
v 2.519315 -0.874331 4.853748
v 2.519315 -0.865240 4.853748
v 2.526071 -0.865240 4.867072
v 2.526071 -0.874331 4.867072
v 2.518883 -0.874331 4.871054
v 2.518883 -0.865240 4.871054
v 2.514741 -1.058691 4.856653
v 2.521099 -1.058691 4.869701
v 2.514713 -1.059541 4.856667
v 2.521071 -1.059541 4.869715
v 2.514629 -1.060359 4.856707
v 2.520987 -1.060359 4.869755
v 2.514493 -1.061113 4.856773
v 2.520852 -1.061113 4.869822
v 2.514311 -1.061774 4.856863
v 2.520669 -1.061774 4.869911
v 2.514088 -1.062316 4.856971
v 2.520446 -1.062316 4.870019
v 2.513834 -1.062719 4.857095
v 2.520192 -1.062719 4.870142
v 2.513559 -1.062967 4.857229
v 2.519917 -1.062967 4.870277
v 2.513272 -1.063051 4.857368
v 2.519630 -1.063051 4.870417
v 2.512986 -1.062967 4.857508
v 2.519344 -1.062967 4.870556
v 2.512710 -1.062719 4.857642
v 2.519068 -1.062719 4.870690
v 2.512234 -1.061774 4.857874
v 2.518592 -1.061774 4.870923
v 2.511915 -1.060359 4.858029
v 2.518274 -1.060359 4.871078
v 2.511804 -1.058691 4.858084
v 2.518162 -1.058691 4.871132
v 2.511915 -1.057022 4.858029
v 2.518274 -1.057022 4.871078
v 2.512234 -1.055608 4.857874
v 2.518592 -1.055608 4.870923
v 2.512710 -1.054662 4.857642
v 2.519068 -1.054662 4.870690
v 2.512986 -1.054414 4.857508
v 2.519344 -1.054414 4.870556
v 2.513272 -1.054331 4.857368
v 2.519630 -1.054331 4.870417
v 2.513559 -1.054414 4.857229
v 2.519917 -1.054414 4.870277
v 2.513834 -1.054662 4.857095
v 2.520192 -1.054662 4.870142
v 2.514088 -1.055065 4.856971
v 2.520446 -1.055065 4.870019
v 2.514311 -1.055608 4.856863
v 2.520669 -1.055608 4.869911
v 2.514493 -1.056268 4.856773
v 2.520852 -1.056268 4.869822
v 2.514629 -1.057022 4.856707
v 2.520987 -1.057022 4.869755
v 2.514713 -1.057840 4.856667
v 2.521071 -1.057840 4.869715
v 2.512274 -1.062744 4.858019
v 2.512274 -1.054205 4.858019
v 2.519461 -1.062744 4.854037
v 2.519461 -1.054205 4.854037
v 2.518737 -1.062744 4.870765
v 2.518737 -1.054205 4.870765
v 2.525924 -1.062744 4.866783
v 2.525924 -1.054205 4.866783
v 2.512127 -1.063020 4.857730
v 2.512127 -1.053929 4.857730
v 2.519315 -1.053929 4.853748
v 2.519315 -1.063020 4.853748
v 2.526071 -1.063020 4.867072
v 2.526071 -1.053929 4.867072
v 2.518883 -1.053929 4.871054
v 2.518883 -1.063020 4.871054
v 2.476658 -0.869570 4.778501
v 2.470300 -0.869570 4.765453
v 2.476630 -0.868719 4.778514
v 2.470271 -0.868719 4.765466
v 2.476546 -0.867901 4.778555
v 2.470188 -0.867901 4.765507
v 2.476410 -0.867147 4.778621
v 2.470052 -0.867147 4.765574
v 2.476228 -0.866486 4.778710
v 2.469869 -0.866486 4.765662
v 2.476005 -0.865944 4.778819
v 2.469647 -0.865944 4.765771
v 2.475751 -0.865541 4.778943
v 2.469393 -0.865541 4.765894
v 2.475476 -0.865293 4.779077
v 2.469117 -0.865293 4.766029
v 2.475189 -0.865209 4.779216
v 2.468831 -0.865209 4.766168
v 2.474903 -0.865293 4.779356
v 2.468544 -0.865293 4.766308
v 2.474627 -0.865541 4.779490
v 2.468269 -0.865541 4.766442
v 2.474373 -0.865944 4.779614
v 2.468015 -0.865944 4.766566
v 2.473968 -0.867147 4.779811
v 2.467610 -0.867147 4.766763
v 2.473749 -0.868719 4.779918
v 2.467391 -0.868719 4.766870
v 2.473749 -0.870420 4.779918
v 2.467391 -0.870420 4.766870
v 2.473968 -0.871992 4.779811
v 2.467610 -0.871992 4.766763
v 2.474373 -0.873195 4.779614
v 2.468015 -0.873195 4.766566
v 2.474627 -0.873598 4.779490
v 2.468269 -0.873598 4.766442
v 2.474903 -0.873846 4.779356
v 2.468544 -0.873846 4.766308
v 2.475189 -0.873930 4.779216
v 2.468831 -0.873930 4.766168
v 2.475476 -0.873846 4.779077
v 2.469117 -0.873846 4.766029
v 2.475751 -0.873598 4.778943
v 2.469393 -0.873598 4.765894
v 2.476005 -0.873195 4.778819
v 2.469647 -0.873195 4.765771
v 2.476228 -0.872653 4.778710
v 2.469869 -0.872653 4.765662
v 2.476410 -0.871992 4.778621
v 2.470052 -0.871992 4.765574
v 2.476546 -0.871238 4.778555
v 2.470188 -0.871238 4.765507
v 2.476630 -0.870420 4.778514
v 2.470271 -0.870420 4.765466
v 2.474061 -0.865516 4.779602
v 2.474061 -0.874055 4.779602
v 2.481627 -0.865516 4.776395
v 2.481627 -0.874055 4.776395
v 2.468006 -0.865516 4.766657
v 2.468006 -0.874055 4.766657
v 2.475571 -0.865516 4.763450
v 2.475571 -0.874055 4.763450
v 2.474199 -0.865240 4.779895
v 2.474199 -0.874331 4.779895
v 2.481764 -0.874331 4.776689
v 2.481764 -0.865240 4.776689
v 2.475434 -0.865240 4.763157
v 2.475434 -0.874331 4.763157
v 2.467868 -0.874331 4.766364
v 2.467868 -0.865240 4.766364
v 2.476658 -1.058691 4.778501
v 2.470300 -1.058691 4.765453
v 2.476630 -1.059541 4.778514
v 2.470271 -1.059541 4.765466
v 2.476546 -1.060359 4.778555
v 2.470188 -1.060359 4.765507
v 2.476410 -1.061113 4.778621
v 2.470052 -1.061113 4.765574
v 2.476228 -1.061774 4.778710
v 2.469869 -1.061774 4.765662
v 2.476005 -1.062316 4.778819
v 2.469647 -1.062316 4.765771
v 2.475751 -1.062719 4.778943
v 2.469393 -1.062719 4.765894
v 2.475476 -1.062967 4.779077
v 2.469117 -1.062967 4.766029
v 2.475189 -1.063051 4.779216
v 2.468831 -1.063051 4.766168
v 2.474903 -1.062967 4.779356
v 2.468544 -1.062967 4.766308
v 2.474627 -1.062719 4.779490
v 2.468269 -1.062719 4.766442
v 2.474151 -1.061774 4.779723
v 2.467793 -1.061774 4.766675
v 2.473832 -1.060359 4.779878
v 2.467474 -1.060359 4.766829
v 2.473721 -1.058691 4.779932
v 2.467362 -1.058691 4.766884
v 2.473832 -1.057022 4.779878
v 2.467474 -1.057022 4.766829
v 2.474151 -1.055608 4.779723
v 2.467793 -1.055608 4.766675
v 2.474627 -1.054662 4.779490
v 2.468269 -1.054662 4.766442
v 2.474903 -1.054414 4.779356
v 2.468544 -1.054414 4.766308
v 2.475189 -1.054331 4.779216
v 2.468831 -1.054331 4.766168
v 2.475476 -1.054414 4.779077
v 2.469117 -1.054414 4.766029
v 2.475751 -1.054662 4.778943
v 2.469393 -1.054662 4.765894
v 2.476005 -1.055065 4.778819
v 2.469647 -1.055065 4.765771
v 2.476228 -1.055608 4.778710
v 2.469869 -1.055608 4.765662
v 2.476410 -1.056268 4.778621
v 2.470052 -1.056268 4.765574
v 2.476546 -1.057022 4.778555
v 2.470188 -1.057022 4.765507
v 2.476630 -1.057840 4.778514
v 2.470271 -1.057840 4.765466
v 2.474061 -1.062744 4.779602
v 2.474061 -1.054205 4.779602
v 2.481627 -1.062744 4.776395
v 2.481627 -1.054205 4.776395
v 2.468006 -1.062744 4.766657
v 2.468006 -1.054205 4.766657
v 2.475571 -1.062744 4.763450
v 2.475571 -1.054205 4.763450
v 2.474199 -1.063020 4.779895
v 2.474199 -1.053929 4.779895
v 2.481764 -1.053929 4.776689
v 2.481764 -1.063020 4.776689
v 2.475434 -1.063020 4.763157
v 2.475434 -1.053929 4.763157
v 2.467868 -1.053929 4.766364
v 2.467868 -1.063020 4.766364
vn 0.8989 -0.0000 -0.4381
vn 0.8965 0.0743 -0.4368
vn 0.8883 0.1534 -0.4329
vn 0.8720 0.2429 -0.4249
vn 0.8418 0.3509 -0.4102
vn 0.7841 0.4891 -0.3821
vn 0.6666 0.6709 -0.3249
vn 0.4215 0.8833 -0.2054
vn -0.0000 1.0000 -0.0000
vn -0.4215 0.8833 0.2054
vn -0.6666 0.6709 0.3249
vn -0.8024 0.4509 0.3910
vn -0.8720 0.2429 0.4249
vn -0.8965 0.0743 0.4368
vn -0.8965 -0.0743 0.4368
vn -0.8720 -0.2429 0.4249
vn -0.7841 -0.4891 0.3821
vn -0.4996 -0.8313 0.2434
vn -0.0000 -1.0000 -0.0000
vn 0.4215 -0.8833 -0.2054
vn 0.6667 -0.6709 -0.3249
vn 0.7841 -0.4891 -0.3821
vn 0.8418 -0.3509 -0.4102
vn 0.8720 -0.2429 -0.4249
vn 0.8883 -0.1534 -0.4329
vn 0.4381 -0.0000 0.8989
vn 0.8965 -0.0743 -0.4368
vn -0.4381 -0.0000 -0.8989
vn -0.4846 -0.0000 -0.8747
vn 0.4846 -0.0000 0.8747
vn -0.8919 -0.0000 0.4523
vn 0.8919 -0.0000 -0.4523
vn 0.6666 -0.6709 -0.3249
vn -0.4215 -0.8833 0.2054
vn -0.7046 -0.6210 0.3434
vn -0.8418 -0.3509 0.4102
vn -0.8883 -0.1534 0.4329
vn -0.8989 -0.0000 0.4381
vn -0.8883 0.1534 0.4329
vn -0.8418 0.3509 0.4102
vn -0.7046 0.6210 0.3434
vn 0.6667 0.6709 -0.3249
vn 0.8919 -0.0000 -0.4522
vn -0.8024 -0.4509 0.3910
vn -0.6667 -0.6709 0.3249
vn 0.3903 -0.0000 0.9207
vn -0.3903 -0.0000 -0.9207
vn -0.9058 -0.0000 0.4237
vn 0.9058 -0.0000 -0.4237
vt 0.500000 0.505000
vt 0.500000 0.505000
vt 0.500000 0.505000
vt 0.500000 0.505000
vt 0.500000 0.505000
vt 0.500000 0.505000
vt 0.500000 0.505000
vt 0.500000 0.505000
vt 0.500000 0.505000
vt 0.500000 0.505000
vt 0.500000 0.505000
vt 0.500000 0.505000
vt 0.500000 0.505000
vt 0.500000 0.505000
vt 0.500000 0.505000
vt 0.500000 0.505000
vt 0.500000 0.505000
vt 0.500000 0.505000
vt 0.500000 0.505000
vt 0.500000 0.505000
vt 0.500000 0.505000
vt 0.500000 0.505000
vt 0.500000 0.505000
vt 0.500000 0.505000
vt 0.500000 0.505000
vt 0.500000 0.505000
vt 0.500000 0.505000
vt 0.500000 0.505000
vt 0.500000 0.505000
vt 0.500000 0.505000
vt 0.500000 0.505000
vt 0.500000 0.505000
vt 0.500000 0.505000
vt 0.500000 0.505000
vt 0.500000 0.505000
vt 0.500000 0.505000
vt 0.500000 0.505000
vt 0.500000 0.505000
vt 0.500000 0.505000
vt 0.500000 0.505000
vt 0.500000 0.505000
vt 0.500000 0.505000
vt 0.500000 0.505000
vt 0.500000 0.505000
vt 0.500000 0.505000
vt 0.500000 0.505000
vt 0.500000 0.505000
vt 0.500000 0.505000
vt 0.500000 0.505000
vt 0.500000 0.505000
vt 0.500000 0.505000
vt 0.500000 0.505000
vt 0.382588 0.994578
vt 0.617412 0.994578
vt 0.382588 0.255422
vt 0.617412 0.255422
vt 0.382588 0.755422
vt 0.617412 0.755422
vt 0.382588 0.494578
vt 0.617412 0.494578
vt 0.375000 0.000000
vt 0.125000 0.750000
vt 0.375000 1.000000
vt 0.625000 0.000000
vt 0.875000 0.750000
vt 0.625000 1.000000
vt 0.875000 0.500000
vt 0.625000 0.250000
vt 0.125000 0.500000
vt 0.375000 0.250000
vt 0.375000 0.500000
vt 0.625000 0.500000
vt 0.625000 0.750000
vt 0.375000 0.750000
vt 0.500000 0.505000
vt 0.500000 0.505000
vt 0.500000 0.505000
vt 0.500000 0.505000
vt 0.500000 0.505000
vt 0.500000 0.505000
vt 0.500000 0.505000
vt 0.500000 0.505000
vt 0.500000 0.505000
vt 0.500000 0.505000
vt 0.500000 0.505000
vt 0.500000 0.505000
vt 0.500000 0.505000
vt 0.500000 0.505000
vt 0.500000 0.505000
vt 0.500000 0.505000
vt 0.500000 0.505000
vt 0.500000 0.505000
vt 0.500000 0.505000
vt 0.500000 0.505000
vt 0.500000 0.505000
vt 0.500000 0.505000
vt 0.500000 0.505000
vt 0.500000 0.505000
vt 0.500000 0.505000
vt 0.500000 0.505000
vt 0.500000 0.505000
vt 0.500000 0.505000
vt 0.500000 0.505000
vt 0.500000 0.505000
vt 0.500000 0.505000
vt 0.500000 0.505000
vt 0.500000 0.505000
vt 0.500000 0.505000
vt 0.500000 0.505000
vt 0.500000 0.505000
vt 0.500000 0.505000
vt 0.500000 0.505000
vt 0.500000 0.505000
vt 0.500000 0.505000
vt 0.500000 0.505000
vt 0.500000 0.505000
vt 0.500000 0.505000
vt 0.500000 0.505000
vt 0.500000 0.505000
vt 0.500000 0.505000
vt 0.500000 0.505000
vt 0.500000 0.505000
vt 0.500000 0.505000
vt 0.500000 0.505000
vt 0.500000 0.505000
vt 0.500000 0.505000
vt 0.382588 0.994578
vt 0.617412 0.994578
vt 0.382588 0.255422
vt 0.617412 0.255422
vt 0.382588 0.755422
vt 0.617412 0.755422
vt 0.382588 0.494578
vt 0.617412 0.494578
vt 0.375000 0.000000
vt 0.125000 0.750000
vt 0.375000 1.000000
vt 0.625000 0.000000
vt 0.875000 0.750000
vt 0.625000 1.000000
vt 0.875000 0.500000
vt 0.625000 0.250000
vt 0.125000 0.500000
vt 0.375000 0.250000
vt 0.375000 0.500000
vt 0.625000 0.500000
vt 0.625000 0.750000
vt 0.375000 0.750000
vt 0.500000 0.505000
vt 0.500000 0.505000
vt 0.500000 0.505000
vt 0.500000 0.505000
vt 0.500000 0.505000
vt 0.500000 0.505000
vt 0.500000 0.505000
vt 0.500000 0.505000
vt 0.500000 0.505000
vt 0.500000 0.505000
vt 0.500000 0.505000
vt 0.500000 0.505000
vt 0.500000 0.505000
vt 0.500000 0.505000
vt 0.500000 0.505000
vt 0.500000 0.505000
vt 0.500000 0.505000
vt 0.500000 0.505000
vt 0.500000 0.505000
vt 0.500000 0.505000
vt 0.500000 0.505000
vt 0.500000 0.505000
vt 0.500000 0.505000
vt 0.500000 0.505000
vt 0.500000 0.505000
vt 0.500000 0.505000
vt 0.500000 0.505000
vt 0.500000 0.505000
vt 0.500000 0.505000
vt 0.500000 0.505000
vt 0.500000 0.505000
vt 0.500000 0.505000
vt 0.500000 0.505000
vt 0.500000 0.505000
vt 0.500000 0.505000
vt 0.500000 0.505000
vt 0.500000 0.505000
vt 0.500000 0.505000
vt 0.500000 0.505000
vt 0.500000 0.505000
vt 0.500000 0.505000
vt 0.500000 0.505000
vt 0.500000 0.505000
vt 0.500000 0.505000
vt 0.500000 0.505000
vt 0.500000 0.505000
vt 0.500000 0.505000
vt 0.500000 0.505000
vt 0.500000 0.505000
vt 0.500000 0.505000
vt 0.500000 0.505000
vt 0.500000 0.505000
vt 0.500000 0.505000
vt 0.500000 0.505000
vt 0.382588 0.994578
vt 0.617412 0.994578
vt 0.382588 0.255422
vt 0.617412 0.255422
vt 0.382588 0.755422
vt 0.617412 0.755422
vt 0.382588 0.494578
vt 0.617412 0.494578
vt 0.375000 0.000000
vt 0.125000 0.750000
vt 0.375000 1.000000
vt 0.625000 0.000000
vt 0.875000 0.750000
vt 0.625000 1.000000
vt 0.875000 0.500000
vt 0.625000 0.250000
vt 0.125000 0.500000
vt 0.375000 0.250000
vt 0.375000 0.500000
vt 0.625000 0.500000
vt 0.625000 0.750000
vt 0.375000 0.750000
vt 0.500000 0.505000
vt 0.500000 0.505000
vt 0.500000 0.505000
vt 0.500000 0.505000
vt 0.500000 0.505000
vt 0.500000 0.505000
vt 0.500000 0.505000
vt 0.500000 0.505000
vt 0.500000 0.505000
vt 0.500000 0.505000
vt 0.500000 0.505000
vt 0.500000 0.505000
vt 0.500000 0.505000
vt 0.500000 0.505000
vt 0.500000 0.505000
vt 0.500000 0.505000
vt 0.500000 0.505000
vt 0.500000 0.505000
vt 0.500000 0.505000
vt 0.500000 0.505000
vt 0.500000 0.505000
vt 0.500000 0.505000
vt 0.500000 0.505000
vt 0.500000 0.505000
vt 0.500000 0.505000
vt 0.500000 0.505000
vt 0.500000 0.505000
vt 0.500000 0.505000
vt 0.500000 0.505000
vt 0.500000 0.505000
vt 0.500000 0.505000
vt 0.500000 0.505000
vt 0.500000 0.505000
vt 0.500000 0.505000
vt 0.500000 0.505000
vt 0.500000 0.505000
vt 0.500000 0.505000
vt 0.500000 0.505000
vt 0.500000 0.505000
vt 0.500000 0.505000
vt 0.500000 0.505000
vt 0.500000 0.505000
vt 0.500000 0.505000
vt 0.500000 0.505000
vt 0.500000 0.505000
vt 0.500000 0.505000
vt 0.500000 0.505000
vt 0.500000 0.505000
vt 0.500000 0.505000
vt 0.500000 0.505000
vt 0.500000 0.505000
vt 0.500000 0.505000
vt 0.382588 0.994578
vt 0.617412 0.994578
vt 0.382588 0.255422
vt 0.617412 0.255422
vt 0.382588 0.755422
vt 0.617412 0.755422
vt 0.382588 0.494578
vt 0.617412 0.494578
vt 0.375000 0.000000
vt 0.125000 0.750000
vt 0.375000 1.000000
vt 0.625000 0.000000
vt 0.875000 0.750000
vt 0.625000 1.000000
vt 0.875000 0.500000
vt 0.625000 0.250000
vt 0.125000 0.500000
vt 0.375000 0.250000
vt 0.375000 0.500000
vt 0.625000 0.500000
vt 0.625000 0.750000
vt 0.375000 0.750000
s 1
usemtl Black_Plastic
f 6584/6898/1329 6586/6900/1330 6587/6901/1330 6585/6899/1329
f 6586/6900/1330 6588/6902/1331 6589/6903/1331 6587/6901/1330
f 6588/6902/1331 6590/6904/1332 6591/6905/1332 6589/6903/1331
f 6590/6904/1332 6592/6906/1333 6593/6907/1333 6591/6905/1332
f 6592/6906/1333 6594/6908/1334 6595/6909/1334 6593/6907/1333
f 6594/6908/1334 6596/6910/1335 6597/6911/1335 6595/6909/1334
f 6596/6910/1335 6598/6912/1336 6599/6913/1336 6597/6911/1335
f 6598/6912/1336 6600/6914/1337 6601/6915/1337 6599/6913/1336
f 6600/6914/1337 6602/6916/1338 6603/6917/1338 6601/6915/1337
f 6602/6916/1338 6604/6918/1339 6605/6919/1339 6603/6917/1338
f 6604/6918/1339 6606/6920/1340 6607/6921/1340 6605/6919/1339
f 6609/6923/1341 6608/6922/1341 6610/6924/1342 6611/6925/1342
f 6611/6925/1342 6610/6924/1342 6612/6926/1343 6613/6927/1343
f 6613/6927/1343 6612/6926/1343 6614/6928/1344 6615/6929/1344
f 6615/6929/1344 6614/6928/1344 6616/6930/1345 6617/6931/1345
f 6617/6931/1345 6616/6930/1345 6618/6932/1346 6619/6933/1346
f 6618/6932/1346 6620/6934/1347 6621/6935/1347 6619/6933/1346
f 6620/6934/1347 6622/6936/1348 6623/6937/1348 6621/6935/1347
f 6622/6936/1348 6624/6938/1349 6625/6939/1349 6623/6937/1348
f 6624/6938/1349 6626/6940/1350 6627/6941/1350 6625/6939/1349
f 6626/6940/1350 6628/6942/1351 6629/6943/1351 6627/6941/1350
f 6628/6942/1351 6630/6944/1352 6631/6945/1352 6629/6943/1351
f 6630/6944/1352 6632/6946/1353 6633/6947/1353 6631/6945/1352
f 6587/6901/1354 6589/6903/1354 6591/6905/1354 6593/6907/1354 6595/6909/1354 6597/6911/1354 6599/6913/1354 6601/6915/1354 6603/6917/1354 6605/6919/1354 6607/6921/1354 6609/6923/1354 6611/6925/1354 6613/6927/1354 6615/6929/1354 6617/6931/1354 6619/6933/1354 6621/6935/1354 6623/6937/1354 6625/6939/1354 6627/6941/1354 6629/6943/1354 6631/6945/1354 6633/6947/1354 6635/6949/1354 6585/6899/1354
f 6632/6946/1353 6634/6948/1355 6635/6949/1355 6633/6947/1353
f 6634/6948/1355 6584/6898/1329 6585/6899/1329 6635/6949/1355
f 6584/6898/1356 6634/6948/1356 6632/6946/1356 6630/6944/1356 6628/6942/1356 6626/6940/1356 6624/6938/1356 6622/6936/1356 6620/6934/1356 6618/6932/1356 6616/6930/1356 6614/6928/1356 6612/6926/1356 6610/6924/1356 6608/6922/1356 6606/6920/1356 6604/6918/1356 6602/6916/1356 6600/6914/1356 6598/6912/1356 6596/6910/1356 6594/6908/1356 6592/6906/1356 6590/6904/1356 6588/6902/1356 6586/6900/1356
s 0
f 6644/6958/1357 6647/6967/1357 6646/6965/1357 6645/6961/1357
f 6643/6957/1357 6641/6955/1357 6640/6954/1357 6642/6956/1357
f 6648/6968/1358 6651/6971/1358 6650/6970/1358 6649/6969/1358
f 6639/6953/1337 6637/6951/1337 6641/6955/1337 6643/6957/1337
f 6647/6966/1337 6644/6959/1337 6651/6971/1337 6648/6968/1337
f 6649/6969/1347 6650/6970/1347 6645/6962/1347 6646/6964/1347
f 6636/6950/1359 6644/6960/1359 6645/6963/1359 6637/6951/1359
f 6639/6953/1360 6646/6965/1360 6647/6967/1360 6638/6952/1360
f 6638/6952/1360 6647/6967/1360 6648/6968/1360 6642/6956/1360
f 6643/6957/1360 6649/6969/1360 6646/6965/1360 6639/6953/1360
f 6642/6956/1360 6648/6968/1360 6649/6969/1360 6643/6957/1360
f 6641/6955/1359 6650/6970/1359 6651/6971/1359 6640/6954/1359
f 6640/6954/1359 6651/6971/1359 6644/6960/1359 6636/6950/1359
f 6637/6951/1359 6645/6963/1359 6650/6970/1359 6641/6955/1359
f 6642/6956/1347 6640/6954/1347 6636/6950/1347 6638/6952/1347
f 6638/6952/1358 6636/6950/1358 6637/6951/1358 6639/6953/1358
s 1
f 6652/6972/1329 6653/6973/1329 6655/6975/1355 6654/6974/1355
f 6654/6974/1355 6655/6975/1355 6657/6977/1353 6656/6976/1353
f 6656/6976/1353 6657/6977/1353 6659/6979/1352 6658/6978/1352
f 6658/6978/1352 6659/6979/1352 6661/6981/1351 6660/6980/1351
f 6660/6980/1351 6661/6981/1351 6663/6983/1350 6662/6982/1350
f 6662/6982/1350 6663/6983/1350 6665/6985/1361 6664/6984/1361
f 6664/6984/1361 6665/6985/1361 6667/6987/1348 6666/6986/1348
f 6666/6986/1348 6667/6987/1348 6669/6989/1347 6668/6988/1347
f 6668/6988/1347 6669/6989/1347 6671/6991/1362 6670/6990/1362
f 6670/6990/1362 6671/6991/1362 6673/6993/1363 6672/6992/1363
f 6674/6994/1364 6675/6995/1364 6677/6997/1365 6676/6996/1365
f 6676/6996/1365 6677/6997/1365 6679/6999/1366 6678/6998/1366
f 6678/6998/1366 6679/6999/1366 6681/7001/1367 6680/7000/1367
f 6680/7000/1367 6681/7001/1367 6683/7003/1368 6682/7002/1368
f 6682/7002/1368 6683/7003/1368 6685/7005/1369 6684/7004/1369
f 6684/7004/1369 6685/7005/1369 6687/7007/1338 6686/7006/1338
f 6686/7006/1338 6687/7007/1338 6689/7009/1337 6688/7008/1337
f 6688/7008/1337 6689/7009/1337 6691/7011/1336 6690/7010/1336
f 6690/7010/1336 6691/7011/1336 6693/7013/1370 6692/7012/1370
f 6692/7012/1370 6693/7013/1370 6695/7015/1334 6694/7014/1334
f 6694/7014/1334 6695/7015/1334 6697/7017/1333 6696/7016/1333
f 6696/7016/1333 6697/7017/1333 6699/7019/1332 6698/7018/1332
f 6698/7018/1332 6699/7019/1332 6701/7021/1331 6700/7020/1331
f 6655/6975/1354 6653/6973/1354 6703/7023/1354 6701/7021/1354 6699/7019/1354 6697/7017/1354 6695/7015/1354 6693/7013/1354 6691/7011/1354 6689/7009/1354 6687/7007/1354 6685/7005/1354 6683/7003/1354 6681/7001/1354 6679/6999/1354 6677/6997/1354 6675/6995/1354 6673/6993/1354 6671/6991/1354 6669/6989/1354 6667/6987/1354 6665/6985/1354 6663/6983/1354 6661/6981/1354 6659/6979/1354 6657/6977/1354
f 6700/7020/1331 6701/7021/1331 6703/7023/1330 6702/7022/1330
f 6702/7022/1330 6703/7023/1330 6653/6973/1329 6652/6972/1329
f 6652/6972/1356 6654/6974/1356 6656/6976/1356 6658/6978/1356 6660/6980/1356 6662/6982/1356 6664/6984/1356 6666/6986/1356 6668/6988/1356 6670/6990/1356 6672/6992/1356 6674/6994/1356 6676/6996/1356 6678/6998/1356 6680/7000/1356 6682/7002/1356 6684/7004/1356 6686/7006/1356 6688/7008/1356 6690/7010/1356 6692/7012/1356 6694/7014/1356 6696/7016/1356 6698/7018/1356 6700/7020/1356 6702/7022/1356
s 0
f 6712/7032/1357 6713/7035/1357 6714/7039/1357 6715/7041/1357
f 6711/7031/1357 6710/7030/1357 6708/7028/1357 6709/7029/1357
f 6716/7042/1358 6717/7043/1358 6718/7044/1358 6719/7045/1358
f 6707/7027/1347 6711/7031/1347 6709/7029/1347 6705/7025/1347
f 6715/7040/1347 6716/7042/1347 6719/7045/1347 6712/7033/1347
f 6717/7043/1337 6714/7038/1337 6713/7036/1337 6718/7044/1337
f 6704/7024/1359 6705/7025/1359 6713/7037/1359 6712/7034/1359
f 6707/7027/1360 6706/7026/1360 6715/7041/1360 6714/7039/1360
f 6706/7026/1360 6710/7030/1360 6716/7042/1360 6715/7041/1360
f 6711/7031/1360 6707/7027/1360 6714/7039/1360 6717/7043/1360
f 6710/7030/1371 6711/7031/1371 6717/7043/1371 6716/7042/1371
f 6709/7029/1359 6708/7028/1359 6719/7045/1359 6718/7044/1359
f 6708/7028/1359 6704/7024/1359 6712/7034/1359 6719/7045/1359
f 6705/7025/1359 6709/7029/1359 6718/7044/1359 6713/7037/1359
f 6710/7030/1337 6706/7026/1337 6704/7024/1337 6708/7028/1337
f 6706/7026/1358 6707/7027/1358 6705/7025/1358 6704/7024/1358
s 1
f 6720/7046/1329 6721/7047/1329 6723/7049/1330 6722/7048/1330
f 6722/7048/1330 6723/7049/1330 6725/7051/1331 6724/7050/1331
f 6724/7050/1331 6725/7051/1331 6727/7053/1332 6726/7052/1332
f 6726/7052/1332 6727/7053/1332 6729/7055/1333 6728/7054/1333
f 6728/7054/1333 6729/7055/1333 6731/7057/1334 6730/7056/1334
f 6730/7056/1334 6731/7057/1334 6733/7059/1335 6732/7058/1335
f 6732/7058/1335 6733/7059/1335 6735/7061/1336 6734/7060/1336
f 6734/7060/1336 6735/7061/1336 6737/7063/1337 6736/7062/1337
f 6736/7062/1337 6737/7063/1337 6739/7065/1338 6738/7064/1338
f 6738/7064/1338 6739/7065/1338 6741/7067/1339 6740/7066/1339
f 6740/7066/1339 6741/7067/1339 6743/7069/1340 6742/7068/1340
f 6744/7070/1341 6745/7071/1341 6747/7073/1342 6746/7072/1342
f 6746/7072/1342 6747/7073/1342 6749/7075/1343 6748/7074/1343
f 6748/7074/1343 6749/7075/1343 6751/7077/1344 6750/7076/1344
f 6750/7076/1344 6751/7077/1344 6753/7079/1372 6752/7078/1372
f 6607/6921/1340 6606/6920/1340 6608/6922/1341 6609/6923/1341
f 6752/7078/1372 6753/7079/1372 6755/7081/1373 6754/7080/1373
f 6754/7080/1373 6755/7081/1373 6757/7083/1362 6756/7082/1362
f 6756/7082/1362 6757/7083/1362 6759/7085/1347 6758/7084/1347
f 6758/7084/1347 6759/7085/1347 6761/7087/1348 6760/7086/1348
f 6760/7086/1348 6761/7087/1348 6763/7089/1349 6762/7088/1349
f 6762/7088/1349 6763/7089/1349 6765/7091/1350 6764/7090/1350
f 6764/7090/1350 6765/7091/1350 6767/7093/1351 6766/7092/1351
f 6766/7092/1351 6767/7093/1351 6769/7095/1352 6768/7094/1352
f 6768/7094/1352 6769/7095/1352 6771/7097/1353 6770/7096/1353
f 6723/7049/1356 6721/7047/1356 6773/7099/1356 6771/7097/1356 6769/7095/1356 6767/7093/1356 6765/7091/1356 6763/7089/1356 6761/7087/1356 6759/7085/1356 6757/7083/1356 6755/7081/1356 6753/7079/1356 6751/7077/1356 6749/7075/1356 6747/7073/1356 6745/7071/1356 6743/7069/1356 6741/7067/1356 6739/7065/1356 6737/7063/1356 6735/7061/1356 6733/7059/1356 6731/7057/1356 6729/7055/1356 6727/7053/1356 6725/7051/1356
f 6770/7096/1353 6771/7097/1353 6773/7099/1355 6772/7098/1355
f 6772/7098/1355 6773/7099/1355 6721/7047/1329 6720/7046/1329
f 6720/7046/1354 6722/7048/1354 6724/7050/1354 6726/7052/1354 6728/7054/1354 6730/7056/1354 6732/7058/1354 6734/7060/1354 6736/7062/1354 6738/7064/1354 6740/7066/1354 6742/7068/1354 6744/7070/1354 6746/7072/1354 6748/7074/1354 6750/7076/1354 6752/7078/1354 6754/7080/1354 6756/7082/1354 6758/7084/1354 6760/7086/1354 6762/7088/1354 6764/7090/1354 6766/7092/1354 6768/7094/1354 6770/7096/1354 6772/7098/1354
s 0
f 6782/7108/1374 6783/7111/1374 6784/7115/1374 6785/7117/1374
f 6781/7107/1374 6780/7106/1374 6778/7104/1374 6779/7105/1374
f 6786/7118/1375 6787/7119/1375 6788/7120/1375 6789/7121/1375
f 6777/7103/1337 6781/7107/1337 6779/7105/1337 6775/7101/1337
f 6785/7116/1337 6786/7118/1337 6789/7121/1337 6782/7109/1337
f 6787/7119/1347 6784/7114/1347 6783/7112/1347 6788/7120/1347
f 6774/7100/1376 6775/7101/1376 6783/7113/1376 6782/7110/1376
f 6777/7103/1377 6776/7102/1377 6785/7117/1377 6784/7115/1377
f 6776/7102/1377 6780/7106/1377 6786/7118/1377 6785/7117/1377
f 6781/7107/1377 6777/7103/1377 6784/7115/1377 6787/7119/1377
f 6780/7106/1377 6781/7107/1377 6787/7119/1377 6786/7118/1377
f 6779/7105/1376 6778/7104/1376 6789/7121/1376 6788/7120/1376
f 6778/7104/1376 6774/7100/1376 6782/7110/1376 6789/7121/1376
f 6775/7101/1376 6779/7105/1376 6788/7120/1376 6783/7113/1376
f 6780/7106/1347 6776/7102/1347 6774/7100/1347 6778/7104/1347
f 6776/7102/1375 6777/7103/1375 6775/7101/1375 6774/7100/1375
s 1
f 6790/7122/1329 6792/7124/1355 6793/7125/1355 6791/7123/1329
f 6792/7124/1355 6794/7126/1353 6795/7127/1353 6793/7125/1355
f 6794/7126/1353 6796/7128/1352 6797/7129/1352 6795/7127/1353
f 6796/7128/1352 6798/7130/1351 6799/7131/1351 6797/7129/1352
f 6798/7130/1351 6800/7132/1350 6801/7133/1350 6799/7131/1351
f 6800/7132/1350 6802/7134/1361 6803/7135/1361 6801/7133/1350
f 6802/7134/1361 6804/7136/1348 6805/7137/1348 6803/7135/1361
f 6804/7136/1348 6806/7138/1347 6807/7139/1347 6805/7137/1348
f 6806/7138/1347 6808/7140/1362 6809/7141/1362 6807/7139/1347
f 6808/7140/1362 6810/7142/1363 6811/7143/1363 6809/7141/1362
f 6813/7145/1364 6812/7144/1364 6814/7146/1365 6815/7147/1365
f 6815/7147/1365 6814/7146/1365 6816/7148/1366 6817/7149/1366
f 6817/7149/1366 6816/7148/1366 6818/7150/1367 6819/7151/1367
f 6819/7151/1367 6818/7150/1367 6820/7152/1368 6821/7153/1368
f 6821/7153/1368 6820/7152/1368 6822/7154/1369 6823/7155/1369
f 6742/7068/1340 6743/7069/1340 6745/7071/1341 6744/7070/1341
f 6822/7154/1369 6824/7156/1338 6825/7157/1338 6823/7155/1369
f 6824/7156/1338 6826/7158/1337 6827/7159/1337 6825/7157/1338
f 6826/7158/1337 6828/7160/1336 6829/7161/1336 6827/7159/1337
f 6828/7160/1336 6830/7162/1370 6831/7163/1370 6829/7161/1336
f 6830/7162/1370 6832/7164/1334 6833/7165/1334 6831/7163/1370
f 6832/7164/1334 6834/7166/1333 6835/7167/1333 6833/7165/1334
f 6834/7166/1333 6836/7168/1332 6837/7169/1332 6835/7167/1333
f 6836/7168/1332 6838/7170/1331 6839/7171/1331 6837/7169/1332
f 6793/7125/1356 6795/7127/1356 6797/7129/1356 6799/7131/1356 6801/7133/1356 6803/7135/1356 6805/7137/1356 6807/7139/1356 6809/7141/1356 6811/7143/1356 6813/7145/1356 6815/7147/1356 6817/7149/1356 6819/7151/1356 6821/7153/1356 6823/7155/1356 6825/7157/1356 6827/7159/1356 6829/7161/1356 6831/7163/1356 6833/7165/1356 6835/7167/1356 6837/7169/1356 6839/7171/1356 6841/7173/1356 6791/7123/1356
f 6838/7170/1331 6840/7172/1330 6841/7173/1330 6839/7171/1331
f 6840/7172/1330 6790/7122/1329 6791/7123/1329 6841/7173/1330
f 6790/7122/1354 6840/7172/1354 6838/7170/1354 6836/7168/1354 6834/7166/1354 6832/7164/1354 6830/7162/1354 6828/7160/1354 6826/7158/1354 6824/7156/1354 6822/7154/1354 6820/7152/1354 6818/7150/1354 6816/7148/1354 6814/7146/1354 6812/7144/1354 6810/7142/1354 6808/7140/1354 6806/7138/1354 6804/7136/1354 6802/7134/1354 6800/7132/1354 6798/7130/1354 6796/7128/1354 6794/7126/1354 6792/7124/1354
s 0
f 6850/7182/1374 6853/7191/1374 6852/7189/1374 6851/7185/1374
f 6849/7181/1374 6847/7179/1374 6846/7178/1374 6848/7180/1374
f 6854/7192/1375 6857/7195/1375 6856/7194/1375 6855/7193/1375
f 6845/7177/1347 6843/7175/1347 6847/7179/1347 6849/7181/1347
f 6853/7190/1347 6850/7183/1347 6857/7195/1347 6854/7192/1347
f 6855/7193/1337 6856/7194/1337 6851/7186/1337 6852/7188/1337
f 6842/7174/1376 6850/7184/1376 6851/7187/1376 6843/7175/1376
f 6845/7177/1377 6852/7189/1377 6853/7191/1377 6844/7176/1377
f 6844/7176/1377 6853/7191/1377 6854/7192/1377 6848/7180/1377
f 6849/7181/1377 6855/7193/1377 6852/7189/1377 6845/7177/1377
f 6848/7180/1377 6854/7192/1377 6855/7193/1377 6849/7181/1377
f 6847/7179/1376 6856/7194/1376 6857/7195/1376 6846/7178/1376
f 6846/7178/1376 6857/7195/1376 6850/7184/1376 6842/7174/1376
f 6843/7175/1376 6851/7187/1376 6856/7194/1376 6847/7179/1376
f 6848/7180/1337 6846/7178/1337 6842/7174/1337 6844/7176/1337
f 6844/7176/1375 6842/7174/1375 6843/7175/1375 6845/7177/1375
s 1
f 6672/6992/1363 6673/6993/1363 6675/6995/1364 6674/6994/1364
f 6811/7143/1363 6810/7142/1363 6812/7144/1364 6813/7145/1364
o Plane.003
v 2.542823 -0.951949 4.885655
v 2.542823 -0.952805 4.885655
v 2.541422 -0.951949 4.882835
v 2.541422 -0.952805 4.882835
v 2.542823 -0.954766 4.885655
v 2.542823 -0.955622 4.885655
v 2.541422 -0.954766 4.882835
v 2.541422 -0.955622 4.882835
v 2.542823 -0.957582 4.885655
v 2.542823 -0.958438 4.885655
v 2.541422 -0.957582 4.882835
v 2.541422 -0.958438 4.882835
v 2.542823 -0.960398 4.885655
v 2.542823 -0.961254 4.885655
v 2.541422 -0.960398 4.882835
v 2.541422 -0.961254 4.882835
vn 0.8955 -0.0000 -0.4450
vt 0.000000 0.000000
vt 1.000000 0.000000
vt 0.000000 1.000000
vt 1.000000 1.000000
vt 0.000000 0.000000
vt 1.000000 0.000000
vt 0.000000 1.000000
vt 1.000000 1.000000
vt 0.000000 0.000000
vt 1.000000 0.000000
vt 0.000000 1.000000
vt 1.000000 1.000000
vt 0.000000 0.000000
vt 1.000000 0.000000
vt 0.000000 1.000000
vt 1.000000 1.000000
s 0
usemtl Brushed_Gold_With_Imperfections
f 6858/7196/1378 6859/7197/1378 6861/7199/1378 6860/7198/1378
f 6862/7200/1378 6863/7201/1378 6865/7203/1378 6864/7202/1378
f 6866/7204/1378 6867/7205/1378 6869/7207/1378 6868/7206/1378
f 6870/7208/1378 6871/7209/1378 6873/7211/1378 6872/7210/1378
o Plane.004
v 2.542823 -0.927611 4.885655
v 2.542823 -0.928467 4.885655
v 2.541422 -0.927611 4.882835
v 2.541422 -0.928467 4.882835
v 2.542823 -0.930427 4.885655
v 2.542823 -0.931283 4.885655
v 2.541422 -0.930427 4.882835
v 2.541422 -0.931283 4.882835
v 2.542823 -0.933244 4.885655
v 2.542823 -0.934100 4.885655
v 2.541422 -0.933244 4.882835
v 2.541422 -0.934100 4.882835
v 2.542823 -0.936060 4.885655
v 2.542823 -0.936916 4.885655
v 2.541422 -0.936060 4.882835
v 2.541422 -0.936916 4.882835
vn 0.8955 -0.0000 -0.4450
vt 0.000000 0.000000
vt 1.000000 0.000000
vt 0.000000 1.000000
vt 1.000000 1.000000
vt 0.000000 0.000000
vt 1.000000 0.000000
vt 0.000000 1.000000
vt 1.000000 1.000000
vt 0.000000 0.000000
vt 1.000000 0.000000
vt 0.000000 1.000000
vt 1.000000 1.000000
vt 0.000000 0.000000
vt 1.000000 0.000000
vt 0.000000 1.000000
vt 1.000000 1.000000
s 0
usemtl Brushed_Gold_With_Imperfections
f 6874/7212/1379 6875/7213/1379 6877/7215/1379 6876/7214/1379
f 6878/7216/1379 6879/7217/1379 6881/7219/1379 6880/7218/1379
f 6882/7220/1379 6883/7221/1379 6885/7223/1379 6884/7222/1379
f 6886/7224/1379 6887/7225/1379 6889/7227/1379 6888/7226/1379
