# This file uses centimeters as units for non-parametric coordinates.

mtllib paper.mtl
g default
v 5.056792 0.892807 -17.861927
v 5.090112 0.782765 -17.250120
v 5.074192 0.710891 -16.569443
v 5.071270 0.342996 -15.888491
v 5.070262 0.445370 -15.899298
v 5.076706 0.784902 -16.575953
v 5.092148 0.848581 -17.209875
v 5.058233 0.960027 -17.824135
v 5.049876 1.167499 -18.159668
v 5.051304 1.592729 -18.226904
v 5.060024 1.968200 -18.042057
v 5.068051 2.198529 -17.598637
v 5.093712 2.323759 -16.304773
v 5.073526 2.339694 -14.125505
v 5.071096 2.410885 -14.125500
v 5.091618 2.394634 -16.295887
v 5.072072 2.267200 -17.596117
v 5.096143 2.010732 -18.187962
v 5.086131 1.618635 -18.387737
v 5.054213 1.143488 -18.275108
v -0.126983 0.892808 -18.354481
v 0.067981 0.782766 -17.530369
v -0.025406 0.710891 -16.605276
v -0.046988 0.342996 -15.888491
v -0.046988 0.445370 -15.899298
v -0.025413 0.784901 -16.611788
v 0.067987 0.848581 -17.490128
v -0.126983 0.960027 -18.316689
v -0.163076 1.167499 -18.681633
v -0.163069 1.592447 -18.753159
v -0.163076 1.967450 -18.597454
v -0.126983 2.203926 -18.141590
v 0.067987 2.324706 -16.592709
v -0.046988 2.339694 -14.125505
v -0.046988 2.410885 -14.125500
v 0.067981 2.395577 -16.583792
v -0.095666 2.272576 -18.172112
v 0.056094 2.009985 -18.975857
v 0.056081 1.618353 -19.146601
v -0.131766 1.143487 -18.830305
v -5.177366 0.892808 -17.861927
v -5.145701 0.782766 -17.250120
v -5.160910 0.710891 -16.569443
v -5.165189 0.342996 -15.888491
v -5.162131 0.445371 -15.899298
v -5.161382 0.784901 -16.575953
v -5.145688 0.848581 -17.209877
v -5.176752 0.960027 -17.824135
v -5.180437 1.167499 -18.159668
v -5.180353 1.592447 -18.231194
v -5.180126 1.967450 -18.075489
v -5.176888 2.203926 -17.649036
v -5.145888 2.324706 -16.312460
v -5.165396 2.339694 -14.125505
v -5.165014 2.410885 -14.125500
v -5.145850 2.395577 -16.303541
v -5.172538 2.272576 -17.646324
v -5.145294 2.009985 -18.221264
v -5.144176 1.618353 -18.392012
v -5.176377 1.143488 -18.275108
v 2.512755 0.445370 -15.899298
v 2.528565 0.784902 -16.597454
v 0.039340 0.833561 -17.037712
v 5.087733 0.833561 -16.894375
v 2.590765 0.848581 -17.378027
v -0.018703 0.893209 -17.939775
v 5.077146 0.893209 -17.535456
v 2.460076 0.960027 -18.119667
v -0.163069 1.041619 -18.550894
v 5.050936 1.041619 -18.028929
v 2.434842 1.167499 -18.472847
v -0.163069 1.367181 -18.748146
v 5.049708 1.367181 -18.226179
v 2.434803 1.592446 -18.544374
v -0.163069 1.795078 -18.699404
v 5.055538 1.796209 -18.160275
v 2.434687 1.967450 -18.388668
v -0.163069 2.101940 -18.457884
v 5.062318 2.099285 -17.888016
v 2.460141 2.203926 -17.944569
v -0.018710 2.278784 -17.509472
v 5.082821 2.274997 -17.074415
v 2.590868 2.324706 -16.480610
v 2.514384 2.339694 -14.125505
v 2.514384 2.410885 -14.125500
v 2.591043 2.395577 -16.471693
v -0.018703 2.350629 -17.490541
v 5.081121 2.346857 -17.055599
v 2.481639 2.272576 -17.961796
v -0.037842 2.158148 -18.661236
v 5.082588 2.155501 -17.958622
v 2.581832 2.009986 -18.674021
v 0.087398 1.830731 -19.133909
v 5.096207 1.831857 -18.328987
v 2.581270 1.618352 -18.844765
v -0.037836 1.370818 -19.025139
v 5.069202 1.370818 -18.370245
v 2.456489 1.143487 -18.608227
v -0.163063 0.991719 -18.622883
v 5.049889 0.991719 -18.100916
v -5.159914 0.824041 -17.572393
v -2.661194 0.892807 -18.157459
v -2.531631 0.782765 -17.418268
v -5.150297 0.766323 -16.912914
v -2.593714 0.710890 -16.590942
v -2.608445 0.342996 -15.888491
v -2.606725 0.445371 -15.899298
v -2.593759 0.784902 -16.597454
v -5.150820 0.833562 -16.894375
v -2.531430 0.848581 -17.378027
v -5.159585 0.893209 -17.535456
v -2.660703 0.960028 -18.119667
v -5.181490 1.041619 -18.028929
v -2.683598 1.167499 -18.472847
v -5.180275 1.367181 -18.226179
v -2.683546 1.592446 -18.544374
v -5.180049 1.795078 -18.177439
v -2.683436 1.967450 -18.388668
v -5.181367 2.101940 -17.935919
v -2.660761 2.203926 -17.944569
v -5.159804 2.278784 -17.105156
v -2.531534 2.324706 -16.480610
v -2.608361 2.339694 -14.125505
v -2.608361 2.410885 -14.125500
v -2.531708 2.395577 -16.471693
v -5.160160 2.350629 -17.086224
v -2.640517 2.272576 -17.961796
v -5.161983 2.158148 -18.006342
v -2.538366 2.009986 -18.674021
v -5.139308 1.830731 -18.346087
v -2.537810 1.618352 -18.844765
v -5.160076 1.370818 -18.370245
v -2.663489 1.143487 -18.608227
v -5.182498 0.991719 -18.100916
v -10.274438 2.324706 -16.256409
v -10.275136 2.339694 -14.125505
v -10.273610 2.395577 -16.247494
v -10.273610 2.410885 -14.125500
v -10.272440 2.272576 -17.541168
v -10.271439 2.203926 -17.550528
v -10.268530 2.009986 -18.070349
v -10.265912 1.967451 -17.971096
v -10.272595 0.710890 -16.562275
v -10.273959 0.342996 -15.888491
v -10.268607 0.445371 -15.899298
v -10.274296 0.784902 -16.568787
v -10.266306 1.618352 -18.241093
v -10.268090 1.143488 -18.164068
v -10.266533 1.167500 -18.055275
v -10.266358 1.592446 -18.126802
v -10.271652 0.892807 -17.763416
v -10.273307 0.782765 -17.194069
v -10.274043 0.848581 -17.153826
v -10.271199 0.960028 -17.725624
v 10.177900 0.892807 -17.763416
v 10.179562 0.782765 -17.194069
v 10.178851 0.710890 -16.562275
v 10.180208 0.342996 -15.888491
v 10.183059 0.445370 -15.899298
v 10.188746 0.784901 -16.568785
v 10.188495 0.848581 -17.153826
v 10.185644 0.960027 -17.725624
v 10.180977 1.167499 -18.055273
v 10.192935 1.594712 -18.092411
v 10.264093 1.973457 -17.703178
v 10.263686 2.160675 -17.146618
v 10.199832 2.317120 -16.194822
v 10.189587 2.339694 -14.125505
v 10.190783 2.388005 -16.186024
v 10.179866 2.410885 -14.125500
v 10.256337 2.229407 -17.138027
v 10.258360 2.015982 -17.802940
v 10.184668 1.620613 -18.206770
v 10.174333 1.143487 -18.164068
v -0.018703 0.824041 -17.976711
v 2.460567 0.892807 -18.157459
v 5.075427 0.824041 -17.572392
v 2.590965 0.782765 -17.418268
v 0.039334 0.766323 -17.056252
v 5.085167 0.766323 -16.912914
v 2.528520 0.710890 -16.590942
v 2.514474 0.342996 -15.888491
v -10.273326 2.350629 -17.005360
v -10.273365 2.278784 -17.024292
v -10.270598 2.158147 -17.875362
v -10.268381 2.101941 -17.831526
v -10.266785 1.370818 -18.239265
v -10.266196 1.367181 -18.121786
v -10.266992 1.830731 -18.188522
v -10.265751 1.795078 -18.073046
v -10.272835 0.824041 -17.491528
v -10.272932 0.893210 -17.454594
v -10.272951 0.766323 -16.884247
v -10.274748 0.833562 -16.865709
v -10.269887 0.991720 -17.996525
v -10.268633 1.041620 -17.924536
v 10.179084 0.824041 -17.491528
v 10.179206 0.766323 -16.884247
v 10.189205 0.833561 -16.865709
v 10.187389 0.893209 -17.454594
v 10.183084 1.041619 -17.924536
v 10.180648 1.367181 -18.121786
v 10.228731 1.804140 -17.935492
v 10.275133 2.080658 -17.447626
v 10.231594 2.248440 -16.777943
v 10.223263 2.320342 -16.759480
v 10.268980 2.136906 -17.492193
v 10.221679 1.839776 -18.051231
v 10.173034 1.370818 -18.239265
v 10.176136 0.991720 -17.996525
v 2.533044 0.824041 -17.814983
v 2.571768 0.766323 -16.998917
v 2.571839 0.833561 -16.980377
v 2.532689 0.893209 -17.778049
v 2.435372 1.041619 -18.342108
v 2.434758 1.367181 -18.539360
v 2.434648 1.795078 -18.490620
v 2.435308 2.101941 -18.249098
v 2.532793 2.278784 -17.347746
v 2.533167 2.350629 -17.328814
v 2.519729 2.158147 -18.399277
v 2.602315 1.830731 -18.818779
v 2.518773 1.370818 -18.763182
v 2.436064 0.991720 -18.414097
v -2.589312 0.824041 -17.814983
v -2.550647 0.766323 -16.998917
v -2.550718 0.833562 -16.980377
v -2.588957 0.893210 -17.778049
v -2.684121 1.041619 -18.342108
v -2.683514 1.367181 -18.539360
v -2.683403 1.795078 -18.490620
v -2.684063 2.101941 -18.249098
v -2.589067 2.278784 -17.347746
v -2.589435 2.350629 -17.328814
v -2.601502 2.158147 -18.399277
v -2.517113 1.830731 -18.818779
v -2.600553 1.370818 -18.763182
v -2.684819 0.991720 -18.414097
v 1.451788 -8.845039 -10.086865
v -1.451786 -8.845039 -10.086865
v 1.335685 -0.875983 -16.362328
v 0.477463 -0.460074 -16.362522
v 2.132253 -2.550195 -16.361668
v 1.924747 -1.624014 -16.361916
v 2.118530 -3.471047 -16.698679
v -0.477458 -0.460074 -16.362522
v -1.335683 -0.875983 -16.362328
v 2.903574 -8.473581 -13.709273
v 2.903574 -7.472789 -15.797913
v 2.653701 -5.652266 -16.628094
v 0.471416 -4.617266 -16.604475
v 1.320883 -4.208185 -16.668077
v -1.924745 -1.624014 -16.361916
v -2.132209 -2.550137 -16.361664
v -2.126663 -3.451103 -16.698679
v -1.320881 -4.208185 -16.668077
v -0.471418 -4.617265 -16.604475
v -2.653700 -5.652266 -16.628094
v -2.903575 -8.473581 -13.709273
v -2.903575 -7.472789 -15.797913
v 0.483930 -8.845039 -9.797750
v -0.483928 -8.845039 -9.797750
v 1.455718 -8.508254 -10.076265
v 0.487860 -8.508159 -9.788230
v -1.455716 -8.508254 -10.076265
v 2.120644 -3.451280 -16.362722
v 2.903574 -8.157148 -13.612551
v 2.903574 -7.244779 -15.569439
v 2.649568 -5.553139 -16.311853
v -2.128592 -3.431440 -16.362703
v -2.903572 -8.157148 -13.612551
v -2.903575 -7.244779 -15.569439
v -2.649434 -5.553302 -16.311836
v -0.487858 -8.508159 -9.788230
v 0.471419 -0.486437 -17.189663
v 1.320883 -0.895518 -17.189663
v 1.908730 -1.632656 -17.189663
v 2.118530 -2.551851 -17.189663
v 2.118530 -3.471047 -17.189663
v -1.320881 -0.895518 -17.189663
v -0.471415 -0.486437 -17.189663
v 1.320883 -4.208185 -17.159061
v 0.471416 -4.617266 -17.095459
v -2.118529 -2.551851 -17.189663
v -1.908728 -1.632656 -17.189663
v -2.126663 -3.451103 -17.189663
v -0.471418 -4.617265 -17.095459
v -1.320881 -4.208185 -17.159061
v 0.406928 -0.766566 -17.346260
v 1.141183 -1.120163 -17.346260
v 1.649301 -1.757325 -17.346260
v 1.830645 -2.551851 -17.346260
v 1.830645 -3.346379 -17.346260
v -1.142284 -1.120163 -17.346260
v -0.408029 -0.766566 -17.346260
v 1.141180 -3.983539 -17.319813
v 0.406928 -4.337138 -17.264835
v -1.831749 -2.551851 -17.346260
v -1.650402 -1.757325 -17.346260
v -1.838778 -3.329139 -17.346260
v -0.408032 -4.337137 -17.264835
v -1.142284 -3.983539 -17.319813
v 0.321298 -1.138530 -17.337778
v 0.902571 -1.418455 -17.337778
v 1.304821 -1.922864 -17.337778
v 1.448385 -2.551851 -17.337778
v 1.448385 -3.180839 -17.337778
v -0.905136 -1.418455 -17.337778
v -0.323866 -1.138530 -17.337778
v 0.902568 -3.685247 -17.316839
v 0.321298 -3.965173 -17.273317
v -1.450949 -2.551851 -17.337778
v -1.307388 -1.922864 -17.337778
v -1.456518 -3.167192 -17.337778
v -0.323866 -3.965173 -17.273317
v -0.905136 -3.685247 -17.316839
v 0.236475 -1.506985 -17.129330
v 0.666211 -1.713932 -17.129330
v 0.963594 -2.086841 -17.129330
v 1.069731 -2.551851 -17.129330
v 1.069731 -3.016862 -17.129330
v -0.670227 -1.713932 -17.129330
v -0.240494 -1.506985 -17.129330
v 0.666208 -3.389771 -17.113850
v 0.236475 -3.596719 -17.081673
v -1.073746 -2.551851 -17.129330
v -0.967613 -2.086841 -17.129330
v -1.077864 -3.006773 -17.129330
v -0.240494 -3.596719 -17.081673
v -0.670227 -3.389771 -17.113850
v 0.138745 -1.823154 -17.123972
v 0.138745 -3.280549 -17.099657
v -0.093847 -1.823154 -17.123972
v -0.093847 -3.280549 -17.099657
v -2.903575 -7.867049 -14.728041
v -2.903575 -8.140620 -14.888630
v 2.903574 -8.140620 -14.888630
v 2.903574 -7.867049 -14.728041
v -2.848964 -6.514243 -16.066193
v -2.851129 -6.680024 -16.336998
v 2.851128 -6.680024 -16.336998
v 2.849030 -6.514165 -16.066200
v 0.114955 -1.765726 -17.123972
v 0.057526 -1.741939 -17.123972
v 0.056311 -1.741939 -17.026203
v 0.114600 -1.766082 -17.026203
v 0.138745 -1.824369 -17.026203
v 0.022447 -1.790314 -17.025099
v 0.085358 -1.814458 -17.025099
v 0.109503 -1.872745 -17.025099
v -0.011412 -1.741939 -17.026203
v -0.069702 -1.766082 -17.026203
v -0.093847 -1.824370 -17.026203
v -0.064608 -1.872745 -17.025099
v -0.040463 -1.814458 -17.025099
v 0.056553 -3.361765 -16.989262
v 0.114671 -3.337692 -16.993004
v 0.138745 -3.279577 -17.002041
v 0.109503 -3.231202 -17.003143
v 0.085429 -3.289318 -16.994108
v 0.022447 -3.313389 -16.990364
v -0.093847 -3.279577 -17.002041
v -0.069773 -3.337692 -16.993004
v -0.011655 -3.361765 -16.989262
v -0.040534 -3.289317 -16.994108
v -0.064608 -3.231201 -17.003143
v -0.064608 -1.871529 -17.313608
v -0.040819 -1.814101 -17.313608
v 0.022447 -1.790314 -17.313608
v -0.070057 -1.765726 -17.123972
v -0.012628 -1.741939 -17.123972
v -0.070057 -3.337978 -17.090729
v -0.012628 -3.361765 -17.087030
v 0.114955 -3.337978 -17.090729
v 0.057526 -3.361765 -17.087030
v 0.022447 -3.313389 -17.313608
v -0.040819 -3.289602 -17.313608
v -0.064608 -3.232174 -17.313608
v 0.109503 -3.232174 -17.313608
v 0.085714 -3.289602 -17.313608
v 0.085714 -1.814101 -17.313608
v 0.109503 -1.871529 -17.313608
v -12.393639 -8.824268 7.424761
v -17.772617 8.733877 -7.588339
v -16.259541 9.424102 -7.450174
v -12.383226 -8.818755 7.644729
v -17.087475 -2.736278 7.640065
v -17.076138 -2.736195 7.859930
v -16.805290 -2.699668 7.622436
v 11.189015 -6.885812 -15.997183
v 11.476523 -7.897485 -15.071249
v -16.793941 -2.699591 7.842307
v -17.100525 -2.548207 7.859631
v 10.962555 -5.874254 -16.417480
v -16.818329 -2.511602 7.842001
v 11.657088 -8.316002 -13.955218
v 12.754407 -6.324952 -16.007143
v 12.190817 -5.452300 -16.417480
v 13.446899 -3.791214 -16.417480
v 13.375880 -7.194052 -15.099673
v 12.820827 -4.935138 -16.417480
v 13.692574 -7.551722 -13.998733
v 13.652431 -5.563437 -16.014868
v 14.536339 -6.186476 -15.122874
v 12.330283 -8.998528 -7.365200
v -3.034174 -9.150502 3.554694
v -2.830944 -9.128540 4.431095
v 13.542562 -2.712520 -16.141695
v 14.447356 -4.098941 -16.019464
v 13.568926 -2.520136 -16.141695
v 14.959410 -6.442297 -14.034136
v 13.593785 -2.719387 -16.417480
v 13.620151 -2.527003 -16.417480
v -18.356760 7.135290 7.844002
v 15.493855 -4.403319 -15.137943
v -2.275707 -9.112462 5.072662
v 14.480663 -2.703325 -15.780829
v 14.651579 -2.531499 -16.019926
v 14.626678 -2.722630 -16.019871
v 14.355169 -8.237197 -7.513692
v 14.505569 -2.512195 -15.780886
v 15.619013 -7.131119 -7.607598
v 15.983343 -4.528902 -14.056932
v -1.517239 -9.106577 5.307493
v 15.492213 -2.696655 -14.968851
v 15.737948 -2.535841 -15.139745
v 15.517031 -2.506801 -14.969034
v 15.713131 -2.725695 -15.139563
v -17.880560 8.733493 7.813440
v -14.714790 -6.439962 18.671072
v -13.445438 -7.550623 18.671072
v 1.517240 -8.997087 -7.379121
v 3.034175 -9.042107 -5.626323
v 2.830945 -9.020144 -6.502722
v 2.275708 -9.004065 -7.144291
v -15.738398 -4.524704 18.671072
v 15.953279 -2.692046 -13.978292
v 16.219997 -2.726990 -14.059493
v -11.405558 -8.316002 18.671072
v 16.644741 -5.222763 -7.683165
v 16.244862 -2.537675 -14.059763
v 10.313467 0.480704 -16.417480
v 14.893559 7.050708 -16.417480
v 15.978140 -2.502731 -13.978560
v -16.365356 9.424102 7.716576
v -15.971161 -2.726829 18.671072
v 3.034175 -9.150503 3.554694
v 1.517240 -9.106577 5.307493
v -15.830502 -2.708632 18.512297
v -15.855018 -2.519259 18.512297
v -15.995676 -2.537455 18.671072
v 10.313467 2.426746 -16.417480
v 16.967354 -2.735482 -7.676800
v 16.709791 -2.510789 -7.652508
v 16.991739 -2.547509 -7.676319
v -13.018617 -2.722415 18.385609
v -13.018617 -2.531503 18.385609
v -17.249105 7.144162 18.671072
v -13.018617 -2.722415 18.671076
v 2.830945 -9.128540 4.431095
v -13.018617 -2.531503 18.671076
v 2.275708 -9.112462 5.072662
v 16.685410 -2.698762 -7.652988
v 15.896657 7.024717 -16.022745
v 14.972070 7.996980 -16.001026
v 15.652349 7.718545 -16.008663
v 16.998507 7.108331 -15.149046
v 15.305077 9.007353 -15.078375
v 16.577370 8.436579 -15.126427
v 17.516136 7.141968 -14.073520
v 12.393638 -8.824268 7.424761
v 12.383224 -8.818755 7.644729
v -16.758413 8.737430 18.671072
v 15.511952 9.424102 -13.962571
v 12.434884 -9.053323 7.432448
v 12.424471 -9.047810 7.652416
v 17.032166 8.736469 -14.034317
v 18.247746 7.135960 -7.651540
v 14.461823 -8.292827 7.536522
v 14.342968 -8.092876 7.525899
v -15.230145 9.424102 18.671072
v 14.332561 -8.087402 7.745777
v 14.451416 -8.287352 7.756400
v 16.259537 9.424102 -7.450174
v 17.772614 8.733877 -7.588339
v -13.018617 -2.835352 18.671076
v 15.727894 -7.187705 7.601418
v 15.546446 -7.042294 7.589146
v 15.535994 -7.036819 7.809021
v -13.018618 -2.422538 18.671076
v -13.018617 -2.626959 19.038431
v 15.717442 -7.182230 7.821291
v -13.018617 -2.628945 19.146601
v 16.536152 -5.209555 7.631690
v 16.757263 -5.280852 7.644079
v 16.525587 -5.204037 7.851558
v 16.746698 -5.275334 7.863947
v 16.805288 -2.699668 7.622438
v 16.793938 -2.699591 7.842303
v 17.087473 -2.736279 7.640062
v 17.076136 -2.736196 7.859933
v 11.405558 -8.316002 18.671072
v 13.445438 -7.550623 18.671072
v 15.738394 -4.524704 18.671072
v 14.714790 -6.439962 18.671072
v 13.018645 -2.722415 18.385605
v 13.018645 -2.531503 18.385605
v 13.018645 -2.722415 18.671072
v 13.018645 -2.531503 18.671072
v 15.830498 -2.708632 18.512297
v 15.855015 -2.519258 18.512297
v 18.356760 7.135290 7.843998
v 15.971157 -2.726829 18.671072
v 15.995673 -2.537455 18.671072
v 17.880560 8.733493 7.813443
v 16.365353 9.424102 7.716576
v 17.249102 7.144162 18.671072
v 15.230144 9.424102 18.671072
v 13.018645 -2.626959 19.038427
v 16.758413 8.737430 18.671072
v 16.818325 -2.511602 7.842004
v 17.100523 -2.548208 7.859628
v 13.018645 -2.835352 18.671072
v 13.018645 -2.422538 18.671072
v 13.018645 -2.628945 19.146599
v -12.424471 -9.047810 7.652416
v -16.525587 -5.204037 7.851558
v -12.434884 -9.053323 7.432448
v -16.536152 -5.209555 7.631690
v -16.746698 -5.275334 7.863947
v -16.757263 -5.280852 7.644079
v -14.342966 -8.092876 7.525912
v -15.535997 -7.036819 7.809021
v -14.451417 -8.287352 7.756387
v -18.247749 7.135960 -7.651540
v -14.332561 -8.087402 7.745764
v -15.717445 -7.182230 7.821291
v -15.546450 -7.042294 7.589146
v -15.727897 -7.187705 7.601418
v -14.461823 -8.292827 7.536535
v -15.511955 9.424102 -13.962571
v -3.034174 -9.042107 -5.626323
v -17.032169 8.736469 -14.034317
v -17.516136 7.141968 -14.073520
v -16.709795 -2.510789 -7.652507
v -15.305079 9.007353 -15.078375
v -16.577374 8.436579 -15.126427
v -16.991741 -2.547509 -7.676319
v -16.967358 -2.735482 -7.676800
v -1.517239 -8.997087 -7.379121
v -14.972071 7.996980 -16.001026
v -15.652353 7.718545 -16.008663
v -14.893560 7.050708 -16.417480
v -16.644745 -5.222763 -7.683165
v -16.998508 7.108331 -15.149046
v -16.685413 -2.698762 -7.652988
v -14.355170 -8.237197 -7.513692
v -15.896660 7.024717 -16.022745
v -15.619013 -7.131119 -7.607598
v -2.830944 -9.020144 -6.502722
v -2.275707 -9.004065 -7.144291
v -12.330283 -8.998528 -7.365200
v -15.978144 -2.502730 -13.978560
v -15.953279 -2.692045 -13.978292
v -16.219997 -2.726990 -14.059493
v -13.620153 -2.527002 -16.417480
v -13.568930 -2.520135 -16.141695
v -13.542564 -2.712520 -16.141695
v -15.983347 -4.528902 -14.056932
v -16.244864 -2.537675 -14.059763
v -13.692574 -7.551722 -13.998733
v -13.593788 -2.719386 -16.417480
v -14.959413 -6.442297 -14.034136
v -10.313452 2.426746 -16.417480
v -14.505569 -2.512196 -15.780886
v -14.480667 -2.703326 -15.780829
v -11.657086 -8.316002 -13.955218
v -15.517031 -2.506803 -14.969034
v -14.651579 -2.531499 -16.019926
v -15.492216 -2.696656 -14.968851
v -14.626678 -2.722630 -16.019871
v -15.713134 -2.725696 -15.139563
v -15.737948 -2.535842 -15.139745
v -13.446900 -3.791214 -16.417480
v -10.962554 -5.874254 -16.417480
v -11.189014 -6.885812 -15.997183
v -12.190817 -5.452300 -16.417480
v -14.447358 -4.098941 -16.019464
v -10.313448 0.480704 -16.417480
v -13.652431 -5.563437 -16.014868
v -12.820827 -4.935138 -16.417480
v -12.754406 -6.324952 -16.007143
v -15.493858 -4.403319 -15.137943
v -11.476523 -7.897485 -15.071249
v -13.375879 -7.194052 -15.099673
v -14.536340 -6.186476 -15.122874
v 12.610170 -9.146123 3.729445
v 14.639963 -8.386539 3.772427
v 15.908647 -7.282370 3.799186
v 16.941145 -5.376913 3.816795
v 17.284721 -2.737709 3.815139
v 17.002222 -2.701019 3.807882
v 17.026691 -2.513038 3.807756
v 17.309189 -2.549728 3.815014
v 18.569633 7.133749 3.808572
v 18.094225 8.732775 3.795958
v 16.575977 9.424102 3.755914
v -16.575981 9.424102 3.755914
v -18.094229 8.732775 3.795961
v -18.569633 7.133749 3.808570
v -17.309189 -2.549728 3.815013
v -17.026691 -2.513040 3.807757
v -17.002222 -2.701019 3.807880
v -17.284721 -2.737709 3.815139
v -16.941149 -5.376913 3.816795
v -15.908647 -7.282370 3.799186
v -14.639963 -8.386539 3.772430
v -12.610170 -9.146123 3.729445
v -2.448840 -9.125901 4.054586
v -2.624640 -9.146805 3.238544
v -1.968545 -9.110599 4.651971
v -1.312451 -9.104996 4.870628
v 2.624640 -9.043633 -5.310174
v 2.448841 -9.022729 -6.126215
v 1.968546 -9.007426 -6.723598
v 1.312452 -9.000785 -6.942255
v 2.624640 -9.146807 3.238544
v 1.312452 -9.104996 4.870628
v 2.448841 -9.125901 4.054586
v 1.968546 -9.110599 4.651971
v -2.624640 -9.043633 -5.310174
v -1.312451 -9.000785 -6.942255
v -2.448840 -9.022729 -6.126215
v -1.968545 -9.007426 -6.723598
v -2.448840 -8.813457 4.054586
v -2.624640 -8.834361 3.238544
v -1.968545 -8.798155 4.651971
v -1.312451 -8.792553 4.870628
v 2.624640 -8.731190 -5.310174
v 2.448841 -8.710285 -6.126215
v 1.968546 -8.694983 -6.723598
v 1.312452 -8.688341 -6.942255
v 2.624640 -8.834363 3.238544
v 1.312452 -8.792553 4.870628
v 2.448841 -8.813457 4.054586
v 1.968546 -8.798155 4.651971
v -2.624640 -8.731190 -5.310174
v -1.312451 -8.688341 -6.942255
v -2.448840 -8.710285 -6.126215
v -1.968545 -8.694983 -6.723598
v -1.456106 -9.106105 5.177083
v 1.456107 -9.106105 5.177083
v 2.184015 -9.111906 4.947079
v 2.716880 -9.127753 4.318703
v 2.911922 -9.149400 3.460320
v 2.911922 -9.042562 -5.531947
v 2.716880 -9.020915 -6.390328
v 2.184015 -9.005068 -7.018707
v 1.456107 -8.998191 -7.248709
v -1.456106 -8.998191 -7.248709
v -2.184014 -9.005068 -7.018707
v -2.716879 -9.020915 -6.390328
v -2.911922 -9.042562 -5.531947
v -2.911922 -9.149399 3.460320
v -2.716879 -9.127753 4.318703
v -2.184014 -9.111906 4.947079
v -2.830944 -8.873895 4.431095
v -3.034174 -8.895857 3.554694
v -2.911922 -8.894753 3.460320
v -2.716879 -8.873108 4.318703
v -2.275707 -8.857817 5.072662
v -2.184014 -8.857261 4.947079
v -1.517239 -8.851931 5.307493
v -1.456106 -8.851460 5.177083
v 3.034175 -8.787461 -5.626323
v 2.830945 -8.765497 -6.502722
v 2.911922 -8.787917 -5.531947
v 2.716880 -8.766270 -6.390328
v 2.275708 -8.749419 -7.144291
v 2.184015 -8.750423 -7.018707
v 1.517240 -8.742442 -7.379121
v 1.456107 -8.743546 -7.248709
v 3.034175 -8.895859 3.554694
v 2.911922 -8.894754 3.460320
v 1.517240 -8.851931 5.307493
v 1.456107 -8.851460 5.177083
v 2.830945 -8.873895 4.431095
v 2.716880 -8.873108 4.318703
v 2.275708 -8.857817 5.072662
v 2.184015 -8.857261 4.947079
v -3.034174 -8.787461 -5.626323
v -2.911922 -8.787917 -5.531947
v -1.517239 -8.742442 -7.379121
v -1.456106 -8.743546 -7.248709
v -2.830944 -8.765497 -6.502722
v -2.716879 -8.766270 -6.390328
v -2.275707 -8.749419 -7.144291
v -2.184014 -8.750423 -7.018707
v -16.609570 -2.732323 13.068043
v -16.378674 -2.702402 12.995722
v -16.403080 -2.513910 12.995465
v -16.633980 -2.543830 13.067787
v -17.887863 7.138993 13.054588
v -17.406195 8.735147 13.028770
v -15.887339 9.424102 12.946859
v 15.887339 9.424102 12.946859
v 17.406195 8.735147 13.028770
v 17.887859 7.138993 13.054588
v 16.633976 -2.543830 13.067787
v 16.403080 -2.513909 12.995465
v 16.378670 -2.702402 12.995722
v 16.609566 -2.732323 13.068043
v 16.319626 -4.971260 13.071437
v 15.293494 -6.881662 13.035392
v 14.027170 -7.989122 12.980551
v 11.996553 -8.751688 12.892661
v -11.996553 -8.751688 12.892661
v -14.027172 -7.989122 12.980551
v -15.293494 -6.881662 13.035392
v -16.319628 -4.971260 13.071437
v 10.313467 2.141784 -15.535633
v 10.313467 1.453725 -15.250669
v -10.313449 1.453725 -15.250669
v -10.313450 2.141784 -15.535633
v 10.313467 0.765666 -15.535633
v -10.313449 0.765666 -15.535633
v -13.559803 -6.293192 -13.128362
v 13.559806 -6.293192 -13.128362
v -13.559803 -6.293192 7.831527
v 13.559806 -6.293192 7.831527
v -2.624640 -8.834361 3.238544
v -2.448838 -8.813457 4.054586
v -1.968546 -8.798155 4.651971
v -1.312449 -8.792553 4.870628
v 2.624641 -8.731190 -5.310174
v 2.448843 -8.710285 -6.126215
v 1.968548 -8.694983 -6.723598
v 1.312454 -8.688341 -6.942255
v 2.624641 -8.834363 3.238544
v 1.312454 -8.792553 4.870628
v 2.448843 -8.813457 4.054586
v 1.968548 -8.798155 4.651971
v -2.624640 -8.731190 -5.310174
v -1.312449 -8.688341 -6.942255
v -2.448838 -8.710285 -6.126215
v -1.968546 -8.694983 -6.723598
v -2.891100 -8.813457 4.265329
v -3.122444 -8.834361 3.291557
v -2.244318 -8.798155 5.048512
v -1.392040 -8.792553 5.361168
v 3.122449 -8.731190 -5.363187
v 2.891105 -8.710285 -6.336958
v 2.244319 -8.694983 -7.120141
v 1.392041 -8.688341 -7.432794
v 3.122449 -8.834363 3.291557
v 1.392041 -8.792553 5.361168
v 2.891105 -8.813457 4.265329
v 2.244319 -8.798155 5.048512
v -3.122444 -8.731190 -5.363187
v -1.392040 -8.688341 -7.432794
v -2.891100 -8.710285 -6.336958
v -2.244315 -8.694983 -7.120141
v -2.448838 -8.437252 4.054586
v -2.624640 -8.458156 3.238544
v -1.968546 -8.421949 4.651971
v -1.312449 -8.416348 4.870628
v 2.624641 -8.354984 -5.310174
v 2.448843 -8.334080 -6.126215
v 1.968548 -8.318777 -6.723598
v 1.312454 -8.312136 -6.942255
v 2.624641 -8.458158 3.238544
v 1.312454 -8.416348 4.870628
v 2.448843 -8.437252 4.054586
v 1.968548 -8.421949 4.651971
v -2.624640 -8.354984 -5.310174
v -1.312449 -8.312136 -6.942255
v -2.448838 -8.334080 -6.126215
v -1.968546 -8.318777 -6.723598
v -2.217891 -8.255083 3.975765
v -2.375976 -8.275152 3.171483
v -1.782328 -8.239225 4.563125
v -1.190735 -8.237210 4.783549
v 2.384229 -8.178052 -5.249465
v 2.217906 -8.151920 -6.047407
v 1.782343 -8.136065 -6.634772
v 1.190701 -8.132948 -6.855107
v 2.396076 -8.289944 3.186949
v 1.190737 -8.237210 4.783549
v 2.217896 -8.255083 3.975765
v 1.782330 -8.239225 4.563125
v -2.384227 -8.178052 -5.249465
v -1.190700 -8.132948 -6.855107
v -2.217904 -8.151920 -6.047407
v -1.782341 -8.136065 -6.634772
v -1.744457 -7.868366 4.359624
v -2.170797 -7.884225 3.793613
v -2.325537 -7.904293 3.018564
v -2.333610 -7.807193 -5.096312
v -1.165391 -7.866351 4.572038
v 1.165645 -7.866351 4.572038
v 2.171063 -7.781062 -5.865252
v 2.333864 -7.807193 -5.096312
v 2.345459 -7.919086 3.033468
v 1.744724 -7.765206 -6.431269
v 1.165613 -7.762090 -6.643595
v -1.165359 -7.762090 -6.643595
v 2.171051 -7.884225 3.793613
v 1.744711 -7.868366 4.359624
v -2.170810 -7.781062 -5.865252
v -1.744470 -7.765206 -6.431269
v -1.744457 -7.496575 4.085809
v -2.170797 -7.512434 3.548524
v -2.325537 -7.532502 2.812809
v -2.333610 -7.435400 -4.890242
v -1.165391 -7.494560 4.287443
v 1.165645 -7.494560 4.287443
v 2.171063 -7.409269 -5.620158
v 2.333864 -7.435400 -4.890242
v 2.345459 -7.547294 2.826954
v 1.744724 -7.393414 -6.157450
v 1.165613 -7.390297 -6.359001
v -1.165359 -7.390297 -6.359001
v 2.171051 -7.512434 3.548524
v 1.744711 -7.496575 4.085809
v -2.170810 -7.409269 -5.620158
v -1.744470 -7.393414 -6.157450
v -1.744457 -7.095571 3.391642
v -2.170797 -7.111429 2.927180
v -2.325537 -7.131497 2.291180
v -2.333610 -7.034395 -4.367818
v -1.165391 -7.093555 3.565947
v 1.165645 -7.093555 3.565947
v 2.171063 -7.008264 -4.998803
v 2.333864 -7.034395 -4.367818
v 2.345459 -7.146289 2.303409
v 1.744724 -6.992409 -5.463272
v 1.165613 -6.989291 -5.637504
v -1.165359 -6.989291 -5.637504
v 2.171051 -7.111429 2.927180
v 1.744711 -7.095571 3.391642
v -2.170810 -7.008264 -4.998803
v -1.744470 -6.992409 -5.463272
v -1.744457 -6.801589 1.331852
v -2.170797 -6.817447 1.083475
v -2.325537 -6.837515 0.743364
v -2.333610 -6.740414 -2.817637
v -1.165391 -6.799574 1.425066
v 1.165645 -6.799574 1.425066
v 2.171063 -6.714283 -3.155066
v 2.333864 -6.740414 -2.817637
v 2.345459 -6.852307 0.749904
v 1.744724 -6.698428 -3.403446
v 1.165613 -6.695311 -3.496620
v -1.165359 -6.695311 -3.496620
v 2.171051 -6.817447 1.083475
v 1.744711 -6.801589 1.331852
v -2.170810 -6.714283 -3.155066
v -1.744470 -6.698428 -3.403446
v -9.727077 -9.271117 7.659405
v -9.727077 -9.424102 7.717118
v -9.727077 -9.422233 7.779916
v -9.727077 -9.409992 7.833551
v -9.727077 -9.375692 7.876561
v -9.727077 -9.326128 7.900431
v -9.727077 -9.271117 7.900431
v -10.620305 -9.271117 7.659406
v -10.620305 -9.424102 7.717117
v -10.620305 -9.422233 7.779916
v -10.620305 -9.409992 7.833551
v -10.620305 -9.375692 7.876561
v -10.620305 -9.326128 7.900429
v -10.620305 -9.271117 7.900429
v -9.727077 -9.023660 7.659405
v -10.620305 -9.023660 7.659406
v -9.727077 -9.023660 7.900431
v -10.620305 -9.023660 7.900429
v -9.727077 -9.271117 7.180406
v -9.727077 -9.326128 7.180406
v -9.727077 -9.375692 7.204272
v -9.727077 -9.409992 7.247285
v -10.620305 -9.409992 7.247285
v -10.620305 -9.375692 7.204274
v -10.620305 -9.326128 7.180406
v -10.620305 -9.271115 7.180406
v -10.490532 -9.268116 7.250069
v -9.856851 -9.268116 7.250069
v -10.490532 -9.268116 7.360173
v -9.856851 -9.268116 7.360173
v -10.490532 -9.041630 7.360173
v -9.856851 -9.041630 7.360173
v -10.490532 -9.041630 7.250069
v -9.856851 -9.041630 7.250069
v 10.620305 -9.271117 7.659405
v 10.620305 -9.424102 7.717118
v 10.620305 -9.422233 7.779916
v 10.620305 -9.409992 7.833551
v 10.620305 -9.375692 7.876561
v 10.620305 -9.326128 7.900431
v 10.620305 -9.271117 7.900431
v 9.727077 -9.271117 7.659406
v 9.727077 -9.424102 7.717117
v 9.727077 -9.422233 7.779916
v 9.727077 -9.409992 7.833551
v 9.727077 -9.375692 7.876561
v 9.727077 -9.326128 7.900429
v 9.727077 -9.271117 7.900429
v 10.620305 -9.023660 7.659405
v 9.727077 -9.023660 7.659406
v 10.620305 -9.023660 7.900431
v 9.727077 -9.023660 7.900429
v 10.620305 -9.271117 7.180406
v 10.620305 -9.326128 7.180406
v 10.620305 -9.375692 7.204272
v 10.620305 -9.409992 7.247285
v 9.727077 -9.409992 7.247285
v 9.727077 -9.375692 7.204274
v 9.727077 -9.326128 7.180406
v 9.727077 -9.271115 7.180406
v 9.856851 -9.268116 7.250069
v 10.490532 -9.268116 7.250069
v 9.856851 -9.268116 7.360173
v 10.490532 -9.268116 7.360173
v 9.856851 -9.041630 7.360173
v 10.490532 -9.041630 7.360173
v 9.856851 -9.041630 7.250069
v 10.490532 -9.041630 7.250069
v 2.167063 -8.768464 -10.880239
v 2.684212 -8.653976 -12.004514
v 2.167120 -8.432224 -10.864636
v 2.687068 -8.321058 -11.987782
v -2.684212 -8.653976 -12.004514
v -2.167061 -8.768464 -10.880239
v -2.687067 -8.321058 -11.987782
v -2.167119 -8.432224 -10.864636
vt 0.482207 0.884873
vt 0.481943 0.910220
vt 0.422323 0.910220
vt 0.422872 0.884873
vt 0.820648 0.774745
vt 0.819848 0.774852
vt 0.819848 0.750762
vt 0.820653 0.750757
vt 0.237384 0.938354
vt 0.237430 0.946570
vt 0.177152 0.946570
vt 0.176967 0.938354
vt 0.237458 0.932269
vt 0.176785 0.932269
vt 0.790284 0.750961
vt 0.791099 0.751178
vt 0.792079 0.755365
vt 0.791299 0.755259
vt 0.819390 0.783535
vt 0.820201 0.783316
vt 0.481896 0.918193
vt 0.482009 0.923891
vt 0.422143 0.923891
vt 0.422197 0.918193
vt 0.819361 0.789379
vt 0.818585 0.789490
vt 0.237496 0.927707
vt 0.176417 0.927707
vt 0.237468 0.923986
vt 0.176061 0.923986
vt 0.792312 0.759274
vt 0.792957 0.758777
vt 0.794124 0.761687
vt 0.793626 0.762809
vt 0.817455 0.792675
vt 0.818094 0.793166
vt 0.482080 0.927472
vt 0.482123 0.929877
vt 0.421954 0.929877
vt 0.422045 0.927472
vt 0.816435 0.795382
vt 0.815946 0.794263
vt 0.238252 0.882320
vt 0.238282 0.891208
vt 0.176868 0.891208
vt 0.176989 0.882320
vt 0.811812 0.741641
vt 0.812971 0.741538
vt 0.808687 0.749085
vt 0.807842 0.749141
vt 0.802454 0.778512
vt 0.801617 0.778446
vt 0.797396 0.770862
vt 0.798556 0.770974
vt 0.483144 0.960515
vt 0.483088 0.969535
vt 0.422239 0.969535
vt 0.422170 0.960515
vt 0.812022 0.797345
vt 0.809224 0.797345
vt 0.809173 0.796018
vt 0.811719 0.796055
vt 0.806648 0.796515
vt 0.806910 0.795283
vt 0.237530 0.916267
vt 0.237454 0.919137
vt 0.175916 0.919137
vt 0.176118 0.916267
vt 0.237640 0.913356
vt 0.176369 0.913356
vt 0.482294 0.938129
vt 0.482368 0.940592
vt 0.421873 0.940592
vt 0.421849 0.938129
vt 0.482240 0.935469
vt 0.421861 0.935469
vt 0.814005 0.795430
vt 0.814418 0.796733
vt 0.237436 0.921495
vt 0.175894 0.921495
vt 0.795584 0.765670
vt 0.796007 0.764365
vt 0.798361 0.766202
vt 0.798049 0.767493
vt 0.482185 0.932720
vt 0.421893 0.932720
vt 0.802978 0.788940
vt 0.802485 0.785581
vt 0.803225 0.785120
vt 0.803756 0.788516
vt 0.803779 0.792007
vt 0.804535 0.791574
vt 0.238120 0.904089
vt 0.237948 0.907748
vt 0.176609 0.907748
vt 0.176540 0.904089
vt 0.238247 0.899947
vt 0.176502 0.899947
vt 0.482787 0.948506
vt 0.482971 0.952072
vt 0.421840 0.952072
vt 0.421893 0.948506
vt 0.482615 0.945235
vt 0.421979 0.945235
vt 0.803030 0.781865
vt 0.802271 0.782080
vt 0.238297 0.895581
vt 0.176663 0.895581
vt 0.807989 0.752712
vt 0.807226 0.752486
vt 0.483103 0.956276
vt 0.421983 0.956276
vt 0.805475 0.793816
vt 0.804917 0.794634
vt 0.237778 0.910699
vt 0.176542 0.910699
vt 0.805198 0.765236
vt 0.804646 0.764410
vt 0.805607 0.762178
vt 0.806363 0.762621
vt 0.482474 0.942717
vt 0.421943 0.942717
vt 0.807198 0.759562
vt 0.806419 0.759129
vt 0.807731 0.756210
vt 0.806990 0.755739
vt 0.790360 0.744573
vt 0.789553 0.744464
vt 0.789548 0.721169
vt 0.790360 0.721178
vt 0.004727 0.971978
vt 0.004864 0.946570
vt 0.066434 0.946570
vt 0.066149 0.971978
vt 0.800869 0.767911
vt 0.800930 0.766581
vt 0.803452 0.767101
vt 0.803199 0.765865
vt 0.120964 0.899947
vt 0.121845 0.904089
vt 0.096055 0.904089
vt 0.095204 0.899947
vt 0.122925 0.907748
vt 0.097071 0.907748
vt 0.068057 0.907748
vt 0.067697 0.904089
vt 0.067392 0.899947
vt 0.121916 0.891208
vt 0.121251 0.895581
vt 0.095224 0.895581
vt 0.095562 0.891208
vt 0.067340 0.895581
vt 0.067385 0.891208
vt 0.067346 0.882320
vt 0.095624 0.882320
vt 0.122139 0.882320
vt 0.340121 0.960515
vt 0.366869 0.960515
vt 0.367092 0.969535
vt 0.340221 0.969535
vt 0.311720 0.969535
vt 0.311707 0.960515
vt 0.365912 0.952072
vt 0.366199 0.956276
vt 0.339753 0.956276
vt 0.339697 0.952072
vt 0.311643 0.956276
vt 0.311678 0.952072
vt 0.367921 0.945235
vt 0.366813 0.948506
vt 0.340523 0.948506
vt 0.341516 0.945235
vt 0.311964 0.948506
vt 0.312302 0.945235
vt 0.368282 0.940592
vt 0.368284 0.942717
vt 0.341939 0.942717
vt 0.342038 0.940592
vt 0.312480 0.942717
vt 0.312552 0.940592
vt 0.368275 0.935469
vt 0.368279 0.938129
vt 0.342074 0.938129
vt 0.342062 0.935469
vt 0.312579 0.938129
vt 0.312553 0.935469
vt 0.368270 0.929877
vt 0.368273 0.932720
vt 0.342010 0.932720
vt 0.341919 0.929877
vt 0.312462 0.932720
vt 0.312339 0.929877
vt 0.367894 0.923891
vt 0.368267 0.927472
vt 0.341793 0.927472
vt 0.341270 0.923891
vt 0.312216 0.927472
vt 0.311955 0.923891
vt 0.365813 0.910220
vt 0.366759 0.918193
vt 0.340053 0.918193
vt 0.338958 0.910220
vt 0.311454 0.918193
vt 0.310944 0.910220
vt 0.339361 0.884873
vt 0.366992 0.884873
vt 0.310733 0.884873
vt 0.094351 0.946570
vt 0.120906 0.946570
vt 0.122094 0.971978
vt 0.094693 0.971978
vt 0.122596 0.932269
vt 0.121819 0.938354
vt 0.095499 0.938354
vt 0.096577 0.932269
vt 0.067013 0.938354
vt 0.067531 0.932269
vt 0.121102 0.923986
vt 0.122021 0.927707
vt 0.096625 0.927707
vt 0.096309 0.923986
vt 0.067716 0.927707
vt 0.067760 0.923986
vt 0.121110 0.919137
vt 0.120805 0.921495
vt 0.096281 0.921495
vt 0.096513 0.919137
vt 0.067878 0.921495
vt 0.068039 0.919137
vt 0.122953 0.913356
vt 0.122026 0.916267
vt 0.097040 0.916267
vt 0.097513 0.913356
vt 0.068220 0.916267
vt 0.068328 0.913356
vt 0.123272 0.910699
vt 0.097544 0.910699
vt 0.068271 0.910699
vt 0.147853 0.904089
vt 0.147464 0.899947
vt 0.148366 0.907748
vt 0.147843 0.895581
vt 0.148423 0.891208
vt 0.148666 0.882320
vt 0.393688 0.960515
vt 0.393903 0.969535
vt 0.393124 0.956276
vt 0.392771 0.952072
vt 0.393188 0.948506
vt 0.393737 0.945235
vt 0.393821 0.942717
vt 0.393717 0.940592
vt 0.393678 0.938129
vt 0.393689 0.935469
vt 0.393742 0.932720
vt 0.393832 0.929877
vt 0.393956 0.927472
vt 0.393953 0.923891
vt 0.393573 0.918193
vt 0.393341 0.910220
vt 0.394532 0.884873
vt 0.148182 0.946570
vt 0.177771 0.971978
vt 0.149447 0.971978
vt 0.148338 0.938354
vt 0.148391 0.932269
vt 0.147542 0.927707
vt 0.146564 0.923986
vt 0.146171 0.921495
vt 0.146371 0.919137
vt 0.147142 0.916267
vt 0.147980 0.913356
vt 0.148395 0.910699
vt 0.249970 0.910220
vt 0.249804 0.884873
vt 0.249854 0.918193
vt 0.249790 0.923891
vt 0.249971 0.927472
vt 0.250316 0.929877
vt 0.250849 0.932720
vt 0.251297 0.935469
vt 0.251403 0.938129
vt 0.251333 0.940592
vt 0.251230 0.942717
vt 0.251093 0.945235
vt 0.250924 0.948506
vt 0.250741 0.952072
vt 0.250611 0.956276
vt 0.250572 0.960515
vt 0.250634 0.969535
vt 0.006066 0.891208
vt 0.006096 0.882320
vt 0.006049 0.895581
vt 0.006097 0.899947
vt 0.006221 0.904089
vt 0.006389 0.907748
vt 0.006556 0.910699
vt 0.006691 0.913356
vt 0.006798 0.916267
vt 0.006710 0.919137
vt 0.006207 0.921495
vt 0.005531 0.923986
vt 0.005016 0.927707
vt 0.004718 0.932269
vt 0.004746 0.938354
vt 0.237651 0.971978
vt 0.831146 0.868693
vt 0.831146 0.882546
vt 0.765500 0.882546
vt 0.765500 0.895299
vt 0.831146 0.895299
vt 0.830553 0.906137
vt 0.766093 0.906137
vt 0.768325 0.918212
vt 0.783374 0.934559
vt 0.774348 0.942889
vt 0.828322 0.918212
vt 0.822391 0.943114
vt 0.813272 0.934559
vt 0.792994 0.929915
vt 0.803652 0.929915
vt 0.369111 0.531407
vt 0.372822 0.519948
vt 0.369013 0.519993
vt 0.518528 0.891734
vt 0.529175 0.896036
vt 0.518621 0.896036
vt 0.367041 0.591120
vt 0.363877 0.589432
vt 0.359916 0.601698
vt 0.351199 0.608164
vt 0.349198 0.605183
vt 0.357236 0.599222
vt 0.605600 0.896036
vt 0.615931 0.891734
vt 0.615848 0.896036
vt 0.313822 0.610398
vt 0.338258 0.608519
vt 0.339546 0.612037
vt 0.314235 0.614179
vt 0.366640 0.452256
vt 0.367041 0.437835
vt 0.363877 0.439523
vt 0.351199 0.420791
vt 0.359916 0.427257
vt 0.357236 0.429733
vt 0.349199 0.423772
vt 0.339546 0.416918
vt 0.338259 0.420437
vt 0.313626 0.418558
vt 0.314037 0.414776
vt 0.372822 0.509007
vt 0.369013 0.508963
vt 0.561966 0.896036
vt 0.551033 0.896036
vt 0.551028 0.886506
vt 0.561967 0.886506
vt 0.540107 0.896036
vt 0.529210 0.886506
vt 0.540103 0.886506
vt 0.518693 0.886506
vt 0.583822 0.896036
vt 0.572899 0.896036
vt 0.572893 0.886506
vt 0.583823 0.886506
vt 0.506833 0.891734
vt 0.496739 0.891734
vt 0.496926 0.886506
vt 0.507073 0.886506
vt 0.594720 0.896036
vt 0.594721 0.886506
vt 0.605563 0.886506
vt 0.615760 0.886506
vt 0.637794 0.891734
vt 0.627669 0.891734
vt 0.627428 0.886506
vt 0.637457 0.886506
vt 0.486670 0.891734
vt 0.486722 0.886413
vt 0.804726 0.723450
vt 0.794813 0.718687
vt 0.797127 0.715793
vt 0.805563 0.719841
vt 0.787943 0.710110
vt 0.785425 0.699408
vt 0.789150 0.699374
vt 0.791268 0.708496
vt 0.785641 0.688677
vt 0.789261 0.690292
vt 0.825657 0.718692
vt 0.815730 0.723454
vt 0.814924 0.719841
vt 0.823366 0.715787
vt 0.794792 0.679936
vt 0.804716 0.675142
vt 0.805510 0.678825
vt 0.797056 0.682913
vt 0.835048 0.699356
vt 0.832556 0.710098
vt 0.829218 0.708475
vt 0.831346 0.699334
vt 0.834890 0.688834
vt 0.831274 0.690433
vt 0.815665 0.675112
vt 0.825609 0.679889
vt 0.823366 0.682874
vt 0.814902 0.678805
vt 0.799803 0.712432
vt 0.806523 0.715657
vt 0.793452 0.699393
vt 0.795143 0.706623
vt 0.793560 0.692141
vt 0.813979 0.715657
vt 0.820702 0.712429
vt 0.806478 0.683024
vt 0.799755 0.686239
vt 0.825366 0.706608
vt 0.827061 0.699364
vt 0.826983 0.692257
vt 0.820702 0.686209
vt 0.813961 0.682999
vt 0.802791 0.689948
vt 0.798301 0.694142
vt 0.822242 0.694226
vt 0.817692 0.689933
vt 0.802822 0.708665
vt 0.807617 0.710958
vt 0.798289 0.699330
vt 0.799494 0.704518
vt 0.812931 0.710951
vt 0.817719 0.708641
vt 0.807599 0.687639
vt 0.821032 0.704483
vt 0.822212 0.699297
vt 0.812878 0.687654
vt 0.808698 0.707430
vt 0.808672 0.691174
vt 0.811292 0.707427
vt 0.809606 0.708335
vt 0.810388 0.708334
vt 0.811267 0.691175
vt 0.810358 0.690262
vt 0.809579 0.690261
vt 0.297129 0.503365
vt 0.297129 0.502657
vt 0.298234 0.502657
vt 0.298234 0.503365
vt 0.297129 0.501949
vt 0.298234 0.501949
vt 0.307608 0.464673
vt 0.307335 0.465332
vt 0.307005 0.464785
vt 0.307278 0.464126
vt 0.306676 0.465605
vt 0.306294 0.465058
vt 0.304978 0.448221
vt 0.305250 0.447557
vt 0.305582 0.448103
vt 0.305309 0.448768
vt 0.305907 0.447281
vt 0.306293 0.447828
vt 0.306679 0.447281
vt 0.307336 0.447557
vt 0.307003 0.448103
vt 0.307608 0.448221
vt 0.307278 0.448768
vt 0.298234 0.485494
vt 0.297129 0.485494
vt 0.298234 0.464009
vt 0.297129 0.464009
vt 0.297129 0.463231
vt 0.298234 0.463231
vt 0.298234 0.465425
vt 0.298234 0.481885
vt 0.297129 0.481885
vt 0.297129 0.465425
vt 0.298234 0.484082
vt 0.297129 0.484082
vt 0.297129 0.483300
vt 0.298234 0.483300
vt 0.305309 0.464126
vt 0.304979 0.464673
vt 0.305911 0.465605
vt 0.289280 0.443055
vt 0.289280 0.427781
vt 0.292694 0.427781
vt 0.292694 0.443055
vt 0.289280 0.461251
vt 0.289280 0.445977
vt 0.292694 0.445977
vt 0.292694 0.461251
vt 0.808965 0.708070
vt 0.811027 0.708067
vt 0.810997 0.690529
vt 0.808941 0.690528
vt 0.305252 0.465332
vt 0.305582 0.464785
vt 0.292694 0.426319
vt 0.292694 0.427077
vt 0.289280 0.427077
vt 0.289280 0.426319
vt 0.298234 0.464717
vt 0.297129 0.464717
vt 0.292694 0.461955
vt 0.289280 0.461955
vt 0.292694 0.462713
vt 0.289280 0.462713
vt 0.298234 0.484788
vt 0.297129 0.484788
vt 0.292694 0.443758
vt 0.289280 0.443758
vt 0.292694 0.444516
vt 0.289280 0.444516
vt 0.298234 0.482593
vt 0.297129 0.482593
vt 0.292694 0.445275
vt 0.289280 0.445275
vt 0.279476 0.464826
vt 0.277507 0.464826
vt 0.277776 0.464177
vt 0.279206 0.464177
vt 0.277776 0.480857
vt 0.279206 0.480857
vt 0.278491 0.481125
vt 0.278491 0.463908
vt 0.279476 0.480207
vt 0.277507 0.480207
vt 0.162805 0.295079
vt 0.145080 0.295079
vt 0.140731 0.193495
vt 0.158465 0.193495
vt 0.817963 0.993133
vt 0.794753 0.993133
vt 0.794753 0.991106
vt 0.817963 0.991106
vt 0.349770 0.392256
vt 0.378529 0.396028
vt 0.377719 0.398531
vt 0.349351 0.395451
vt 0.431873 0.408456
vt 0.431873 0.379654
vt 0.475041 0.379511
vt 0.475041 0.409092
vt 0.977161 0.247154
vt 0.977161 0.275864
vt 0.917665 0.275447
vt 0.917665 0.249672
vt 0.310170 0.776646
vt 0.338477 0.773576
vt 0.339287 0.776078
vt 0.310590 0.779842
vt 0.246339 0.389090
vt 0.246398 0.385869
vt 0.289652 0.387778
vt 0.289475 0.390996
vt 0.127407 0.295079
vt 0.123037 0.193495
vt 0.017661 0.193496
vt 0.009360 0.140967
vt 0.122343 0.140967
vt 0.291605 0.788783
vt 0.243393 0.790218
vt 0.243380 0.786825
vt 0.291468 0.785390
vt 0.353210 0.433011
vt 0.356432 0.432925
vt 0.356432 0.492034
vt 0.353738 0.491453
vt 0.602719 0.641854
vt 0.676266 0.750576
vt 0.602718 0.755026
vt 0.807660 0.996279
vt 0.809708 0.998047
vt 0.772301 0.998047
vt 0.772301 0.996279
vt 0.809708 0.996279
vt 0.352936 0.781803
vt 0.353738 0.784594
vt 0.857577 0.996279
vt 0.857577 0.998047
vt 0.004968 0.073839
vt 0.123069 0.073839
vt 0.335066 0.862020
vt 0.331433 0.846589
vt 0.348513 0.840397
vt 0.356675 0.853707
vt 0.328784 0.834278
vt 0.342375 0.829636
vt 0.797343 0.620749
vt 0.744617 0.571008
vt 0.744924 0.337087
vt 0.797337 0.287319
vt 0.337737 0.875471
vt 0.364016 0.864920
vt 0.917665 0.318962
vt 0.917664 0.300012
vt 0.977161 0.299394
vt 0.977160 0.317208
vt 0.349499 0.823895
vt 0.358597 0.832141
vt 0.370173 0.842520
vt 0.380371 0.851174
vt 0.357053 0.810902
vt 0.368558 0.816270
vt 0.676266 0.777263
vt 0.602718 0.779098
vt 0.140906 0.140967
vt 0.382683 0.823263
vt 0.466128 0.585809
vt 0.475041 0.475883
vt 0.475041 0.584310
vt 0.808922 0.621805
vt 0.808922 0.286266
vt 0.394672 0.829164
vt 0.358992 0.798832
vt 0.372642 0.801106
vt 0.022296 0.748001
vt 0.017803 0.736324
vt 0.020922 0.735745
vt 0.025006 0.746349
vt 0.329545 0.996279
vt 0.329545 0.998047
vt 0.320247 0.998047
vt 0.320247 0.996279
vt 0.015675 0.406545
vt 0.011213 0.417635
vt 0.007937 0.416977
vt 0.012846 0.404762
vt 0.588956 0.649272
vt 0.597093 0.647775
vt 0.676265 0.797842
vt 0.602718 0.797716
vt 0.388780 0.804973
vt 0.032231 0.760296
vt 0.034177 0.757789
vt 0.689590 0.623751
vt 0.688759 0.610750
vt 0.798527 0.632350
vt 0.023498 0.391963
vt 0.025509 0.394633
vt 0.308235 0.998047
vt 0.308235 0.996279
vt 0.824235 0.626052
vt 0.824263 0.282025
vt 0.142917 0.073839
vt 0.917665 0.343377
vt 0.977161 0.339742
vt 0.690513 0.640025
vt 0.801679 0.647561
vt 0.045359 0.763035
vt 0.044420 0.766070
vt 0.401715 0.809255
vt 0.303599 0.998047
vt 0.303599 0.996279
vt 0.037367 0.389277
vt 0.036424 0.386067
vt 0.676266 0.823844
vt 0.602718 0.821768
vt 0.159476 0.140967
vt 0.475041 0.781086
vt 0.475041 0.756948
vt 0.837606 0.629143
vt 0.837674 0.278934
vt 0.676265 0.844975
vt 0.602718 0.849805
vt 0.690815 0.653706
vt 0.803789 0.660808
vt 0.162774 0.073838
vt 0.321373 0.555750
vt 0.353150 0.554118
vt 0.354906 0.555763
vt 0.321683 0.558962
vt 0.279647 0.429139
vt 0.279665 0.460958
vt 0.277507 0.460949
vt 0.277507 0.428853
vt 0.420621 0.778474
vt 0.418767 0.776745
vt 0.418237 0.742935
vt 0.421636 0.743034
vt 0.116809 0.771755
vt 0.116518 0.774967
vt 0.244682 0.996279
vt 0.244682 0.998047
vt 0.112776 0.381192
vt 0.112518 0.377803
vt 0.665848 0.295079
vt 0.670212 0.372796
vt 0.560186 0.372796
vt 0.562304 0.295079
vt 0.475041 0.799725
vt 0.722697 0.571717
vt 0.475041 0.823723
vt 0.805902 0.629051
vt 0.431873 0.477440
vt 0.458812 0.591481
vt 0.456008 0.599711
vt 0.421097 0.445018
vt 0.421096 0.726157
vt 0.418506 0.725691
vt 0.418506 0.445485
vt 0.977161 0.617123
vt 0.917665 0.613487
vt 0.379261 0.446663
vt 0.381852 0.446196
vt 0.381852 0.727091
vt 0.379262 0.726625
vt 0.526875 0.295079
vt 0.519821 0.372797
vt 0.169890 0.372796
vt 0.513149 0.993133
vt 0.513149 0.991106
vt 0.741678 0.991106
vt 0.741678 0.993133
vt 0.475041 0.853302
vt 0.816647 0.640495
vt 0.431873 0.780813
vt 0.431873 0.755519
vt 0.138563 0.998047
vt 0.138563 0.996279
vt 0.246338 0.776221
vt 0.246398 0.779441
vt 0.249398 0.375081
vt 0.249286 0.378473
vt 0.825229 0.650068
vt 0.566652 0.193495
vt 0.672078 0.193495
vt 0.431873 0.800000
vt 0.410273 0.747769
vt 0.412536 0.749114
vt 0.085384 0.756672
vt 0.065936 0.754154
vt 0.084210 0.724735
vt 0.493958 0.993133
vt 0.493958 0.991106
vt 0.373292 0.423240
vt 0.371029 0.424585
vt 0.094497 0.724735
vt 0.093254 0.756938
vt 0.093318 0.724735
vt 0.977161 0.639657
vt 0.917665 0.637904
vt 0.431873 0.824417
vt 0.540168 0.372796
vt 0.544621 0.295079
vt 0.292667 0.735091
vt 0.284170 0.735091
vt 0.284170 0.722387
vt 0.292667 0.722387
vt 0.398419 0.761413
vt 0.400067 0.763465
vt 0.479246 0.993133
vt 0.479246 0.991106
vt 0.360823 0.408890
vt 0.359176 0.410942
vt 0.326884 0.747706
vt 0.310534 0.743457
vt 0.310534 0.738431
vt 0.331697 0.747617
vt 0.431873 0.853235
vt 0.310534 0.756803
vt 0.310534 0.751954
vt 0.977161 0.657471
vt 0.917665 0.656851
vt 0.377719 0.772645
vt 0.378530 0.775147
vt 0.460074 0.993133
vt 0.460074 0.991106
vt 0.339287 0.397210
vt 0.338476 0.399712
vt 0.101161 0.998047
vt 0.103172 0.996279
vt 0.289475 0.774314
vt 0.289652 0.777532
vt 0.297312 0.381298
vt 0.297547 0.377910
vt 0.977161 0.681000
vt 0.917665 0.681418
vt 0.349350 0.775723
vt 0.349770 0.778919
vt 0.436864 0.993133
vt 0.436864 0.991106
vt 0.310170 0.396642
vt 0.310589 0.393447
vt 0.197979 0.770495
vt 0.222641 0.748657
vt 0.977161 0.709711
vt 0.917665 0.707193
vt 0.531217 0.193495
vt 0.680392 0.140966
vt 0.567355 0.140966
vt 0.548950 0.193495
vt 0.359533 0.383894
vt 0.358651 0.386661
vt 0.065936 0.413674
vt 0.024926 0.460542
vt 0.033205 0.438476
vt 0.045219 0.424746
vt 0.234158 0.639383
vt 0.267408 0.642282
vt 0.265667 0.643943
vt 0.233876 0.642598
vt 0.426212 0.391946
vt 0.426200 0.427400
vt 0.422801 0.427400
vt 0.424308 0.393620
vt 0.548758 0.140966
vt 0.299268 0.428170
vt 0.299287 0.460265
vt 0.297129 0.460276
vt 0.297129 0.428457
vt 0.566601 0.073839
vt 0.684795 0.073838
vt 0.024926 0.707287
vt 0.530208 0.140966
vt 0.546748 0.073839
vt 0.045219 0.743082
vt 0.033205 0.729352
vt 0.526901 0.073839
vt 0.084209 0.443093
vt 0.385069 0.873272
vt 0.385069 0.871114
vt 0.679411 0.871114
vt 0.679411 0.873272
vt 0.089353 0.443093
vt 0.089353 0.724735
vt 0.385069 0.866823
vt 0.679410 0.866823
vt 0.385069 0.877562
vt 0.679411 0.877562
vt 0.094497 0.443093
vt 0.222641 0.419171
vt 0.101161 0.996279
vt 0.053289 0.996279
vt 0.053289 0.998047
vt 0.270043 0.765104
vt 0.266821 0.765047
vt 0.266821 0.706602
vt 0.269510 0.705996
vt 0.323566 0.735091
vt 0.315070 0.735091
vt 0.315070 0.722387
vt 0.323566 0.722387
vt 0.085431 0.443093
vt 0.085383 0.411156
vt 0.305461 0.743005
vt 0.289110 0.747254
vt 0.284296 0.747165
vt 0.305461 0.737979
vt 0.093254 0.410891
vt 0.197979 0.397332
vt 0.305460 0.751504
vt 0.305461 0.756352
vt 0.215213 0.765188
vt 0.215213 0.402640
vt 0.371030 0.748703
vt 0.373292 0.750048
vt 0.760869 0.993133
vt 0.760869 0.991106
vt 0.775581 0.991106
vt 0.775581 0.993133
vt 0.412536 0.422061
vt 0.410273 0.423406
vt 0.398419 0.409763
vt 0.400067 0.407710
vt 0.360824 0.764398
vt 0.359176 0.762345
vt 0.431873 0.432882
vt 0.475041 0.433079
vt 0.431873 0.452083
vt 0.475041 0.451723
vt 0.023877 0.295079
vt 0.149537 0.372797
vt 0.689193 0.297203
vt 0.722912 0.336311
vt 0.602719 0.477372
vt 0.602719 0.590155
vt 0.598365 0.584295
vt 0.590323 0.582992
vt 0.129520 0.372797
vt 0.666126 0.998047
vt 0.666126 0.996279
vt 0.106650 0.783539
vt 0.107006 0.780159
vt 0.816710 0.267584
vt 0.825295 0.258009
vt 0.116809 0.393557
vt 0.116518 0.390345
vt 0.602718 0.382664
vt 0.602718 0.410697
vt 0.019509 0.372797
vt 0.805933 0.279020
vt 0.803877 0.247259
vt 0.801757 0.260504
vt 0.798571 0.275713
vt 0.602718 0.453330
vt 0.052501 0.810902
vt 0.050562 0.798819
vt 0.602718 0.434731
vt 0.691137 0.254257
vt 0.690847 0.267937
vt 0.689965 0.284207
vt 0.080763 0.834294
vt 0.607152 0.996279
vt 0.607152 0.998047
vt 0.030827 0.773078
vt 0.031863 0.769896
vt 0.044420 0.399243
vt 0.045359 0.402277
vt 0.017803 0.428988
vt 0.020922 0.429567
vt 0.006539 0.740794
vt 0.003245 0.741357
vt 0.676266 0.408551
vt 0.676266 0.387427
vt 0.078116 0.846603
vt 0.071811 0.875423
vt 0.074482 0.862011
vt 0.676265 0.455055
vt 0.676265 0.481657
vt 0.676265 0.434523
vt 0.010679 0.752009
vt 0.007799 0.753709
vt 0.589796 0.998047
vt 0.580499 0.998047
vt 0.580499 0.996279
vt 0.589796 0.996279
vt 0.025006 0.418964
vt 0.022296 0.417311
vt 0.601789 0.998047
vt 0.601789 0.996279
vt 0.020165 0.764199
vt 0.018077 0.766810
vt 0.036925 0.801099
vt 0.040983 0.816260
vt 0.034177 0.407523
vt 0.032231 0.405017
vt 0.020821 0.804975
vt 0.026823 0.823232
vt 0.014916 0.829196
vt 0.007705 0.809174
vt 0.067175 0.829652
vt 0.061029 0.840393
vt 0.060054 0.823891
vt 0.050950 0.832124
vt 0.052867 0.853687
vt 0.045536 0.864901
vt 0.029198 0.851160
vt 0.039374 0.842493
vt 0.605456 0.598684
vt 0.604743 0.633300
vt 0.455324 0.633366
vt 0.457787 0.641555
vt 0.464852 0.647104
vt 0.475041 0.648547
vt 0.693233 0.950614
vt 0.690937 0.940704
vt 0.692319 0.939638
vt 0.694523 0.949345
vt 0.699508 0.957870
vt 0.700545 0.956451
vt 0.708082 0.960527
vt 0.708773 0.959053
vt 0.757274 0.827022
vt 0.759569 0.836933
vt 0.758187 0.838000
vt 0.755984 0.828292
vt 0.750999 0.819766
vt 0.749963 0.821185
vt 0.742426 0.817107
vt 0.741735 0.818582
vt 0.759569 0.940727
vt 0.758187 0.939659
vt 0.742385 0.960532
vt 0.741694 0.959057
vt 0.757240 0.950633
vt 0.755953 0.949360
vt 0.750960 0.957882
vt 0.749924 0.956462
vt 0.690966 0.836912
vt 0.692347 0.837979
vt 0.708123 0.817098
vt 0.708814 0.818573
vt 0.693269 0.827003
vt 0.694559 0.828274
vt 0.699549 0.819751
vt 0.700585 0.821171
vt 0.619698 0.985819
vt 0.627392 0.985819
vt 0.627392 0.988697
vt 0.619698 0.988697
vt 0.612634 0.985819
vt 0.612634 0.988697
vt 0.606261 0.985819
vt 0.606261 0.988697
vt 0.474485 0.985819
vt 0.482179 0.985819
vt 0.482179 0.988697
vt 0.474485 0.988697
vt 0.467421 0.985819
vt 0.467421 0.988697
vt 0.461049 0.985819
vt 0.461049 0.988697
vt 0.560956 0.985819
vt 0.560956 0.988697
vt 0.582077 0.985819
vt 0.582077 0.988697
vt 0.568644 0.985819
vt 0.568644 0.988697
vt 0.575705 0.985819
vt 0.575705 0.988697
vt 0.706145 0.985819
vt 0.706145 0.988697
vt 0.436864 0.985819
vt 0.436864 0.988697
vt 0.713834 0.985819
vt 0.713834 0.988697
vt 0.720895 0.985819
vt 0.720895 0.988697
vt 0.727266 0.985819
vt 0.727266 0.988697
vt 0.289881 0.623958
vt 0.322802 0.623965
vt 0.321178 0.627430
vt 0.291504 0.627422
vt 0.281651 0.626557
vt 0.284087 0.629893
vt 0.278656 0.636647
vt 0.275625 0.633661
vt 0.273418 0.643367
vt 0.276666 0.645874
vt 0.273419 0.745025
vt 0.276666 0.742519
vt 0.275628 0.754732
vt 0.278658 0.751746
vt 0.281652 0.761837
vt 0.284088 0.758500
vt 0.289881 0.764437
vt 0.291505 0.760972
vt 0.322801 0.764439
vt 0.321177 0.760975
vt 0.331030 0.761839
vt 0.328594 0.758502
vt 0.337054 0.754734
vt 0.334024 0.751748
vt 0.339259 0.745028
vt 0.336012 0.742520
vt 0.339290 0.643367
vt 0.336042 0.645875
vt 0.337054 0.633663
vt 0.334028 0.636652
vt 0.331030 0.626562
vt 0.328595 0.629899
vt 0.017869 0.993004
vt 0.017869 0.990658
vt 0.026161 0.990658
vt 0.026161 0.993004
vt 0.290210 0.985757
vt 0.298318 0.985757
vt 0.298318 0.988103
vt 0.290210 0.988103
vt 0.010049 0.993004
vt 0.010049 0.990658
vt 0.305908 0.985757
vt 0.305908 0.988103
vt 0.002733 0.993004
vt 0.002733 0.990658
vt 0.312941 0.985757
vt 0.312941 0.988103
vt 0.177258 0.993004
vt 0.177258 0.990657
vt 0.185550 0.990658
vt 0.185550 0.993004
vt 0.135042 0.985757
vt 0.143150 0.985757
vt 0.143150 0.988104
vt 0.135042 0.988103
vt 0.169438 0.993004
vt 0.169438 0.990657
vt 0.150740 0.985757
vt 0.150740 0.988103
vt 0.162122 0.993004
vt 0.162122 0.990657
vt 0.157773 0.985757
vt 0.157773 0.988104
vt 0.270156 0.990658
vt 0.270156 0.993004
vt 0.052201 0.985757
vt 0.052201 0.988103
vt 0.293574 0.993004
vt 0.293574 0.990657
vt 0.321534 0.990658
vt 0.321534 0.993004
vt 0.002628 0.985757
vt 0.029461 0.985757
vt 0.029461 0.988103
vt 0.002628 0.988104
vt 0.278443 0.990657
vt 0.278443 0.993004
vt 0.044088 0.985757
vt 0.044088 0.988103
vt 0.286259 0.993004
vt 0.286259 0.990658
vt 0.036495 0.985757
vt 0.036495 0.988103
vt 0.110743 0.990657
vt 0.110743 0.993004
vt 0.207346 0.985757
vt 0.207346 0.988103
vt 0.134162 0.993004
vt 0.134162 0.990657
vt 0.184605 0.985757
vt 0.184605 0.988103
vt 0.119031 0.990657
vt 0.119031 0.993004
vt 0.199233 0.985757
vt 0.199233 0.988103
vt 0.126846 0.990657
vt 0.126846 0.993004
vt 0.191640 0.985757
vt 0.191640 0.988103
vt 0.908904 0.996279
vt 0.908904 0.998047
vt 0.124806 0.003146
vt 0.003656 0.003146
vt 0.146810 0.003146
vt 0.168777 0.003146
vt 0.520870 0.003146
vt 0.542839 0.003146
vt 0.564865 0.003146
vt 0.686118 0.003146
vt 0.001953 0.998047
vt 0.001953 0.996279
vt 0.852858 0.681569
vt 0.852858 0.702840
vt 0.852858 0.655363
vt 0.852858 0.634740
vt 0.852858 0.608087
vt 0.852858 0.348778
vt 0.852858 0.322125
vt 0.852858 0.301502
vt 0.852858 0.275296
vt 0.852858 0.254024
vt 0.234339 0.403907
vt 0.244815 0.403907
vt 0.244815 0.637081
vt 0.234339 0.637081
vt 0.253234 0.403907
vt 0.253234 0.637081
vt 0.261653 0.403907
vt 0.261653 0.637081
vt 0.272129 0.403907
vt 0.272129 0.637081
vt 0.287476 0.407128
vt 0.287476 0.422684
vt 0.277507 0.425906
vt 0.277507 0.403907
vt 0.307098 0.403907
vt 0.307098 0.425906
vt 0.297129 0.422685
vt 0.297129 0.407128
vt 0.290697 0.414906
vt 0.308199 0.428812
vt 0.308199 0.444368
vt 0.304978 0.436590
vt 0.093318 0.443093
vt 0.085431 0.724735
vt 0.995523 0.239953
vt 0.688952 0.239953
vt 0.688952 0.003014
vt 0.995523 0.003014
vt 0.837674 0.681091
vt 0.842674 0.678709
vt 0.845290 0.689719
vt 0.839663 0.690318
vt 0.832244 0.674336
vt 0.835362 0.669854
vt 0.824827 0.671865
vt 0.825727 0.666320
vt 0.782305 0.796188
vt 0.777306 0.798571
vt 0.774690 0.787560
vt 0.780317 0.786960
vt 0.787735 0.802943
vt 0.784617 0.807426
vt 0.795152 0.805416
vt 0.794252 0.810961
vt 0.774662 0.689713
vt 0.780289 0.690313
vt 0.795154 0.671869
vt 0.794255 0.666323
vt 0.777306 0.678703
vt 0.782304 0.681091
vt 0.787737 0.674338
vt 0.784621 0.669854
vt 0.845290 0.787561
vt 0.839663 0.786961
vt 0.824824 0.805415
vt 0.825724 0.810960
vt 0.842671 0.798571
vt 0.837672 0.796188
vt 0.835359 0.807425
vt 0.832241 0.802943
vt 0.229717 0.420512
vt 0.229717 0.429945
vt 0.225464 0.429945
vt 0.225464 0.420512
vt 0.229717 0.411850
vt 0.225464 0.411850
vt 0.229717 0.404033
vt 0.225464 0.404033
vt 0.229717 0.598663
vt 0.229717 0.608096
vt 0.225464 0.608096
vt 0.225464 0.598663
vt 0.229717 0.590000
vt 0.225464 0.590000
vt 0.229717 0.582184
vt 0.225464 0.582184
vt 0.229717 0.704713
vt 0.225464 0.704713
vt 0.229717 0.730636
vt 0.229717 0.760307
vt 0.225464 0.760307
vt 0.225464 0.730636
vt 0.229717 0.714151
vt 0.225464 0.714151
vt 0.229717 0.722818
vt 0.225464 0.722818
vt 0.229717 0.526590
vt 0.225464 0.526590
vt 0.229717 0.552513
vt 0.225464 0.552513
vt 0.229717 0.536029
vt 0.225464 0.536029
vt 0.229717 0.544695
vt 0.225464 0.544695
vt 0.761125 0.675371
vt 0.768007 0.686462
vt 0.764555 0.687502
vt 0.758048 0.677065
vt 0.752847 0.668184
vt 0.750044 0.669890
vt 0.743261 0.664519
vt 0.741514 0.666730
vt 0.690266 0.799655
vt 0.683365 0.788390
vt 0.686719 0.787503
vt 0.693368 0.798002
vt 0.698578 0.806955
vt 0.701411 0.805276
vt 0.708255 0.810700
vt 0.710018 0.808487
vt 0.683318 0.686743
vt 0.686512 0.687557
vt 0.707847 0.664944
vt 0.709636 0.667117
vt 0.690146 0.675674
vt 0.693231 0.677356
vt 0.698368 0.668533
vt 0.701169 0.670243
vt 0.768639 0.788060
vt 0.765272 0.787190
vt 0.743982 0.810203
vt 0.742172 0.808036
vt 0.761778 0.799282
vt 0.758672 0.797634
vt 0.753531 0.806531
vt 0.750701 0.804850
vt 0.755450 0.680905
vt 0.748462 0.674375
vt 0.760537 0.689822
vt 0.761172 0.785008
vt 0.740765 0.671433
vt 0.710453 0.671776
vt 0.690802 0.785284
vt 0.695984 0.794193
vt 0.690551 0.689848
vt 0.703013 0.800804
vt 0.710775 0.803792
vt 0.741331 0.803386
vt 0.695832 0.681173
vt 0.702790 0.674698
vt 0.756030 0.793855
vt 0.749049 0.800413
vt 0.753031 0.685117
vt 0.747274 0.679238
vt 0.756643 0.692783
vt 0.757183 0.782184
vt 0.740239 0.676523
vt 0.711042 0.676830
vt 0.694769 0.782414
vt 0.698439 0.790023
vt 0.694466 0.692777
vt 0.704223 0.795958
vt 0.711312 0.798716
vt 0.740722 0.798343
vt 0.698269 0.685351
vt 0.704020 0.679525
vt 0.753548 0.789725
vt 0.747789 0.795605
vt 0.751031 0.692619
vt 0.746291 0.687629
vt 0.752568 0.699333
vt 0.752907 0.775793
vt 0.739571 0.685463
vt 0.711811 0.685716
vt 0.698994 0.775952
vt 0.700539 0.782577
vt 0.698583 0.699290
vt 0.705255 0.787600
vt 0.712009 0.789809
vt 0.739916 0.789479
vt 0.700349 0.692786
vt 0.705063 0.687836
vt 0.751408 0.782363
vt 0.746705 0.787329
vt 0.748511 0.713419
vt 0.744189 0.710555
vt 0.749978 0.717349
vt 0.749771 0.757935
vt 0.738132 0.709467
vt 0.713355 0.709274
vt 0.701986 0.757997
vt 0.703497 0.761885
vt 0.701327 0.717301
vt 0.707726 0.764732
vt 0.713682 0.765813
vt 0.738132 0.765981
vt 0.703012 0.713418
vt 0.707312 0.710483
vt 0.748278 0.761837
vt 0.744075 0.764769
vt 0.318629 0.544960
vt 0.318629 0.547615
vt 0.275526 0.547615
vt 0.275526 0.544960
vt 0.318629 0.550270
vt 0.275526 0.550270
vt 0.318629 0.552924
vt 0.275526 0.552924
vt 0.318629 0.575606
vt 0.318629 0.578638
vt 0.275526 0.578638
vt 0.275526 0.575606
vt 0.318629 0.581293
vt 0.275526 0.581293
vt 0.318629 0.583947
vt 0.275526 0.583947
vt 0.318629 0.586602
vt 0.275526 0.586602
vt 0.318629 0.589257
vt 0.275526 0.589257
vt 0.545647 0.633753
vt 0.545647 0.645694
vt 0.502544 0.645694
vt 0.502544 0.633753
vt 0.318629 0.601198
vt 0.275526 0.601198
vt 0.537480 0.598180
vt 0.525849 0.598180
vt 0.525849 0.586239
vt 0.537480 0.586239
vt 0.550177 0.598416
vt 0.538546 0.598416
vt 0.538546 0.586475
vt 0.550177 0.586475
vt 0.528634 0.605562
vt 0.531664 0.605472
vt 0.534253 0.604881
vt 0.536328 0.603226
vt 0.537480 0.600834
vt 0.547392 0.605798
vt 0.544361 0.605708
vt 0.541773 0.605117
vt 0.502735 0.600834
vt 0.502735 0.598180
vt 0.503887 0.603226
vt 0.505962 0.604881
vt 0.572139 0.603462
vt 0.570064 0.605117
vt 0.573291 0.601070
vt 0.573291 0.598416
vt 0.503062 0.631212
vt 0.503062 0.608098
vt 0.546164 0.608098
vt 0.546164 0.631212
vt 0.539698 0.603462
vt 0.538546 0.601070
vt 0.579208 0.611506
vt 0.579208 0.616603
vt 0.549872 0.616603
vt 0.549872 0.611506
vt 0.549317 0.621158
vt 0.578653 0.621158
vt 0.578653 0.631643
vt 0.549317 0.631643
vt 0.578468 0.634719
vt 0.578468 0.645204
vt 0.549132 0.645204
vt 0.549132 0.634719
vt 0.581512 0.640353
vt 0.591997 0.640353
vt 0.591997 0.645450
vt 0.581512 0.645450
vt 0.592144 0.630872
vt 0.592144 0.635970
vt 0.581659 0.635970
vt 0.581659 0.630872
vt 0.318629 0.544960
vt 0.318629 0.547615
vt 0.275526 0.547615
vt 0.275526 0.544960
vt 0.318629 0.550270
vt 0.275526 0.550270
vt 0.318629 0.552924
vt 0.275526 0.552924
vt 0.318629 0.575606
vt 0.318629 0.578638
vt 0.275526 0.578638
vt 0.275526 0.575606
vt 0.318629 0.581293
vt 0.275526 0.581293
vt 0.318629 0.583947
vt 0.275526 0.583947
vt 0.318629 0.586602
vt 0.275526 0.586602
vt 0.318629 0.589257
vt 0.275526 0.589257
vt 0.545647 0.633753
vt 0.545647 0.645694
vt 0.502544 0.645694
vt 0.502544 0.633753
vt 0.318629 0.601198
vt 0.275526 0.601198
vt 0.537480 0.598180
vt 0.525849 0.598180
vt 0.525849 0.586239
vt 0.537480 0.586239
vt 0.550177 0.598416
vt 0.538546 0.598416
vt 0.538546 0.586475
vt 0.550177 0.586475
vt 0.528634 0.605562
vt 0.531664 0.605472
vt 0.534253 0.604881
vt 0.536328 0.603226
vt 0.537480 0.600834
vt 0.547392 0.605798
vt 0.544361 0.605708
vt 0.541773 0.605117
vt 0.502735 0.600834
vt 0.502735 0.598180
vt 0.503887 0.603226
vt 0.505962 0.604881
vt 0.572139 0.603462
vt 0.570064 0.605117
vt 0.573291 0.601070
vt 0.573291 0.598416
vt 0.503062 0.631212
vt 0.503062 0.608098
vt 0.546164 0.608098
vt 0.546164 0.631212
vt 0.539698 0.603462
vt 0.538546 0.601070
vt 0.579208 0.611506
vt 0.579208 0.616603
vt 0.549872 0.616603
vt 0.549872 0.611506
vt 0.549317 0.621158
vt 0.578653 0.621158
vt 0.578653 0.631643
vt 0.549317 0.631643
vt 0.578468 0.634719
vt 0.578468 0.645204
vt 0.549132 0.645204
vt 0.549132 0.634719
vt 0.581512 0.640353
vt 0.591997 0.640353
vt 0.591997 0.645450
vt 0.581512 0.645450
vt 0.592144 0.630872
vt 0.592144 0.635970
vt 0.581659 0.635970
vt 0.581659 0.630872
vt 0.773840 0.836549
vt 0.781907 0.827524
vt 0.828665 0.849312
vt 0.765500 0.868693
vt 0.792853 0.824273
vt 0.803794 0.824273
vt 0.814740 0.827524
vt 0.372920 0.531366
vt 0.368568 0.543430
vt 0.371513 0.558141
vt 0.370259 0.577646
vt 0.366640 0.576699
vt 0.370259 0.451309
vt 0.367784 0.470843
vt 0.372330 0.485487
vt 0.372920 0.497589
vt 0.369111 0.497548
vt 0.372330 0.543468
vt 0.367784 0.558113
vt 0.371513 0.470814
vt 0.368568 0.485525
vt 0.767982 0.849312
vt 0.822806 0.836549
vn 0.000038 -0.999976 0.006942
vn 0.000235 -0.999788 0.020571
vn 0.000606 -0.999797 0.020145
vn 0.000099 -0.999977 0.006826
vn -0.999898 0.014244 -0.000503
vn -0.999910 0.013446 -0.000580
vn -0.999863 0.016537 -0.000282
vn -0.999863 0.016537 -0.000282
vn -0.001517 0.995720 -0.092407
vn -0.000232 0.999790 -0.020493
vn -0.000600 0.999799 -0.020057
vn -0.003892 0.995962 -0.089691
vn -0.004410 0.977907 -0.208996
vn -0.001517 0.995720 -0.092407
vn -0.003892 0.995962 -0.089691
vn -0.011084 0.979366 -0.201791
vn 0.992905 0.109113 0.047271
vn 0.993023 0.105448 0.052785
vn 0.993985 0.105172 0.030534
vn 0.993770 0.102541 0.043660
vn -0.999999 -0.000301 -0.001494
vn -0.999910 0.013446 -0.000580
vn -0.999898 0.014244 -0.000503
vn -0.999996 0.002539 -0.001396
vn 0.001450 -0.995858 0.090912
vn 0.003960 -0.977823 0.209397
vn 0.010257 -0.978812 0.204503
vn 0.003747 -0.996071 0.088473
vn 0.000235 -0.999788 0.020571
vn 0.001450 -0.995858 0.090912
vn 0.003747 -0.996071 0.088473
vn 0.000606 -0.999797 0.020145
vn -0.999999 -0.000301 -0.001494
vn -0.999996 0.002539 -0.001396
vn -0.999934 -0.011437 -0.001009
vn -0.999878 -0.015627 -0.000405
vn -0.010936 0.903988 -0.427417
vn -0.004410 0.977907 -0.208996
vn -0.011084 0.979366 -0.201791
vn -0.027515 0.910803 -0.411924
vn -0.020429 0.707568 -0.706349
vn -0.010936 0.903988 -0.427417
vn -0.027515 0.910803 -0.411924
vn -0.053365 0.722105 -0.689722
vn 0.997281 0.066961 -0.030769
vn 0.996464 0.082281 -0.017020
vn 0.997748 -0.003784 -0.066966
vn 0.995127 -0.055602 -0.081430
vn -0.999596 -0.027772 0.006024
vn -0.999878 -0.015627 -0.000405
vn -0.999934 -0.011437 -0.001009
vn -0.999576 -0.028258 0.007062
vn 0.009811 -0.874888 0.484225
vn 0.016107 -0.619646 0.784716
vn 0.043301 -0.618849 0.784316
vn 0.025954 -0.876637 0.480452
vn 0.003960 -0.977823 0.209397
vn 0.009811 -0.874888 0.484225
vn 0.025954 -0.876637 0.480452
vn 0.010257 -0.978812 0.204503
vn -0.999596 -0.027772 0.006024
vn -0.999576 -0.028258 0.007062
vn -0.999738 -0.018854 0.012971
vn -0.999669 -0.022322 0.012833
vn -0.000335 -0.878755 -0.477274
vn -0.000413 -0.922256 -0.386580
vn -0.001077 -0.925008 -0.379947
vn -0.000884 -0.880147 -0.474700
vn 0.996468 -0.075579 -0.036603
vn 0.996468 -0.075579 -0.036603
vn 0.995572 -0.087739 -0.033732
vn 0.994376 -0.101421 -0.030492
vn -0.999968 0.002779 0.007546
vn -0.999849 0.013098 0.011463
vn -0.999645 0.022122 0.014888
vn -0.999645 0.022122 0.014888
vn 0.000388 0.929949 0.367688
vn 0.000316 0.892832 0.450389
vn 0.000836 0.894106 0.447855
vn 0.001008 0.932354 0.361546
vn -0.999993 -0.000400 0.003646
vn -0.999982 0.003186 0.005045
vn -0.999975 0.003968 0.005868
vn -0.999994 -0.000261 0.003486
vn -0.999982 0.003186 0.005045
vn -0.999905 0.011071 0.008271
vn -0.999867 0.014318 0.007811
vn -0.999975 0.003968 0.005868
vn -0.025193 -0.199673 -0.979539
vn -0.028626 0.082241 -0.996201
vn -0.077429 0.049686 -0.995759
vn -0.066562 -0.241643 -0.968080
vn -0.018774 -0.561328 -0.827380
vn -0.025193 -0.199673 -0.979539
vn -0.066562 -0.241643 -0.968080
vn -0.048670 -0.579530 -0.813496
vn 0.020236 0.166314 0.985865
vn 0.017524 0.520330 0.853785
vn 0.047189 0.519226 0.853333
vn 0.054523 0.166155 0.984591
vn 0.020389 -0.113285 0.993353
vn 0.020236 0.166314 0.985865
vn 0.054523 0.166155 0.984591
vn 0.054887 -0.113332 0.992040
vn -0.999932 -0.007326 0.009039
vn -0.999943 -0.006520 0.008463
vn -0.999993 -0.000400 0.003646
vn -0.999994 -0.000261 0.003486
vn -0.027553 0.401274 -0.915544
vn -0.020429 0.707568 -0.706349
vn -0.053365 0.722105 -0.689722
vn -0.074322 0.400652 -0.913211
vn -0.028626 0.082241 -0.996201
vn -0.027553 0.401274 -0.915544
vn -0.074322 0.400652 -0.913211
vn -0.077429 0.049686 -0.995759
vn 0.991243 -0.095065 -0.091654
vn 0.991870 -0.089520 -0.090439
vn 0.993684 -0.074053 -0.084315
vn 0.994301 -0.067780 -0.082287
vn -0.999932 -0.007326 0.009039
vn -0.999669 -0.022322 0.012833
vn -0.999738 -0.018854 0.012971
vn -0.999943 -0.006520 0.008463
vn 0.018949 -0.383965 0.923153
vn 0.020389 -0.113285 0.993353
vn 0.054887 -0.113332 0.992040
vn 0.050988 -0.383852 0.921986
vn 0.016107 -0.619646 0.784716
vn 0.018949 -0.383965 0.923153
vn 0.050988 -0.383852 0.921986
vn 0.043301 -0.618849 0.784316
vn -0.999992 0.001076 -0.003787
vn -0.999956 -0.009033 -0.002690
vn -0.999913 -0.013044 -0.002198
vn -0.999993 -0.000665 -0.003619
vn -0.999931 0.011264 -0.003465
vn -0.999992 0.001076 -0.003787
vn -0.999993 -0.000665 -0.003619
vn -0.999946 0.009758 -0.003626
vn -0.002913 -0.983220 -0.182400
vn -0.005822 -0.951590 -0.307316
vn -0.014865 -0.954701 -0.297196
vn -0.007367 -0.984931 -0.172788
vn -0.001076 -0.995902 -0.090434
vn -0.002913 -0.983220 -0.182400
vn -0.007367 -0.984931 -0.172788
vn -0.002713 -0.996354 -0.085277
vn 0.002918 0.982929 0.183960
vn 0.001159 0.995371 0.096101
vn 0.002919 0.995887 0.090556
vn 0.007389 0.984632 0.174486
vn 0.005522 0.956088 0.293028
vn 0.002918 0.982929 0.183960
vn 0.007389 0.984632 0.174486
vn 0.014097 0.959064 0.282839
vn -0.999758 -0.021880 -0.002278
vn -0.999772 -0.021254 -0.002149
vn -0.999849 0.013098 0.011463
vn -0.999968 0.002779 0.007546
vn -0.000500 -0.994042 -0.108997
vn -0.001076 -0.995902 -0.090434
vn -0.002713 -0.996354 -0.085277
vn -0.001275 -0.994610 -0.103676
vn -0.000413 -0.922256 -0.386580
vn -0.000500 -0.994042 -0.108997
vn -0.001275 -0.994610 -0.103676
vn -0.001077 -0.925008 -0.379947
vn 0.990388 -0.137562 -0.014462
vn 0.990362 -0.137592 -0.015869
vn 0.994376 -0.101421 -0.030492
vn 0.995572 -0.087739 -0.033732
vn -0.999758 -0.021880 -0.002278
vn -0.999913 -0.013044 -0.002198
vn -0.999956 -0.009033 -0.002690
vn -0.999772 -0.021254 -0.002149
vn 0.000481 0.994568 0.104088
vn 0.000388 0.929949 0.367688
vn 0.001008 0.932354 0.361546
vn 0.001221 0.995129 0.098575
vn 0.001159 0.995371 0.096101
vn 0.000481 0.994568 0.104088
vn 0.001221 0.995129 0.098575
vn 0.002919 0.995887 0.090556
vn -0.999822 0.018852 0.000994
vn -0.999797 0.019882 0.003411
vn -0.999931 0.011264 -0.003465
vn -0.999946 0.009758 -0.003626
vn -0.010795 -0.852690 -0.522306
vn -0.018774 -0.561328 -0.827380
vn -0.048670 -0.579530 -0.813496
vn -0.028030 -0.856835 -0.514829
vn -0.005822 -0.951590 -0.307316
vn -0.010795 -0.852690 -0.522306
vn -0.028030 -0.856835 -0.514829
vn -0.014865 -0.954701 -0.297196
vn 0.996887 -0.059212 -0.052057
vn 0.996442 -0.068435 -0.049192
vn 0.994970 -0.093454 -0.036070
vn 0.995101 -0.091349 -0.037800
vn -0.999822 0.018852 0.000994
vn -0.999867 0.014318 0.007811
vn -0.999905 0.011071 0.008271
vn -0.999797 0.019882 0.003411
vn 0.010674 0.850279 0.526224
vn 0.005522 0.956088 0.293028
vn 0.014097 0.959064 0.282839
vn 0.028074 0.853063 0.521053
vn 0.017524 0.520330 0.853785
vn 0.010674 0.850279 0.526224
vn 0.028074 0.853063 0.521053
vn 0.047189 0.519226 0.853333
vn 0.993955 -0.106703 -0.025830
vn 0.995101 -0.091349 -0.037800
vn 0.994970 -0.093454 -0.036070
vn 0.993689 -0.109630 -0.023722
vn 0.992273 -0.123114 -0.015402
vn 0.993955 -0.106703 -0.025830
vn 0.993689 -0.109630 -0.023722
vn 0.991536 -0.129261 -0.012146
vn 0.990388 -0.137562 -0.014462
vn 0.992273 -0.123114 -0.015402
vn 0.991536 -0.129261 -0.012146
vn 0.990362 -0.137592 -0.015869
vn 0.991924 0.126110 0.013495
vn 0.991774 0.127580 0.010367
vn 0.991411 0.130736 0.003641
vn 0.991411 0.130736 0.003641
vn 0.000749 0.999957 -0.009243
vn 0.002182 0.999607 -0.027958
vn 0.002061 0.999684 -0.025067
vn 0.000637 0.999964 -0.008453
vn 0.992905 0.109113 0.047271
vn 0.991774 0.127580 0.010367
vn 0.991924 0.126110 0.013495
vn 0.993023 0.105448 0.052785
vn 0.997281 0.066961 -0.030769
vn 0.993770 0.102541 0.043660
vn 0.993985 0.105172 0.030534
vn 0.996464 0.082281 -0.017020
vn 0.991243 -0.095065 -0.091654
vn 0.995127 -0.055602 -0.081430
vn 0.997748 -0.003784 -0.066966
vn 0.991870 -0.089520 -0.090439
vn 0.997202 -0.030320 -0.068332
vn 0.994301 -0.067780 -0.082287
vn 0.993684 -0.074053 -0.084315
vn 0.997325 -0.028389 -0.067362
vn 0.997889 -0.025215 -0.059850
vn 0.997202 -0.030320 -0.068332
vn 0.997325 -0.028389 -0.067362
vn 0.997770 -0.031848 -0.058665
vn 0.996887 -0.059212 -0.052057
vn 0.997889 -0.025215 -0.059850
vn 0.997770 -0.031848 -0.058665
vn 0.996442 -0.068435 -0.049192
vn 0.000334 -0.997740 -0.067197
vn 0.000730 -0.989967 -0.141296
vn 0.012351 -0.988320 -0.151890
vn 0.004477 -0.997354 -0.072555
vn 0.000730 -0.989967 -0.141296
vn -0.000341 -0.964631 -0.263605
vn 0.025696 -0.961048 -0.275185
vn 0.012351 -0.988320 -0.151890
vn 0.012351 -0.988320 -0.151890
vn 0.025696 -0.961048 -0.275185
vn 0.015033 -0.953546 -0.300871
vn 0.007316 -0.984384 -0.175885
vn 0.004477 -0.997354 -0.072555
vn 0.012351 -0.988320 -0.151890
vn 0.007316 -0.984384 -0.175885
vn 0.002667 -0.996282 -0.086112
vn -0.000043 -0.937560 -0.347823
vn 0.000056 -0.996708 -0.081076
vn 0.002050 -0.996139 -0.087772
vn 0.001907 -0.933741 -0.357943
vn 0.000056 -0.996708 -0.081076
vn 0.000334 -0.997740 -0.067197
vn 0.004477 -0.997354 -0.072555
vn 0.002050 -0.996139 -0.087772
vn 0.002050 -0.996139 -0.087772
vn 0.004477 -0.997354 -0.072555
vn 0.002667 -0.996282 -0.086112
vn 0.001278 -0.994531 -0.104436
vn 0.001907 -0.933741 -0.357943
vn 0.002050 -0.996139 -0.087772
vn 0.001278 -0.994531 -0.104436
vn 0.001091 -0.924509 -0.381159
vn 0.000890 -0.880163 -0.474671
vn 0.001626 -0.885415 -0.464799
vn 0.001907 -0.933741 -0.357943
vn 0.001091 -0.924509 -0.381159
vn 0.001626 -0.885415 -0.464799
vn -0.000022 -0.887783 -0.460262
vn -0.000043 -0.937560 -0.347823
vn 0.001907 -0.933741 -0.357943
vn -0.001782 0.940575 0.339582
vn 0.000041 0.944101 0.329656
vn 0.000021 0.901036 0.433744
vn -0.001532 0.898890 0.438171
vn -0.001782 0.940575 0.339582
vn -0.001532 0.898890 0.438171
vn -0.000841 0.894119 0.447828
vn -0.001021 0.931909 0.362692
vn -0.000363 0.997476 0.071000
vn -0.000054 0.997114 0.075921
vn -0.001942 0.996586 0.082542
vn -0.004803 0.997038 0.076759
vn -0.000054 0.997114 0.075921
vn 0.000041 0.944101 0.329656
vn -0.001782 0.940575 0.339582
vn -0.001942 0.996586 0.082542
vn -0.001942 0.996586 0.082542
vn -0.001782 0.940575 0.339582
vn -0.001021 0.931909 0.362692
vn -0.001221 0.995054 0.099328
vn -0.004803 0.997038 0.076759
vn -0.001942 0.996586 0.082542
vn -0.001221 0.995054 0.099328
vn -0.002865 0.995804 0.091470
vn 0.000379 0.968725 0.248137
vn -0.000676 0.989812 0.142378
vn -0.012358 0.988122 0.153173
vn -0.024145 0.965273 0.260124
vn -0.000676 0.989812 0.142378
vn -0.000363 0.997476 0.071000
vn -0.004803 0.997038 0.076759
vn -0.012358 0.988122 0.153173
vn -0.012358 0.988122 0.153173
vn -0.004803 0.997038 0.076759
vn -0.002865 0.995804 0.091470
vn -0.007340 0.984116 0.177375
vn -0.024145 0.965273 0.260124
vn -0.012358 0.988122 0.153173
vn -0.007340 0.984116 0.177375
vn -0.014274 0.957965 0.286528
vn -0.000003 0.512476 0.858702
vn 0.001454 0.861277 0.508133
vn -0.050451 0.858145 0.510922
vn -0.085312 0.514822 0.853042
vn 0.001454 0.861277 0.508133
vn 0.000379 0.968725 0.248137
vn -0.024145 0.965273 0.260124
vn -0.050451 0.858145 0.510922
vn -0.050451 0.858145 0.510922
vn -0.024145 0.965273 0.260124
vn -0.014274 0.957965 0.286528
vn -0.027970 0.851540 0.523543
vn -0.085312 0.514822 0.853042
vn -0.050451 0.858145 0.510922
vn -0.027970 0.851540 0.523543
vn -0.046188 0.519221 0.853391
vn -0.000008 -0.112327 0.993671
vn -0.000009 0.164672 0.986348
vn -0.098348 0.162496 0.981796
vn -0.099839 -0.121643 0.987540
vn -0.000009 0.164672 0.986348
vn -0.000003 0.512476 0.858702
vn -0.085312 0.514822 0.853042
vn -0.098348 0.162496 0.981796
vn -0.098348 0.162496 0.981796
vn -0.085312 0.514822 0.853042
vn -0.046188 0.519221 0.853391
vn -0.054805 0.135636 0.989242
vn -0.099839 -0.121643 0.987540
vn -0.098348 0.162496 0.981796
vn -0.054805 0.135636 0.989242
vn -0.058524 -0.229122 0.971637
vn -0.000000 -0.615025 0.788508
vn -0.000006 -0.380932 0.924603
vn -0.094202 -0.395400 0.913666
vn -0.081932 -0.627978 0.773907
vn -0.000006 -0.380932 0.924603
vn -0.000008 -0.112327 0.993671
vn -0.099839 -0.121643 0.987540
vn -0.094202 -0.395400 0.913666
vn -0.094202 -0.395400 0.913666
vn -0.099839 -0.121643 0.987540
vn -0.058524 -0.229122 0.971637
vn -0.059117 -0.545859 0.835789
vn -0.081932 -0.627978 0.773907
vn -0.094202 -0.395400 0.913666
vn -0.059117 -0.545859 0.835789
vn -0.056780 -0.751375 0.657428
vn 0.000008 -0.981400 0.191972
vn 0.001115 -0.880815 0.473458
vn -0.050410 -0.881781 0.468958
vn -0.020909 -0.980113 0.197336
vn 0.001115 -0.880815 0.473458
vn -0.000000 -0.615025 0.788508
vn -0.081932 -0.627978 0.773907
vn -0.050410 -0.881781 0.468958
vn -0.050410 -0.881781 0.468958
vn -0.081932 -0.627978 0.773907
vn -0.056780 -0.751375 0.657428
vn -0.043434 -0.910363 0.411525
vn -0.020909 -0.980113 0.197336
vn -0.050410 -0.881781 0.468958
vn -0.043434 -0.910363 0.411525
vn -0.025014 -0.975957 0.216524
vn -0.000048 -0.999821 0.018937
vn -0.000277 -0.996690 0.081295
vn -0.008144 -0.996301 0.085544
vn -0.001410 -0.999808 0.019535
vn -0.000277 -0.996690 0.081295
vn 0.000008 -0.981400 0.191972
vn -0.020909 -0.980113 0.197336
vn -0.008144 -0.996301 0.085544
vn -0.008144 -0.996301 0.085544
vn -0.020909 -0.980113 0.197336
vn -0.025014 -0.975957 0.216524
vn -0.011456 -0.993686 0.111612
vn -0.001410 -0.999808 0.019535
vn -0.008144 -0.996301 0.085544
vn -0.011456 -0.993686 0.111612
vn -0.002075 -0.999682 0.025140
vn -0.000273 -0.999979 0.006494
vn 0.000004 -0.999981 0.006216
vn -0.000048 -0.999821 0.018937
vn -0.001410 -0.999808 0.019535
vn -0.000273 -0.999979 0.006494
vn -0.001410 -0.999808 0.019535
vn -0.002075 -0.999682 0.025140
vn -0.000634 -0.999966 0.008275
vn 0.001396 0.999810 -0.019441
vn 0.000048 0.999823 -0.018836
vn -0.000004 0.999980 -0.006372
vn 0.000277 0.999978 -0.006656
vn 0.001396 0.999810 -0.019441
vn 0.000277 0.999978 -0.006656
vn 0.000637 0.999964 -0.008453
vn 0.002061 0.999684 -0.025067
vn -0.001042 0.985032 -0.172370
vn 0.000168 0.996716 -0.080976
vn 0.008327 0.996305 -0.085476
vn 0.021042 0.983447 -0.179969
vn 0.000168 0.996716 -0.080976
vn 0.000048 0.999823 -0.018836
vn 0.001396 0.999810 -0.019441
vn 0.008327 0.996305 -0.085476
vn 0.008327 0.996305 -0.085476
vn 0.001396 0.999810 -0.019441
vn 0.002061 0.999684 -0.025067
vn 0.011709 0.993578 -0.112538
vn 0.021042 0.983447 -0.179969
vn 0.008327 0.996305 -0.085476
vn 0.011709 0.993578 -0.112538
vn 0.025684 0.977384 -0.209905
vn 0.001752 0.799708 -0.600387
vn -0.002487 0.942506 -0.334179
vn 0.046845 0.938376 -0.342428
vn 0.092962 0.791653 -0.603858
vn -0.002487 0.942506 -0.334179
vn -0.001042 0.985032 -0.172370
vn 0.021042 0.983447 -0.179969
vn 0.046845 0.938376 -0.342428
vn 0.046845 0.938376 -0.342428
vn 0.021042 0.983447 -0.179969
vn 0.025684 0.977384 -0.209905
vn 0.043269 0.934676 -0.352859
vn 0.092962 0.791653 -0.603858
vn 0.046845 0.938376 -0.342428
vn 0.043269 0.934676 -0.352859
vn 0.063987 0.815389 -0.575366
vn 0.007178 -0.175274 -0.984494
vn 0.009927 0.391214 -0.920246
vn 0.142616 0.408165 -0.901700
vn 0.145160 -0.114079 -0.982809
vn 0.009927 0.391214 -0.920246
vn 0.001752 0.799708 -0.600387
vn 0.092962 0.791653 -0.603858
vn 0.142616 0.408165 -0.901700
vn 0.142616 0.408165 -0.901700
vn 0.092962 0.791653 -0.603858
vn 0.063987 0.815389 -0.575366
vn 0.081057 0.553718 -0.828749
vn 0.145160 -0.114079 -0.982809
vn 0.142616 0.408165 -0.901700
vn 0.081057 0.553718 -0.828749
vn 0.082063 0.146355 -0.985822
vn -0.005956 -0.698896 -0.715199
vn -0.002797 -0.498382 -0.866953
vn 0.113670 -0.448791 -0.886378
vn 0.080650 -0.679124 -0.729580
vn -0.002797 -0.498382 -0.866953
vn 0.007178 -0.175274 -0.984494
vn 0.145160 -0.114079 -0.982809
vn 0.113670 -0.448791 -0.886378
vn 0.113670 -0.448791 -0.886378
vn 0.145160 -0.114079 -0.982809
vn 0.082063 0.146355 -0.985822
vn 0.068253 -0.238585 -0.968720
vn 0.080650 -0.679124 -0.729580
vn 0.113670 -0.448791 -0.886378
vn 0.068253 -0.238585 -0.968720
vn 0.049095 -0.593019 -0.803690
vn -0.000341 -0.964631 -0.263605
vn -0.003082 -0.876364 -0.481640
vn 0.049060 -0.870926 -0.488959
vn 0.025696 -0.961048 -0.275185
vn -0.003082 -0.876364 -0.481640
vn -0.005956 -0.698896 -0.715199
vn 0.080650 -0.679124 -0.729580
vn 0.049060 -0.870926 -0.488959
vn 0.049060 -0.870926 -0.488959
vn 0.080650 -0.679124 -0.729580
vn 0.049095 -0.593019 -0.803690
vn 0.028225 -0.856922 -0.514672
vn 0.025696 -0.961048 -0.275185
vn 0.049060 -0.870926 -0.488959
vn 0.028225 -0.856922 -0.514672
vn 0.015033 -0.953546 -0.300871
vn -0.002713 -0.996354 -0.085277
vn -0.007367 -0.984931 -0.172788
vn -0.011678 -0.988983 -0.147571
vn -0.004150 -0.997449 -0.071260
vn -0.007367 -0.984931 -0.172788
vn -0.014865 -0.954701 -0.297196
vn -0.025931 -0.962556 -0.269841
vn -0.011678 -0.988983 -0.147571
vn -0.011678 -0.988983 -0.147571
vn -0.025931 -0.962556 -0.269841
vn -0.000341 -0.964631 -0.263605
vn 0.000730 -0.989967 -0.141296
vn -0.004150 -0.997449 -0.071260
vn -0.011678 -0.988983 -0.147571
vn 0.000730 -0.989967 -0.141296
vn 0.000334 -0.997740 -0.067197
vn -0.001077 -0.925008 -0.379947
vn -0.001275 -0.994610 -0.103676
vn -0.001981 -0.996157 -0.087567
vn -0.001915 -0.933601 -0.358308
vn -0.001275 -0.994610 -0.103676
vn -0.002713 -0.996354 -0.085277
vn -0.004150 -0.997449 -0.071260
vn -0.001981 -0.996157 -0.087567
vn -0.001981 -0.996157 -0.087567
vn -0.004150 -0.997449 -0.071260
vn 0.000334 -0.997740 -0.067197
vn 0.000056 -0.996708 -0.081076
vn -0.001915 -0.933601 -0.358308
vn -0.001981 -0.996157 -0.087567
vn 0.000056 -0.996708 -0.081076
vn -0.000043 -0.937560 -0.347823
vn -0.000043 -0.937560 -0.347823
vn -0.000022 -0.887783 -0.460262
vn -0.001629 -0.885332 -0.464957
vn -0.001915 -0.933601 -0.358308
vn -0.001629 -0.885332 -0.464957
vn -0.000884 -0.880147 -0.474700
vn -0.001077 -0.925008 -0.379947
vn -0.001915 -0.933601 -0.358308
vn 0.001792 0.940402 0.340059
vn 0.001008 0.932354 0.361546
vn 0.000836 0.894106 0.447855
vn 0.001536 0.898816 0.438323
vn 0.001792 0.940402 0.340059
vn 0.001536 0.898816 0.438323
vn 0.000021 0.901036 0.433744
vn 0.000041 0.944101 0.329656
vn 0.002919 0.995887 0.090556
vn 0.001221 0.995129 0.098575
vn 0.001876 0.996602 0.082348
vn 0.004451 0.997148 0.075341
vn 0.001221 0.995129 0.098575
vn 0.001008 0.932354 0.361546
vn 0.001792 0.940402 0.340059
vn 0.001876 0.996602 0.082348
vn 0.001876 0.996602 0.082348
vn 0.001792 0.940402 0.340059
vn 0.000041 0.944101 0.329656
vn -0.000054 0.997114 0.075921
vn 0.004451 0.997148 0.075341
vn 0.001876 0.996602 0.082348
vn -0.000054 0.997114 0.075921
vn -0.000363 0.997476 0.071000
vn 0.014097 0.959064 0.282839
vn 0.007389 0.984632 0.174486
vn 0.011709 0.988781 0.148913
vn 0.024343 0.966704 0.254736
vn 0.007389 0.984632 0.174486
vn 0.002919 0.995887 0.090556
vn 0.004451 0.997148 0.075341
vn 0.011709 0.988781 0.148913
vn 0.011709 0.988781 0.148913
vn 0.004451 0.997148 0.075341
vn -0.000363 0.997476 0.071000
vn -0.000676 0.989812 0.142378
vn 0.024343 0.966704 0.254736
vn 0.011709 0.988781 0.148913
vn -0.000676 0.989812 0.142378
vn 0.000379 0.968725 0.248137
vn 0.047189 0.519226 0.853333
vn 0.028074 0.853063 0.521053
vn 0.052414 0.860401 0.506915
vn 0.088607 0.514621 0.852827
vn 0.028074 0.853063 0.521053
vn 0.014097 0.959064 0.282839
vn 0.024343 0.966704 0.254736
vn 0.052414 0.860401 0.506915
vn 0.052414 0.860401 0.506915
vn 0.024343 0.966704 0.254736
vn 0.000379 0.968725 0.248137
vn 0.001454 0.861277 0.508133
vn 0.088607 0.514621 0.852827
vn 0.052414 0.860401 0.506915
vn 0.001454 0.861277 0.508133
vn -0.000003 0.512476 0.858702
vn 0.054887 -0.113332 0.992040
vn 0.054523 0.166155 0.984591
vn 0.101871 0.164784 0.981055
vn 0.102643 -0.112392 0.988348
vn 0.054523 0.166155 0.984591
vn 0.047189 0.519226 0.853333
vn 0.088607 0.514621 0.852827
vn 0.101871 0.164784 0.981055
vn 0.101871 0.164784 0.981055
vn 0.088607 0.514621 0.852827
vn -0.000003 0.512476 0.858702
vn -0.000009 0.164672 0.986348
vn 0.102643 -0.112392 0.988348
vn 0.101871 0.164784 0.981055
vn -0.000009 0.164672 0.986348
vn -0.000008 -0.112327 0.993671
vn 0.043301 -0.618849 0.784316
vn 0.050988 -0.383852 0.921986
vn 0.095542 -0.381106 0.919581
vn 0.081509 -0.615458 0.783944
vn 0.050988 -0.383852 0.921986
vn 0.054887 -0.113332 0.992040
vn 0.102643 -0.112392 0.988348
vn 0.095542 -0.381106 0.919581
vn 0.095542 -0.381106 0.919581
vn 0.102643 -0.112392 0.988348
vn -0.000008 -0.112327 0.993671
vn -0.000006 -0.380932 0.924603
vn 0.081509 -0.615458 0.783944
vn 0.095542 -0.381106 0.919581
vn -0.000006 -0.380932 0.924603
vn -0.000000 -0.615025 0.788508
vn 0.010257 -0.978812 0.204503
vn 0.025954 -0.876637 0.480452
vn 0.048520 -0.880972 0.470674
vn 0.018439 -0.981072 0.192763
vn 0.025954 -0.876637 0.480452
vn 0.043301 -0.618849 0.784316
vn 0.081509 -0.615458 0.783944
vn 0.048520 -0.880972 0.470674
vn 0.048520 -0.880972 0.470674
vn 0.081509 -0.615458 0.783944
vn -0.000000 -0.615025 0.788508
vn 0.001115 -0.880815 0.473458
vn 0.018439 -0.981072 0.192763
vn 0.048520 -0.880972 0.470674
vn 0.001115 -0.880815 0.473458
vn 0.000008 -0.981400 0.191972
vn 0.000606 -0.999797 0.020145
vn 0.003747 -0.996071 0.088473
vn 0.006536 -0.996583 0.082341
vn 0.001080 -0.999816 0.019131
vn 0.003747 -0.996071 0.088473
vn 0.010257 -0.978812 0.204503
vn 0.018439 -0.981072 0.192763
vn 0.006536 -0.996583 0.082341
vn 0.006536 -0.996583 0.082341
vn 0.018439 -0.981072 0.192763
vn 0.000008 -0.981400 0.191972
vn -0.000277 -0.996690 0.081295
vn 0.001080 -0.999816 0.019131
vn 0.006536 -0.996583 0.082341
vn -0.000277 -0.996690 0.081295
vn -0.000048 -0.999821 0.018937
vn 0.000175 -0.999979 0.006411
vn 0.000099 -0.999977 0.006826
vn 0.000606 -0.999797 0.020145
vn 0.001080 -0.999816 0.019131
vn 0.000175 -0.999979 0.006411
vn 0.001080 -0.999816 0.019131
vn -0.000048 -0.999821 0.018937
vn 0.000004 -0.999981 0.006216
vn -0.001069 0.999818 -0.019036
vn -0.000600 0.999799 -0.020057
vn -0.000101 0.999976 -0.007000
vn -0.000179 0.999978 -0.006573
vn -0.001069 0.999818 -0.019036
vn -0.000179 0.999978 -0.006573
vn -0.000004 0.999980 -0.006372
vn 0.000048 0.999823 -0.018836
vn -0.011084 0.979366 -0.201791
vn -0.003892 0.995962 -0.089691
vn -0.006768 0.996557 -0.082629
vn -0.019360 0.983425 -0.180280
vn -0.003892 0.995962 -0.089691
vn -0.000600 0.999799 -0.020057
vn -0.001069 0.999818 -0.019036
vn -0.006768 0.996557 -0.082629
vn -0.006768 0.996557 -0.082629
vn -0.001069 0.999818 -0.019036
vn 0.000048 0.999823 -0.018836
vn 0.000168 0.996716 -0.080976
vn -0.019360 0.983425 -0.180280
vn -0.006768 0.996557 -0.082629
vn 0.000168 0.996716 -0.080976
vn -0.001042 0.985032 -0.172370
vn -0.053365 0.722105 -0.689722
vn -0.027515 0.910803 -0.411924
vn -0.046350 0.932471 -0.358258
vn -0.089219 0.773446 -0.627551
vn -0.027515 0.910803 -0.411924
vn -0.011084 0.979366 -0.201791
vn -0.019360 0.983425 -0.180280
vn -0.046350 0.932471 -0.358258
vn -0.046350 0.932471 -0.358258
vn -0.019360 0.983425 -0.180280
vn -0.001042 0.985032 -0.172370
vn -0.002487 0.942506 -0.334179
vn -0.089219 0.773446 -0.627551
vn -0.046350 0.932471 -0.358258
vn -0.002487 0.942506 -0.334179
vn 0.001752 0.799708 -0.600387
vn -0.077429 0.049686 -0.995759
vn -0.074322 0.400652 -0.913211
vn -0.132307 0.395340 -0.908956
vn -0.138006 -0.089949 -0.986339
vn -0.074322 0.400652 -0.913211
vn -0.053365 0.722105 -0.689722
vn -0.089219 0.773446 -0.627551
vn -0.132307 0.395340 -0.908956
vn -0.132307 0.395340 -0.908956
vn -0.089219 0.773446 -0.627551
vn 0.001752 0.799708 -0.600387
vn 0.009927 0.391214 -0.920246
vn -0.138006 -0.089949 -0.986339
vn -0.132307 0.395340 -0.908956
vn 0.009927 0.391214 -0.920246
vn 0.007178 -0.175274 -0.984494
vn -0.048670 -0.579530 -0.813496
vn -0.066562 -0.241643 -0.968080
vn -0.116682 -0.404315 -0.907147
vn -0.087276 -0.652785 -0.752499
vn -0.066562 -0.241643 -0.968080
vn -0.077429 0.049686 -0.995759
vn -0.138006 -0.089949 -0.986339
vn -0.116682 -0.404315 -0.907147
vn -0.116682 -0.404315 -0.907147
vn -0.138006 -0.089949 -0.986339
vn 0.007178 -0.175274 -0.984494
vn -0.002797 -0.498382 -0.866953
vn -0.087276 -0.652785 -0.752499
vn -0.116682 -0.404315 -0.907147
vn -0.002797 -0.498382 -0.866953
vn -0.005956 -0.698896 -0.715199
vn -0.014865 -0.954701 -0.297196
vn -0.028030 -0.856835 -0.514829
vn -0.051909 -0.870183 -0.489987
vn -0.025931 -0.962556 -0.269841
vn -0.028030 -0.856835 -0.514829
vn -0.048670 -0.579530 -0.813496
vn -0.087276 -0.652785 -0.752499
vn -0.051909 -0.870183 -0.489987
vn -0.051909 -0.870183 -0.489987
vn -0.087276 -0.652785 -0.752499
vn -0.005956 -0.698896 -0.715199
vn -0.003082 -0.876364 -0.481640
vn -0.025931 -0.962556 -0.269841
vn -0.051909 -0.870183 -0.489987
vn -0.003082 -0.876364 -0.481640
vn -0.000341 -0.964631 -0.263605
vn -0.000634 -0.999966 0.008275
vn -0.002075 -0.999682 0.025140
vn -0.002193 -0.999605 0.028000
vn -0.000747 -0.999959 0.009058
vn -0.002193 -0.999605 0.028000
vn -0.002075 -0.999682 0.025140
vn -0.011456 -0.993686 0.111612
vn -0.011765 -0.992107 0.124845
vn -0.011456 -0.993686 0.111612
vn -0.025014 -0.975957 0.216524
vn -0.023565 -0.974160 0.224624
vn -0.011765 -0.992107 0.124845
vn -0.023565 -0.974160 0.224624
vn -0.025014 -0.975957 0.216524
vn -0.043434 -0.910363 0.411525
vn -0.033845 -0.924455 0.379787
vn -0.043434 -0.910363 0.411525
vn -0.056780 -0.751375 0.657428
vn -0.038277 -0.800298 0.598380
vn -0.033845 -0.924455 0.379787
vn -0.038277 -0.800298 0.598380
vn -0.056780 -0.751375 0.657428
vn -0.059117 -0.545859 0.835789
vn -0.034455 -0.615652 0.787265
vn -0.059117 -0.545859 0.835789
vn -0.058524 -0.229122 0.971637
vn -0.027622 -0.291730 0.956102
vn -0.034455 -0.615652 0.787265
vn -0.027622 -0.291730 0.956102
vn -0.058524 -0.229122 0.971637
vn -0.054805 0.135636 0.989242
vn -0.021747 0.118875 0.992671
vn -0.054805 0.135636 0.989242
vn -0.046188 0.519221 0.853391
vn -0.017370 0.520319 0.853795
vn -0.021747 0.118875 0.992671
vn -0.017370 0.520319 0.853795
vn -0.046188 0.519221 0.853391
vn -0.027970 0.851540 0.523543
vn -0.010590 0.850128 0.526470
vn -0.027970 0.851540 0.523543
vn -0.014274 0.957965 0.286528
vn -0.005500 0.955962 0.293439
vn -0.010590 0.850128 0.526470
vn -0.005500 0.955962 0.293439
vn -0.014274 0.957965 0.286528
vn -0.007340 0.984116 0.177375
vn -0.002921 0.982873 0.184258
vn -0.007340 0.984116 0.177375
vn -0.002865 0.995804 0.091470
vn -0.001165 0.995365 0.096166
vn -0.002921 0.982873 0.184258
vn -0.001165 0.995365 0.096166
vn -0.002865 0.995804 0.091470
vn -0.001221 0.995054 0.099328
vn -0.000482 0.994561 0.104154
vn -0.001221 0.995054 0.099328
vn -0.001021 0.931909 0.362692
vn -0.000388 0.929888 0.367842
vn -0.000482 0.994561 0.104154
vn -0.001021 0.931909 0.362692
vn -0.000841 0.894119 0.447828
vn -0.000316 0.892833 0.450388
vn -0.000388 0.929888 0.367842
vn 0.000890 -0.880163 -0.474671
vn 0.001091 -0.924509 -0.381159
vn 0.000413 -0.922184 -0.386750
vn 0.000335 -0.878756 -0.477272
vn 0.000413 -0.922184 -0.386750
vn 0.001091 -0.924509 -0.381159
vn 0.001278 -0.994531 -0.104436
vn 0.000502 -0.994034 -0.109072
vn 0.001278 -0.994531 -0.104436
vn 0.002667 -0.996282 -0.086112
vn 0.001082 -0.995897 -0.090492
vn 0.000502 -0.994034 -0.109072
vn 0.001082 -0.995897 -0.090492
vn 0.002667 -0.996282 -0.086112
vn 0.007316 -0.984384 -0.175885
vn 0.002920 -0.983161 -0.182718
vn 0.007316 -0.984384 -0.175885
vn 0.015033 -0.953546 -0.300871
vn 0.005804 -0.951456 -0.307730
vn 0.002920 -0.983161 -0.182718
vn 0.005804 -0.951456 -0.307730
vn 0.015033 -0.953546 -0.300871
vn 0.028225 -0.856922 -0.514672
vn 0.010725 -0.852671 -0.522338
vn 0.028225 -0.856922 -0.514672
vn 0.049095 -0.593019 -0.803690
vn 0.018678 -0.562455 -0.826617
vn 0.010725 -0.852671 -0.522338
vn 0.018678 -0.562455 -0.826617
vn 0.049095 -0.593019 -0.803690
vn 0.068253 -0.238585 -0.968720
vn 0.026949 -0.160171 -0.986721
vn 0.068253 -0.238585 -0.968720
vn 0.082063 0.146355 -0.985822
vn 0.036232 0.250062 -0.967552
vn 0.026949 -0.160171 -0.986721
vn 0.036232 0.250062 -0.967552
vn 0.082063 0.146355 -0.985822
vn 0.081057 0.553718 -0.828749
vn 0.042115 0.621174 -0.782540
vn 0.081057 0.553718 -0.828749
vn 0.063987 0.815389 -0.575366
vn 0.039983 0.837779 -0.544543
vn 0.042115 0.621174 -0.782540
vn 0.039983 0.837779 -0.544543
vn 0.063987 0.815389 -0.575366
vn 0.043269 0.934676 -0.352859
vn 0.032998 0.938091 -0.344813
vn 0.043269 0.934676 -0.352859
vn 0.025684 0.977384 -0.209905
vn 0.023879 0.974749 -0.222021
vn 0.032998 0.938091 -0.344813
vn 0.023879 0.974749 -0.222021
vn 0.025684 0.977384 -0.209905
vn 0.011709 0.993578 -0.112538
vn 0.011995 0.991911 -0.126367
vn 0.011709 0.993578 -0.112538
vn 0.002061 0.999684 -0.025067
vn 0.002182 0.999607 -0.027958
vn 0.011995 0.991911 -0.126367
vn -0.000101 0.999976 -0.007000
vn -0.000600 0.999799 -0.020057
vn -0.000232 0.999790 -0.020493
vn -0.000039 0.999975 -0.007120
vn 0.000000 -0.983613 -0.180291
vn 0.000000 -0.983613 -0.180291
vn 0.000000 -0.901818 -0.432115
vn 0.000000 -0.901818 -0.432115
vn 0.000000 -0.706811 -0.707402
vn 0.000000 -0.706811 -0.707402
vn 0.000000 -0.429746 -0.902950
vn 0.000000 -0.429746 -0.902950
vn -0.001450 -0.224522 -0.974468
vn -0.024576 -0.050328 -0.998430
vn -0.006890 -0.034031 -0.999397
vn 0.001435 -0.224270 -0.974526
vn 0.006402 -0.033581 -0.999416
vn 0.024123 -0.049911 -0.998462
vn -0.001450 -0.224522 -0.974468
vn -0.003539 0.015355 -0.999876
vn -0.024576 -0.050328 -0.998430
vn -0.001450 -0.224522 -0.974468
vn 0.001435 -0.224270 -0.974526
vn 0.003539 0.015355 -0.999876
vn -0.003539 0.015355 -0.999876
vn 0.001435 -0.224270 -0.974526
vn 0.024123 -0.049911 -0.998462
vn 0.003539 0.015355 -0.999876
vn 0.536581 -0.032380 0.843227
vn 0.839388 -0.027422 0.542841
vn 0.843859 -0.027246 0.535873
vn 0.545333 -0.032349 0.837595
vn 0.146404 -0.030441 0.988756
vn 0.536581 -0.032380 0.843227
vn 0.545333 -0.032349 0.837595
vn 0.147754 -0.030459 0.988555
vn -0.843858 -0.027245 0.535874
vn -0.839387 -0.027422 0.542842
vn -0.536581 -0.032380 0.843228
vn -0.545333 -0.032348 0.837595
vn 0.992940 -0.116982 -0.019629
vn 0.991051 0.132575 -0.015530
vn 0.980210 0.194933 -0.034502
vn 0.968024 -0.025830 0.249525
vn 0.965551 -0.025756 0.258935
vn 0.997346 -0.014898 0.071271
vn 0.996652 -0.016729 0.080031
vn 0.997346 -0.014898 0.071271
vn 1.000000 -0.000014 0.000000
vn 1.000000 -0.000013 0.000000
vn 0.996652 -0.016729 0.080031
vn 0.999655 0.021510 -0.015075
vn 0.992419 0.111690 -0.051276
vn 0.991135 0.121393 -0.053990
vn 0.999638 0.022049 -0.015453
vn -0.990398 0.137364 -0.015555
vn -0.993011 -0.116473 -0.019064
vn -0.980637 0.192975 -0.033333
vn 0.980210 0.194933 -0.034502
vn 0.973668 0.222716 -0.048658
vn 0.974762 0.217306 -0.051158
vn 0.992940 -0.116982 -0.019629
vn -0.997346 -0.014893 0.071273
vn -0.965551 -0.025752 0.258937
vn -0.968024 -0.025826 0.249526
vn -0.996652 -0.016724 0.080033
vn -1.000000 0.000005 0.000001
vn -0.997346 -0.014893 0.071273
vn -0.996652 -0.016724 0.080033
vn -1.000000 0.000005 0.000001
vn -0.992416 0.111817 -0.051071
vn -0.999654 0.021569 -0.015043
vn -0.999637 0.022109 -0.015420
vn -0.991134 0.121506 -0.053760
vn -0.975566 0.213949 -0.049967
vn -0.974606 0.218857 -0.047372
vn -0.980637 0.192975 -0.033333
vn -0.993011 -0.116473 -0.019064
vn -0.146404 -0.030441 0.988756
vn 0.146404 -0.030441 0.988756
vn 0.147754 -0.030459 0.988555
vn -0.147754 -0.030459 0.988555
vn -0.536581 -0.032380 0.843228
vn -0.146404 -0.030441 0.988756
vn -0.147754 -0.030459 0.988555
vn -0.545333 -0.032348 0.837595
vn 0.222967 0.974302 -0.031956
vn 0.624827 0.780242 -0.028525
vn 0.603650 0.753930 -0.259221
vn 0.215263 0.940878 -0.261554
vn 0.901736 0.431696 -0.022591
vn 0.991051 0.132575 -0.015530
vn 0.952023 0.115125 -0.283548
vn 0.872123 0.417596 -0.254978
vn 0.991051 0.132575 -0.015530
vn 0.992940 -0.116982 -0.019629
vn 0.872550 -0.368899 -0.320266
vn 0.952023 0.115125 -0.283548
vn -0.624826 0.780243 -0.028525
vn -0.222966 0.974302 -0.031956
vn -0.215206 0.940942 -0.261372
vn -0.603692 0.754072 -0.258710
vn 0.624827 0.780242 -0.028525
vn 0.901736 0.431696 -0.022591
vn 0.872123 0.417596 -0.254978
vn 0.603650 0.753930 -0.259221
vn -0.222966 0.974302 -0.031956
vn 0.222967 0.974302 -0.031956
vn 0.215263 0.940878 -0.261554
vn -0.215206 0.940942 -0.261372
vn 0.567515 -0.823363 0.000000
vn 0.217642 -0.976029 0.000000
vn 0.200654 -0.918126 -0.341736
vn 0.520445 -0.770363 -0.368344
vn -0.990398 0.137364 -0.015555
vn -0.901739 0.431690 -0.022582
vn -0.872289 0.417705 -0.254234
vn -0.951690 0.120072 -0.282610
vn -0.872623 -0.369025 -0.319920
vn -0.993011 -0.116473 -0.019064
vn -0.990398 0.137364 -0.015555
vn -0.951690 0.120072 -0.282610
vn -0.217643 -0.976028 0.000000
vn -0.572194 -0.820119 0.000000
vn -0.525285 -0.767636 -0.367166
vn -0.200604 -0.918225 -0.341499
vn 0.992940 -0.116982 -0.019629
vn 0.567515 -0.823363 0.000000
vn 0.520445 -0.770363 -0.368344
vn 0.872550 -0.368899 -0.320266
vn -0.901739 0.431690 -0.022582
vn -0.624826 0.780243 -0.028525
vn -0.603692 0.754072 -0.258710
vn -0.872289 0.417705 -0.254234
vn 0.217642 -0.976029 0.000000
vn -0.217643 -0.976028 0.000000
vn -0.200604 -0.918225 -0.341499
vn 0.200654 -0.918126 -0.341736
vn -0.572194 -0.820119 0.000000
vn -0.993011 -0.116473 -0.019064
vn -0.872623 -0.369025 -0.319920
vn -0.525285 -0.767636 -0.367166
vn 0.215263 0.940878 -0.261554
vn 0.603650 0.753930 -0.259221
vn 0.171223 0.214788 -0.961535
vn 0.061104 0.267998 -0.961480
vn 0.872123 0.417596 -0.254978
vn 0.952023 0.115125 -0.283548
vn 0.257025 0.031223 -0.965900
vn 0.247349 0.119147 -0.961573
vn 0.952023 0.115125 -0.283548
vn 0.872550 -0.368899 -0.320266
vn 0.246645 -0.136222 -0.959484
vn 0.257025 0.031223 -0.965900
vn -0.603692 0.754072 -0.258710
vn -0.215206 0.940942 -0.261372
vn -0.061275 0.268179 -0.961419
vn -0.171677 0.215194 -0.961363
vn 0.603650 0.753930 -0.259221
vn 0.872123 0.417596 -0.254978
vn 0.247349 0.119147 -0.961573
vn 0.171223 0.214788 -0.961535
vn -0.215206 0.940942 -0.261372
vn 0.215263 0.940878 -0.261554
vn 0.061104 0.267998 -0.961480
vn -0.061275 0.268179 -0.961419
vn 0.520445 -0.770363 -0.368344
vn 0.200654 -0.918126 -0.341736
vn 0.038417 -0.313836 -0.948700
vn 0.120727 -0.253840 -0.959682
vn -0.951690 0.120072 -0.282610
vn -0.872289 0.417705 -0.254234
vn -0.248155 0.119474 -0.961325
vn -0.257426 0.032746 -0.965743
vn -0.872623 -0.369025 -0.319920
vn -0.951690 0.120072 -0.282610
vn -0.257426 0.032746 -0.965743
vn -0.247678 -0.136677 -0.959153
vn -0.200604 -0.918225 -0.341499
vn -0.525285 -0.767636 -0.367166
vn -0.123036 -0.253409 -0.959503
vn -0.038573 -0.313934 -0.948661
vn 0.872550 -0.368899 -0.320266
vn 0.520445 -0.770363 -0.368344
vn 0.120727 -0.253840 -0.959682
vn 0.246645 -0.136222 -0.959484
vn -0.872289 0.417705 -0.254234
vn -0.603692 0.754072 -0.258710
vn -0.171677 0.215194 -0.961363
vn -0.248155 0.119474 -0.961325
vn 0.200654 -0.918126 -0.341736
vn -0.200604 -0.918225 -0.341499
vn -0.038573 -0.313934 -0.948661
vn 0.038417 -0.313836 -0.948700
vn -0.525285 -0.767636 -0.367166
vn -0.872623 -0.369025 -0.319920
vn -0.247678 -0.136677 -0.959153
vn -0.123036 -0.253409 -0.959503
vn 0.061104 0.267998 -0.961480
vn 0.171223 0.214788 -0.961535
vn -0.132196 -0.165705 -0.977275
vn -0.047253 -0.206805 -0.977240
vn 0.247349 0.119147 -0.961573
vn 0.257025 0.031223 -0.965900
vn -0.227240 -0.024403 -0.973533
vn -0.190896 -0.091906 -0.977298
vn 0.257025 0.031223 -0.965900
vn 0.246645 -0.136222 -0.959484
vn -0.160438 0.058462 -0.985313
vn -0.227240 -0.024403 -0.973533
vn -0.171677 0.215194 -0.961363
vn -0.061275 0.268179 -0.961419
vn 0.047194 -0.207000 -0.977202
vn 0.132442 -0.166142 -0.977167
vn 0.171223 0.214788 -0.961535
vn 0.247349 0.119147 -0.961573
vn -0.190896 -0.091906 -0.977298
vn -0.132196 -0.165705 -0.977275
vn -0.061275 0.268179 -0.961419
vn 0.061104 0.267998 -0.961480
vn -0.047253 -0.206805 -0.977240
vn 0.047194 -0.207000 -0.977202
vn 0.120727 -0.253840 -0.959682
vn 0.038417 -0.313836 -0.948700
vn -0.071906 0.158923 -0.984669
vn -0.157126 0.142050 -0.977309
vn -0.257426 0.032746 -0.965743
vn -0.248155 0.119474 -0.961325
vn 0.191520 -0.092255 -0.977143
vn 0.228521 -0.025854 -0.973196
vn -0.247678 -0.136677 -0.959153
vn -0.257426 0.032746 -0.965743
vn 0.228521 -0.025854 -0.973196
vn 0.160838 0.058699 -0.985234
vn -0.038573 -0.313934 -0.948661
vn -0.123036 -0.253409 -0.959503
vn 0.157662 0.141621 -0.977285
vn 0.071876 0.159209 -0.984625
vn 0.246645 -0.136222 -0.959484
vn 0.120727 -0.253840 -0.959682
vn -0.157126 0.142050 -0.977309
vn -0.160438 0.058462 -0.985313
vn -0.248155 0.119474 -0.961325
vn -0.171677 0.215194 -0.961363
vn 0.132442 -0.166142 -0.977167
vn 0.191520 -0.092255 -0.977143
vn 0.038417 -0.313836 -0.948700
vn -0.038573 -0.313934 -0.948661
vn 0.071876 0.159209 -0.984625
vn -0.071906 0.158923 -0.984669
vn -0.123036 -0.253409 -0.959503
vn -0.247678 -0.136677 -0.959153
vn 0.160838 0.058699 -0.985234
vn 0.157662 0.141621 -0.977285
vn -0.160438 0.058462 -0.985313
vn -0.157126 0.142050 -0.977309
vn -0.234590 0.268874 -0.934171
vn -0.297559 0.127204 -0.946191
vn 0.157662 0.141621 -0.977285
vn 0.160838 0.058699 -0.985234
vn 0.294211 0.125636 -0.947447
vn 0.231563 0.261782 -0.936936
vn -0.132196 -0.165705 -0.977275
vn -0.231715 -0.290084 -0.928525
vn -0.091242 -0.399561 -0.912155
vn -0.047253 -0.206805 -0.977240
vn -0.227240 -0.024403 -0.973533
vn -0.157041 -0.026228 -0.987244
vn -0.148998 -0.075713 -0.985935
vn -0.190896 -0.091906 -0.977298
vn -0.160438 0.058462 -0.985313
vn -0.297559 0.127204 -0.946191
vn -0.157041 -0.026228 -0.987244
vn -0.227240 -0.024403 -0.973533
vn 0.047194 -0.207000 -0.977202
vn 0.090628 -0.395761 -0.913871
vn 0.227781 -0.284950 -0.931085
vn 0.132442 -0.166142 -0.977167
vn -0.190896 -0.091906 -0.977298
vn -0.148998 -0.075713 -0.985935
vn -0.231715 -0.290084 -0.928525
vn -0.132196 -0.165705 -0.977275
vn -0.047253 -0.206805 -0.977240
vn -0.091242 -0.399561 -0.912155
vn 0.090628 -0.395761 -0.913871
vn 0.047194 -0.207000 -0.977202
vn -0.071906 0.158923 -0.984669
vn -0.113662 0.355270 -0.927828
vn -0.234590 0.268874 -0.934171
vn -0.157126 0.142050 -0.977309
vn 0.191520 -0.092255 -0.977143
vn 0.144120 -0.073633 -0.986817
vn 0.150904 -0.026442 -0.988195
vn 0.228521 -0.025854 -0.973196
vn 0.228521 -0.025854 -0.973196
vn 0.150904 -0.026442 -0.988195
vn 0.294211 0.125636 -0.947447
vn 0.160838 0.058699 -0.985234
vn 0.157662 0.141621 -0.977285
vn 0.231563 0.261782 -0.936936
vn 0.113268 0.350204 -0.929800
vn 0.071876 0.159209 -0.984625
vn 0.132442 -0.166142 -0.977167
vn 0.227781 -0.284950 -0.931085
vn 0.144120 -0.073633 -0.986817
vn 0.191520 -0.092255 -0.977143
vn 0.071876 0.159209 -0.984625
vn 0.113268 0.350204 -0.929800
vn -0.113662 0.355270 -0.927828
vn -0.071906 0.158923 -0.984669
vn -0.091242 -0.399561 -0.912155
vn -0.231715 -0.290084 -0.928525
vn -0.015390 -0.013298 -0.999793
vn -0.148998 -0.075713 -0.985935
vn -0.157041 -0.026228 -0.987244
vn -0.020990 -0.017259 -0.999631
vn -0.015390 -0.013298 -0.999793
vn -0.157041 -0.026228 -0.987244
vn -0.297559 0.127204 -0.946191
vn -0.020990 -0.017259 -0.999631
vn 0.227781 -0.284950 -0.931085
vn 0.090628 -0.395761 -0.913871
vn 0.014649 -0.013171 -0.999806
vn -0.231715 -0.290084 -0.928525
vn -0.148998 -0.075713 -0.985935
vn -0.015390 -0.013298 -0.999793
vn 0.090628 -0.395761 -0.913871
vn -0.091242 -0.399561 -0.912155
vn -0.000541 -0.022387 -0.999749
vn 0.000470 -0.022344 -0.999750
vn -0.234590 0.268874 -0.934171
vn -0.113662 0.355270 -0.927828
vn -0.020990 -0.017259 -0.999631
vn 0.150904 -0.026442 -0.988195
vn 0.144120 -0.073633 -0.986817
vn 0.014649 -0.013171 -0.999806
vn 0.019591 -0.017508 -0.999655
vn 0.294211 0.125636 -0.947447
vn 0.150904 -0.026442 -0.988195
vn 0.019591 -0.017508 -0.999655
vn 0.113268 0.350204 -0.929800
vn 0.231563 0.261782 -0.936936
vn 0.019591 -0.017508 -0.999655
vn -0.297559 0.127204 -0.946191
vn -0.234590 0.268874 -0.934171
vn -0.020990 -0.017259 -0.999631
vn 0.144120 -0.073633 -0.986817
vn 0.227781 -0.284950 -0.931085
vn 0.014649 -0.013171 -0.999806
vn -0.113662 0.355270 -0.927828
vn 0.113268 0.350204 -0.929800
vn 0.002739 -0.025454 -0.999672
vn -0.003153 -0.025200 -0.999678
vn 0.231563 0.261782 -0.936936
vn 0.294211 0.125636 -0.947447
vn 0.019591 -0.017508 -0.999655
vn -0.999654 0.021569 -0.015043
vn -1.000000 0.000005 0.000001
vn -1.000000 0.000005 0.000001
vn -0.999637 0.022109 -0.015420
vn 0.000000 -0.706811 -0.707402
vn 0.000000 -0.901818 -0.432115
vn 0.000000 -0.901818 -0.432115
vn 0.000000 -0.706811 -0.707402
vn 1.000000 -0.000013 0.000000
vn 1.000000 -0.000014 0.000000
vn 0.999655 0.021510 -0.015075
vn 0.999638 0.022049 -0.015453
vn -0.975566 0.213949 -0.049967
vn -0.992416 0.111817 -0.051071
vn -0.991134 0.121506 -0.053760
vn -0.974606 0.218857 -0.047372
vn -0.001450 -0.224522 -0.974468
vn 0.000000 -0.429746 -0.902950
vn 0.000000 -0.429746 -0.902950
vn 0.001435 -0.224270 -0.974526
vn 0.991135 0.121393 -0.053990
vn 0.992419 0.111690 -0.051276
vn 0.974762 0.217306 -0.051158
vn 0.973668 0.222716 -0.048658
vn -0.187201 -0.982319 -0.002327
vn -0.707092 -0.707103 -0.005150
vn -0.707094 -0.707101 -0.005150
vn -0.184233 -0.982880 -0.002290
vn -0.707092 -0.707103 -0.005150
vn -0.999868 -0.016238 -0.000202
vn -0.999881 -0.015452 -0.000192
vn -0.707094 -0.707101 -0.005150
vn 0.004944 -0.014817 -0.999878
vn 0.012355 -0.015107 -0.999810
vn 0.014724 -0.013727 -0.999797
vn 0.000553 -0.016213 -0.999868
vn 0.012355 -0.015107 -0.999810
vn 0.005824 -0.019004 -0.999802
vn 0.000000 -0.018896 -0.999821
vn 0.014724 -0.013727 -0.999797
vn -0.028609 -0.035079 -0.998975
vn -0.071491 -0.067297 -0.995168
vn -0.084977 -0.075088 -0.993550
vn -0.003202 -0.018480 -0.999824
vn -0.071491 -0.067297 -0.995168
vn -0.033731 -0.044854 -0.998424
vn 0.000001 -0.045453 -0.998967
vn -0.084977 -0.075088 -0.993550
vn 0.033731 -0.044852 -0.998424
vn 0.071492 -0.067297 -0.995168
vn 0.084982 -0.075091 -0.993549
vn 0.000001 -0.045453 -0.998967
vn 0.071492 -0.067297 -0.995168
vn 0.028618 -0.035083 -0.998975
vn 0.003205 -0.018480 -0.999824
vn 0.084982 -0.075091 -0.993549
vn -0.999853 0.017145 -0.000171
vn -0.999881 -0.015452 -0.000192
vn -0.999868 -0.016238 -0.000202
vn -0.999896 0.014436 -0.000144
vn 0.184228 -0.982881 -0.002290
vn 0.187196 -0.982320 -0.002326
vn -0.187201 -0.982319 -0.002327
vn -0.184233 -0.982880 -0.002290
vn 0.999881 -0.015452 -0.000192
vn 0.999853 0.017148 -0.000171
vn 0.999896 0.014438 -0.000144
vn 0.999868 -0.016238 -0.000202
vn -0.180310 0.983608 -0.001794
vn -0.190070 0.981769 -0.001891
vn 0.190073 0.981768 -0.001892
vn 0.180313 0.983608 -0.001795
vn -0.000550 -0.016213 -0.999868
vn -0.004940 -0.014817 -0.999878
vn -0.028609 -0.035079 -0.998975
vn -0.003202 -0.018480 -0.999824
vn 0.005824 -0.019004 -0.999802
vn -0.005824 -0.019001 -0.999802
vn 0.000000 -0.018896 -0.999821
vn 0.000553 -0.016213 -0.999868
vn 0.003205 -0.018480 -0.999824
vn 0.028618 -0.035083 -0.998975
vn 0.004944 -0.014817 -0.999878
vn -0.033731 -0.044854 -0.998424
vn 0.033731 -0.044852 -0.998424
vn 0.000001 -0.045453 -0.998967
vn 0.999842 -0.017780 0.000055
vn 0.999866 0.016396 0.000069
vn 0.999871 0.016076 0.000068
vn 0.999812 -0.019371 0.000060
vn -0.999866 0.016396 0.000069
vn -0.999842 -0.017780 0.000055
vn -0.999812 -0.019371 0.000060
vn -0.999871 0.016076 0.000068
vn -0.091242 -0.399561 -0.912155
vn -0.015390 -0.013298 -0.999793
vn -0.015526 -0.013412 -0.999790
vn -0.091242 -0.399561 -0.912155
vn -0.015526 -0.013412 -0.999790
vn -0.000541 -0.022387 -0.999749
vn 0.090628 -0.395761 -0.913871
vn 0.000470 -0.022344 -0.999750
vn 0.013132 -0.012055 -0.999841
vn 0.090628 -0.395761 -0.913871
vn 0.013132 -0.012055 -0.999841
vn 0.014649 -0.013171 -0.999806
vn 0.113268 0.350204 -0.929800
vn 0.019591 -0.017508 -0.999655
vn 0.075921 -0.084782 -0.993503
vn 0.113268 0.350204 -0.929800
vn 0.075921 -0.084782 -0.993503
vn 0.002739 -0.025454 -0.999672
vn -0.113662 0.355270 -0.927828
vn -0.003153 -0.025200 -0.999678
vn -0.089705 -0.076895 -0.992996
vn -0.113662 0.355270 -0.927828
vn -0.089705 -0.076895 -0.992996
vn -0.020990 -0.017259 -0.999631
vn -0.005824 -0.019001 -0.999802
vn -0.012354 -0.015105 -0.999810
vn -0.014723 -0.013726 -0.999797
vn 0.000000 -0.018896 -0.999821
vn -0.012354 -0.015105 -0.999810
vn -0.004940 -0.014817 -0.999878
vn -0.000550 -0.016213 -0.999868
vn -0.014723 -0.013726 -0.999797
vn 0.000000 1.000000 0.000855
vn 0.684869 0.728665 0.001296
vn 0.684878 0.728657 0.001296
vn 0.000000 1.000000 0.000855
vn 0.684869 0.728665 0.001296
vn 0.999871 0.016076 0.000068
vn 0.999866 0.016396 0.000069
vn 0.684878 0.728657 0.001296
vn 0.184228 -0.982881 -0.002290
vn 0.707080 -0.707114 -0.005152
vn 0.707078 -0.707116 -0.005152
vn 0.187196 -0.982320 -0.002326
vn 0.707080 -0.707114 -0.005152
vn 0.999881 -0.015452 -0.000192
vn 0.999868 -0.016238 -0.000202
vn 0.707078 -0.707116 -0.005152
vn -0.999871 0.016076 0.000068
vn -0.684871 0.728664 0.001297
vn -0.684879 0.728655 0.001297
vn -0.999866 0.016396 0.000069
vn -0.684871 0.728664 0.001297
vn 0.000000 1.000000 0.000855
vn 0.000000 1.000000 0.000855
vn -0.684879 0.728655 0.001297
vn -0.180310 0.983608 -0.001794
vn -0.687830 0.725860 -0.004120
vn -0.725549 0.688158 -0.004120
vn -0.190070 0.981769 -0.001891
vn -0.687830 0.725860 -0.004120
vn -0.999853 0.017145 -0.000171
vn -0.999896 0.014436 -0.000144
vn -0.725549 0.688158 -0.004120
vn 0.999812 -0.019371 0.000060
vn 0.660571 -0.750763 0.000916
vn 0.681216 -0.732082 0.000938
vn 0.999842 -0.017780 0.000055
vn 0.660571 -0.750763 0.000916
vn -0.000003 -1.000000 0.000613
vn -0.000003 -1.000000 0.000613
vn 0.681216 -0.732082 0.000938
vn 0.999853 0.017148 -0.000171
vn 0.687810 0.725879 -0.004120
vn 0.725527 0.688181 -0.004120
vn 0.999896 0.014438 -0.000144
vn 0.687810 0.725879 -0.004120
vn 0.180313 0.983608 -0.001795
vn 0.190073 0.981768 -0.001892
vn 0.725527 0.688181 -0.004120
vn -0.000003 -1.000000 0.000613
vn -0.660576 -0.750759 0.000917
vn -0.681219 -0.732079 0.000939
vn -0.000003 -1.000000 0.000613
vn -0.660576 -0.750759 0.000917
vn -0.999812 -0.019371 0.000060
vn -0.999842 -0.017780 0.000055
vn -0.681219 -0.732079 0.000939
vn 0.000000 -0.000000 -1.000000
vn 0.000000 -0.000000 -1.000000
vn 0.000000 -0.000002 -1.000000
vn 0.000000 -0.000002 -1.000000
vn 0.000000 0.000000 -1.000000
vn 0.000000 0.000000 -1.000000
vn 0.000000 0.000000 -1.000000
vn 0.000000 -0.000002 -1.000000
vn 0.000000 -0.000002 -1.000000
vn 0.000000 0.000000 -1.000000
vn 0.000000 -0.000000 -1.000000
vn 0.000000 -0.000000 -1.000000
vn 0.000000 -0.000000 -1.000000
vn 0.000000 -0.000000 -1.000000
vn 0.000000 -0.000000 -1.000000
vn 0.000000 0.000000 -1.000000
vn 0.000000 0.000000 -1.000000
vn 0.000000 -0.000000 -1.000000
vn -0.021217 0.999774 -0.001253
vn -0.758548 0.650075 -0.044802
vn -0.761042 0.648681 -0.005309
vn -0.021215 0.999775 -0.000153
vn -0.991283 -0.121442 0.051078
vn -0.958347 -0.280605 0.053219
vn -0.959589 -0.276335 0.053180
vn -0.990339 -0.120286 0.068993
vn 0.057511 0.009441 0.998300
vn 0.057239 0.008809 0.998322
vn 0.057240 0.008813 0.998322
vn 0.057511 0.009441 0.998300
vn -0.955991 -0.288545 0.053137
vn -0.990377 -0.128672 0.050966
vn -0.991636 -0.128837 -0.007651
vn -0.956485 -0.291671 -0.007962
vn -0.987826 -0.127914 0.088535
vn -0.948890 -0.300915 0.095179
vn -0.946596 -0.303613 0.108511
vn -0.986772 -0.127730 0.099830
vn -0.057504 -0.009442 -0.998301
vn -0.057240 -0.008813 -0.998322
vn -0.057239 -0.008809 -0.998322
vn -0.057504 -0.009442 -0.998301
vn -0.128769 0.991674 -0.000988
vn -0.128767 0.991674 -0.000926
vn -0.128451 0.991696 0.006267
vn -0.128451 0.991696 0.006267
vn -0.758548 0.650075 -0.044802
vn -0.995848 -0.069465 -0.058843
vn -0.997546 -0.069664 -0.007030
vn -0.761042 0.648681 -0.005309
vn -0.997546 -0.069664 -0.007030
vn -0.991644 -0.128818 -0.006924
vn -0.989072 -0.128239 0.072747
vn -0.994969 -0.068575 0.073035
vn 0.127527 -0.991798 -0.008595
vn 0.128757 -0.991676 0.000823
vn 0.128760 -0.991675 0.000888
vn 0.127520 -0.991799 -0.008611
vn -0.126729 0.991880 0.010684
vn -0.126729 0.991880 0.010684
vn -0.123533 0.992270 0.011835
vn -0.124342 0.992172 0.011544
vn 0.002602 -0.996567 -0.082747
vn 0.058998 -0.981570 -0.181769
vn 0.088184 -0.995151 -0.043564
vn -0.991283 -0.121442 0.051078
vn -0.989127 -0.128184 0.072085
vn -0.991639 -0.128832 -0.007408
vn -0.991639 -0.128832 -0.007328
vn -0.989127 -0.128184 0.072085
vn -0.991283 -0.121442 0.051078
vn -0.990339 -0.120286 0.068993
vn 0.127527 -0.991798 -0.008595
vn 0.127520 -0.991799 -0.008611
vn 0.124387 -0.992168 -0.011427
vn 0.123587 -0.992265 -0.011712
vn -0.989127 -0.128184 0.072085
vn -0.990339 -0.120286 0.068993
vn -0.987775 -0.127859 0.089181
vn -0.987789 -0.127861 0.089022
vn -0.994969 -0.068575 0.073035
vn -0.989072 -0.128239 0.072747
vn -0.986645 -0.127710 0.101099
vn -0.992532 -0.067604 0.101535
vn 0.022120 -0.833255 -0.552446
vn 0.012859 -0.571856 -0.820253
vn 0.260320 -0.499924 -0.826020
vn 0.389251 -0.717789 -0.577288
vn 0.012859 -0.571856 -0.820253
vn 0.001988 -0.104260 -0.994548
vn 0.108198 -0.215394 -0.970515
vn 0.260320 -0.499924 -0.826020
vn 0.037771 0.115649 -0.992572
vn 0.000000 0.000000 -1.000000
vn 0.000000 0.000000 -1.000000
vn -0.037771 0.115649 -0.992572
vn 0.058998 -0.981570 -0.181769
vn 0.022120 -0.833255 -0.552446
vn 0.389251 -0.717789 -0.577288
vn 0.478964 -0.859929 -0.176396
vn -0.487855 -0.866793 0.103282
vn -0.789388 -0.603169 0.114254
vn -0.788620 -0.606816 0.099265
vn -0.487443 -0.868590 0.089166
vn 0.260320 -0.499924 -0.826020
vn 0.108198 -0.215394 -0.970515
vn 0.185711 -0.144499 -0.971922
vn 0.433084 -0.338080 -0.835548
vn 0.389251 -0.717789 -0.577288
vn 0.260320 -0.499924 -0.826020
vn 0.433084 -0.338080 -0.835548
vn 0.634780 -0.491004 -0.596632
vn 0.478964 -0.859929 -0.176396
vn 0.389251 -0.717789 -0.577288
vn 0.634780 -0.491004 -0.596632
vn 0.782230 -0.595083 -0.184371
vn 0.433084 -0.338080 -0.835548
vn 0.185711 -0.144499 -0.971922
vn 0.019462 -0.006833 -0.999787
vn 0.511723 -0.178394 -0.840425
vn 0.088184 -0.995151 -0.043564
vn 0.058998 -0.981570 -0.181769
vn 0.478964 -0.859929 -0.176396
vn 0.492080 -0.867973 -0.066931
vn -0.754044 0.654442 0.055887
vn -0.761042 0.648681 -0.005309
vn -0.997546 -0.069664 -0.007030
vn -0.994969 -0.068575 0.073035
vn 0.634780 -0.491004 -0.596632
vn 0.433084 -0.338080 -0.835548
vn 0.511723 -0.178394 -0.840425
vn 0.752218 -0.259362 -0.605722
vn -0.000000 -0.999686 0.025053
vn -0.080726 -0.996718 -0.005961
vn -0.001423 -0.999940 -0.010874
vn 0.005356 0.578379 -0.815751
vn 0.037771 0.115649 -0.992572
vn -0.037771 0.115649 -0.992572
vn -0.005356 0.578379 -0.815751
vn 0.782230 -0.595083 -0.184371
vn 0.634780 -0.491004 -0.596632
vn 0.752218 -0.259362 -0.605722
vn 0.939303 -0.297890 -0.170208
vn 0.018868 -0.002522 -0.999819
vn 0.537595 -0.070907 -0.840216
vn 0.511723 -0.178394 -0.840425
vn 0.019462 -0.006833 -0.999787
vn 0.036966 0.997582 -0.058855
vn 0.000540 0.999671 -0.025657
vn 0.000540 0.999671 -0.025657
vn 0.036337 0.997627 -0.058477
vn 0.010835 -0.001452 -0.999940
vn 0.015151 -0.002031 -0.999883
vn 0.523994 -0.069196 -0.848906
vn 0.504513 -0.066713 -0.860823
vn -0.037242 -0.997625 0.057945
vn -0.000580 -0.999671 0.025641
vn -0.000580 -0.999671 0.025640
vn -0.037861 -0.997580 0.058318
vn 0.088184 -0.995151 -0.043564
vn 0.001392 -0.999908 -0.013483
vn -0.000000 -0.999686 -0.025054
vn 0.002602 -0.996567 -0.082747
vn 0.478964 -0.859929 -0.176396
vn 0.782230 -0.595083 -0.184371
vn 0.793025 -0.605096 -0.070502
vn 0.492080 -0.867973 -0.066931
vn 0.511723 -0.178394 -0.840425
vn 0.537595 -0.070907 -0.840216
vn 0.788163 -0.103638 -0.606678
vn 0.752218 -0.259362 -0.605722
vn 0.077282 0.995173 -0.060484
vn 0.036966 0.997582 -0.058855
vn 0.036337 0.997627 -0.058477
vn 0.077069 0.995185 -0.060564
vn 0.507097 -0.066697 -0.859304
vn 0.061891 -0.008170 -0.998050
vn 0.037771 0.115649 -0.992572
vn 0.530131 -0.049280 -0.846482
vn -0.037242 -0.997625 0.057945
vn -0.037861 -0.997580 0.058318
vn -0.077760 -0.995168 0.059955
vn -0.077545 -0.995180 0.060035
vn 0.504513 -0.066713 -0.860823
vn 0.523994 -0.069196 -0.848906
vn 0.777911 -0.102257 -0.619998
vn 0.762930 -0.100277 -0.638657
vn 0.013245 0.837307 -0.546573
vn 0.005356 0.578379 -0.815751
vn -0.005356 0.578379 -0.815751
vn -0.013245 0.837307 -0.546573
vn -0.754044 0.654442 0.055887
vn -0.994969 -0.068575 0.073035
vn -0.992532 -0.067604 0.101535
vn -0.749049 0.658030 0.076961
vn -0.788620 -0.606816 0.099265
vn -0.789388 -0.603169 0.114254
vn -0.946596 -0.303613 0.108511
vn -0.948890 -0.300915 0.095179
vn -0.029391 -0.997231 0.068311
vn -0.487855 -0.866793 0.103282
vn -0.487443 -0.868590 0.089166
vn -0.030052 -0.997814 0.058856
vn 0.763783 -0.100394 -0.637618
vn 0.507097 -0.066697 -0.859304
vn 0.530131 -0.049280 -0.846482
vn 0.785636 -0.060819 -0.615692
vn 0.077282 0.995173 -0.060484
vn 0.077069 0.995185 -0.060564
vn 0.123646 0.992145 -0.018978
vn 0.123507 0.992158 -0.019203
vn 0.752218 -0.259362 -0.605722
vn 0.788163 -0.103638 -0.606678
vn 0.979577 -0.127775 -0.155247
vn 0.939303 -0.297890 -0.170208
vn 0.762930 -0.100277 -0.638657
vn 0.777911 -0.102257 -0.619998
vn 0.979103 -0.127880 -0.158126
vn 0.978541 -0.127818 -0.161615
vn -0.123712 -0.992141 0.018733
vn -0.077545 -0.995180 0.060035
vn -0.077760 -0.995168 0.059955
vn -0.123575 -0.992154 0.018957
vn 0.782230 -0.595083 -0.184371
vn 0.939303 -0.297890 -0.170208
vn 0.952445 -0.298042 -0.063405
vn 0.793025 -0.605096 -0.070502
vn -0.754044 0.654442 0.055887
vn -0.020884 0.999781 0.001556
vn -0.021215 0.999775 -0.000153
vn -0.761042 0.648681 -0.005309
vn 0.088184 -0.995151 -0.043564
vn 0.492080 -0.867973 -0.066931
vn 0.495797 -0.868412 -0.006735
vn 0.080726 -0.996718 -0.005961
vn 0.018759 0.998680 -0.047822
vn 0.013245 0.837307 -0.546573
vn -0.013245 0.837307 -0.546573
vn -0.018759 0.998680 -0.047822
vn 0.952445 -0.298042 -0.063405
vn 0.939303 -0.297890 -0.170208
vn 0.979577 -0.127775 -0.155247
vn 0.990134 -0.128756 -0.055297
vn 0.977957 -0.127744 -0.165171
vn 0.763783 -0.100394 -0.637618
vn 0.785636 -0.060819 -0.615692
vn 0.984499 -0.068114 -0.161625
vn -0.020884 0.999781 0.001556
vn -0.754044 0.654442 0.055887
vn -0.749049 0.658030 0.076961
vn -0.021001 0.999777 0.002172
vn 0.002541 0.999126 0.041731
vn -0.075528 0.996866 0.023531
vn -0.075563 0.996864 0.023523
vn 0.002541 0.999126 0.041731
vn 0.044828 0.002890 0.998991
vn 0.044828 0.002890 0.998991
vn 0.044828 0.002890 0.998991
vn 0.044828 0.002890 0.998991
vn 0.001988 -0.104260 -0.994548
vn 0.019462 -0.006833 -0.999787
vn 0.185711 -0.144499 -0.971922
vn 0.108198 -0.215394 -0.970515
vn 0.075583 -0.996864 -0.023418
vn 0.075551 -0.996867 -0.023425
vn -0.001987 -0.999134 -0.041551
vn -0.001987 -0.999134 -0.041551
vn 0.123507 0.992158 -0.019203
vn 0.123646 0.992145 -0.018978
vn 0.128197 0.991724 -0.006957
vn 0.128183 0.991726 -0.007031
vn 0.989927 -0.128792 -0.058793
vn 0.978541 -0.127818 -0.161615
vn 0.979103 -0.127880 -0.158126
vn 0.989960 -0.128793 -0.058233
vn -0.128212 -0.991723 0.006883
vn -0.123712 -0.992141 0.018733
vn -0.123575 -0.992154 0.018957
vn -0.128198 -0.991724 0.006955
vn 0.989916 -0.128794 -0.058978
vn 0.977957 -0.127744 -0.165171
vn 0.984499 -0.068114 -0.161625
vn 0.995847 -0.069465 -0.058843
vn 0.492080 -0.867973 -0.066931
vn 0.793025 -0.605096 -0.070502
vn 0.796208 -0.604970 -0.007990
vn 0.495797 -0.868412 -0.006735
vn 0.000000 0.000000 -1.000000
vn 0.000000 0.000000 -1.000000
vn 0.037771 0.115649 -0.992572
vn 0.061891 -0.008170 -0.998050
vn 0.793025 -0.605096 -0.070502
vn 0.952445 -0.298042 -0.063405
vn 0.956486 -0.291671 -0.007962
vn 0.796208 -0.604970 -0.007990
vn 0.530131 -0.049280 -0.846482
vn 0.037771 0.115649 -0.992572
vn 0.407172 0.410312 -0.815999
vn 0.037771 0.115649 -0.992572
vn 0.005356 0.578379 -0.815751
vn 0.407172 0.410312 -0.815999
vn -0.092350 -0.995296 0.029294
vn -0.000000 -0.999686 0.025053
vn -0.000000 -0.999686 0.025053
vn 0.004667 0.032517 0.999460
vn -0.004667 0.032517 0.999460
vn -0.004671 0.032516 0.999460
vn 0.004671 0.032516 0.999460
vn -0.029391 -0.997231 0.068311
vn -0.030052 -0.997814 0.058856
vn 0.030052 -0.997814 0.058856
vn 0.029391 -0.997231 0.068311
vn 0.004671 -0.032517 -0.999460
vn 0.004667 -0.032518 -0.999460
vn -0.004667 -0.032518 -0.999460
vn -0.004671 -0.032517 -0.999460
vn 0.021217 0.999774 -0.001253
vn 0.018759 0.998680 -0.047822
vn -0.018759 0.998680 -0.047822
vn -0.021217 0.999774 -0.001253
vn 0.027808 -0.999266 0.026354
vn 0.026705 -0.999297 0.026303
vn -0.026704 -0.999297 0.026303
vn -0.027806 -0.999266 0.026355
vn 0.952445 -0.298042 -0.063405
vn 0.990134 -0.128756 -0.055297
vn 0.991636 -0.128838 -0.007651
vn 0.956486 -0.291671 -0.007962
vn 0.785636 -0.060819 -0.615692
vn 0.530131 -0.049280 -0.846482
vn 0.407172 0.410312 -0.815999
vn 0.589909 0.554403 -0.587065
vn 0.407172 0.410312 -0.815999
vn 0.005356 0.578379 -0.815751
vn 0.013245 0.837307 -0.546573
vn 0.589909 0.554403 -0.587065
vn 0.080726 -0.996718 -0.005961
vn 0.495797 -0.868412 -0.006735
vn 0.493289 -0.868698 0.045049
vn 0.092350 -0.995296 0.029293
vn 0.989927 -0.128792 -0.058793
vn 0.989960 -0.128793 -0.058233
vn 0.991641 -0.128814 -0.007409
vn 0.991642 -0.128814 -0.007327
vn 0.128183 0.991726 -0.007031
vn 0.128197 0.991724 -0.006957
vn 0.128770 0.991674 -0.000988
vn 0.128767 0.991674 -0.000926
vn -0.128212 -0.991723 0.006883
vn -0.128198 -0.991724 0.006955
vn -0.128761 -0.991675 0.000823
vn -0.128764 -0.991675 0.000888
vn 0.984499 -0.068114 -0.161625
vn 0.785636 -0.060819 -0.615692
vn 0.589909 0.554403 -0.587065
vn 0.735889 0.664100 -0.132057
vn 0.989916 -0.128794 -0.058978
vn 0.995847 -0.069465 -0.058843
vn 0.997546 -0.069664 -0.007030
vn 0.991644 -0.128818 -0.006925
vn 0.589909 0.554403 -0.587065
vn 0.013245 0.837307 -0.546573
vn 0.018759 0.998680 -0.047822
vn 0.735889 0.664100 -0.132057
vn 0.493289 -0.868698 0.045049
vn 0.495797 -0.868412 -0.006735
vn 0.796208 -0.604970 -0.007990
vn 0.794872 -0.604461 0.052964
vn -0.060540 0.016805 0.998024
vn -0.004671 0.032516 0.999460
vn -0.004667 0.032517 0.999460
vn -0.060540 0.016805 0.998024
vn -0.000000 -0.000000 1.000000
vn 0.000000 -0.000000 1.000000
vn 0.000000 -0.141686 0.989912
vn 0.026705 -0.999297 0.026303
vn 0.027808 -0.999266 0.026354
vn 0.488116 -0.871624 0.044879
vn 0.491392 -0.869776 0.044988
vn 0.060517 -0.016814 -0.998026
vn 0.004667 -0.032518 -0.999460
vn 0.004671 -0.032517 -0.999460
vn 0.060517 -0.016814 -0.998026
vn 0.000000 0.031518 0.999503
vn -0.000002 -0.000000 1.000000
vn 0.000002 -0.000000 1.000000
vn 0.030052 -0.997814 0.058856
vn 0.487443 -0.868590 0.089166
vn 0.487855 -0.866793 0.103282
vn 0.029391 -0.997231 0.068311
vn 0.796208 -0.604970 -0.007990
vn 0.956486 -0.291671 -0.007962
vn 0.955991 -0.288545 0.053137
vn 0.794872 -0.604461 0.052964
vn 0.735889 0.664100 -0.132057
vn 0.018759 0.998680 -0.047822
vn 0.021217 0.999774 -0.001253
vn 0.758548 0.650075 -0.044802
vn 0.984499 -0.068114 -0.161625
vn 0.735889 0.664100 -0.132057
vn 0.758548 0.650075 -0.044802
vn 0.995847 -0.069465 -0.058843
vn -1.000000 0.000000 0.000000
vn -1.000000 0.000000 0.000000
vn -1.000000 0.000000 0.000000
vn -1.000000 0.000000 0.000000
vn -0.059230 0.009726 0.998197
vn -0.060540 0.016805 0.998024
vn -0.060540 0.016805 0.998024
vn -0.059230 0.009726 0.998197
vn 0.491392 -0.869776 0.044988
vn 0.488116 -0.871624 0.044879
vn 0.792502 -0.607569 0.052925
vn 0.795236 -0.603981 0.052970
vn 0.059229 -0.009726 -0.998197
vn 0.060517 -0.016814 -0.998026
vn 0.060517 -0.016814 -0.998026
vn 0.059229 -0.009726 -0.998197
vn -1.000000 -0.000004 -0.000001
vn -1.000000 0.000003 0.000000
vn -1.000000 0.000003 0.000000
vn -1.000000 -0.000004 -0.000001
vn 0.990377 -0.128672 0.050967
vn 0.955991 -0.288545 0.053137
vn 0.956486 -0.291671 -0.007962
vn 0.991636 -0.128838 -0.007651
vn -1.000000 -0.000011 -0.000001
vn -1.000000 -0.000011 -0.000001
vn -1.000000 -0.000004 -0.000001
vn -1.000000 -0.000004 -0.000001
vn 0.487855 -0.866793 0.103282
vn 0.487443 -0.868590 0.089166
vn 0.788620 -0.606816 0.099265
vn 0.789388 -0.603168 0.114254
vn -0.057240 0.008812 0.998322
vn -0.059230 0.009726 0.998197
vn -0.059230 0.009726 0.998197
vn -0.057239 0.008808 0.998322
vn 0.795236 -0.603981 0.052970
vn 0.792502 -0.607569 0.052925
vn 0.958347 -0.280605 0.053217
vn 0.959589 -0.276335 0.053178
vn 0.057241 -0.008809 -0.998322
vn 0.059229 -0.009726 -0.998197
vn 0.059229 -0.009726 -0.998197
vn 0.057243 -0.008813 -0.998321
vn 0.991642 -0.128814 -0.007327
vn 0.991641 -0.128814 -0.007409
vn 0.989127 -0.128183 0.072085
vn 0.991284 -0.121436 0.051078
vn 0.128767 0.991674 -0.000926
vn 0.128770 0.991674 -0.000988
vn 0.128453 0.991696 0.006267
vn 0.128453 0.991696 0.006267
vn -0.127526 -0.991798 -0.008611
vn -0.128764 -0.991675 0.000888
vn -0.128761 -0.991675 0.000823
vn -0.127532 -0.991797 -0.008595
vn 0.788620 -0.606816 0.099265
vn 0.948889 -0.300915 0.095179
vn 0.946597 -0.303613 0.108511
vn 0.789388 -0.603168 0.114254
vn -0.057508 0.009440 0.998300
vn -0.057240 0.008812 0.998322
vn -0.057239 0.008808 0.998322
vn -0.057508 0.009440 0.998300
vn 0.959589 -0.276335 0.053178
vn 0.958347 -0.280605 0.053217
vn 0.991284 -0.121436 0.051078
vn 0.990339 -0.120286 0.068992
vn 0.057241 -0.008809 -0.998322
vn 0.057243 -0.008813 -0.998321
vn 0.057511 -0.009443 -0.998300
vn 0.057511 -0.009443 -0.998300
vn -0.000001 0.000000 1.000000
vn 0.000000 0.031518 0.999503
vn 0.000000 0.000000 1.000000
vn 0.946597 -0.303613 0.108511
vn 0.948889 -0.300915 0.095179
vn 0.987826 -0.127914 0.088536
vn 0.986772 -0.127730 0.099830
vn 0.021217 0.999774 -0.001253
vn -0.021217 0.999774 -0.001253
vn -0.021215 0.999775 -0.000153
vn 0.021215 0.999775 -0.000153
vn 0.989072 -0.128239 0.072748
vn 0.991644 -0.128818 -0.006925
vn 0.997546 -0.069664 -0.007030
vn 0.994969 -0.068575 0.073036
vn 0.995847 -0.069465 -0.058843
vn 0.758548 0.650075 -0.044802
vn 0.761042 0.648681 -0.005309
vn 0.997546 -0.069664 -0.007030
vn 0.758548 0.650075 -0.044802
vn 0.021217 0.999774 -0.001253
vn 0.021215 0.999775 -0.000153
vn 0.761042 0.648681 -0.005309
vn -0.127526 -0.991798 -0.008611
vn -0.127532 -0.991797 -0.008595
vn -0.123592 -0.992264 -0.011712
vn -0.124392 -0.992167 -0.011428
vn -0.000000 -0.000000 1.000000
vn -0.000000 0.000000 1.000000
vn -0.000002 0.000000 1.000000
vn -0.000002 0.000000 1.000000
vn -0.002541 0.999126 0.041731
vn 0.075564 0.996863 0.023523
vn 0.075529 0.996866 0.023531
vn -0.002541 0.999126 0.041731
vn -0.075587 -0.996864 -0.023421
vn 0.001987 -0.999134 -0.041558
vn 0.001987 -0.999134 -0.041558
vn -0.075554 -0.996866 -0.023429
vn 0.994969 -0.068575 0.073036
vn 0.997546 -0.069664 -0.007030
vn 0.761042 0.648681 -0.005309
vn 0.754043 0.654443 0.055887
vn -0.044828 0.002890 0.998991
vn -0.044828 0.002890 0.998991
vn -0.044828 0.002890 0.998991
vn -0.044828 0.002890 0.998991
vn 0.989072 -0.128239 0.072748
vn 0.994969 -0.068575 0.073036
vn 0.992532 -0.067604 0.101535
vn 0.986645 -0.127711 0.101099
vn -0.000000 0.000000 1.000000
vn -0.000000 -0.000000 1.000000
vn 0.000000 -0.000000 1.000000
vn 0.000000 0.000000 1.000000
vn 0.020884 0.999781 0.001556
vn 0.754043 0.654443 0.055887
vn 0.761042 0.648681 -0.005309
vn 0.021215 0.999775 -0.000153
vn 0.994969 -0.068575 0.073036
vn 0.754043 0.654443 0.055887
vn 0.749049 0.658030 0.076962
vn 0.992532 -0.067604 0.101535
vn 0.000000 -0.000000 1.000000
vn 0.000000 0.000000 1.000000
vn 0.000000 0.000000 1.000000
vn 0.000000 0.000000 1.000000
vn 0.020884 0.999781 0.001556
vn 0.021215 0.999775 -0.000153
vn -0.021215 0.999775 -0.000153
vn -0.020884 0.999781 0.001556
vn 0.754043 0.654443 0.055887
vn 0.020884 0.999781 0.001556
vn 0.021001 0.999777 0.002172
vn 0.749049 0.658030 0.076962
vn -0.000000 -0.000000 1.000000
vn 0.000000 -0.141686 0.989912
vn 0.000000 -0.141686 0.989912
vn 0.000000 -0.000000 1.000000
vn 0.000000 0.000000 1.000000
vn 0.000000 0.000000 1.000000
vn 0.000000 0.000000 1.000000
vn 0.000000 0.000000 1.000000
vn 0.000000 -0.141686 0.989912
vn 0.000000 -0.917311 0.398171
vn 0.000000 -0.917311 0.398171
vn 0.000000 -0.141686 0.989912
vn -0.000000 0.967859 -0.251493
vn -0.000000 0.967859 -0.251493
vn -0.000000 0.967859 -0.251493
vn -0.000000 0.967859 -0.251493
vn -0.000000 -0.967859 -0.251495
vn -0.000000 -0.967859 -0.251495
vn -0.000000 -0.967859 -0.251495
vn -0.000000 -0.967859 -0.251495
vn 0.000000 0.031518 0.999503
vn 0.000000 0.000000 1.000000
vn 0.000000 0.000000 1.000000
vn 0.000000 0.031518 0.999503
vn 0.000000 0.917312 0.398170
vn 0.000000 0.031518 0.999503
vn 0.000000 0.031518 0.999503
vn 0.000000 0.917312 0.398170
vn 0.021001 0.999777 0.002172
vn 0.020884 0.999781 0.001556
vn -0.020884 0.999781 0.001556
vn -0.021001 0.999777 0.002172
vn 0.990339 -0.120286 0.068992
vn 0.991284 -0.121436 0.051078
vn 0.989127 -0.128183 0.072085
vn 0.987774 -0.127864 0.089181
vn 0.990339 -0.120286 0.068992
vn 0.989127 -0.128183 0.072085
vn 0.987788 -0.127867 0.089022
vn 0.126730 0.991880 0.010684
vn 0.126730 0.991880 0.010684
vn 0.124343 0.992172 0.011544
vn 0.123534 0.992270 0.011836
vn 1.000000 0.000000 0.000000
vn 1.000000 0.000000 0.000000
vn 1.000000 0.000000 0.000000
vn 1.000000 0.000000 0.000000
vn 0.000000 0.000000 1.000000
vn 0.000000 -0.141686 0.989912
vn -0.000002 0.000000 1.000000
vn 1.000000 0.000000 0.000000
vn 1.000000 0.000000 0.000000
vn 1.000000 0.000000 0.000000
vn 1.000000 0.000000 0.000000
vn 0.000000 0.031518 0.999503
vn -0.000002 0.000000 1.000000
vn 0.000000 0.000000 1.000000
vn 1.000000 0.000000 0.000000
vn 1.000000 0.000000 0.000000
vn 1.000000 0.000000 0.000000
vn 1.000000 0.000000 0.000000
vn 0.000000 0.000000 1.000000
vn 0.000000 0.031518 0.999503
vn 0.000000 0.000000 1.000000
vn 0.000000 0.000000 1.000000
vn 0.000000 0.000000 1.000000
vn -0.000001 0.000000 1.000000
vn 0.000000 0.000000 1.000000
vn 0.000000 0.000000 1.000000
vn 0.000000 0.000000 1.000000
vn -0.060515 -0.016813 -0.998026
vn -0.004671 -0.032517 -0.999460
vn -0.004667 -0.032518 -0.999460
vn -0.060515 -0.016813 -0.998026
vn -0.488115 -0.871625 0.044882
vn -0.027806 -0.999266 0.026355
vn -0.026704 -0.999297 0.026303
vn -0.491392 -0.869776 0.044991
vn -0.795240 -0.603977 0.052973
vn -0.959589 -0.276335 0.053180
vn -0.958347 -0.280605 0.053219
vn -0.792505 -0.607564 0.052928
vn 0.060537 0.016806 0.998024
vn 0.004667 0.032517 0.999460
vn 0.004671 0.032516 0.999460
vn 0.060537 0.016806 0.998025
vn 0.059221 0.009728 0.998198
vn 0.057240 0.008813 0.998322
vn 0.057239 0.008809 0.998322
vn 0.059221 0.009728 0.998198
vn -0.059231 -0.009723 -0.998197
vn -0.057239 -0.008809 -0.998322
vn -0.057240 -0.008813 -0.998322
vn -0.059231 -0.009723 -0.998197
vn -0.794871 -0.604462 0.052963
vn -0.955991 -0.288545 0.053137
vn -0.956485 -0.291671 -0.007962
vn -0.796208 -0.604971 -0.007990
vn -0.059231 -0.009723 -0.998197
vn -0.059231 -0.009723 -0.998197
vn -0.060515 -0.016813 -0.998026
vn -0.060515 -0.016813 -0.998026
vn -0.491392 -0.869776 0.044991
vn -0.795240 -0.603977 0.052973
vn -0.792505 -0.607564 0.052928
vn -0.488115 -0.871625 0.044882
vn 0.060537 0.016806 0.998024
vn 0.060537 0.016806 0.998025
vn 0.059221 0.009728 0.998198
vn 0.059221 0.009728 0.998198
vn -0.092350 -0.995296 0.029294
vn -0.493289 -0.868698 0.045049
vn -0.495797 -0.868412 -0.006735
vn -0.080726 -0.996718 -0.005961
vn -0.995848 -0.069465 -0.058843
vn -0.989916 -0.128794 -0.058978
vn -0.991644 -0.128818 -0.006924
vn -0.997546 -0.069664 -0.007030
vn -0.493289 -0.868698 0.045049
vn -0.794871 -0.604462 0.052963
vn -0.796208 -0.604971 -0.007990
vn -0.495797 -0.868412 -0.006735
vn -0.735889 0.664100 -0.132057
vn -0.758548 0.650075 -0.044802
vn -0.021217 0.999774 -0.001253
vn -0.018759 0.998680 -0.047822
vn 0.000000 0.000000 -1.000000
vn 0.061891 -0.008170 -0.998050
vn -0.061891 -0.008170 -0.998049
vn 0.000000 0.000000 -1.000000
vn -0.088184 -0.995151 -0.043564
vn -0.002602 -0.996567 -0.082747
vn 0.000000 -0.999686 -0.025056
vn -0.001392 -0.999908 -0.013482
vn -0.984499 -0.068114 -0.161625
vn -0.995848 -0.069465 -0.058843
vn -0.758548 0.650075 -0.044802
vn -0.735889 0.664100 -0.132057
vn -0.989959 -0.128805 -0.058233
vn -0.989926 -0.128804 -0.058793
vn -0.991639 -0.128832 -0.007328
vn -0.991639 -0.128832 -0.007408
vn 0.128196 -0.991724 0.006955
vn 0.128210 -0.991723 0.006883
vn 0.128760 -0.991675 0.000888
vn 0.128757 -0.991676 0.000823
vn -0.018759 0.998680 -0.047822
vn -0.013245 0.837307 -0.546573
vn -0.589909 0.554403 -0.587065
vn -0.735889 0.664100 -0.132057
vn -0.128198 0.991724 -0.006957
vn -0.128184 0.991726 -0.007031
vn -0.128767 0.991674 -0.000926
vn -0.128769 0.991674 -0.000988
vn -0.990134 -0.128755 -0.055297
vn -0.952445 -0.298042 -0.063405
vn -0.956485 -0.291671 -0.007962
vn -0.991636 -0.128837 -0.007651
vn -0.989916 -0.128794 -0.058978
vn -0.995848 -0.069465 -0.058843
vn -0.984499 -0.068114 -0.161625
vn -0.977957 -0.127744 -0.165171
vn -0.013245 0.837307 -0.546573
vn -0.005356 0.578379 -0.815751
vn -0.407172 0.410313 -0.815999
vn -0.589909 0.554403 -0.587065
vn -0.984499 -0.068114 -0.161625
vn -0.735889 0.664100 -0.132057
vn -0.589909 0.554403 -0.587065
vn -0.785636 -0.060819 -0.615692
vn -0.037771 0.115649 -0.992572
vn -0.407172 0.410313 -0.815999
vn -0.005356 0.578379 -0.815751
vn -0.785636 -0.060819 -0.615692
vn -0.589909 0.554403 -0.587065
vn -0.407172 0.410313 -0.815999
vn -0.530131 -0.049280 -0.846482
vn -0.492080 -0.867973 -0.066931
vn -0.088184 -0.995151 -0.043564
vn -0.080726 -0.996718 -0.005961
vn -0.495797 -0.868412 -0.006735
vn -0.530131 -0.049280 -0.846482
vn -0.407172 0.410313 -0.815999
vn -0.037771 0.115649 -0.992572
vn 0.018868 -0.002522 -0.999819
vn 0.019462 -0.006833 -0.999787
vn -0.019462 -0.006833 -0.999787
vn -0.018868 -0.002522 -0.999819
vn -0.952445 -0.298042 -0.063405
vn -0.793025 -0.605096 -0.070502
vn -0.796208 -0.604971 -0.007990
vn -0.956485 -0.291671 -0.007962
vn -0.793025 -0.605096 -0.070502
vn -0.492080 -0.867973 -0.066931
vn -0.495797 -0.868412 -0.006735
vn -0.796208 -0.604971 -0.007990
vn -0.977957 -0.127744 -0.165171
vn -0.984499 -0.068114 -0.161625
vn -0.785636 -0.060819 -0.615692
vn -0.763783 -0.100394 -0.637618
vn -0.530131 -0.049280 -0.846482
vn -0.037771 0.115649 -0.992572
vn -0.061891 -0.008170 -0.998049
vn -0.507097 -0.066697 -0.859304
vn -0.785636 -0.060819 -0.615692
vn -0.530131 -0.049280 -0.846482
vn -0.507097 -0.066697 -0.859304
vn -0.763783 -0.100394 -0.637618
vn 0.019462 -0.006833 -0.999787
vn 0.001988 -0.104260 -0.994548
vn -0.001988 -0.104260 -0.994548
vn -0.019462 -0.006833 -0.999787
vn -0.978542 -0.127815 -0.161616
vn -0.989926 -0.128804 -0.058793
vn -0.989959 -0.128805 -0.058233
vn -0.979104 -0.127877 -0.158126
vn 0.128196 -0.991724 0.006955
vn 0.123575 -0.992154 0.018957
vn 0.123712 -0.992141 0.018733
vn 0.128210 -0.991723 0.006883
vn -0.123509 0.992158 -0.019204
vn -0.128184 0.991726 -0.007031
vn -0.128198 0.991724 -0.006957
vn -0.123647 0.992145 -0.018978
vn 0.000540 0.999671 -0.025657
vn -0.000540 0.999671 -0.025657
vn -0.000540 0.999671 -0.025658
vn 0.000540 0.999671 -0.025657
vn 0.000580 -0.999671 0.025641
vn 0.000580 -0.999671 0.025640
vn -0.000580 -0.999671 0.025640
vn -0.000580 -0.999671 0.025641
vn -0.939303 -0.297890 -0.170208
vn -0.952445 -0.298042 -0.063405
vn -0.990134 -0.128755 -0.055297
vn -0.979577 -0.127774 -0.155248
vn 0.001988 -0.104260 -0.994548
vn 0.012859 -0.571856 -0.820253
vn -0.012859 -0.571856 -0.820253
vn -0.001988 -0.104260 -0.994548
vn 0.022120 -0.833255 -0.552446
vn 0.058998 -0.981570 -0.181769
vn -0.058998 -0.981570 -0.181769
vn -0.022120 -0.833255 -0.552446
vn 0.012859 -0.571856 -0.820253
vn 0.022120 -0.833255 -0.552446
vn -0.022120 -0.833255 -0.552446
vn -0.012859 -0.571856 -0.820253
vn -0.088184 -0.995151 -0.043564
vn -0.492080 -0.867973 -0.066931
vn -0.478964 -0.859929 -0.176396
vn -0.058998 -0.981570 -0.181769
vn -0.782229 -0.595084 -0.184371
vn -0.793025 -0.605096 -0.070502
vn -0.952445 -0.298042 -0.063405
vn -0.939303 -0.297890 -0.170208
vn -0.478964 -0.859929 -0.176396
vn -0.492080 -0.867973 -0.066931
vn -0.793025 -0.605096 -0.070502
vn -0.782229 -0.595084 -0.184371
vn 0.000580 -0.999671 0.025640
vn 0.000580 -0.999671 0.025641
vn 0.037241 -0.997625 0.057941
vn 0.037860 -0.997580 0.058314
vn -0.523995 -0.069196 -0.848906
vn -0.015151 -0.002031 -0.999883
vn -0.010835 -0.001453 -0.999940
vn -0.504515 -0.066713 -0.860822
vn -0.058998 -0.981570 -0.181769
vn -0.002602 -0.996567 -0.082747
vn -0.088184 -0.995151 -0.043564
vn -0.036337 0.997627 -0.058475
vn -0.000540 0.999671 -0.025658
vn -0.000540 0.999671 -0.025657
vn -0.036966 0.997582 -0.058853
vn -0.777912 -0.102256 -0.619998
vn -0.762931 -0.100275 -0.638656
vn -0.978542 -0.127815 -0.161616
vn -0.979104 -0.127877 -0.158126
vn 0.037860 -0.997580 0.058314
vn 0.037241 -0.997625 0.057941
vn 0.077544 -0.995180 0.060032
vn 0.077759 -0.995168 0.059952
vn -0.777912 -0.102256 -0.619998
vn -0.523995 -0.069196 -0.848906
vn -0.504515 -0.066713 -0.860822
vn -0.762931 -0.100275 -0.638656
vn -0.537595 -0.070907 -0.840216
vn -0.018868 -0.002522 -0.999819
vn -0.019462 -0.006833 -0.999787
vn -0.511723 -0.178394 -0.840425
vn 0.123712 -0.992141 0.018733
vn 0.123575 -0.992154 0.018957
vn 0.077759 -0.995168 0.059952
vn 0.077544 -0.995180 0.060032
vn -0.077068 0.995185 -0.060563
vn -0.036337 0.997627 -0.058475
vn -0.036966 0.997582 -0.058853
vn -0.077281 0.995173 -0.060483
vn -0.077068 0.995185 -0.060563
vn -0.077281 0.995173 -0.060483
vn -0.123509 0.992158 -0.019204
vn -0.123647 0.992145 -0.018978
vn -0.788163 -0.103637 -0.606679
vn -0.752218 -0.259362 -0.605723
vn -0.939303 -0.297890 -0.170208
vn -0.979577 -0.127774 -0.155248
vn -0.788163 -0.103637 -0.606679
vn -0.537595 -0.070907 -0.840216
vn -0.511723 -0.178394 -0.840425
vn -0.752218 -0.259362 -0.605723
vn -0.108198 -0.215394 -0.970515
vn -0.001988 -0.104260 -0.994548
vn -0.012859 -0.571856 -0.820253
vn -0.260320 -0.499924 -0.826020
vn -0.019462 -0.006833 -0.999787
vn -0.185711 -0.144499 -0.971922
vn -0.433084 -0.338080 -0.835548
vn -0.511723 -0.178394 -0.840425
vn -0.185711 -0.144499 -0.971922
vn -0.108198 -0.215394 -0.970515
vn -0.260320 -0.499924 -0.826020
vn -0.433084 -0.338080 -0.835548
vn -0.260320 -0.499924 -0.826020
vn -0.012859 -0.571856 -0.820253
vn -0.022120 -0.833255 -0.552446
vn -0.389251 -0.717789 -0.577288
vn -0.389251 -0.717789 -0.577288
vn -0.022120 -0.833255 -0.552446
vn -0.058998 -0.981570 -0.181769
vn -0.478964 -0.859929 -0.176396
vn -0.782229 -0.595084 -0.184371
vn -0.939303 -0.297890 -0.170208
vn -0.752218 -0.259362 -0.605723
vn -0.634779 -0.491004 -0.596632
vn -0.634779 -0.491004 -0.596632
vn -0.752218 -0.259362 -0.605723
vn -0.511723 -0.178394 -0.840425
vn -0.433084 -0.338080 -0.835548
vn -0.433084 -0.338080 -0.835548
vn -0.260320 -0.499924 -0.826020
vn -0.389251 -0.717789 -0.577288
vn -0.634779 -0.491004 -0.596632
vn 0.000000 0.000000 -1.000000
vn 0.000000 0.000000 -1.000000
vn -0.061891 -0.008170 -0.998049
vn -0.037771 0.115649 -0.992572
vn -0.478964 -0.859929 -0.176396
vn -0.782229 -0.595084 -0.184371
vn -0.634779 -0.491004 -0.596632
vn -0.389251 -0.717789 -0.577288
vn -0.000221 -0.994714 -0.102682
vn -0.058998 -0.981570 -0.181769
vn 0.058998 -0.981570 -0.181769
vn 0.000221 -0.994714 -0.102682
vn -0.019462 -0.006833 -0.999787
vn -0.001988 -0.104260 -0.994548
vn -0.108198 -0.215394 -0.970515
vn -0.185711 -0.144499 -0.971922
vn 0.092350 -0.995296 0.029293
vn 0.000000 -0.999686 0.025053
vn 0.000000 -0.999686 0.025055
vn 0.092350 -0.995296 0.029293
vn -0.092350 -0.995296 0.029294
vn -0.000000 -0.999686 0.025053
vn 0.000000 -0.999686 0.025053
vn 0.092350 -0.995296 0.029293
vn 0.000000 -0.999686 0.025055
vn 0.000000 -0.999686 0.025053
vn 0.080726 -0.996718 -0.005961
vn -0.002602 -0.996567 -0.082747
vn -0.058998 -0.981570 -0.181769
vn -0.000221 -0.994714 -0.102682
vn 0.000221 -0.994714 -0.102682
vn 0.058998 -0.981570 -0.181769
vn 0.002602 -0.996567 -0.082747
vn 0.001423 -0.999940 -0.010874
vn 0.001392 -0.999908 -0.013483
vn 0.088184 -0.995151 -0.043564
vn 0.080726 -0.996718 -0.005961
vn -0.080726 -0.996718 -0.005961
vn -0.088184 -0.995151 -0.043564
vn -0.001392 -0.999908 -0.013482
vn -0.001423 -0.999940 -0.010874
vn 0.020510 -0.999700 0.013374
vn 0.007009 -0.999959 -0.005742
vn 0.003845 -0.999941 -0.010170
vn 0.021942 -0.999642 0.015308
vn 0.013345 -0.999895 0.005704
vn 0.020510 -0.999700 0.013374
vn 0.021942 -0.999642 0.015308
vn 0.013021 -0.999901 0.005410
vn 0.002345 -0.999995 -0.002336
vn 0.013345 -0.999895 0.005704
vn 0.013021 -0.999901 0.005410
vn 0.001325 -0.999995 -0.002891
vn -0.011647 -0.999763 -0.018409
vn -0.004864 -0.999893 -0.013811
vn -0.003257 -0.999918 -0.012382
vn -0.012399 -0.999732 -0.019537
vn -0.008229 -0.999865 -0.014238
vn -0.011647 -0.999763 -0.018409
vn -0.012399 -0.999732 -0.019537
vn -0.008084 -0.999868 -0.014088
vn -0.001735 -0.999954 -0.009423
vn -0.008229 -0.999865 -0.014238
vn -0.008084 -0.999868 -0.014088
vn -0.000981 -0.999959 -0.009004
vn -0.004864 -0.999893 -0.013811
vn -0.007009 -0.999959 -0.005742
vn -0.003845 -0.999941 -0.010171
vn -0.003257 -0.999918 -0.012382
vn -0.002345 -0.999995 -0.002337
vn 0.002345 -0.999995 -0.002336
vn 0.001325 -0.999995 -0.002891
vn -0.001325 -0.999995 -0.002891
vn -0.007009 -0.999959 -0.005742
vn -0.020511 -0.999700 0.013375
vn -0.021943 -0.999642 0.015310
vn -0.003845 -0.999941 -0.010171
vn -0.013345 -0.999895 0.005704
vn -0.002345 -0.999995 -0.002337
vn -0.001325 -0.999995 -0.002891
vn -0.013021 -0.999901 0.005410
vn -0.020511 -0.999700 0.013375
vn -0.013345 -0.999895 0.005704
vn -0.013021 -0.999901 0.005410
vn -0.021943 -0.999642 0.015310
vn 0.007009 -0.999959 -0.005742
vn 0.004864 -0.999893 -0.013811
vn 0.003257 -0.999918 -0.012382
vn 0.003845 -0.999941 -0.010170
vn 0.001735 -0.999954 -0.009424
vn -0.001735 -0.999954 -0.009423
vn -0.000981 -0.999959 -0.009004
vn 0.000981 -0.999959 -0.009005
vn 0.004864 -0.999893 -0.013811
vn 0.011647 -0.999763 -0.018410
vn 0.012399 -0.999732 -0.019539
vn 0.003257 -0.999918 -0.012382
vn 0.011647 -0.999763 -0.018410
vn 0.008229 -0.999865 -0.014239
vn 0.008084 -0.999868 -0.014090
vn 0.012399 -0.999732 -0.019539
vn 0.008229 -0.999865 -0.014239
vn 0.001735 -0.999954 -0.009424
vn 0.000981 -0.999959 -0.009005
vn 0.008084 -0.999868 -0.014090
vn 0.908460 0.000000 -0.417971
vn 0.999827 0.000000 -0.018627
vn 0.999821 0.000000 -0.018909
vn 0.905610 0.000000 -0.424112
vn 0.585404 0.000000 -0.810741
vn 0.908460 0.000000 -0.417971
vn 0.905610 0.000000 -0.424112
vn 0.581150 0.000000 -0.813797
vn 0.066769 0.000000 -0.997769
vn 0.585404 0.000000 -0.810741
vn 0.581150 0.000000 -0.813797
vn 0.066222 0.000000 -0.997805
vn -0.908459 0.000000 0.417973
vn -0.999831 0.000000 0.018367
vn -0.999816 0.000000 0.019176
vn -0.905609 0.000000 0.424114
vn -0.585517 0.000000 0.810660
vn -0.908459 0.000000 0.417973
vn -0.905609 0.000000 0.424114
vn -0.581035 0.000000 0.813879
vn -0.066819 0.000000 0.997765
vn -0.585517 0.000000 0.810660
vn -0.581035 0.000000 0.813879
vn -0.066172 0.000000 0.997808
vn -0.999831 0.000000 0.018367
vn -0.999826 0.000000 -0.018626
vn -0.999821 0.000000 -0.018909
vn -0.999816 0.000000 0.019176
vn -0.066769 0.000000 -0.997769
vn 0.066769 0.000000 -0.997769
vn 0.066222 0.000000 -0.997805
vn -0.066222 0.000000 -0.997805
vn -0.999826 0.000000 -0.018626
vn -0.908460 0.000000 -0.417972
vn -0.905609 0.000000 -0.424112
vn -0.999821 0.000000 -0.018909
vn -0.585403 0.000000 -0.810743
vn -0.066769 0.000000 -0.997769
vn -0.066222 0.000000 -0.997805
vn -0.581148 0.000000 -0.813798
vn -0.908460 0.000000 -0.417972
vn -0.585403 0.000000 -0.810743
vn -0.581148 0.000000 -0.813798
vn -0.905609 0.000000 -0.424112
vn 0.999827 0.000000 -0.018627
vn 0.999831 0.000000 0.018367
vn 0.999816 0.000000 0.019176
vn 0.999821 0.000000 -0.018909
vn 0.066819 0.000000 0.997765
vn -0.066819 0.000000 0.997765
vn -0.066172 0.000000 0.997808
vn 0.066172 0.000000 0.997808
vn 0.999831 0.000000 0.018367
vn 0.908460 0.000000 0.417972
vn 0.905609 0.000000 0.424113
vn 0.999816 0.000000 0.019176
vn 0.908460 0.000000 0.417972
vn 0.585518 0.000000 0.810659
vn 0.581036 0.000000 0.813878
vn 0.905609 0.000000 0.424113
vn 0.585518 0.000000 0.810659
vn 0.066819 0.000000 0.997765
vn 0.066172 0.000000 0.997808
vn 0.581036 0.000000 0.813878
vn -0.002444 -0.999994 -0.002281
vn 0.002444 -0.999994 -0.002281
vn 0.001398 -0.999995 -0.002853
vn -0.001398 -0.999995 -0.002853
vn -0.013753 -0.999887 0.006018
vn -0.002444 -0.999994 -0.002281
vn -0.001398 -0.999995 -0.002853
vn -0.013514 -0.999892 0.005800
vn -0.022411 -0.999624 0.015796
vn -0.020949 -0.999685 0.013787
vn -0.013753 -0.999887 0.006018
vn -0.013514 -0.999892 0.005800
vn -0.007064 -0.999958 -0.005787
vn -0.020949 -0.999685 0.013787
vn -0.022411 -0.999624 0.015796
vn -0.003845 -0.999940 -0.010297
vn -0.004912 -0.999890 -0.013972
vn -0.007064 -0.999958 -0.005787
vn -0.003845 -0.999940 -0.010297
vn -0.003262 -0.999916 -0.012513
vn -0.011973 -0.999753 -0.018721
vn -0.004912 -0.999890 -0.013972
vn -0.003262 -0.999916 -0.012513
vn -0.012742 -0.999721 -0.019900
vn -0.008540 -0.999859 -0.014477
vn -0.011973 -0.999753 -0.018721
vn -0.012742 -0.999721 -0.019900
vn -0.008432 -0.999861 -0.014366
vn -0.001818 -0.999953 -0.009478
vn -0.008540 -0.999859 -0.014477
vn -0.008432 -0.999861 -0.014366
vn -0.001040 -0.999959 -0.009044
vn 0.001818 -0.999953 -0.009477
vn -0.001818 -0.999953 -0.009478
vn -0.001040 -0.999959 -0.009044
vn 0.001040 -0.999959 -0.009043
vn 0.008540 -0.999859 -0.014475
vn 0.001818 -0.999953 -0.009477
vn 0.001040 -0.999959 -0.009043
vn 0.008432 -0.999861 -0.014363
vn 0.011973 -0.999753 -0.018719
vn 0.008540 -0.999859 -0.014475
vn 0.008432 -0.999861 -0.014363
vn 0.012742 -0.999721 -0.019898
vn 0.004912 -0.999890 -0.013971
vn 0.011973 -0.999753 -0.018719
vn 0.012742 -0.999721 -0.019898
vn 0.003262 -0.999916 -0.012513
vn 0.007064 -0.999958 -0.005787
vn 0.004912 -0.999890 -0.013971
vn 0.003262 -0.999916 -0.012513
vn 0.003845 -0.999940 -0.010297
vn 0.020949 -0.999685 0.013785
vn 0.007064 -0.999958 -0.005787
vn 0.003845 -0.999940 -0.010297
vn 0.022410 -0.999624 0.015794
vn 0.013753 -0.999887 0.006018
vn 0.020949 -0.999685 0.013785
vn 0.022410 -0.999624 0.015794
vn 0.013514 -0.999892 0.005799
vn 0.002444 -0.999994 -0.002281
vn 0.013753 -0.999887 0.006018
vn 0.013514 -0.999892 0.005799
vn 0.001398 -0.999995 -0.002853
vn 0.893014 0.000000 -0.450029
vn 0.896066 0.000000 -0.443920
vn 0.999799 0.000000 -0.020054
vn 0.999793 0.000000 -0.020350
vn -0.999807 0.000000 0.019649
vn -0.899625 0.000000 0.436663
vn -0.896627 0.000000 0.442786
vn -0.999801 0.000000 0.019941
vn 0.552958 0.000000 -0.833209
vn 0.556946 0.000000 -0.830549
vn 0.896066 0.000000 -0.443920
vn 0.893014 0.000000 -0.450029
vn -0.899625 0.000000 0.436663
vn -0.564805 0.000000 0.825224
vn -0.560741 0.000000 0.827992
vn -0.896627 0.000000 0.442786
vn 0.061561 0.000000 -0.998103
vn 0.062026 0.000000 -0.998075
vn 0.556946 0.000000 -0.830549
vn 0.552958 0.000000 -0.833209
vn -0.564805 0.000000 0.825224
vn -0.063303 0.000000 0.997994
vn -0.062817 0.000000 0.998025
vn -0.560741 0.000000 0.827992
vn -0.893014 0.000000 0.450028
vn -0.896067 0.000000 0.443919
vn -0.999804 0.000000 0.019780
vn -0.999787 0.000000 0.020630
vn 0.999812 0.000000 -0.019379
vn 0.899625 0.000000 -0.436664
vn 0.896627 0.000000 -0.442787
vn 0.999796 0.000000 -0.020218
vn -0.552854 0.000000 0.833278
vn -0.557050 0.000000 0.830479
vn -0.896067 0.000000 0.443919
vn -0.893014 0.000000 0.450028
vn 0.899625 0.000000 -0.436664
vn 0.564912 0.000000 -0.825151
vn 0.560634 0.000000 -0.828064
vn 0.896627 0.000000 -0.442787
vn -0.061518 0.000000 0.998106
vn -0.062069 0.000000 0.998072
vn -0.557050 0.000000 0.830479
vn -0.552854 0.000000 0.833278
vn 0.564912 0.000000 -0.825151
vn 0.063347 0.000000 -0.997992
vn 0.062771 0.000000 -0.998028
vn 0.560634 0.000000 -0.828064
vn -0.999787 0.000000 0.020630
vn -0.999804 0.000000 0.019780
vn -0.999799 0.000000 -0.020054
vn -0.999793 0.000000 -0.020350
vn 0.999807 0.000000 0.019649
vn 0.999812 0.000000 -0.019379
vn 0.999796 0.000000 -0.020218
vn 0.999801 0.000000 0.019941
vn -0.061561 0.000000 -0.998103
vn -0.062026 0.000000 -0.998075
vn 0.062026 0.000000 -0.998075
vn 0.061561 0.000000 -0.998103
vn -0.063303 0.000000 0.997994
vn 0.063303 0.000000 0.997994
vn 0.062817 0.000000 0.998025
vn -0.062817 0.000000 0.998025
vn -0.999793 0.000000 -0.020350
vn -0.999799 0.000000 -0.020054
vn -0.896067 0.000000 -0.443919
vn -0.893014 0.000000 -0.450028
vn 0.899625 0.000000 0.436663
vn 0.999807 0.000000 0.019649
vn 0.999801 0.000000 0.019941
vn 0.896628 0.000000 0.442785
vn -0.552957 0.000000 -0.833210
vn -0.556945 0.000000 -0.830549
vn -0.062026 0.000000 -0.998075
vn -0.061561 0.000000 -0.998103
vn 0.063303 0.000000 0.997994
vn 0.564805 0.000000 0.825224
vn 0.560741 0.000000 0.827991
vn 0.062817 0.000000 0.998025
vn -0.893014 0.000000 -0.450028
vn -0.896067 0.000000 -0.443919
vn -0.556945 0.000000 -0.830549
vn -0.552957 0.000000 -0.833210
vn 0.560741 0.000000 0.827991
vn 0.564805 0.000000 0.825224
vn 0.899625 0.000000 0.436663
vn 0.896628 0.000000 0.442785
vn 0.999793 0.000000 -0.020350
vn 0.999799 0.000000 -0.020054
vn 0.999804 0.000000 0.019780
vn 0.999787 0.000000 0.020630
vn -0.999812 0.000000 -0.019379
vn -0.999807 0.000000 0.019649
vn -0.999801 0.000000 0.019941
vn -0.999796 0.000000 -0.020218
vn 0.061518 0.000000 0.998106
vn 0.062069 0.000000 0.998072
vn -0.062069 0.000000 0.998072
vn -0.061518 0.000000 0.998106
vn 0.063347 0.000000 -0.997992
vn -0.063347 0.000000 -0.997992
vn -0.062771 0.000000 -0.998028
vn 0.062771 0.000000 -0.998028
vn 0.999787 0.000000 0.020630
vn 0.999804 0.000000 0.019780
vn 0.896066 0.000000 0.443920
vn 0.893014 0.000000 0.450029
vn -0.899625 0.000000 -0.436663
vn -0.999812 0.000000 -0.019379
vn -0.999796 0.000000 -0.020218
vn -0.896627 0.000000 -0.442786
vn 0.893014 0.000000 0.450029
vn 0.896066 0.000000 0.443920
vn 0.557050 0.000000 0.830479
vn 0.552854 0.000000 0.833278
vn -0.564913 0.000000 -0.825151
vn -0.899625 0.000000 -0.436663
vn -0.896627 0.000000 -0.442786
vn -0.560634 0.000000 -0.828063
vn 0.552854 0.000000 0.833278
vn 0.557050 0.000000 0.830479
vn 0.062069 0.000000 0.998072
vn 0.061518 0.000000 0.998106
vn -0.063347 0.000000 -0.997992
vn -0.564913 0.000000 -0.825151
vn -0.560634 0.000000 -0.828063
vn -0.062771 0.000000 -0.998028
vn -0.010835 -0.001453 -0.999940
vn -0.015151 -0.002031 -0.999883
vn 0.015151 -0.002031 -0.999883
vn 0.010835 -0.001452 -0.999940
vn -0.124342 0.992172 0.011544
vn -0.123533 0.992270 0.011835
vn -0.075563 0.996864 0.023523
vn -0.075528 0.996866 0.023531
vn -0.987789 -0.127861 0.089022
vn -0.987775 -0.127859 0.089181
vn -0.986965 -0.127716 0.097927
vn -0.986965 -0.127716 0.097927
vn 0.123587 -0.992265 -0.011712
vn 0.124387 -0.992168 -0.011427
vn 0.075551 -0.996867 -0.023425
vn 0.075583 -0.996864 -0.023418
vn -0.991374 -0.066413 0.112988
vn -0.992532 -0.067604 0.101535
vn -0.986645 -0.127710 0.101099
vn -0.985458 -0.127521 0.112298
vn -0.749049 0.658030 0.076961
vn -0.992532 -0.067604 0.101535
vn -0.991374 -0.066413 0.112988
vn -0.732432 0.675686 0.083616
vn -0.021001 0.999777 0.002172
vn -0.749049 0.658030 0.076961
vn -0.732432 0.675686 0.083616
vn -0.018319 0.999830 0.002095
vn 0.018319 0.999830 0.002095
vn 0.021001 0.999777 0.002172
vn -0.021001 0.999777 0.002172
vn -0.018319 0.999830 0.002095
vn 0.749049 0.658030 0.076962
vn 0.021001 0.999777 0.002172
vn 0.018319 0.999830 0.002095
vn 0.732432 0.675686 0.083616
vn 0.992532 -0.067604 0.101535
vn 0.749049 0.658030 0.076962
vn 0.732432 0.675686 0.083616
vn 0.991374 -0.066413 0.112988
vn 0.986645 -0.127711 0.101099
vn 0.992532 -0.067604 0.101535
vn 0.991374 -0.066413 0.112988
vn 0.985458 -0.127521 0.112298
vn -0.124392 -0.992167 -0.011428
vn -0.123592 -0.992264 -0.011712
vn -0.075587 -0.996864 -0.023421
vn -0.075554 -0.996866 -0.023429
vn 0.987774 -0.127864 0.089181
vn 0.987788 -0.127867 0.089022
vn 0.986963 -0.127726 0.097927
vn 0.986963 -0.127726 0.097927
vn 0.123534 0.992270 0.011836
vn 0.124343 0.992172 0.011544
vn 0.075529 0.996866 0.023531
vn 0.075564 0.996863 0.023523
vn 0.944635 -0.304633 0.121918
vn 0.946597 -0.303613 0.108511
vn 0.986772 -0.127730 0.099830
vn 0.985445 -0.127504 0.112431
vn 0.944635 -0.304633 0.121918
vn 0.788549 -0.601444 0.128281
vn 0.789388 -0.603168 0.114254
vn 0.946597 -0.303613 0.108511
vn 0.482509 -0.868170 0.116043
vn 0.487855 -0.866793 0.103282
vn 0.789388 -0.603168 0.114254
vn 0.788549 -0.601444 0.128281
vn 0.029391 -0.997231 0.068311
vn 0.487855 -0.866793 0.103282
vn 0.482509 -0.868170 0.116043
vn 0.026789 -0.996598 0.077941
vn -0.029391 -0.997231 0.068311
vn 0.029391 -0.997231 0.068311
vn 0.026789 -0.996598 0.077941
vn -0.026789 -0.996598 0.077941
vn -0.026789 -0.996598 0.077941
vn -0.482509 -0.868170 0.116043
vn -0.487855 -0.866793 0.103282
vn -0.029391 -0.997231 0.068311
vn -0.789388 -0.603169 0.114254
vn -0.487855 -0.866793 0.103282
vn -0.482509 -0.868170 0.116043
vn -0.788549 -0.601444 0.128281
vn -0.946596 -0.303613 0.108511
vn -0.789388 -0.603169 0.114254
vn -0.788549 -0.601444 0.128281
vn -0.944634 -0.304634 0.121918
vn -0.986772 -0.127730 0.099830
vn -0.946596 -0.303613 0.108511
vn -0.944634 -0.304634 0.121918
vn -0.985445 -0.127505 0.112431
vn 0.000000 -0.951552 -0.307487
vn 0.000000 -0.768001 -0.640448
vn 0.000000 -0.768002 -0.640448
vn 0.000000 -0.951552 -0.307487
vn 0.000000 -0.768001 -0.640448
vn 0.000000 -0.000000 -1.000000
vn 0.000000 -0.000000 -1.000000
vn 0.000000 -0.768002 -0.640448
vn 0.000000 -0.000000 -1.000000
vn 0.000000 0.768002 -0.640448
vn 0.000000 0.768001 -0.640448
vn 0.000000 -0.000000 -1.000000
vn 0.000000 0.768002 -0.640448
vn 0.000000 0.951552 -0.307487
vn 0.000000 0.951552 -0.307487
vn 0.000000 0.768001 -0.640448
vn -1.000000 0.000000 0.000000
vn -1.000000 0.000000 0.000000
vn -1.000000 0.000000 0.000000
vn -1.000000 0.000000 0.000000
vn 1.000000 0.000001 0.000000
vn 1.000000 0.000001 0.000000
vn 1.000000 0.000001 0.000000
vn 1.000000 0.000001 0.000000
vn -1.000000 0.000000 0.000000
vn -1.000000 0.000000 0.000000
vn -1.000000 0.000000 0.000000
vn 1.000000 0.000001 0.000000
vn 1.000000 0.000001 0.000000
vn 1.000000 0.000003 0.000000
vn 0.080726 -0.996718 -0.005961
vn 0.000000 -0.999686 0.025053
vn 0.001423 -0.999940 -0.010874
vn -0.092350 -0.995296 0.029294
vn -0.080726 -0.996718 -0.005961
vn -0.000000 -0.999686 0.025053
vn -0.000000 -0.999686 0.025053
vn -0.000001 0.000000 1.000000
vn -0.000002 -0.000000 1.000000
vn 0.000000 0.031518 0.999503
vn 0.000000 0.031518 0.999503
vn -0.000002 0.000000 1.000000
vn -0.000002 0.000000 1.000000
vn -0.000002 0.000000 1.000000
vn 0.000000 -0.141686 0.989912
vn -0.000000 -0.000000 1.000000
vn -0.000000 -0.000000 1.000000
vn 0.000000 -0.141686 0.989912
vn -0.000000 0.000000 1.000000
vn 0.000000 -1.000000 0.000000
vn 0.000000 -1.000000 0.000000
vn 0.000000 -1.000000 0.000000
vn 0.000000 -1.000000 0.000000
vn 0.008543 -0.999807 0.017679
vn 0.008512 -0.999807 0.017735
vn 0.000575 -0.999961 -0.008823
vn 0.000583 -0.999961 -0.008782
vn 0.008906 -0.999927 0.008107
vn 0.008892 -0.999928 0.008073
vn 0.008512 -0.999807 0.017735
vn 0.008543 -0.999807 0.017679
vn 0.001455 -0.999999 0.000582
vn 0.001430 -0.999999 0.000572
vn 0.008892 -0.999928 0.008073
vn 0.008906 -0.999927 0.008107
vn -0.008543 -0.999807 -0.017678
vn -0.008512 -0.999806 -0.017734
vn -0.000575 -0.999916 -0.012924
vn -0.000583 -0.999916 -0.012936
vn -0.009482 -0.999920 -0.008336
vn -0.009471 -0.999921 -0.008304
vn -0.008512 -0.999806 -0.017734
vn -0.008543 -0.999807 -0.017678
vn -0.001724 -0.999998 -0.000692
vn -0.001696 -0.999998 -0.000680
vn -0.009471 -0.999921 -0.008304
vn -0.009482 -0.999920 -0.008336
vn -0.000583 -0.999916 -0.012936
vn -0.000575 -0.999916 -0.012924
vn -0.000575 -0.999961 -0.008823
vn -0.000583 -0.999961 -0.008782
vn -0.001455 -0.999999 0.000581
vn -0.001430 -0.999999 0.000572
vn 0.001430 -0.999999 0.000572
vn 0.001455 -0.999999 0.000582
vn -0.000583 -0.999961 -0.008782
vn -0.000575 -0.999961 -0.008823
vn -0.008512 -0.999806 0.017734
vn -0.008543 -0.999807 0.017678
vn -0.008906 -0.999927 0.008105
vn -0.008892 -0.999928 0.008071
vn -0.001430 -0.999999 0.000572
vn -0.001455 -0.999999 0.000581
vn -0.008543 -0.999807 0.017678
vn -0.008512 -0.999806 0.017734
vn -0.008892 -0.999928 0.008071
vn -0.008906 -0.999927 0.008105
vn 0.000583 -0.999961 -0.008782
vn 0.000575 -0.999961 -0.008823
vn 0.000575 -0.999916 -0.012924
vn 0.000583 -0.999916 -0.012936
vn 0.001724 -0.999998 -0.000691
vn 0.001696 -0.999998 -0.000679
vn -0.001696 -0.999998 -0.000680
vn -0.001724 -0.999998 -0.000692
vn 0.000583 -0.999916 -0.012936
vn 0.000575 -0.999916 -0.012924
vn 0.008512 -0.999806 -0.017734
vn 0.008543 -0.999807 -0.017678
vn 0.008543 -0.999807 -0.017678
vn 0.008512 -0.999806 -0.017734
vn 0.009471 -0.999921 -0.008302
vn 0.009482 -0.999920 -0.008334
vn 0.009482 -0.999920 -0.008334
vn 0.009471 -0.999921 -0.008302
vn 0.001696 -0.999998 -0.000679
vn 0.001724 -0.999998 -0.000691
vn 0.908460 0.000000 -0.417972
vn 0.999826 0.000000 -0.018627
vn 0.999821 0.000000 -0.018910
vn 0.905610 0.000000 -0.424112
vn 0.585405 0.000000 -0.810741
vn 0.908460 0.000000 -0.417972
vn 0.905610 0.000000 -0.424112
vn 0.581151 0.000000 -0.813796
vn 0.066769 0.000000 -0.997769
vn 0.585405 0.000000 -0.810741
vn 0.581151 0.000000 -0.813796
vn 0.066223 0.000000 -0.997805
vn -0.908460 0.000000 0.417972
vn -0.999831 0.000000 0.018367
vn -0.999816 0.000000 0.019176
vn -0.905609 0.000000 0.424113
vn -0.585517 0.000000 0.810660
vn -0.908460 0.000000 0.417972
vn -0.905609 0.000000 0.424113
vn -0.581035 0.000000 0.813878
vn -0.066819 0.000000 0.997765
vn -0.585517 0.000000 0.810660
vn -0.581035 0.000000 0.813878
vn -0.066172 0.000000 0.997808
vn -0.999831 0.000000 0.018367
vn -0.999826 0.000000 -0.018626
vn -0.999821 0.000000 -0.018909
vn -0.999816 0.000000 0.019176
vn -0.066769 0.000000 -0.997768
vn 0.066769 0.000000 -0.997769
vn 0.066223 0.000000 -0.997805
vn -0.066223 0.000000 -0.997805
vn -0.999826 0.000000 -0.018626
vn -0.908461 0.000000 -0.417970
vn -0.905610 0.000000 -0.424111
vn -0.999821 0.000000 -0.018909
vn -0.585406 0.000000 -0.810740
vn -0.066769 0.000000 -0.997768
vn -0.066223 0.000000 -0.997805
vn -0.581152 0.000000 -0.813795
vn -0.908461 0.000000 -0.417970
vn -0.585406 0.000000 -0.810740
vn -0.581152 0.000000 -0.813795
vn -0.905610 0.000000 -0.424111
vn 0.999826 0.000000 -0.018627
vn 0.999831 0.000000 0.018367
vn 0.999816 0.000000 0.019176
vn 0.999821 0.000000 -0.018910
vn 0.066819 0.000000 0.997765
vn -0.066819 0.000000 0.997765
vn -0.066172 0.000000 0.997808
vn 0.066172 0.000000 0.997808
vn 0.999831 0.000000 0.018367
vn 0.908460 0.000000 0.417972
vn 0.905610 0.000000 0.424112
vn 0.999816 0.000000 0.019176
vn 0.908460 0.000000 0.417972
vn 0.585518 0.000000 0.810659
vn 0.581036 0.000000 0.813878
vn 0.905610 0.000000 0.424112
vn 0.585518 0.000000 0.810659
vn 0.066819 0.000000 0.997765
vn 0.066172 0.000000 0.997808
vn 0.581036 0.000000 0.813878
vn 0.561925 -0.797875 -0.218257
vn 0.591875 -0.805799 -0.019283
vn 0.837295 -0.546235 -0.023760
vn 0.746370 -0.570450 -0.342810
vn 0.457972 -0.735738 -0.498951
vn 0.561925 -0.797875 -0.218257
vn 0.746370 -0.570450 -0.342810
vn 0.477016 -0.565135 -0.673111
vn 0.099526 -0.502257 -0.858972
vn 0.457972 -0.735738 -0.498951
vn 0.477016 -0.565135 -0.673111
vn 0.053141 -0.484067 -0.873416
vn -0.561977 -0.797371 0.219959
vn -0.592246 -0.805756 0.001728
vn -0.845399 -0.533978 0.012967
vn -0.746672 -0.567952 0.346284
vn -0.458232 -0.735819 0.498592
vn -0.561977 -0.797371 0.219959
vn -0.746672 -0.567952 0.346284
vn -0.477408 -0.565042 0.672910
vn -0.099789 -0.502555 0.858767
vn -0.458232 -0.735819 0.498592
vn -0.477408 -0.565042 0.672910
vn -0.053261 -0.484130 0.873374
vn -0.592246 -0.805756 0.001728
vn -0.592266 -0.805520 -0.018929
vn -0.842776 -0.537701 -0.024625
vn -0.845399 -0.533978 0.012967
vn -0.099527 -0.502258 -0.858971
vn 0.099526 -0.502257 -0.858972
vn 0.053141 -0.484067 -0.873416
vn -0.053119 -0.484049 -0.873427
vn -0.592266 -0.805520 -0.018929
vn -0.562032 -0.796631 -0.222485
vn -0.746852 -0.564677 -0.351216
vn -0.842776 -0.537701 -0.024625
vn -0.457973 -0.735734 -0.498956
vn -0.099527 -0.502258 -0.858971
vn -0.053119 -0.484049 -0.873427
vn -0.477023 -0.565006 -0.673214
vn -0.562032 -0.796631 -0.222485
vn -0.457973 -0.735734 -0.498956
vn -0.477023 -0.565006 -0.673214
vn -0.746852 -0.564677 -0.351216
vn 0.591875 -0.805799 -0.019283
vn 0.592079 -0.805879 0.001304
vn 0.840595 -0.541540 0.011558
vn 0.837295 -0.546235 -0.023760
vn 0.099788 -0.502552 0.858769
vn -0.099789 -0.502555 0.858767
vn -0.053261 -0.484130 0.873374
vn 0.053283 -0.484147 0.873363
vn 0.592079 -0.805879 0.001304
vn 0.561975 -0.797372 0.219959
vn 0.746549 -0.568168 0.346195
vn 0.840595 -0.541540 0.011558
vn 0.561975 -0.797372 0.219959
vn 0.458231 -0.735819 0.498592
vn 0.477400 -0.565171 0.672808
vn 0.746549 -0.568168 0.346195
vn 0.458231 -0.735819 0.498592
vn 0.099788 -0.502552 0.858769
vn 0.053283 -0.484147 0.873363
vn 0.477400 -0.565171 0.672808
vn 0.477016 -0.565135 -0.673111
vn 0.746370 -0.570450 -0.342810
vn 0.875081 -0.291346 -0.386459
vn 0.532045 -0.476229 -0.700096
vn 0.746370 -0.570450 -0.342810
vn 0.837295 -0.546235 -0.023760
vn 0.995159 -0.096139 -0.020417
vn 0.875081 -0.291346 -0.386459
vn 0.837295 -0.546235 -0.023760
vn 0.840595 -0.541540 0.011558
vn 0.995245 -0.095791 0.017674
vn 0.995159 -0.096139 -0.020417
vn 0.053141 -0.484067 -0.873416
vn 0.477016 -0.565135 -0.673111
vn 0.532045 -0.476229 -0.700096
vn 0.058264 -0.552831 -0.831254
vn -0.053119 -0.484049 -0.873427
vn 0.053141 -0.484067 -0.873416
vn 0.058264 -0.552831 -0.831254
vn -0.058281 -0.552822 -0.831259
vn -0.746672 -0.567952 0.346284
vn -0.845399 -0.533978 0.012967
vn -0.995224 -0.095614 0.019696
vn -0.872555 -0.292994 0.390899
vn -0.845399 -0.533978 0.012967
vn -0.842776 -0.537701 -0.024625
vn -0.995016 -0.097553 -0.020649
vn -0.995224 -0.095614 0.019696
vn -0.477408 -0.565042 0.672910
vn -0.746672 -0.567952 0.346284
vn -0.872555 -0.292994 0.390899
vn -0.532463 -0.475936 0.699977
vn -0.053261 -0.484130 0.873374
vn -0.477408 -0.565042 0.672910
vn -0.532463 -0.475936 0.699977
vn -0.058449 -0.552830 0.831242
vn 0.053283 -0.484147 0.873363
vn -0.053261 -0.484130 0.873374
vn -0.058449 -0.552830 0.831242
vn 0.058431 -0.552839 0.831237
vn -0.842776 -0.537701 -0.024625
vn -0.746852 -0.564677 -0.351216
vn -0.868754 -0.295778 -0.397218
vn -0.995016 -0.097553 -0.020649
vn -0.477023 -0.565006 -0.673214
vn -0.053119 -0.484049 -0.873427
vn -0.058281 -0.552822 -0.831259
vn -0.532129 -0.476061 -0.700146
vn -0.746852 -0.564677 -0.351216
vn -0.477023 -0.565006 -0.673214
vn -0.532129 -0.476061 -0.700146
vn -0.868754 -0.295778 -0.397218
vn 0.840595 -0.541540 0.011558
vn 0.746549 -0.568168 0.346195
vn 0.872468 -0.293291 0.390870
vn 0.995245 -0.095791 0.017674
vn 0.477400 -0.565171 0.672808
vn 0.053283 -0.484147 0.873363
vn 0.058431 -0.552839 0.831237
vn 0.532378 -0.476105 0.699927
vn 0.746549 -0.568168 0.346195
vn 0.477400 -0.565171 0.672808
vn 0.532378 -0.476105 0.699927
vn 0.872468 -0.293291 0.390870
vn 0.532045 -0.476229 -0.700096
vn 0.875081 -0.291346 -0.386459
vn 0.793209 -0.471341 -0.385561
vn 0.414007 -0.701709 -0.579829
vn 0.875081 -0.291346 -0.386459
vn 0.995159 -0.096139 -0.020417
vn 0.999298 -0.028148 -0.024725
vn 0.793209 -0.471341 -0.385561
vn 0.995159 -0.096139 -0.020417
vn 0.995245 -0.095791 0.017674
vn 0.999273 -0.029563 0.024095
vn 0.999298 -0.028148 -0.024725
vn 0.058264 -0.552831 -0.831254
vn 0.532045 -0.476229 -0.700096
vn 0.414007 -0.701709 -0.579829
vn 0.041278 -0.787665 -0.614719
vn -0.058281 -0.552822 -0.831259
vn 0.058264 -0.552831 -0.831254
vn 0.041278 -0.787665 -0.614719
vn -0.041278 -0.787665 -0.614720
vn -0.872555 -0.292994 0.390899
vn -0.995224 -0.095614 0.019696
vn -0.999218 -0.029513 0.026311
vn -0.790256 -0.473699 0.388721
vn -0.995224 -0.095614 0.019696
vn -0.995016 -0.097553 -0.020649
vn -0.999180 -0.031520 -0.025398
vn -0.999218 -0.029513 0.026311
vn -0.532463 -0.475936 0.699977
vn -0.872555 -0.292994 0.390899
vn -0.790256 -0.473699 0.388721
vn -0.414735 -0.701399 0.579686
vn -0.058449 -0.552830 0.831242
vn -0.532463 -0.475936 0.699977
vn -0.414735 -0.701399 0.579686
vn -0.041524 -0.787676 0.614689
vn 0.058431 -0.552839 0.831237
vn -0.058449 -0.552830 0.831242
vn -0.041524 -0.787676 0.614689
vn 0.041524 -0.787676 0.614689
vn -0.995016 -0.097553 -0.020649
vn -0.868754 -0.295778 -0.397218
vn -0.785998 -0.477076 -0.393200
vn -0.999180 -0.031520 -0.025398
vn -0.532129 -0.476061 -0.700146
vn -0.058281 -0.552822 -0.831259
vn -0.041278 -0.787665 -0.614720
vn -0.414008 -0.701708 -0.579830
vn -0.868754 -0.295778 -0.397218
vn -0.532129 -0.476061 -0.700146
vn -0.414008 -0.701708 -0.579830
vn -0.785998 -0.477076 -0.393200
vn 0.995245 -0.095791 0.017674
vn 0.872468 -0.293291 0.390870
vn 0.790257 -0.473699 0.388721
vn 0.999273 -0.029563 0.024095
vn 0.532378 -0.476105 0.699927
vn 0.058431 -0.552839 0.831237
vn 0.041524 -0.787676 0.614689
vn 0.414733 -0.701401 0.579684
vn 0.872468 -0.293291 0.390870
vn 0.532378 -0.476105 0.699927
vn 0.414733 -0.701401 0.579684
vn 0.790257 -0.473699 0.388721
vn 0.414007 -0.701709 -0.579829
vn 0.793209 -0.471341 -0.385561
vn 0.441628 -0.871231 -0.214293
vn 0.177598 -0.949793 -0.257591
vn 0.793209 -0.471341 -0.385561
vn 0.999298 -0.028148 -0.024725
vn 0.994955 -0.097861 -0.022104
vn 0.441628 -0.871231 -0.214293
vn 0.999298 -0.028148 -0.024725
vn 0.999273 -0.029563 0.024095
vn 0.994486 -0.102711 0.021154
vn 0.994955 -0.097861 -0.022104
vn 0.041278 -0.787665 -0.614719
vn 0.414007 -0.701709 -0.579829
vn 0.177598 -0.949793 -0.257591
vn 0.014864 -0.970220 -0.241769
vn -0.041278 -0.787665 -0.614720
vn 0.041278 -0.787665 -0.614719
vn 0.014864 -0.970220 -0.241769
vn -0.014864 -0.970220 -0.241769
vn -0.790256 -0.473699 0.388721
vn -0.999218 -0.029513 0.026311
vn -0.994443 -0.102585 0.023642
vn -0.440263 -0.871568 0.215726
vn -0.999218 -0.029513 0.026311
vn -0.999180 -0.031520 -0.025398
vn -0.993892 -0.108144 -0.022008
vn -0.994443 -0.102585 0.023642
vn -0.414735 -0.701399 0.579686
vn -0.790256 -0.473699 0.388721
vn -0.440263 -0.871568 0.215726
vn -0.178793 -0.949574 0.257572
vn -0.041524 -0.787676 0.614689
vn -0.414735 -0.701399 0.579686
vn -0.178793 -0.949574 0.257572
vn -0.015186 -0.970219 0.241754
vn 0.041524 -0.787676 0.614689
vn -0.041524 -0.787676 0.614689
vn -0.015186 -0.970219 0.241754
vn 0.015186 -0.970219 0.241754
vn -0.999180 -0.031520 -0.025398
vn -0.785998 -0.477076 -0.393200
vn -0.438385 -0.872025 -0.217695
vn -0.993892 -0.108144 -0.022008
vn -0.414008 -0.701708 -0.579830
vn -0.041278 -0.787665 -0.614720
vn -0.014864 -0.970220 -0.241769
vn -0.177597 -0.949793 -0.257590
vn -0.785998 -0.477076 -0.393200
vn -0.414008 -0.701708 -0.579830
vn -0.177597 -0.949793 -0.257590
vn -0.438385 -0.872025 -0.217695
vn 0.999273 -0.029563 0.024095
vn 0.790257 -0.473699 0.388721
vn 0.440264 -0.871568 0.215726
vn 0.994486 -0.102711 0.021154
vn 0.414733 -0.701401 0.579684
vn 0.041524 -0.787676 0.614689
vn 0.015186 -0.970219 0.241754
vn 0.178793 -0.949574 0.257571
vn 0.790257 -0.473699 0.388721
vn 0.414733 -0.701401 0.579684
vn 0.178793 -0.949574 0.257571
vn 0.440264 -0.871568 0.215726
vn 0.177598 -0.949793 -0.257591
vn 0.441628 -0.871231 -0.214293
vn 0.135886 -0.988932 -0.059566
vn 0.042685 -0.997090 -0.063170
vn 0.441628 -0.871231 -0.214293
vn 0.994955 -0.097861 -0.022104
vn 0.936107 -0.351431 -0.014136
vn 0.135886 -0.988932 -0.059566
vn 0.994955 -0.097861 -0.022104
vn 0.994486 -0.102711 0.021154
vn 0.934292 -0.356475 -0.004979
vn 0.936107 -0.351431 -0.014136
vn 0.014864 -0.970220 -0.241769
vn 0.177598 -0.949793 -0.257591
vn 0.042685 -0.997090 -0.063170
vn 0.002903 -0.998342 -0.057482
vn -0.014864 -0.970220 -0.241769
vn 0.014864 -0.970220 -0.241769
vn 0.002903 -0.998342 -0.057482
vn -0.002903 -0.998342 -0.057482
vn -0.440263 -0.871568 0.215726
vn -0.994443 -0.102585 0.023642
vn -0.929164 -0.369660 -0.002646
vn -0.140273 -0.989759 0.026470
vn -0.994443 -0.102585 0.023642
vn -0.993892 -0.108144 -0.022008
vn -0.932564 -0.360789 -0.012459
vn -0.929164 -0.369660 -0.002646
vn -0.178793 -0.949574 0.257572
vn -0.440263 -0.871568 0.215726
vn -0.140273 -0.989759 0.026470
vn -0.043059 -0.998487 0.034201
vn -0.015186 -0.970219 0.241754
vn -0.178793 -0.949574 0.257572
vn -0.043059 -0.998487 0.034201
vn -0.003030 -0.999594 0.028323
vn 0.015186 -0.970219 0.241754
vn -0.015186 -0.970219 0.241754
vn -0.003030 -0.999594 0.028323
vn 0.003030 -0.999594 0.028323
vn -0.993892 -0.108144 -0.022008
vn -0.438385 -0.872025 -0.217695
vn -0.143753 -0.987761 -0.060529
vn -0.932564 -0.360789 -0.012459
vn -0.177597 -0.949793 -0.257590
vn -0.014864 -0.970220 -0.241769
vn -0.002903 -0.998342 -0.057482
vn -0.042685 -0.997090 -0.063170
vn -0.438385 -0.872025 -0.217695
vn -0.177597 -0.949793 -0.257590
vn -0.042685 -0.997090 -0.063170
vn -0.143753 -0.987761 -0.060529
vn 0.994486 -0.102711 0.021154
vn 0.440264 -0.871568 0.215726
vn 0.138559 -0.989994 0.026703
vn 0.934292 -0.356475 -0.004979
vn 0.178793 -0.949574 0.257571
vn 0.015186 -0.970219 0.241754
vn 0.003030 -0.999594 0.028323
vn 0.043059 -0.998487 0.034201
vn 0.440264 -0.871568 0.215726
vn 0.178793 -0.949574 0.257571
vn 0.043059 -0.998487 0.034201
vn 0.138559 -0.989994 0.026703
vn -0.143753 -0.987761 -0.060529
vn -0.140273 -0.989759 0.026470
vn -0.929164 -0.369660 -0.002646
vn -0.932564 -0.360789 -0.012459
vn -0.002903 -0.998342 -0.057482
vn -0.003030 -0.999594 0.028323
vn -0.043059 -0.998487 0.034201
vn -0.042685 -0.997090 -0.063170
vn -0.042685 -0.997090 -0.063170
vn -0.043059 -0.998487 0.034201
vn -0.140273 -0.989759 0.026470
vn -0.143753 -0.987761 -0.060529
vn 0.042685 -0.997090 -0.063170
vn 0.043059 -0.998487 0.034201
vn 0.003030 -0.999594 0.028323
vn 0.002903 -0.998342 -0.057482
vn 0.002903 -0.998342 -0.057482
vn 0.003030 -0.999594 0.028323
vn -0.003030 -0.999594 0.028323
vn -0.002903 -0.998342 -0.057482
vn 0.135886 -0.988932 -0.059566
vn 0.936107 -0.351431 -0.014136
vn 0.934292 -0.356475 -0.004979
vn 0.138559 -0.989994 0.026703
vn 0.135886 -0.988932 -0.059566
vn 0.138559 -0.989994 0.026703
vn 0.043059 -0.998487 0.034201
vn 0.042685 -0.997090 -0.063170
vn -0.000001 0.000000 -1.000000
vn -0.000001 -0.222513 -0.974930
vn -0.000001 -0.222513 -0.974930
vn -0.000001 0.000000 -1.000000
vn -0.000001 -0.222513 -0.974930
vn -0.000001 -0.222513 -0.974930
vn -0.000001 -0.623485 -0.781835
vn -0.000001 -0.623486 -0.781835
vn -0.000001 -0.623486 -0.781835
vn -0.000001 -0.623485 -0.781835
vn 0.000000 -0.995575 -0.093975
vn 0.000000 -0.995575 -0.093975
vn 0.000000 -0.999736 -0.022974
vn 0.000000 -0.992737 0.120301
vn 0.000000 -0.992737 0.120301
vn 0.000000 -0.999736 -0.022974
vn 0.000000 -0.992737 0.120301
vn 0.000000 -0.900978 0.433865
vn 0.000000 -0.900978 0.433865
vn 0.000000 -0.992737 0.120301
vn 0.000000 -0.900978 0.433865
vn 0.000000 -0.623480 0.781839
vn 0.000000 -0.623480 0.781839
vn 0.000000 -0.900978 0.433865
vn 0.000000 -0.623480 0.781839
vn -0.000001 -0.222527 0.974927
vn -0.000001 -0.222527 0.974927
vn 0.000000 -0.623480 0.781839
vn -0.000001 -0.222527 0.974927
vn -0.000000 0.000000 1.000000
vn -0.000000 0.000000 1.000000
vn -0.000001 -0.222527 0.974927
vn -0.000003 0.000000 -1.000000
vn -0.000003 0.000000 -1.000000
vn -0.000003 0.000000 -1.000000
vn -0.000003 0.000000 -1.000000
vn -0.000000 0.000000 1.000000
vn -0.000000 0.000000 1.000000
vn 0.000000 0.000000 1.000000
vn 0.000000 0.000000 1.000000
vn 1.000000 0.000001 0.000000
vn 1.000000 0.000000 0.000000
vn 1.000000 0.000000 0.000000
vn 1.000000 0.000000 0.000000
vn -1.000000 0.000000 0.000000
vn -1.000000 0.000000 0.000000
vn -1.000000 0.000000 0.000000
vn -1.000000 0.000000 0.000000
vn 1.000000 0.000003 0.000000
vn 1.000000 0.000000 0.000000
vn 1.000000 0.000001 0.000000
vn 1.000000 0.000070 0.000000
vn 1.000000 0.000003 0.000000
vn 1.000000 0.000001 0.000000
vn 1.000000 0.000042 0.000000
vn 1.000000 0.000070 0.000000
vn 1.000000 0.000001 0.000000
vn 1.000000 -0.000045 0.000000
vn 1.000000 0.000042 0.000000
vn 1.000000 0.000001 0.000000
vn 1.000000 0.000000 0.000000
vn 1.000000 -0.000045 0.000000
vn 1.000000 0.000001 0.000000
vn -1.000000 0.000000 0.000000
vn -1.000000 0.000000 0.000000
vn -1.000000 0.000000 0.000000
vn -1.000000 0.000000 0.000000
vn 1.000000 0.000000 0.000000
vn 1.000000 0.000000 0.000000
vn 1.000000 0.000000 0.000000
vn 1.000000 0.000000 0.000000
vn 1.000000 0.000000 0.000000
vn 1.000000 0.000000 0.000000
vn 1.000000 0.000000 0.000000
vn 1.000000 0.000003 0.000000
vn 1.000000 0.000000 0.000000
vn 1.000000 0.000000 0.000000
vn 0.000000 -0.999736 -0.022974
vn 0.000000 -0.999736 -0.022974
vn 0.000000 -0.995575 -0.093975
vn 0.000000 -0.995575 -0.093975
vn -1.000000 0.000000 0.000000
vn -1.000000 0.000000 0.000000
vn -1.000000 0.000000 0.000000
vn -1.000000 0.000000 0.000000
vn -1.000000 0.000000 0.000000
vn -1.000000 0.000000 0.000000
vn -1.000000 0.000000 0.000000
vn -1.000000 0.000000 0.000000
vn -1.000000 0.000000 0.000000
vn -1.000000 0.000000 0.000000
vn 0.000001 1.000000 0.000000
vn 0.000001 1.000000 0.000000
vn 0.000001 1.000000 0.000000
vn 0.000001 1.000000 0.000000
vn -1.000000 0.000000 0.000000
vn -1.000000 0.000000 0.000000
vn -1.000000 0.000000 0.000000
vn -1.000000 0.000000 0.000000
vn -1.000000 0.000000 0.000000
vn -1.000000 0.000000 0.000000
vn -1.000000 0.000000 0.000000
vn 0.000000 -1.000000 0.000000
vn 0.000000 -1.000000 0.000000
vn 0.000000 -1.000000 0.000000
vn 0.000000 -1.000000 0.000000
vn 0.000000 0.000000 1.000000
vn 0.000000 0.000000 1.000000
vn 0.000000 0.000000 1.000000
vn 0.000000 0.000000 1.000000
vn 0.000000 0.000000 -1.000000
vn 0.000000 0.000000 -1.000000
vn 0.000000 0.000000 -1.000000
vn 0.000000 0.000000 -1.000000
vn 1.000000 0.000000 0.000000
vn 1.000000 0.000000 0.000000
vn 1.000000 0.000000 0.000000
vn 1.000000 0.000000 0.000000
vn -1.000000 0.000000 0.000000
vn -1.000000 0.000000 0.000000
vn -1.000000 0.000000 0.000000
vn -1.000000 0.000000 0.000000
vn -0.000001 0.000000 -1.000000
vn -0.000001 -0.222513 -0.974930
vn -0.000001 -0.222513 -0.974930
vn -0.000001 0.000000 -1.000000
vn -0.000001 -0.222513 -0.974930
vn -0.000001 -0.222513 -0.974930
vn -0.000001 -0.623485 -0.781835
vn -0.000001 -0.623486 -0.781835
vn -0.000001 -0.623486 -0.781835
vn -0.000001 -0.623485 -0.781835
vn 0.000000 -0.995575 -0.093975
vn 0.000000 -0.995575 -0.093975
vn 0.000000 -0.999736 -0.022974
vn 0.000000 -0.992737 0.120301
vn 0.000000 -0.992737 0.120301
vn 0.000000 -0.999736 -0.022974
vn 0.000000 -0.992737 0.120301
vn 0.000000 -0.900978 0.433865
vn 0.000000 -0.900978 0.433865
vn 0.000000 -0.992737 0.120301
vn 0.000000 -0.900978 0.433865
vn 0.000000 -0.623480 0.781839
vn 0.000000 -0.623480 0.781839
vn 0.000000 -0.900978 0.433865
vn 0.000000 -0.623480 0.781839
vn -0.000001 -0.222527 0.974927
vn -0.000001 -0.222527 0.974927
vn 0.000000 -0.623480 0.781839
vn -0.000001 -0.222527 0.974927
vn -0.000000 0.000000 1.000000
vn -0.000000 0.000000 1.000000
vn -0.000001 -0.222527 0.974927
vn -0.000003 0.000000 -1.000000
vn -0.000003 0.000000 -1.000000
vn -0.000003 0.000000 -1.000000
vn -0.000003 0.000000 -1.000000
vn -0.000000 0.000000 1.000000
vn -0.000000 0.000000 1.000000
vn 0.000000 0.000000 1.000000
vn 0.000000 0.000000 1.000000
vn 1.000000 0.000001 0.000000
vn 1.000000 0.000000 0.000000
vn 1.000000 0.000000 0.000000
vn 1.000000 0.000000 0.000000
vn -1.000000 0.000000 0.000000
vn -1.000000 0.000000 0.000000
vn -1.000000 0.000000 0.000000
vn -1.000000 0.000000 0.000000
vn 1.000000 0.000003 0.000000
vn 1.000000 0.000000 0.000000
vn 1.000000 0.000001 0.000000
vn 1.000000 0.000070 0.000000
vn 1.000000 0.000003 0.000000
vn 1.000000 0.000001 0.000000
vn 1.000000 0.000042 0.000000
vn 1.000000 0.000070 0.000000
vn 1.000000 0.000001 0.000000
vn 1.000000 -0.000045 0.000000
vn 1.000000 0.000042 0.000000
vn 1.000000 0.000001 0.000000
vn 1.000000 0.000000 0.000000
vn 1.000000 -0.000045 0.000000
vn 1.000000 0.000001 0.000000
vn -1.000000 0.000000 0.000000
vn -1.000000 0.000000 0.000000
vn -1.000000 0.000000 0.000000
vn -1.000000 0.000000 0.000000
vn 1.000000 0.000000 0.000000
vn 1.000000 0.000000 0.000000
vn 1.000000 0.000000 0.000000
vn 1.000000 0.000000 0.000000
vn 1.000000 0.000000 0.000000
vn 1.000000 0.000000 0.000000
vn 1.000000 0.000000 0.000000
vn 1.000000 0.000003 0.000000
vn 1.000000 0.000000 0.000000
vn 1.000000 0.000000 0.000000
vn 0.000000 -0.999736 -0.022974
vn 0.000000 -0.999736 -0.022974
vn 0.000000 -0.995575 -0.093975
vn 0.000000 -0.995575 -0.093975
vn -1.000000 0.000000 0.000000
vn -1.000000 0.000000 0.000000
vn -1.000000 0.000000 0.000000
vn -1.000000 0.000000 0.000000
vn -1.000000 0.000000 0.000000
vn -1.000000 0.000000 0.000000
vn -1.000000 0.000000 0.000000
vn -1.000000 0.000000 0.000000
vn -1.000000 0.000000 0.000000
vn -1.000000 0.000000 0.000000
vn 0.000001 1.000000 0.000000
vn 0.000001 1.000000 0.000000
vn 0.000001 1.000000 0.000000
vn 0.000001 1.000000 0.000000
vn -1.000000 0.000000 0.000000
vn -1.000000 0.000000 0.000000
vn -1.000000 0.000000 0.000000
vn -1.000000 0.000000 0.000000
vn -1.000000 0.000000 0.000000
vn -1.000000 0.000000 0.000000
vn -1.000000 0.000000 0.000000
vn 0.000000 -1.000000 0.000000
vn 0.000000 -1.000000 0.000000
vn 0.000000 -1.000000 0.000000
vn 0.000000 -1.000000 0.000000
vn 0.000000 0.000000 1.000000
vn 0.000000 0.000000 1.000000
vn 0.000000 0.000000 1.000000
vn 0.000000 0.000000 1.000000
vn 0.000000 0.000000 -1.000000
vn 0.000000 0.000000 -1.000000
vn 0.000000 0.000000 -1.000000
vn 0.000000 0.000000 -1.000000
vn 1.000000 0.000000 0.000000
vn 1.000000 0.000000 0.000000
vn 1.000000 0.000000 0.000000
vn 1.000000 0.000000 0.000000
vn -1.000000 0.000000 0.000000
vn -1.000000 0.000000 0.000000
vn -1.000000 0.000000 0.000000
vn -1.000000 0.000000 0.000000
vn -0.000137 -0.995862 -0.090878
vn -0.039089 -0.990630 -0.130858
vn -0.000146 -0.995861 -0.090887
vn 0.000000 -0.995000 -0.099875
vn -0.000137 -0.995862 -0.090878
vn -0.000146 -0.995861 -0.090887
vn 0.000146 -0.995861 -0.090887
vn 0.000137 -0.995862 -0.090878
vn 0.000000 -0.995000 -0.099875
vn 0.000000 -0.995000 -0.099875
vn 0.000000 -0.983613 -0.180291
vn 0.000000 -0.983613 -0.180291
vn 0.000000 -0.995000 -0.099875
vn 0.000137 -0.995862 -0.090878
vn 0.000146 -0.995861 -0.090887
vn 0.039089 -0.990630 -0.130858
vn 0.839388 -0.027422 0.542841
vn 0.965551 -0.025756 0.258935
vn 0.968024 -0.025830 0.249525
vn 0.843859 -0.027246 0.535873
vn -0.965551 -0.025752 0.258937
vn -0.839387 -0.027422 0.542842
vn -0.843858 -0.027245 0.535874
vn -0.968024 -0.025826 0.249526
s off
g paper_box
usemtl paper_boxSG
f 136/1/1 135/2/2 53/3/3 54/4/4
f 137/5/5 135/6/6 136/7/7 138/8/8
f 183/9/9 137/10/10 56/11/11 126/12/12
f 139/13/13 183/9/14 126/12/15 57/14/16
f 206/15/17 205/16/18 166/17/19 171/18/20
f 184/19/21 135/6/22 137/5/23 183/20/24
f 184/21/25 140/22/26 52/23/27 121/24/28
f 135/2/29 184/21/30 121/24/31 53/3/32
f 184/19/33 183/20/34 139/25/35 140/26/36
f 185/27/37 139/13/38 57/14/39 128/28/40
f 141/29/41 185/27/42 128/28/43 58/30/44
f 207/31/45 204/32/46 165/33/47 172/34/48
f 186/35/49 140/26/50 139/25/51 185/36/52
f 186/37/53 142/38/54 51/39/55 119/40/56
f 140/22/57 186/37/58 119/40/59 52/23/60
f 186/35/61 185/36/62 141/41/63 142/42/64
f 144/43/65 143/44/66 43/45/67 44/46/68
f 159/47/69 158/48/70 157/49/71 160/50/72
f 146/51/73 143/52/74 144/53/75 145/54/76
f 146/55/77 145/56/78 45/57/79 46/58/80
f 147/59/81 187/60/82 188/61/83 150/62/84
f 187/60/85 148/63/86 149/64/87 188/61/88
f 187/65/89 147/66/90 59/67/91 132/68/92
f 148/69/93 187/65/94 132/68/95 60/70/96
f 188/71/97 149/72/98 49/73/99 115/74/100
f 150/75/101 188/71/102 115/74/103 50/76/104
f 190/77/105 189/78/106 147/59/107 150/62/108
f 189/79/109 141/29/110 58/30/111 130/80/112
f 147/66/113 189/79/114 130/80/115 59/67/116
f 208/81/117 203/82/118 164/83/119 173/84/120
f 190/77/121 142/42/122 141/41/123 189/78/124
f 190/85/125 150/75/126 50/76/127 117/86/128
f 142/38/129 190/85/130 117/86/131 51/39/132
f 191/87/133 152/88/134 153/89/135 192/90/136
f 151/91/137 191/87/138 192/90/139 154/92/140
f 191/93/141 151/94/142 41/95/143 101/96/144
f 152/97/145 191/93/146 101/96/147 42/98/148
f 192/99/149 153/100/150 47/101/151 111/102/152
f 154/103/153 192/99/154 111/102/155 48/104/156
f 194/105/157 193/106/158 143/52/159 146/51/160
f 193/107/161 152/97/162 42/98/163 104/108/164
f 143/44/165 193/107/166 104/108/167 43/45/168
f 198/109/169 199/110/170 160/50/171 157/49/172
f 194/105/173 153/89/174 152/88/175 193/106/176
f 194/111/177 146/55/178 46/58/179 109/112/180
f 153/100/181 194/111/182 109/112/183 47/101/184
f 196/113/185 195/114/186 151/91/187 154/92/188
f 195/115/189 148/69/190 60/70/191 134/116/192
f 151/94/193 195/115/194 134/116/195 41/95/196
f 210/117/197 201/118/198 162/119/199 155/120/200
f 196/113/201 149/64/202 148/63/203 195/114/204
f 196/121/205 154/103/206 48/104/207 113/122/208
f 149/72/209 196/121/210 113/122/211 49/73/212
f 197/123/213 155/120/214 162/119/215 200/124/216
f 156/125/217 197/123/218 200/124/219 161/126/220
f 198/109/221 156/125/222 161/126/223 199/110/224
f 167/127/225 169/128/226 170/129/227 168/130/228
f 170/131/229 169/132/230 16/133/231 15/134/232
f 206/15/233 169/128/234 167/127/235 205/16/236
f 207/31/237 171/18/238 166/17/239 204/32/240
f 208/81/241 172/34/242 165/33/243 203/82/244
f 209/135/245 173/84/246 164/83/247 202/136/248
f 174/137/249 209/135/250 202/136/251 163/138/252
f 210/117/253 174/137/254 163/138/255 201/118/256
f 22/139/257 175/140/258 211/141/259 178/142/260
f 175/140/261 21/143/262 176/144/263 211/141/264
f 211/141/265 176/144/266 1/145/267 177/146/268
f 178/142/269 211/141/270 177/146/271 2/147/272
f 23/148/273 179/149/274 212/150/275 181/151/276
f 179/149/277 22/139/278 178/142/279 212/150/280
f 212/150/281 178/142/282 2/147/283 180/152/284
f 181/151/285 212/150/286 180/152/287 3/153/288
f 4/154/289 182/155/290 181/151/291 3/153/292
f 182/155/293 24/156/294 23/148/295 181/151/296
f 62/157/297 26/158/298 25/159/299 61/160/300
f 62/157/301 61/160/302 5/161/303 6/162/304
f 27/163/305 63/164/306 213/165/307 65/166/308
f 63/164/309 26/158/310 62/157/311 213/165/312
f 213/165/313 62/157/314 6/162/315 64/167/316
f 65/166/317 213/165/318 64/167/319 7/168/320
f 28/169/321 66/170/322 214/171/323 68/172/324
f 66/170/325 27/163/326 65/166/327 214/171/328
f 214/171/329 65/166/330 7/168/331 67/173/332
f 68/172/333 214/171/334 67/173/335 8/174/336
f 29/175/337 69/176/338 215/177/339 71/178/340
f 69/176/341 28/169/342 68/172/343 215/177/344
f 215/177/345 68/172/346 8/174/347 70/179/348
f 71/178/349 215/177/350 70/179/351 9/180/352
f 30/181/353 72/182/354 216/183/355 74/184/356
f 72/182/357 29/175/358 71/178/359 216/183/360
f 216/183/361 71/178/362 9/180/363 73/185/364
f 74/184/365 216/183/366 73/185/367 10/186/368
f 31/187/369 75/188/370 217/189/371 77/190/372
f 75/188/373 30/181/374 74/184/375 217/189/376
f 217/189/377 74/184/378 10/186/379 76/191/380
f 77/190/381 217/189/382 76/191/383 11/192/384
f 32/193/385 78/194/386 218/195/387 80/196/388
f 78/194/389 31/187/390 77/190/391 218/195/392
f 218/195/393 77/190/394 11/192/395 79/197/396
f 80/196/397 218/195/398 79/197/399 12/198/400
f 33/199/401 81/200/402 219/201/403 83/202/404
f 81/200/405 32/193/406 80/196/407 219/201/408
f 219/201/409 80/196/410 12/198/411 82/203/412
f 83/202/413 219/201/414 82/203/415 13/204/416
f 84/205/417 34/206/418 33/199/419 83/202/420
f 84/205/421 83/202/422 13/204/423 14/207/424
f 86/208/425 36/209/426 35/210/427 85/211/428
f 86/208/429 85/211/430 15/134/431 16/133/432
f 37/212/433 87/213/434 220/214/435 89/215/436
f 87/213/437 36/209/438 86/208/439 220/214/440
f 220/214/441 86/208/442 16/133/443 88/216/444
f 89/215/445 220/214/446 88/216/447 17/217/448
f 38/218/449 90/219/450 221/220/451 92/221/452
f 90/219/453 37/212/454 89/215/455 221/220/456
f 221/220/457 89/215/458 17/217/459 91/222/460
f 92/221/461 221/220/462 91/222/463 18/223/464
f 39/224/465 93/225/466 222/226/467 95/227/468
f 93/225/469 38/218/470 92/221/471 222/226/472
f 222/226/473 92/221/474 18/223/475 94/228/476
f 95/227/477 222/226/478 94/228/479 19/229/480
f 40/230/481 96/231/482 223/232/483 98/233/484
f 96/231/485 39/224/486 95/227/487 223/232/488
f 223/232/489 95/227/490 19/229/491 97/234/492
f 98/233/493 223/232/494 97/234/495 20/235/496
f 21/143/497 99/236/498 224/237/499 176/144/500
f 99/236/501 40/230/502 98/233/503 224/237/504
f 224/237/505 98/233/506 20/235/507 100/238/508
f 176/144/509 224/237/510 100/238/511 1/145/512
f 42/98/513 101/96/514 225/239/515 103/240/516
f 101/96/517 41/95/518 102/241/519 225/239/520
f 225/239/521 102/241/522 21/143/523 175/140/524
f 103/240/525 225/239/526 175/140/527 22/139/528
f 43/45/529 104/108/530 226/242/531 105/243/532
f 104/108/533 42/98/534 103/240/535 226/242/536
f 226/242/537 103/240/538 22/139/539 179/149/540
f 105/243/541 226/242/542 179/149/543 23/148/544
f 23/148/545 24/156/546 106/244/547 105/243/548
f 106/244/549 44/46/550 43/45/551 105/243/552
f 108/245/553 46/58/554 45/57/555 107/246/556
f 108/245/557 107/246/558 25/159/559 26/158/560
f 47/101/561 109/112/562 227/247/563 110/248/564
f 109/112/565 46/58/566 108/245/567 227/247/568
f 227/247/569 108/245/570 26/158/571 63/164/572
f 110/248/573 227/247/574 63/164/575 27/163/576
f 48/104/577 111/102/578 228/249/579 112/250/580
f 111/102/581 47/101/582 110/248/583 228/249/584
f 228/249/585 110/248/586 27/163/587 66/170/588
f 112/250/589 228/249/590 66/170/591 28/169/592
f 49/73/593 113/122/594 229/251/595 114/252/596
f 113/122/597 48/104/598 112/250/599 229/251/600
f 229/251/601 112/250/602 28/169/603 69/176/604
f 114/252/605 229/251/606 69/176/607 29/175/608
f 50/76/609 115/74/610 230/253/611 116/254/612
f 115/74/613 49/73/614 114/252/615 230/253/616
f 230/253/617 114/252/618 29/175/619 72/182/620
f 116/254/621 230/253/622 72/182/623 30/181/624
f 51/39/625 117/86/626 231/255/627 118/256/628
f 117/86/629 50/76/630 116/254/631 231/255/632
f 231/255/633 116/254/634 30/181/635 75/188/636
f 118/256/637 231/255/638 75/188/639 31/187/640
f 52/23/641 119/40/642 232/257/643 120/258/644
f 119/40/645 51/39/646 118/256/647 232/257/648
f 232/257/649 118/256/650 31/187/651 78/194/652
f 120/258/653 232/257/654 78/194/655 32/193/656
f 53/3/657 121/24/658 233/259/659 122/260/660
f 121/24/661 52/23/662 120/258/663 233/259/664
f 233/259/665 120/258/666 32/193/667 81/200/668
f 122/260/669 233/259/670 81/200/671 33/199/672
f 123/261/673 54/4/674 53/3/675 122/260/676
f 123/261/677 122/260/678 33/199/679 34/206/680
f 125/262/681 56/11/682 55/263/683 124/264/684
f 125/262/685 124/264/686 35/210/687 36/209/688
f 57/14/689 126/12/690 234/265/691 127/266/692
f 126/12/693 56/11/694 125/262/695 234/265/696
f 234/265/697 125/262/698 36/209/699 87/213/700
f 127/266/701 234/265/702 87/213/703 37/212/704
f 58/30/705 128/28/706 235/267/707 129/268/708
f 128/28/709 57/14/710 127/266/711 235/267/712
f 235/267/713 127/266/714 37/212/715 90/219/716
f 129/268/717 235/267/718 90/219/719 38/218/720
f 59/67/721 130/80/722 236/269/723 131/270/724
f 130/80/725 58/30/726 129/268/727 236/269/728
f 236/269/729 129/268/730 38/218/731 93/225/732
f 131/270/733 236/269/734 93/225/735 39/224/736
f 60/70/737 132/68/738 237/271/739 133/272/740
f 132/68/741 59/67/742 131/270/743 237/271/744
f 237/271/745 131/270/746 39/224/747 96/231/748
f 133/272/749 237/271/750 96/231/751 40/230/752
f 41/95/753 134/116/754 238/273/755 102/241/756
f 134/116/757 60/70/758 133/272/759 238/273/760
f 238/273/761 133/272/762 40/230/763 99/236/764
f 102/241/765 238/273/766 99/236/767 21/143/768
f 14/207/769 13/204/770 167/274/771 168/275/772
f 167/274/773 13/204/774 82/203/775 205/276/776
f 82/203/777 12/198/778 166/277/779 205/276/780
f 166/277/781 12/198/782 79/197/783 204/278/784
f 79/197/785 11/192/786 165/279/787 204/278/788
f 165/279/789 11/192/790 76/191/791 203/280/792
f 76/191/793 10/186/794 164/281/795 203/280/796
f 164/281/797 10/186/798 73/185/799 202/282/800
f 73/185/801 9/180/802 163/283/803 202/282/804
f 163/283/805 9/180/806 70/179/807 201/284/808
f 70/179/809 8/174/810 162/285/811 201/284/812
f 162/285/813 8/174/814 67/173/815 200/286/816
f 67/173/817 7/168/818 161/287/819 200/286/820
f 161/287/821 7/168/822 64/167/823 199/288/824
f 64/167/825 6/162/826 160/289/827 199/288/828
f 6/162/829 5/161/830 159/290/831 160/289/832
f 4/154/833 3/153/834 157/291/835 158/292/836
f 157/291/837 3/153/838 180/152/839 198/293/840
f 180/152/841 2/147/842 156/294/843 198/293/844
f 156/294/845 2/147/846 177/146/847 197/295/848
f 177/146/849 1/145/850 155/296/851 197/295/852
f 155/296/853 1/145/854 100/238/855 210/297/856
f 100/238/857 20/235/858 174/298/859 210/297/860
f 174/298/861 20/235/862 97/234/863 209/299/864
f 97/234/865 19/229/866 173/300/867 209/299/868
f 173/300/869 19/229/870 94/228/871 208/301/872
f 94/228/873 18/223/874 172/302/875 208/301/876
f 172/302/877 18/223/878 91/222/879 207/303/880
f 91/222/881 17/217/882 171/304/883 207/303/884
f 171/304/885 17/217/886 88/216/887 206/305/888
f 88/216/889 16/133/890 169/132/891 206/305/892
f 55/263/893 56/11/894 137/10/895 138/306/896
f 248/1489/897 259/307/898 336/308/899 337/309/900
f 249/310/901 260/311/902 340/312/903 341/313/904
f 250/314/905 252/315/906 245/316/907
f 258/317/908 255/318/909 256/319/910
f 250/314/911 251/320/912 252/315/913
f 250/314/914 258/317/915 257/321/916 251/320/917
f 258/317/918 256/319/919 257/321/920
f 239/1493/921 927/1503/922 929/1494/923 263/322/924
f 261/323/925 239/1493/926 263/322/927 264/324/928
f 934/1506/929 932/1500/930 240/1501/931 265/1502/932
f 245/325/933 243/326/934 266/327/935
f 930/1504/936 928/1495/937 248/1496/938 267/1497/939
f 248/1496/940 337/328/941 338/329/942 267/1497/943
f 249/330/944 341/331/945 342/332/946 268/333/947
f 254/334/948 255/335/949 270/336/950
f 266/337/951 269/338/952 250/339/953 245/340/954
f 259/1498/955 931/1505/956 933/1499/957 271/341/958
f 336/342/959 259/1498/960 271/341/961 335/343/962
f 340/344/963 260/345/964 272/346/965 339/347/966
f 258/348/967 273/349/968 270/350/969 255/351/970
f 262/352/971 261/323/972 264/324/973 274/353/974
f 240/1501/975 262/352/976 274/353/977 265/1502/978
f 242/354/979 241/355/980 276/356/981 275/357/982
f 244/358/983 243/326/984 278/359/985 277/360/986
f 243/326/987 245/325/988 279/361/989 278/359/990
f 247/362/991 246/363/992 281/364/993 280/365/994
f 241/355/995 244/358/996 277/360/997 276/356/998
f 246/363/999 242/354/1000 275/357/1001 281/364/1002
f 252/366/1003 251/367/1004 283/368/1005 282/369/1006
f 254/334/1007 253/370/1008 285/371/1009 284/372/1010
f 286/373/1011 255/335/1012 254/334/1013 284/372/1014
f 257/374/1015 256/375/1016 288/376/1017 287/377/1018
f 245/325/1019 252/366/1020 282/369/1021 279/361/1022
f 253/370/1023 247/362/1024 280/365/1025 285/371/1026
f 251/367/1027 257/378/1028 287/379/1029 283/368/1030
f 256/375/1031 255/335/1032 286/373/1033 288/376/1034
f 275/380/1035 276/381/1036 290/382/1037 289/383/1038
f 277/384/1039 278/385/1040 292/386/1041 291/387/1042
f 278/385/1043 279/388/1044 293/389/1045 292/386/1046
f 280/390/1047 281/391/1048 295/392/1049 294/393/1050
f 276/381/1051 277/384/1052 291/387/1053 290/382/1054
f 281/391/1055 275/380/1056 289/383/1057 295/392/1058
f 282/394/1059 283/395/1060 297/396/1061 296/397/1062
f 284/398/1063 285/399/1064 299/400/1065 298/401/1066
f 286/402/1067 284/398/1068 298/401/1069 300/403/1070
f 287/404/1071 288/405/1072 302/406/1073 301/407/1074
f 279/388/1075 282/394/1076 296/397/1077 293/389/1078
f 285/399/1079 280/390/1080 294/393/1081 299/400/1082
f 283/395/1083 287/404/1084 301/407/1085 297/396/1086
f 288/405/1087 286/402/1088 300/403/1089 302/406/1090
f 289/383/1091 290/382/1092 304/408/1093 303/409/1094
f 291/387/1095 292/386/1096 306/410/1097 305/411/1098
f 292/386/1099 293/389/1100 307/412/1101 306/410/1102
f 294/393/1103 295/392/1104 309/413/1105 308/414/1106
f 290/382/1107 291/387/1108 305/411/1109 304/408/1110
f 295/392/1111 289/383/1112 303/409/1113 309/413/1114
f 296/397/1115 297/396/1116 311/415/1117 310/416/1118
f 298/401/1119 299/400/1120 313/417/1121 312/418/1122
f 300/403/1123 298/401/1124 312/418/1125 314/419/1126
f 301/407/1127 302/406/1128 316/420/1129 315/421/1130
f 293/389/1131 296/397/1132 310/416/1133 307/412/1134
f 299/400/1135 294/393/1136 308/414/1137 313/417/1138
f 297/396/1139 301/407/1140 315/421/1141 311/415/1142
f 302/406/1143 300/403/1144 314/419/1145 316/420/1146
f 307/412/1147 310/416/1148 324/422/1149 321/423/1150
f 316/420/1151 314/419/1152 328/424/1153 330/425/1154
f 304/408/1155 318/426/1156 317/427/1157 303/409/1158
f 306/410/1159 320/428/1160 319/429/1161 305/411/1162
f 307/412/1163 321/423/1164 320/428/1165 306/410/1166
f 309/413/1167 323/430/1168 322/431/1169 308/414/1170
f 305/411/1171 319/429/1172 318/426/1173 304/408/1174
f 303/409/1175 317/427/1176 323/430/1177 309/413/1178
f 311/415/1179 325/432/1180 324/422/1181 310/416/1182
f 313/417/1183 327/433/1184 326/434/1185 312/418/1186
f 312/418/1187 326/434/1188 328/424/1189 314/419/1190
f 316/420/1191 330/425/1192 329/435/1193 315/421/1194
f 308/414/1195 322/431/1196 327/433/1197 313/417/1198
f 315/421/1199 329/435/1200 325/432/1201 311/415/1202
f 317/427/1203 318/426/1204 331/436/1205
f 319/429/1206 320/428/1207 332/437/1208 331/436/1209
f 320/428/1210 321/423/1211 332/437/1212
f 322/431/1213 323/430/1214 333/438/1215
f 318/426/1216 319/429/1217 331/436/1218
f 323/430/1219 317/427/1220 344/439/1221 371/440/1222
f 324/422/1223 325/432/1224 332/437/1225
f 326/434/1226 327/433/1227 333/438/1228 334/441/1229
f 328/424/1230 326/434/1231 334/441/1232
f 329/435/1233 330/425/1234 334/441/1235
f 321/423/1236 324/422/1237 332/437/1238
f 327/433/1239 322/431/1240 333/438/1241
f 325/432/1242 329/435/1243 373/442/1244 375/443/1245
f 330/425/1246 328/424/1247 334/441/1248
f 260/345/1249 336/342/1250 335/343/1251 272/346/1252
f 249/310/1253 337/309/1254 336/308/1255 260/311/1256
f 338/329/1257 337/328/1258 249/330/1259 268/333/1260
f 258/348/1261 340/344/1262 339/347/1263 273/349/1264
f 250/314/1265 341/313/1266 340/312/1267 258/317/1268
f 342/332/1269 341/331/1270 250/339/1271 269/338/1272
f 344/444/1273 343/445/1274 346/446/1275 345/447/1276
f 343/445/1277 331/448/1278 347/449/1279 346/446/1280
f 353/450/1281 352/451/1282 355/452/1283 354/453/1284
f 352/451/1285 351/454/1286 348/455/1287 355/452/1288
f 358/456/1289 357/457/1290 360/458/1291 359/459/1292
f 357/457/1293 356/460/1294 361/461/1295 360/458/1296
f 364/462/1297 363/463/1298 365/464/1299 361/461/1300
f 363/463/1301 362/465/1302 366/466/1303 365/464/1304
f 358/467/1305 347/449/1306 331/448/1307 332/468/1308
f 351/469/1309 371/470/1310 344/471/1311 345/472/1312
f 353/473/1313 362/474/1314 334/475/1315 333/476/1316
f 356/477/1317 375/478/1318 373/479/1319 364/480/1320
f 350/481/1321 347/482/1322 358/456/1323 359/459/1324
f 351/454/1325 345/483/1326 348/455/1327
f 354/453/1328 366/466/1329 362/465/1330 353/450/1331
f 356/460/1332 364/462/1333 361/461/1334
f 379/484/1335 382/485/1336 350/486/1337 359/487/1338
f 367/488/1339 378/489/1340 366/490/1341 354/491/1342
f 317/427/1343 331/436/1344 343/492/1345
f 317/427/1346 343/492/1347 344/439/1348
f 323/430/1349 371/440/1350 370/493/1351
f 323/430/1352 370/493/1353 333/438/1354
f 329/435/1355 334/441/1356 372/494/1357
f 329/435/1358 372/494/1359 373/442/1360
f 325/432/1361 375/443/1362 374/495/1363
f 325/432/1364 374/495/1365 332/437/1366
f 345/483/1367 346/496/1368 349/497/1369 348/455/1370
f 346/496/1371 347/482/1372 350/481/1373 349/497/1374
f 348/498/1375 349/499/1376 381/500/1377 369/501/1378
f 349/499/1379 350/486/1380 382/485/1381 381/500/1382
f 351/469/1383 352/502/1384 370/503/1385 371/470/1386
f 352/502/1387 353/473/1388 333/476/1389 370/503/1390
f 354/491/1391 355/504/1392 368/505/1393 367/488/1394
f 355/504/1395 348/506/1396 369/507/1397 368/505/1398
f 356/477/1399 357/508/1400 374/509/1401 375/478/1402
f 357/508/1403 358/467/1404 332/468/1405 374/509/1406
f 359/487/1407 360/510/1408 380/511/1409 379/484/1410
f 360/510/1411 361/512/1412 376/513/1413 380/511/1414
f 362/474/1415 363/514/1416 372/515/1417 334/475/1418
f 363/514/1419 364/480/1420 373/479/1421 372/515/1422
f 361/512/1423 365/516/1424 377/517/1425 376/513/1426
f 365/516/1427 366/490/1428 378/489/1429 377/517/1430
f 378/518/1431 379/519/1432 380/520/1433 377/521/1434
f 381/522/1435 368/523/1436 369/524/1437
f 377/521/1438 380/520/1439 376/525/1440
f 367/526/1441 382/527/1442 379/519/1443 378/518/1444
f 367/526/1445 368/523/1446 381/522/1447 382/527/1448
f 385/528/1449 384/529/1450 609/530/1451 608/531/1452
f 389/532/1453 529/533/1454 527/534/1455 392/535/1456
f 387/536/1457 531/537/1458 529/538/1459 389/539/1460
f 531/540/1461 387/541/1462 614/542/1463 615/543/1464
f 388/544/1465 530/545/1466 720/546/1467 699/547/1468
f 392/548/1469 527/549/1470 530/550/1471 388/551/1472
f 613/552/1473 614/553/1474 387/554/1475 389/555/1476
f 384/529/1477 535/556/1478 610/557/1479 609/530/1480
f 610/557/1481 611/558/1482 393/559/1483 414/560/1484
f 393/561/1485 611/562/1486 612/563/1487 395/564/1488
f 392/565/1489 388/566/1490 699/567/1491 700/568/1492
f 435/569/1493 396/570/1494 405/571/1495
f 389/572/1496 395/573/1497 612/574/1498 613/575/1499
f 395/573/1500 389/572/1501 392/576/1502
f 393/561/1503 395/564/1504 701/577/1505 702/578/1506
f 395/573/1507 392/576/1508 700/579/1509 701/580/1510
f 414/560/1511 393/559/1512 702/581/1513 703/582/1514
f 391/583/1515 390/584/1516 397/585/1517 400/586/1518
f 390/584/1519 394/587/1520 398/588/1521 397/585/1522
f 443/589/1523 452/590/1524 574/591/1525 553/592/1526
f 396/593/1527 391/583/1528 400/586/1529 402/594/1530
f 718/595/1531 719/596/1532 537/597/1533 534/598/1534
f 397/585/1535 398/588/1536 401/599/1537 403/600/1538
f 400/586/1539 397/585/1540 403/600/1541 404/601/1542
f 402/594/1543 400/586/1544 404/601/1545 411/602/1546
f 403/600/1547 401/599/1548 399/603/1549 409/604/1550
f 405/571/1551 396/570/1552 402/605/1553 420/606/1554
f 429/607/1555 609/530/1556 610/557/1557 414/560/1558
f 404/601/1559 403/600/1560 409/604/1561 415/608/1562
f 407/609/1563 618/610/1564 406/611/1565
f 465/612/1566 443/589/1567 553/592/1568 551/613/1569
f 411/602/1570 404/601/1571 415/608/1572 423/614/1573
f 412/615/1574 419/616/1575 409/604/1576 399/603/1577
f 419/617/1578 412/618/1579 408/619/1580 417/620/1581
f 408/621/1582 410/622/1583 421/623/1584 417/624/1585
f 421/625/1586 410/626/1587 413/627/1588 418/628/1589
f 405/571/1590 433/629/1591 434/630/1592 435/569/1593
f 402/605/1594 411/631/1595 422/632/1596 420/606/1597
f 409/604/1598 419/616/1599 428/633/1600 415/608/1601
f 428/634/1602 419/617/1603 417/620/1604 425/635/1605
f 418/636/1606 413/637/1607 443/589/1608 464/638/1609
f 421/625/1610 418/628/1611 426/639/1612 427/640/1613
f 417/624/1614 421/623/1615 427/641/1616 425/642/1617
f 468/643/1618 465/612/1619 551/613/1620 546/644/1621
f 429/607/1622 414/560/1623 703/582/1624 704/645/1625
f 537/597/1626 719/596/1627 720/546/1628 530/545/1629
f 717/646/1630 718/595/1631 534/598/1632 526/647/1633
f 426/648/1634 418/636/1635 464/638/1636 467/649/1637
f 428/634/1638 425/635/1639 437/650/1640 438/651/1641
f 415/608/1642 428/633/1643 438/652/1644 423/614/1645
f 425/642/1646 427/641/1647 444/653/1648 437/654/1649
f 444/655/1650 427/640/1651 426/639/1652 441/656/1653
f 411/631/1654 423/657/1655 440/658/1656 422/632/1657
f 429/607/1658 445/659/1659 608/531/1660 609/530/1661
f 405/571/1662 420/606/1663 598/660/1664 597/661/1665
f 474/662/1666 468/643/1667 546/644/1668 541/663/1669
f 440/658/1670 423/657/1671 438/664/1672 453/665/1673
f 441/666/1674 426/648/1675 467/649/1676 470/667/1677
f 445/659/1678 429/607/1679 704/645/1680 705/668/1681
f 456/669/1682 449/670/1683 446/671/1684 459/672/1685
f 449/673/1686 456/674/1687 457/675/1688 450/676/1689
f 394/587/1690 399/603/1691 401/599/1692 398/588/1693
f 451/677/1694 450/678/1695 457/679/1696 461/680/1697
f 438/651/1698 437/650/1699 463/681/1700 453/682/1701
f 463/683/1702 437/654/1703 444/653/1704 454/684/1705
f 454/685/1706 444/655/1707 441/656/1708 455/686/1709
f 455/687/1710 441/688/1711 470/689/1712 478/690/1713
f 420/606/1714 422/632/1715 599/691/1716 598/660/1717
f 442/692/1718 452/590/1719 443/589/1720 413/637/1721
f 422/632/1722 440/658/1723 600/693/1724 599/691/1725
f 464/638/1726 443/589/1727 466/694/1728
f 443/589/1729 465/612/1730 466/694/1731
f 528/695/1732 416/696/1733 424/697/1734
f 528/698/1735 475/699/1736 471/700/1737 383/701/1738
f 717/646/1739 526/647/1740 476/702/1741 716/703/1742
f 472/704/1743 476/705/1744 526/706/1745 386/707/1746
f 484/708/1747 474/709/1748 541/710/1749 385/528/1750
f 471/711/1751 472/712/1752 386/713/1753 383/714/1754
f 440/658/1755 453/665/1756 601/715/1757 600/693/1758
f 467/649/1759 464/638/1760 466/694/1761 469/716/1762
f 466/694/1763 465/612/1764 468/643/1765 469/716/1766
f 597/661/1767 598/660/1768 479/717/1769 475/718/1770
f 463/683/1771 454/684/1772 603/719/1773 602/720/1774
f 453/682/1775 463/681/1776 602/721/1777 601/722/1778
f 454/685/1779 455/686/1780 604/723/1781 603/724/1782
f 470/667/1783 467/649/1784 469/716/1785 477/725/1786
f 455/687/1787 478/690/1788 605/726/1789 604/727/1790
f 469/716/1791 468/643/1792 474/662/1793 477/725/1794
f 479/717/1795 598/660/1796 599/691/1797 487/728/1798
f 480/729/1799 471/700/1800 475/699/1801 479/730/1802
f 446/731/1803 436/732/1804 486/733/1805
f 472/712/1806 471/711/1807 480/734/1808 482/735/1809
f 483/736/1810 476/705/1811 472/704/1812 482/737/1813
f 490/738/1814 451/739/1815 461/740/1816
f 476/702/1817 483/741/1818 715/742/1819 716/703/1820
f 599/691/1821 600/693/1822 495/743/1823 487/728/1824
f 477/744/1825 474/709/1826 484/708/1827 485/745/1828
f 470/689/1829 477/744/1830 485/745/1831 478/690/1832
f 457/746/1833 456/747/1834 459/748/1835 461/749/1836
f 488/750/1837 480/729/1838 479/730/1839 487/751/1840
f 482/735/1841 480/734/1842 488/752/1843 489/753/1844
f 492/754/1845 483/736/1846 482/737/1847 489/755/1848
f 491/756/1849 459/757/1850 486/758/1851 493/759/1852
f 500/760/1853 495/743/1854 600/693/1855 601/715/1856
f 490/761/1857 461/762/1858 491/756/1859 493/759/1860
f 715/742/1861 483/741/1862 492/763/1863 714/764/1864
f 494/765/1865 488/750/1866 487/751/1867 495/766/1868
f 489/753/1869 488/752/1870 494/767/1871 496/768/1872
f 497/769/1873 492/754/1874 489/755/1875 496/770/1876
f 602/720/1877 603/719/1878 521/771/1879 498/772/1880
f 601/722/1881 602/721/1882 498/773/1883 500/774/1884
f 521/775/1885 603/724/1886 604/723/1887 522/776/1888
f 492/763/1889 497/777/1890 713/778/1891 714/764/1892
f 498/779/1893 494/765/1894 495/766/1895 500/780/1896
f 496/768/1897 494/767/1898 498/781/1899 499/782/1900
f 497/769/1901 496/770/1902 499/783/1903 501/784/1904
f 458/785/1905 490/738/1906 481/786/1907
f 713/778/1908 497/777/1909 501/787/1910 712/788/1911
f 484/708/1912 385/528/1913 608/531/1914 607/789/1915
f 522/790/1916 604/727/1917 605/726/1918 512/791/1919
f 478/690/1920 485/745/1921 606/792/1922 605/726/1923
f 485/745/1924 484/708/1925 607/789/1926 606/792/1927
f 521/775/1928 522/776/1929 709/793/1930 710/794/1931
f 504/795/1932 502/796/1933 503/797/1934 505/798/1935
f 508/799/1936 513/800/1937 510/801/1938 506/802/1939
f 514/803/1940 509/804/1941 507/805/1942 511/806/1943
f 512/791/1944 605/726/1945 606/792/1946 515/807/1947
f 511/808/1948 507/809/1949 506/810/1950 510/811/1951
f 522/790/1952 512/791/1953 708/812/1954 709/813/1955
f 502/796/1956 504/795/1957 436/732/1958 439/814/1959
f 516/815/1960 515/807/1961 606/792/1962 607/789/1963
f 512/791/1964 515/807/1965 707/816/1966 708/812/1967
f 436/732/1968 430/817/1969 431/818/1970 439/814/1971
f 516/815/1972 607/789/1973 608/531/1974 445/659/1975
f 515/807/1976 516/815/1977 706/819/1978 707/816/1979
f 504/795/1980 523/820/1981 486/733/1982 436/732/1983
f 461/821/1984 459/822/1985 508/823/1986 509/824/1987
f 523/820/1988 525/825/1989 493/826/1990 486/733/1991
f 508/823/1992 459/822/1993 491/827/1994 519/828/1995
f 491/829/1996 461/821/1997 509/824/1998 519/830/1999
f 524/831/2000 518/832/2001 481/786/2002 490/738/2003
f 525/825/2004 524/831/2005 490/738/2006 493/826/2007
f 706/819/2008 516/815/2009 445/659/2010 705/668/2011
f 499/833/2012 498/772/2013 521/771/2014
f 711/834/2015 499/833/2016 521/771/2017 710/835/2018
f 501/836/2019 499/837/2020 711/838/2021 712/839/2022
f 509/840/2023 508/841/2024 506/842/2025 507/843/2026
f 508/844/2027 523/820/2028 513/845/2029
f 508/846/2030 519/847/2031 525/848/2032 523/849/2033
f 524/831/2034 514/850/2035 517/851/2036
f 525/848/2037 519/847/2038 509/852/2039 524/853/2040
f 518/832/2041 524/831/2042 517/851/2043
f 481/786/2044 473/854/2045 458/785/2046
f 518/832/2047 517/851/2048 520/855/2049
f 536/856/2050 386/707/2051 526/706/2052 534/857/2053
f 532/858/2054 383/714/2055 386/713/2056 536/859/2057
f 533/860/2058 527/534/2059 529/533/2060 538/861/2061
f 540/862/2062 528/698/2063 383/701/2064 532/863/2065
f 538/864/2066 529/538/2067 531/537/2068 539/865/2069
f 537/866/2070 530/550/2071 527/549/2072 533/867/2073
f 539/868/2074 531/540/2075 615/543/2076 616/869/2077
f 537/866/2078 533/867/2079 536/856/2080 534/857/2081
f 536/859/2082 533/860/2083 538/861/2084 532/858/2085
f 540/862/2086 532/863/2087 538/864/2088 539/865/2089
f 528/695/2090 540/870/2091 617/871/2092 618/610/2093
f 535/556/2094 548/872/2095 611/558/2096 610/557/2097
f 540/870/2098 539/868/2099 616/869/2100 617/871/2101
f 543/873/2102 384/529/2103 385/528/2104 541/710/2105
f 442/692/2106 413/637/2107 566/874/2108 589/875/2109
f 562/876/2110 561/877/2111 560/878/2112 542/879/2113
f 544/880/2114 535/556/2115 384/529/2116 543/873/2117
f 545/881/2118 556/882/2119 613/575/2120 612/574/2121
f 548/883/2122 545/884/2123 612/563/2124 611/562/2125
f 541/663/2126 546/644/2127 547/885/2128 543/886/2129
f 556/887/2130 549/888/2131 614/553/2132 613/552/2133
f 549/889/2134 554/890/2135 615/543/2136 614/542/2137
f 548/872/2138 535/556/2139 544/880/2140 570/891/2141
f 546/644/2142 551/613/2143 552/892/2144 547/885/2145
f 544/893/2146 543/886/2147 547/885/2148 555/894/2149
f 553/592/2150 552/892/2151 551/613/2152
f 555/894/2153 547/885/2154 552/892/2155 558/895/2156
f 557/896/2157 562/876/2158 618/610/2159 617/871/2160
f 558/895/2161 552/892/2162 553/592/2163
f 412/615/2164 399/603/2165 584/897/2166 572/898/2167
f 554/890/2168 559/899/2169 616/869/2170 615/543/2171
f 559/899/2172 557/896/2173 617/871/2174 616/869/2175
f 570/900/2176 544/893/2177 555/894/2178 583/901/2179
f 558/895/2180 553/592/2181 566/874/2182 579/902/2183
f 555/894/2184 558/895/2185 579/902/2186 583/901/2187
f 399/603/2188 394/587/2189 585/903/2190 584/897/2191
f 564/904/2192 556/882/2193 545/881/2194 563/905/2195
f 548/883/2196 570/906/2197 563/907/2198 545/884/2199
f 565/908/2200 549/888/2201 556/887/2202 564/909/2203
f 412/618/2204 572/910/2205 568/911/2206 408/619/2207
f 567/912/2208 566/913/2209 413/627/2210 410/626/2211
f 569/914/2212 554/890/2213 549/889/2214 565/915/2215
f 394/587/2216 390/584/2217 586/916/2218 585/903/2219
f 391/583/2220 396/593/2221 577/917/2222 594/918/2223
f 390/584/2224 391/583/2225 594/918/2226 586/916/2227
f 562/876/2228 557/896/2229 571/919/2230 577/920/2231
f 573/921/2232 559/899/2233 554/890/2234 569/914/2235
f 571/919/2236 557/896/2237 559/899/2238 573/921/2239
f 566/913/2240 567/912/2241 575/922/2242 579/923/2243
f 575/924/2244 567/925/2245 568/926/2246 576/927/2247
f 577/920/2248 561/877/2249 562/876/2250
f 576/928/2251 568/911/2252 572/910/2253 581/929/2254
f 578/930/2255 580/931/2256 564/904/2257 563/905/2258
f 579/923/2259 575/922/2260 578/932/2261 583/933/2262
f 578/930/2263 575/924/2264 576/927/2265 580/931/2266
f 581/934/2267 572/898/2268 584/897/2269 588/935/2270
f 563/907/2271 570/906/2272 583/933/2273 578/932/2274
f 580/936/2275 576/928/2276 581/929/2277 582/937/2278
f 580/936/2279 582/937/2280 565/908/2281 564/909/2282
f 582/938/2283 593/939/2284 569/940/2285 565/941/2286
f 582/938/2287 581/934/2288 588/935/2289 593/939/2290
f 587/942/2291 585/903/2292 586/916/2293 592/943/2294
f 584/897/2295 591/944/2296 590/945/2297 588/935/2298
f 591/944/2299 587/942/2300 592/943/2301 590/945/2302
f 592/943/2303 586/916/2304 594/918/2305 595/946/2306
f 595/946/2307 594/918/2308 577/917/2309 571/947/2310
f 573/948/2311 569/940/2312 593/939/2313 596/949/2314
f 596/949/2315 593/939/2316 588/935/2317 590/945/2318
f 590/945/2319 592/943/2320 595/946/2321 596/949/2322
f 574/591/2323 589/875/2324 566/874/2325 553/592/2326
f 571/947/2327 573/948/2328 596/949/2329 595/946/2330
f 550/950/2331 577/920/2332 396/570/2333 432/951/2334
f 584/897/2335 585/903/2336 587/942/2337 591/944/2338
f 475/718/2339 448/952/2340 462/953/2341
f 475/718/2342 528/695/2343 424/697/2344 448/952/2345
f 475/718/2346 462/953/2347 460/954/2348 597/661/2349
f 561/877/2350 577/920/2351 550/950/2352
f 432/951/2353 396/570/2354 435/569/2355
f 447/955/2356 433/629/2357 405/571/2358 597/661/2359
f 618/610/2360 562/876/2361 542/879/2362 406/611/2363
f 667/956/2364 668/957/2365 669/958/2366 670/959/2367
f 671/960/2368 667/956/2369 670/959/2370 672/961/2371
f 673/962/2372 671/960/2373 672/961/2374 674/963/2375
f 676/964/2376 675/965/2377 677/966/2378 678/967/2379
f 679/968/2380 676/964/2381 678/967/2382 680/969/2383
f 681/970/2384 679/968/2385 680/969/2386 682/971/2387
f 675/965/2388 683/972/2389 684/973/2390 677/966/2391
f 685/974/2392 673/962/2393 674/963/2394 686/975/2395
f 683/972/2396 687/976/2397 688/977/2398 684/973/2399
f 689/978/2400 685/974/2401 686/975/2402 690/979/2403
f 687/976/2404 689/978/2405 690/979/2406 688/977/2407
f 668/957/2408 691/980/2409 692/981/2410 669/958/2411
f 693/982/2412 681/970/2413 682/971/2414 694/983/2415
f 691/980/2416 695/984/2417 696/985/2418 692/981/2419
f 695/984/2420 697/986/2421 698/987/2422 696/985/2423
f 697/986/2424 693/982/2425 694/983/2426 698/987/2427
f 619/988/2428 620/989/2429 636/990/2430 635/991/2431
f 621/992/2432 619/988/2433 635/991/2434 637/993/2435
f 622/994/2436 621/992/2437 637/993/2438 638/995/2439
f 624/996/2440 623/997/2441 639/998/2442 640/999/2443
f 625/1000/2444 624/996/2445 640/999/2446 641/1001/2447
f 626/1002/2448 625/1000/2449 641/1001/2450 642/1003/2451
f 623/997/2452 627/1004/2453 643/1005/2454 639/998/2455
f 628/1006/2456 622/994/2457 638/995/2458 644/1007/2459
f 627/1004/2460 629/1008/2461 645/1009/2462 643/1005/2463
f 630/1010/2464 628/1006/2465 644/1007/2466 646/1011/2467
f 629/1008/2468 630/1010/2469 646/1011/2470 645/1009/2471
f 620/989/2472 631/1012/2473 647/1013/2474 636/990/2475
f 632/1014/2476 626/1002/2477 642/1003/2478 648/1015/2479
f 631/1012/2480 633/1016/2481 649/1017/2482 647/1013/2483
f 633/1016/2484 634/1018/2485 650/1019/2486 649/1017/2487
f 634/1018/2488 632/1020/2489 648/1021/2490 650/1019/2491
f 652/1022/2492 651/1023/2493 622/1024/2494 628/1025/2495
f 653/1026/2496 652/1022/2497 628/1025/2498 630/1027/2499
f 629/1028/2500 654/1029/2501 653/1026/2502 630/1027/2503
f 655/1030/2504 654/1029/2505 629/1028/2506 627/1031/2507
f 656/1032/2508 655/1030/2509 627/1031/2510 623/1033/2511
f 657/1034/2512 656/1032/2513 623/1033/2514 624/1035/2515
f 658/1036/2516 657/1034/2517 624/1035/2518 625/1037/2519
f 659/1038/2520 658/1036/2521 625/1037/2522 626/1039/2523
f 660/1040/2524 659/1038/2525 626/1039/2526 632/1041/2527
f 661/1042/2528 660/1040/2529 632/1041/2530 634/1043/2531
f 662/1044/2532 661/1042/2533 634/1043/2534 633/1045/2535
f 663/1046/2536 662/1044/2537 633/1045/2538 631/1047/2539
f 664/1048/2540 663/1046/2541 631/1047/2542 620/1049/2543
f 665/1050/2544 664/1048/2545 620/1049/2546 619/1051/2547
f 666/1052/2548 665/1050/2549 619/1051/2550 621/1053/2551
f 651/1023/2552 666/1052/2553 621/1053/2554 622/1024/2555
f 667/1054/2556 407/1055/2557 406/1056/2558 668/1057/2559
f 664/1058/2560 665/1059/2561 670/1060/2562 669/1061/2563
f 671/1062/2564 416/1063/2565 407/1055/2566 667/1054/2567
f 665/1059/2568 666/1064/2569 672/1065/2570 670/1060/2571
f 673/1066/2572 424/1067/2573 416/1063/2574 671/1062/2575
f 666/1064/2576 651/1068/2577 674/1069/2578 672/1065/2579
f 676/1070/2580 434/1071/2581 433/1072/2582 675/1073/2583
f 656/1074/2584 657/1075/2585 678/1076/2586 677/1077/2587
f 679/1078/2588 435/1079/2589 434/1071/2590 676/1070/2591
f 657/1075/2592 658/1080/2593 680/1081/2594 678/1076/2595
f 681/1082/2596 432/1083/2597 435/1079/2598 679/1078/2599
f 658/1080/2600 659/1084/2601 682/1085/2602 680/1081/2603
f 675/1073/2604 433/1072/2605 447/1086/2606 683/1087/2607
f 655/1088/2608 656/1074/2609 677/1077/2610 684/1089/2611
f 685/1090/2612 448/1091/2613 424/1092/2614 673/1093/2615
f 651/1094/2616 652/1095/2617 686/1096/2618 674/1097/2619
f 683/1087/2620 447/1086/2621 460/1098/2622 687/1099/2623
f 654/1100/2624 655/1088/2625 684/1089/2626 688/1101/2627
f 689/1102/2628 462/1103/2629 448/1091/2630 685/1090/2631
f 652/1095/2632 653/1104/2633 690/1105/2634 686/1096/2635
f 687/1099/2636 460/1098/2637 462/1103/2638 689/1102/2639
f 690/1105/2640 653/1104/2641 654/1100/2642 688/1101/2643
f 668/1057/2644 406/1056/2645 542/1106/2646 691/1107/2647
f 663/1108/2648 664/1058/2649 669/1061/2650 692/1109/2651
f 693/1110/2652 550/1111/2653 432/1083/2654 681/1082/2655
f 659/1084/2656 660/1112/2657 694/1113/2658 682/1085/2659
f 691/1107/2660 542/1106/2661 560/1114/2662 695/1115/2663
f 662/1116/2664 663/1108/2665 692/1109/2666 696/1117/2667
f 695/1115/2668 560/1114/2669 561/1118/2670 697/1119/2671
f 661/1120/2672 662/1116/2673 696/1117/2674 698/1121/2675
f 697/1119/2676 561/1118/2677 550/1111/2678 693/1110/2679
f 660/1112/2680 661/1120/2681 698/1121/2682 694/1113/2683
f 568/926/2684 567/925/2685 410/622/2686 408/621/2687
f 700/568/2688 699/567/2689 446/671/2690 449/670/2691
f 701/580/2692 700/579/2693 449/1122/2694 450/1123/2695
f 702/578/2696 701/577/2697 450/678/2698 451/677/2699
f 458/1124/2700 703/582/2701 702/581/2702 451/1125/2703
f 704/645/2704 703/582/2705 458/1124/2706 473/1126/2707
f 705/668/2708 704/645/2709 473/1126/2710 481/1127/2711
f 518/1128/2712 706/819/2713 705/668/2714 481/1127/2715
f 707/816/2716 706/819/2717 518/1128/2718 520/1129/2719
f 708/812/2720 707/816/2721 520/1129/2722 517/1130/2723
f 709/813/2724 708/812/2725 517/1130/2726 514/1131/2727
f 710/794/2728 709/793/2729 514/803/2730 511/806/2731
f 711/834/2732 710/835/2733 511/1132/2734 510/1133/2735
f 712/839/2736 711/838/2737 510/801/2738 513/800/2739
f 504/1134/2740 713/778/2741 712/788/2742 513/1135/2743
f 504/1134/2744 505/1136/2745 714/764/2746 713/778/2747
f 503/1137/2748 715/742/2749 714/764/2750 505/1136/2751
f 716/703/2752 715/742/2753 503/1137/2754 502/1138/2755
f 717/646/2756 716/703/2757 502/1138/2758 439/1139/2759
f 439/1139/2760 431/1140/2761 718/595/2762 717/646/2763
f 719/596/2764 718/595/2765 431/1140/2766 430/1141/2767
f 720/546/2768 719/596/2769 430/1141/2770 436/1142/2771
f 699/547/2772 720/546/2773 436/1142/2774 446/1143/2775
f 452/1144/2776 721/1145/2777 724/1146/2778 574/1147/2779
f 721/1145/2780 722/1148/2781 723/1149/2782 724/1146/2783
f 722/1148/2784 725/1150/2785 726/1151/2786 723/1149/2787
f 725/1150/2788 442/1152/2789 589/1153/2790 726/1151/2791
f 725/1154/2792 721/1155/2793 452/1156/2794 442/1157/2795
f 589/1158/2796 574/1159/2797 724/1160/2798 726/1161/2799
f 725/1154/2800 722/1162/2801 721/1155/2802
f 726/1163/2803 724/1164/2804 723/1165/2805
f 597/661/2806 460/954/2807 447/955/2808
f 528/695/2809 618/610/2810 407/609/2811 416/696/2812
f 458/785/2813 451/739/2814 490/738/2815
f 524/831/2816 509/1166/2817 514/850/2818
f 513/845/2819 523/820/2820 504/795/2821
f 446/731/2822 486/733/2823 459/1167/2824
f 727/1168/2825 728/1169/2826 730/1170/2827 729/1171/2828
usemtl paper_boxSG1
f 732/1172/2829 747/1173/2830 748/1174/2831 731/1175/2832
f 733/1176/2833 749/1177/2834 747/1173/2835 732/1172/2836
f 734/1178/2837 750/1179/2838 749/1177/2839 733/1176/2840
f 736/1180/2841 752/1181/2842 751/1182/2843 735/1183/2844
f 737/1184/2845 753/1185/2846 752/1181/2847 736/1180/2848
f 738/1186/2849 754/1187/2850 753/1185/2851 737/1184/2852
f 735/1183/2853 751/1182/2854 755/1188/2855 739/1189/2856
f 740/1190/2857 756/1191/2858 750/1179/2859 734/1178/2860
f 739/1189/2861 755/1188/2862 757/1192/2863 741/1193/2864
f 742/1194/2865 758/1195/2866 756/1191/2867 740/1190/2868
f 741/1193/2869 757/1192/2870 758/1195/2871 742/1194/2872
f 731/1175/2873 748/1174/2874 759/1196/2875 743/1197/2876
f 744/1198/2877 760/1199/2878 754/1187/2879 738/1186/2880
f 743/1197/2881 759/1196/2882 761/1200/2883 745/1201/2884
f 745/1201/2885 761/1200/2886 762/1202/2887 746/1203/2888
f 746/1203/2889 762/1202/2890 760/1199/2891 744/1198/2892
f 732/1204/2893 731/1205/2894 764/1206/2895 763/1207/2896
f 733/1208/2897 732/1204/2898 763/1207/2899 765/1209/2900
f 734/1210/2901 733/1208/2902 765/1209/2903 766/1211/2904
f 736/1212/2905 735/1213/2906 767/1214/2907 768/1215/2908
f 737/1216/2909 736/1212/2910 768/1215/2911 769/1217/2912
f 738/1218/2913 737/1216/2914 769/1217/2915 770/1219/2916
f 735/1213/2917 739/1220/2918 771/1221/2919 767/1214/2920
f 740/1222/2921 734/1223/2922 766/1224/2923 772/1225/2924
f 739/1220/2925 741/1226/2926 773/1227/2927 771/1221/2928
f 742/1228/2929 740/1222/2930 772/1225/2931 774/1229/2932
f 741/1226/2933 742/1228/2934 774/1229/2935 773/1227/2936
f 731/1205/2937 743/1230/2938 775/1231/2939 764/1206/2940
f 744/1232/2941 738/1218/2942 770/1219/2943 776/1233/2944
f 743/1230/2945 745/1234/2946 777/1235/2947 775/1231/2948
f 745/1234/2949 746/1236/2950 778/1237/2951 777/1235/2952
f 746/1236/2953 744/1232/2954 776/1233/2955 778/1237/2956
f 763/1238/2957 764/1239/2958 780/1240/2959 779/1241/2960
f 765/1242/2961 763/1238/2962 779/1241/2963 781/1243/2964
f 766/1244/2965 765/1242/2966 781/1243/2967 782/1245/2968
f 768/1246/2969 767/1247/2970 783/1248/2971 784/1249/2972
f 769/1250/2973 768/1246/2974 784/1249/2975 785/1251/2976
f 770/1252/2977 769/1250/2978 785/1251/2979 786/1253/2980
f 767/1247/2981 771/1254/2982 787/1255/2983 783/1248/2984
f 772/1256/2985 766/1244/2986 782/1245/2987 788/1257/2988
f 771/1254/2989 773/1258/2990 789/1259/2991 787/1255/2992
f 774/1260/2993 772/1256/2994 788/1257/2995 790/1261/2996
f 773/1258/2997 774/1260/2998 790/1261/2999 789/1259/3000
f 764/1239/3001 775/1262/3002 791/1263/3003 780/1240/3004
f 776/1264/3005 770/1252/3006 786/1253/3007 792/1265/3008
f 775/1262/3009 777/1266/3010 793/1267/3011 791/1263/3012
f 777/1266/3013 778/1268/3014 794/1269/3015 793/1267/3016
f 778/1268/3017 776/1264/3018 792/1265/3019 794/1269/3020
f 781/1243/3021 779/1241/3022 796/1270/3023 795/1271/3024
f 779/1241/3025 780/1240/3026 797/1272/3027 796/1270/3028
f 780/1240/3029 791/1263/3030 798/1273/3031 797/1272/3032
f 782/1245/3033 781/1243/3034 795/1271/3035 799/1274/3036
f 788/1257/3037 782/1245/3038 799/1274/3039 800/1275/3040
f 784/1249/3041 783/1248/3042 802/1276/3043 801/1277/3044
f 783/1248/3045 787/1255/3046 803/1278/3047 802/1276/3048
f 785/1251/3049 784/1249/3050 801/1277/3051 804/1279/3052
f 786/1253/3053 785/1251/3054 804/1279/3055 805/1280/3056
f 792/1265/3057 786/1253/3058 805/1280/3059 806/1281/3060
f 787/1255/3061 789/1259/3062 807/1282/3063 803/1278/3064
f 790/1261/3065 788/1257/3066 800/1275/3067 808/1283/3068
f 789/1259/3069 790/1261/3070 808/1283/3071 807/1282/3072
f 791/1263/3073 793/1267/3074 809/1284/3075 798/1273/3076
f 794/1269/3077 792/1265/3078 806/1281/3079 810/1285/3080
f 793/1267/3081 794/1269/3082 810/1285/3083 809/1284/3084
f 795/1271/3085 796/1270/3086 812/1286/3087 811/1287/3088
f 796/1270/3089 797/1272/3090 813/1288/3091 812/1286/3092
f 797/1272/3093 798/1273/3094 814/1289/3095 813/1288/3096
f 799/1274/3097 795/1271/3098 811/1287/3099 815/1290/3100
f 800/1275/3101 799/1274/3102 815/1290/3103 816/1291/3104
f 801/1277/3105 802/1276/3106 818/1292/3107 817/1293/3108
f 802/1276/3109 803/1278/3110 819/1294/3111 818/1292/3112
f 804/1279/3113 801/1277/3114 817/1293/3115 820/1295/3116
f 805/1280/3117 804/1279/3118 820/1295/3119 821/1296/3120
f 806/1281/3121 805/1280/3122 821/1296/3123 822/1297/3124
f 803/1278/3125 807/1282/3126 823/1298/3127 819/1294/3128
f 808/1283/3129 800/1275/3130 816/1291/3131 824/1299/3132
f 807/1282/3133 808/1283/3134 824/1299/3135 823/1298/3136
f 798/1273/3137 809/1284/3138 825/1300/3139 814/1289/3140
f 810/1285/3141 806/1281/3142 822/1297/3143 826/1301/3144
f 809/1284/3145 810/1285/3146 826/1301/3147 825/1300/3148
f 811/1287/3149 812/1286/3150 828/1302/3151 827/1303/3152
f 812/1286/3153 813/1288/3154 829/1304/3155 828/1302/3156
f 813/1288/3157 814/1289/3158 830/1305/3159 829/1304/3160
f 815/1290/3161 811/1287/3162 827/1303/3163 831/1306/3164
f 816/1291/3165 815/1290/3166 831/1306/3167 832/1307/3168
f 817/1293/3169 818/1292/3170 834/1308/3171 833/1309/3172
f 818/1292/3173 819/1294/3174 835/1310/3175 834/1308/3176
f 820/1295/3177 817/1293/3178 833/1309/3179 836/1311/3180
f 821/1296/3181 820/1295/3182 836/1311/3183 837/1312/3184
f 822/1297/3185 821/1296/3186 837/1312/3187 838/1313/3188
f 819/1294/3189 823/1298/3190 839/1314/3191 835/1310/3192
f 824/1299/3193 816/1291/3194 832/1307/3195 840/1315/3196
f 823/1298/3197 824/1299/3198 840/1315/3199 839/1314/3200
f 814/1289/3201 825/1300/3202 841/1316/3203 830/1305/3204
f 826/1301/3205 822/1297/3206 838/1313/3207 842/1317/3208
f 825/1300/3209 826/1301/3210 842/1317/3211 841/1316/3212
f 827/1303/3213 828/1302/3214 844/1318/3215 843/1319/3216
f 828/1302/3217 829/1304/3218 845/1320/3219 844/1318/3220
f 829/1304/3221 830/1305/3222 846/1321/3223 845/1320/3224
f 831/1306/3225 827/1303/3226 843/1319/3227 847/1322/3228
f 832/1307/3229 831/1306/3230 847/1322/3231 848/1323/3232
f 833/1309/3233 834/1308/3234 850/1324/3235 849/1325/3236
f 834/1308/3237 835/1310/3238 851/1326/3239 850/1324/3240
f 836/1311/3241 833/1309/3242 849/1325/3243 852/1327/3244
f 837/1312/3245 836/1311/3246 852/1327/3247 853/1328/3248
f 838/1313/3249 837/1312/3250 853/1328/3251 854/1329/3252
f 835/1310/3253 839/1314/3254 855/1330/3255 851/1326/3256
f 840/1315/3257 832/1307/3258 848/1323/3259 856/1331/3260
f 839/1314/3261 840/1315/3262 856/1331/3263 855/1330/3264
f 830/1305/3265 841/1316/3266 857/1332/3267 846/1321/3268
f 842/1317/3269 838/1313/3270 854/1329/3271 858/1333/3272
f 841/1316/3273 842/1317/3274 858/1333/3275 857/1332/3276
f 855/1330/3277 849/1325/3278 850/1324/3279 851/1326/3280
f 848/1323/3281 853/1328/3282 852/1327/3283 856/1331/3284
f 856/1331/3285 852/1327/3286 849/1325/3287 855/1330/3288
f 843/1319/3289 858/1333/3290 854/1329/3291 847/1322/3292
f 847/1322/3293 854/1329/3294 853/1328/3295 848/1323/3296
f 844/1318/3297 845/1320/3298 846/1321/3299 857/1332/3300
f 844/1318/3301 857/1332/3302 858/1333/3303 843/1319/3304
usemtl paper_boxSG
f 877/1334/3305 878/1335/3306 883/1336/3307 884/1337/3308
f 883/1336/3309 878/1335/3310 879/1338/3311 882/1339/3312
f 882/1339/3313 879/1338/3314 880/1340/3315 881/1341/3316
f 860/1342/3317 861/1343/3318 868/1344/3319 867/1345/3320
f 861/1343/3321 862/1346/3322 869/1347/3323 868/1344/3324
f 862/1346/3325 863/1348/3326 870/1349/3327 869/1347/3328
f 863/1348/3329 864/1350/3330 871/1351/3331 870/1349/3332
f 864/1350/3333 865/1352/3334 872/1353/3335 871/1351/3336
f 873/1354/3337 859/1355/3338 866/1356/3339 874/1357/3340
f 872/1353/3341 865/1352/3342 875/1358/3343 876/1359/3344
f 865/1360/3345 859/1361/3346 873/1362/3347 875/1363/3348
f 866/1364/3349 872/1365/3350 876/1366/3351 874/1367/3352
f 860/1368/3353 859/1361/3354 865/1360/3355
f 861/1369/3356 860/1368/3357 865/1360/3358
f 862/1370/3359 861/1369/3360 865/1360/3361
f 863/1371/3362 862/1370/3363 865/1360/3364
f 864/1372/3365 863/1371/3366 865/1360/3367
f 866/1364/3368 867/1373/3369 868/1374/3370 869/1375/3371
f 859/1361/3372 878/1376/3373 877/1377/3374
f 859/1361/3375 879/1378/3376 878/1376/3377
f 859/1361/3378 860/1368/3379 880/1379/3380 879/1378/3381
f 860/1342/3382 867/1345/3383 881/1341/3384 880/1340/3385
f 867/1373/3386 882/1380/3387 881/1381/3388
f 867/1373/3389 866/1364/3390 883/1382/3391 882/1380/3392
f 866/1364/3393 884/1383/3394 883/1382/3395
f 884/1384/3396 866/1385/3397 859/1386/3398 877/1387/3399
f 866/1364/3400 870/1388/3401 871/1389/3402 872/1365/3403
f 866/1364/3404 869/1375/3405 870/1388/3406
f 887/1390/3407 885/1391/3408 886/1392/3409 888/1393/3410
f 890/1394/3411 889/1395/3412 887/1396/3413 888/1397/3414
f 885/1398/3415 891/1399/3416 892/1400/3417 886/1401/3418
f 886/1402/3419 892/1403/3420 890/1404/3421 888/1405/3422
f 889/1406/3423 891/1407/3424 885/1408/3425 887/1409/3426
f 911/1410/3427 912/1411/3428 917/1412/3429 918/1413/3430
f 917/1412/3431 912/1411/3432 913/1414/3433 916/1415/3434
f 916/1415/3435 913/1414/3436 914/1416/3437 915/1417/3438
f 894/1418/3439 895/1419/3440 902/1420/3441 901/1421/3442
f 895/1419/3443 896/1422/3444 903/1423/3445 902/1420/3446
f 896/1422/3447 897/1424/3448 904/1425/3449 903/1423/3450
f 897/1424/3451 898/1426/3452 905/1427/3453 904/1425/3454
f 898/1426/3455 899/1428/3456 906/1429/3457 905/1427/3458
f 907/1430/3459 893/1431/3460 900/1432/3461 908/1433/3462
f 906/1429/3463 899/1428/3464 909/1434/3465 910/1435/3466
f 899/1436/3467 893/1437/3468 907/1438/3469 909/1439/3470
f 900/1440/3471 906/1441/3472 910/1442/3473 908/1443/3474
f 894/1444/3475 893/1437/3476 899/1436/3477
f 895/1445/3478 894/1444/3479 899/1436/3480
f 896/1446/3481 895/1445/3482 899/1436/3483
f 897/1447/3484 896/1446/3485 899/1436/3486
f 898/1448/3487 897/1447/3488 899/1436/3489
f 900/1440/3490 901/1449/3491 902/1450/3492 903/1451/3493
f 893/1437/3494 912/1452/3495 911/1453/3496
f 893/1437/3497 913/1454/3498 912/1452/3499
f 893/1437/3500 894/1444/3501 914/1455/3502 913/1454/3503
f 894/1418/3504 901/1421/3505 915/1417/3506 914/1416/3507
f 901/1449/3508 916/1456/3509 915/1457/3510
f 901/1449/3511 900/1440/3512 917/1458/3513 916/1456/3514
f 900/1440/3515 918/1459/3516 917/1458/3517
f 918/1460/3518 900/1461/3519 893/1462/3520 911/1463/3521
f 900/1440/3522 904/1464/3523 905/1465/3524 906/1441/3525
f 900/1440/3526 903/1451/3527 904/1464/3528
f 921/1466/3529 919/1467/3530 920/1468/3531 922/1469/3532
f 924/1470/3533 923/1471/3534 921/1472/3535 922/1473/3536
f 919/1474/3537 925/1475/3538 926/1476/3539 920/1477/3540
f 920/1478/3541 926/1479/3542 924/1480/3543 922/1481/3544
f 923/1482/3545 925/1483/3546 919/1484/3547 921/1485/3548
f 927/1486/3549 239/1487/3550 261/1490/3551
f 928/1507/3552 927/1486/3553 261/1490/3554 262/1491/3555 932/1508/3556 931/1488/3557
f 931/1488/3558 259/307/3559 248/1489/3560 928/1507/3561
f 932/1508/3562 262/1491/3563 240/1492/3564
f 927/1503/3565 928/1495/3566 930/1504/3567 929/1494/3568
f 931/1505/3569 932/1500/3570 934/1506/3571 933/1499/3572
