# Blender 3.4.1
# www.blender.org
mtllib hanhd_dryer.mtl
o defaultMaterial
v -10.651794 1.527611 -21.312906
v -11.646395 2.892713 -20.768406
v -11.811695 2.762213 -21.803507
v -11.487194 1.515512 -21.966806
v -11.487194 1.515512 -21.966806
v -11.811695 2.762213 -21.803507
v -12.096494 2.549112 -22.886608
v -11.885294 1.371513 -22.893507
v -11.326094 0.852913 -22.439707
v -11.487194 1.515512 -21.966806
v -11.885294 1.371513 -22.893507
v -11.709394 0.869411 -22.968008
v -10.424294 0.834711 -21.982706
v -10.651794 1.527611 -21.312906
v -14.140903 25.396116 27.917503
v -13.217704 27.959518 28.630001
v -13.166604 29.658619 27.893002
v -14.234903 27.180317 27.196903
v -14.234903 27.180317 27.196903
v -13.166604 29.658619 27.893002
v -13.365104 30.630020 23.681301
v -14.453003 28.167118 23.308102
v -15.037303 23.167816 23.835402
v -14.140903 25.396116 27.917503
v -14.234903 27.180317 27.196903
v -15.068003 25.134016 23.325602
v -1.051502 36.071617 4.512099
v -7.943002 35.160320 4.516499
v -7.932602 35.079620 14.299401
v -1.119103 35.995018 14.203802
v -7.889304 34.687317 23.632303
v -1.323004 35.599621 23.155603
v 5.229598 35.851322 13.902503
v 3.850196 35.630520 21.250103
v 5.585198 35.923622 4.496600
v -15.248696 21.381115 -22.982609
v -15.315797 19.914015 -20.504608
v -15.534797 22.998316 -20.284809
v -15.438396 23.753815 -22.701809
v -15.326398 25.731617 -20.061108
v -15.269697 25.985416 -22.476509
v -15.070897 25.082916 -24.401810
v -15.080197 26.344517 -24.022509
v -14.890397 23.127615 -24.584709
v 0.975106 0.507113 -20.527706
v -5.291794 0.552511 -20.935106
v -5.300094 0.506811 -23.081507
v 0.622906 0.586811 -22.813007
v -5.684294 0.885113 -24.609507
v 0.111406 0.974012 -24.404707
v 5.893906 1.045115 -22.470304
v 4.616906 1.178513 -23.887505
v 6.331206 0.964413 -20.138704
v 0.979903 0.470911 5.740600
v -4.804398 0.366510 6.811500
v -4.653797 0.438911 1.434298
v 1.135803 0.479212 0.291499
v -5.008797 0.706512 -1.457202
v 1.145803 0.518513 -2.392102
v 6.394403 0.944914 -0.513401
v 6.413703 0.947115 -3.010302
v 6.311802 0.956913 4.916400
v -14.619700 28.418818 4.516698
v -13.498501 31.048019 4.517398
v -13.501201 31.051517 -0.923003
v -14.620299 28.403618 -0.912003
v -13.501100 31.051218 -3.321304
v -14.619300 28.397417 -3.306204
v -15.335500 25.662716 -0.846204
v -14.620299 28.403618 -0.912003
v -14.619300 28.397417 -3.306204
v -15.333600 25.622517 -3.221205
v -15.332001 25.773817 4.529898
v -14.619700 28.418818 4.516698
v -14.618598 28.412018 -19.959509
v -13.497499 31.047218 -19.940807
v -13.470899 30.979519 -22.459608
v -14.589498 28.398918 -22.458109
v -13.381798 30.637817 -24.424408
v -14.477897 28.137817 -24.356110
v -14.589498 28.398918 -22.458109
v -14.477897 28.137817 -24.356110
v -14.618598 28.412018 -19.959509
v 8.204698 33.278622 14.180403
v 9.095699 33.325020 4.508501
v 8.384499 35.016220 4.499900
v 7.662697 34.881424 14.077903
v 7.662697 34.881424 14.077903
v 8.384499 35.016220 4.499900
v 4.588496 34.753319 22.596905
v 4.842696 33.193718 22.989105
v 4.588496 34.753319 22.596905
v -15.570599 20.085215 0.205597
v -15.601100 20.594015 5.361298
v -15.598000 23.164616 4.703197
v -15.596700 22.851015 -0.598603
v -15.578299 22.720716 -2.975504
v -15.469099 19.587416 -2.377104
v -0.971198 32.776520 -25.196606
v -7.840198 31.884720 -25.463108
v -7.906298 34.055618 -25.099506
v -1.110198 34.952522 -24.908808
v -1.110198 34.952522 -24.908808
v -7.906298 34.055618 -25.099506
v -7.913198 34.766518 -24.291906
v -1.318198 35.671520 -24.242908
v 5.125102 35.030022 -23.944206
v 3.900102 35.714821 -23.824207
v 5.503502 33.092121 -24.086605
v 5.125102 35.030022 -23.944206
v -13.500900 31.051117 -5.252904
v -13.500900 31.051117 -7.281405
v -14.618699 28.395618 -7.277306
v -14.618800 28.395817 -5.241905
v -14.618800 28.395817 -5.241905
v -14.618699 28.395618 -7.277306
v -15.334199 25.618916 -7.255105
v -15.333199 25.617218 -5.182405
v -7.932899 35.081020 -22.430407
v -1.118998 35.993820 -22.426605
v -7.942598 35.159119 -19.937006
v -1.051499 36.070320 -19.937906
v 5.230402 35.851921 -22.340303
v 5.584001 35.920223 -19.932005
v -8.348398 0.364311 7.855299
v -10.075298 0.376612 8.683100
v -10.022597 0.536312 3.822698
v -8.205498 0.503012 2.754398
v -9.846697 1.024912 1.737398
v -8.139797 0.932013 0.504998
v 9.221806 3.483014 -17.618105
v 9.226005 3.482515 -15.511502
v 8.621505 1.888614 -15.533203
v 8.616904 1.892014 -17.648003
v 8.616904 1.892014 -17.648003
v 8.621505 1.888614 -15.533203
v 6.428005 0.946215 -15.652305
v 6.415606 0.947615 -17.818104
v 8.543805 1.922814 -19.942305
v 9.129906 3.491115 -19.921404
v 8.543805 1.922814 -19.942305
v 8.325703 33.205223 -22.221605
v 7.735302 34.930824 -22.185505
v 7.735302 34.930824 -22.185505
v 8.376101 35.009823 -19.902504
v 9.088303 33.295620 -19.914204
v 8.325703 33.205223 -22.221605
v 7.735302 34.930824 -22.185505
v 8.376101 35.009823 -19.902504
v -6.309695 0.981812 -16.337206
v -3.803995 0.647713 -16.167006
v -3.791895 0.676012 -13.781404
v -6.273595 1.024313 -13.881104
v -3.790395 0.683912 -11.394204
v -6.255296 1.038113 -11.394204
v -7.194995 1.136713 -14.111905
v -6.273595 1.024313 -13.881104
v -6.255296 1.038113 -11.394204
v -7.087695 1.141312 -11.393905
v -7.390995 1.145412 -16.666506
v -6.309695 0.981812 -16.337206
v 5.730103 16.826218 -24.137405
v 5.807205 10.791716 -24.139805
v -0.186295 10.555815 -25.246107
v -0.409896 16.248917 -25.246107
v -6.511395 10.208414 -25.521708
v -6.893395 15.609515 -25.521708
v -0.644796 22.557417 -25.246006
v -7.294996 21.672516 -25.521708
v 5.649003 23.347319 -24.135305
v -15.586799 22.805216 -15.602406
v -15.334497 25.619917 -15.544406
v -15.333598 25.635918 -17.707607
v -15.569897 22.817816 -17.851309
v -15.474997 20.274815 -17.883907
v -15.545796 20.413616 -15.642306
v -11.643398 30.164619 -25.487408
v -13.218997 27.862118 -25.475409
v -13.312197 29.762417 -25.218111
v -11.658498 32.201721 -25.135607
v -11.658498 32.201721 -25.135607
v -13.312197 29.762417 -25.218111
v -11.628698 32.975918 -24.328806
v -7.944799 35.167717 -17.617006
v -7.944899 35.168121 -15.510505
v -1.048299 36.079121 -15.510505
v -1.048299 36.078819 -17.617105
v 5.606201 35.934525 -15.510504
v 5.606001 35.933823 -17.617004
v -1.170504 33.068321 27.369005
v 4.842696 33.193718 22.989105
v 4.588496 34.753319 22.596905
v -1.234904 34.544518 26.679205
v -1.234904 34.544518 26.679205
v -7.825104 33.714920 27.611206
v -7.859204 32.316319 28.537605
v -7.825104 33.714920 27.611206
v -10.953696 20.831717 -25.548510
v -12.431497 19.760216 -25.527109
v -12.900097 24.464817 -25.522011
v -11.368497 26.168417 -25.545607
v -7.620997 27.463318 -25.519110
v -14.577599 13.873114 0.158897
v -14.978498 14.295514 1.486097
v -15.305499 17.063114 -0.133503
v -15.054099 16.246115 -1.380304
v -15.304499 17.773914 -3.339005
v -15.179698 15.352514 -2.397104
v -15.054099 16.246115 -1.380304
v -15.304499 17.773914 -3.339005
v -15.599898 16.621914 -3.999905
v -14.547898 13.381813 -1.070204
v -14.577599 13.873114 0.158897
v 8.445403 23.845718 -22.270304
v 5.582403 29.037621 -24.130806
v 8.427302 29.403622 -22.262104
v 9.216002 29.582722 -19.923204
v 8.427302 29.403622 -22.262104
v 9.224403 24.087420 -19.924204
v 8.445403 23.845718 -22.270304
v 8.447201 35.047020 -15.510503
v 8.444001 35.044220 -17.615305
v 8.444001 35.044220 -17.615305
v 8.447201 35.047020 -15.510503
v 9.191601 33.333523 -15.510503
v 9.187201 33.328823 -17.616304
v -15.219099 14.555014 3.375097
v -15.296000 14.887214 7.990998
v -15.529099 17.987114 6.685898
v -15.474399 17.500414 1.843097
v 8.346698 24.190819 14.214104
v 9.233100 24.192419 4.512401
v 9.224600 29.659620 4.512200
v 8.322899 29.655220 14.211403
v 4.963697 29.634621 23.075905
v 5.038298 24.177118 23.092606
v -0.837003 24.073217 27.529404
v 5.038298 24.177118 23.092606
v 4.963697 29.634621 23.075905
v -1.022604 29.508820 27.518806
v -7.683504 28.786320 28.754906
v -7.390203 23.480618 28.767605
v -14.288296 15.451214 -23.685308
v -14.244996 14.585114 -22.397909
v -14.852096 17.464115 -21.786709
v -14.849696 18.754015 -23.396109
v -14.524496 20.379515 -24.712111
v -13.990996 16.667814 -24.810108
v -13.790803 18.345116 28.001305
v -12.851502 20.235716 28.771503
v -13.134903 24.810516 28.761404
v -14.049803 22.473415 27.980501
v -14.945302 20.424116 24.141302
v -14.049803 22.473415 27.980501
v -14.688401 16.712614 24.418802
v -13.790803 18.345116 28.001305
v -11.013800 0.873312 24.445604
v -10.350200 0.864912 24.615303
v -10.495501 1.781312 27.965206
v -11.128799 1.660212 27.431705
v -11.128799 1.660212 27.431705
v -10.495501 1.781312 27.965206
v -10.712101 3.003013 28.668306
v -11.412001 2.788212 28.044405
v -11.718599 1.395012 24.473204
v -11.128799 1.660212 27.431705
v -11.412001 2.788212 28.044405
v -12.088699 2.559011 24.752903
v -11.443500 0.987112 23.779203
v -11.718599 1.395012 24.473204
v -11.715394 0.772013 -23.834408
v -11.963095 1.302011 -24.011908
v -11.963095 1.302011 -24.011908
v -12.187094 2.468612 -24.067108
v -11.737294 1.354612 -24.876707
v -11.946095 2.535512 -24.969908
v -11.610794 0.866713 -24.614908
v -11.737294 1.354612 -24.876707
v -0.835497 28.406118 -25.243509
v 5.875601 1.048914 14.183803
v 8.544102 1.922114 4.568800
v 7.860101 2.049813 14.141004
v 7.860101 2.049813 14.141004
v 8.544102 1.922114 4.568800
v 9.136601 3.490614 4.513000
v 8.324700 3.529914 14.196803
v 5.071000 2.177214 22.706305
v 5.240400 3.593114 23.081905
v 4.547601 1.296114 21.394804
v 5.071000 2.177214 22.706305
v -11.651398 0.779812 4.907498
v -11.708398 0.695812 9.433399
v -12.084998 1.267311 9.521999
v -11.964897 1.325312 4.983098
v -11.964897 1.325312 4.983098
v -12.084998 1.267311 9.521999
v -12.503198 2.433413 9.421999
v -12.343898 2.503111 4.884798
v -11.596998 1.521412 3.036398
v -11.883198 2.747812 2.832198
v -11.473898 0.963913 3.304698
v -11.596998 1.521412 3.036398
v 5.592106 1.875814 -23.991804
v 7.940006 1.993213 -22.245806
v 7.940006 1.993213 -22.245806
v 5.592106 1.875814 -23.991804
v 5.867706 3.486314 -24.107706
v 8.421906 3.513915 -22.261705
v 7.940006 1.993213 -22.245806
v 8.421906 3.513915 -22.261705
v -9.679296 2.007611 0.485997
v -10.939097 0.991512 2.651498
v -10.813997 1.853611 1.742998
v -11.024597 3.229711 1.204197
v -10.813997 1.853611 1.742998
v -10.397497 3.499812 -0.736803
v -9.679296 2.007611 0.485997
v -10.813997 1.853611 1.742998
v -11.024597 3.229711 1.204197
v -9.048094 0.840912 -24.654007
v -10.432094 0.808212 -24.679607
v -10.513893 1.520712 -25.301107
v -9.232494 1.622412 -25.308308
v -9.232494 1.622412 -25.308308
v -10.513893 1.520712 -25.301107
v -10.662395 2.947012 -25.501808
v -9.385195 3.189112 -25.518108
v -5.923594 1.709311 -25.274408
v -6.059894 3.370112 -25.489908
v -5.923594 1.709311 -25.274408
v 5.861905 6.360314 -24.139704
v -0.025394 6.302413 -25.244907
v 0.072406 3.454914 -25.213507
v -6.235994 6.137414 -25.520409
v 9.325404 11.022017 -17.616903
v 9.329304 11.026217 -15.510503
v 9.324405 6.399816 -15.510503
v 9.320604 6.399216 -17.616903
v 9.225306 6.395715 -19.925505
v 9.228703 10.997716 -19.925406
v 0.084200 1.054613 23.459204
v -0.092400 2.138713 26.771503
v -0.092400 2.138713 26.771503
v 5.071000 2.177214 22.706305
v 5.240400 3.593114 23.081905
v -0.142701 3.564114 27.425205
v -5.955700 1.989612 27.843803
v -6.099300 3.422813 28.628504
v -5.686200 0.943111 24.206104
v -5.955700 1.989612 27.843803
v -15.598897 18.883715 -15.632806
v -15.442897 18.520615 -17.563307
v -15.195097 17.809614 -19.338709
v -15.870996 17.391514 -17.304607
v -15.442897 18.520615 -17.563307
v -15.195097 17.809614 -19.338709
v -15.541197 16.607214 -18.747007
v -16.104197 17.910215 -15.629707
v -15.598897 18.883715 -15.632806
v 9.329303 17.445217 -15.510503
v 9.325304 17.433718 -17.616903
v 9.226604 17.368917 -19.924805
v 9.325201 24.176020 -17.616903
v 9.329302 24.191818 -15.510503
v 0.093506 1.784613 -25.011808
v 0.093506 1.784613 -25.011808
v -12.346102 14.609814 28.775604
v -13.270202 13.277714 28.023802
v -13.270202 13.277714 28.023802
v -14.148001 12.154613 24.557302
v -12.582201 8.450813 28.052301
v -13.405001 7.787012 24.619402
v -11.729502 9.257713 28.777905
v -12.582201 8.450813 28.052301
v -13.467995 10.908113 -22.610909
v -13.592095 11.361513 -23.815208
v -13.330296 12.113014 -24.864910
v -12.934794 7.377013 -23.886909
v -12.699594 7.748813 -24.903109
v -12.764295 7.237712 -22.676409
v -0.383401 10.969515 27.537104
v 5.207999 11.013915 23.127304
v 5.124498 17.431816 23.110907
v -0.606702 17.357716 27.533003
v -7.001302 16.935015 28.768007
v -6.607202 10.707314 28.768703
v 9.235400 17.445717 4.512500
v 8.368799 17.444117 14.215405
v 5.124498 17.431816 23.110907
v 8.389900 11.024817 14.216604
v 5.207999 11.013915 23.127304
v 9.237501 11.026417 4.512500
v -13.787898 7.221912 4.368798
v -13.945699 7.247013 8.863700
v -14.742899 11.040513 8.621200
v -14.623899 10.877113 4.106497
v -14.273598 10.769913 2.244497
v -13.345898 7.258713 2.501497
v 8.462304 17.191717 -22.276405
v 8.462304 17.191717 -22.276405
v 8.478605 10.930616 -22.282404
v 8.478605 10.930616 -22.282404
v -12.647498 7.404713 1.102297
v -13.706898 10.634913 0.899997
v -13.652098 10.684414 -0.387503
v -13.706898 10.634913 0.899997
v -12.662798 7.964013 -0.217103
v -12.647498 7.404713 1.102297
v -11.855896 14.259814 -25.528908
v -10.443396 15.015115 -25.548607
v -9.957994 9.739014 -25.548708
v -11.308096 9.122813 -25.529907
v 9.329301 24.192520 -5.253402
v 9.329301 24.192520 -3.322001
v 9.329301 17.445818 -3.322001
v 9.329302 17.445818 -5.253402
v 9.329302 11.026417 -3.322001
v 9.329302 11.026417 -5.253402
v 9.329302 17.445818 -7.281503
v 9.329303 11.026417 -7.281503
v 9.329301 24.192520 -7.281503
v 1.335405 0.520512 -15.908204
v 1.272505 0.509712 -18.182106
v -4.010695 0.596212 -18.536606
v 6.425704 0.947315 -5.035502
v 1.299404 0.527912 -4.632703
v -3.962596 0.698711 -4.205503
v 1.336804 0.528912 -6.881503
v -3.798696 0.690113 -6.620504
v 6.428404 0.946714 -7.139102
v 6.428604 0.946613 -9.266004
v 1.340205 0.528812 -9.137703
v -3.790896 0.685911 -9.007403
v 1.340304 0.528513 -11.394203
v 6.428605 0.946613 -11.394203
v 6.428605 0.946514 -13.522304
v 1.339905 0.526812 -13.650704
v 9.329303 11.026417 -9.337202
v 9.329302 17.445818 -9.337202
v 9.329303 11.026417 -11.394202
v 9.329302 17.445818 -11.394202
v 9.329301 24.192520 -9.337202
v 9.329302 24.192520 -11.394202
v 9.329304 11.026417 -13.451202
v 9.329303 17.445818 -13.451202
v 9.329302 24.192520 -13.451202
v -15.501799 20.231316 -4.996605
v -15.463198 18.516914 -5.285105
v -15.545498 20.409615 -7.179205
v -15.595198 18.878016 -7.190905
v -15.878899 17.399214 -5.543205
v -15.463198 18.516914 -5.285105
v -15.595198 18.878016 -7.190905
v -16.097099 17.903715 -7.188805
v -15.585698 20.495716 -9.291604
v -15.694398 19.120316 -9.234605
v -15.602899 20.531715 -11.392305
v -15.733698 19.222315 -11.387805
v -16.263199 18.270714 -9.172205
v -15.694398 19.120316 -9.234605
v -15.733698 19.222315 -11.387805
v -16.331596 18.421814 -11.383506
v -15.587798 20.497915 -13.499805
v -15.698897 19.126314 -13.553606
v -16.269596 18.278715 -13.609006
v -15.698897 19.126314 -13.553606
v 9.324404 6.399816 -3.322001
v 9.324404 6.399816 -5.253402
v 9.225802 3.482515 -3.319801
v 9.226003 3.482515 -5.251802
v 9.324404 6.399816 -7.281503
v 9.226004 3.482515 -7.280503
v 9.324405 6.399816 -9.337202
v 9.226004 3.482515 -9.336601
v 9.324405 6.399816 -11.394202
v 9.226004 3.482515 -11.394202
v 9.324405 6.399816 -13.451202
v 9.226004 3.482515 -13.451703
v 5.606199 35.934624 -5.253402
v 5.606199 35.934624 -3.322002
v 8.447299 35.047020 -3.322002
v 8.447299 35.047020 -5.253402
v 8.447299 35.047020 -5.253402
v 8.447299 35.047020 -3.322002
v 9.191699 33.333721 -3.322001
v 9.191700 33.333721 -5.253402
v 8.447300 35.047020 -7.281503
v 9.191700 33.333721 -7.281503
v 5.606200 35.934624 -7.281503
v 8.447300 35.047020 -7.281503
v 5.606200 35.934624 -9.337203
v 8.447300 35.047020 -9.337202
v 8.447300 35.047020 -9.337202
v 9.191700 33.333721 -9.337202
v 8.447300 35.047020 -11.394202
v 9.191700 33.333721 -11.394202
v 5.606200 35.934624 -11.394203
v 8.447300 35.047020 -11.394202
v 5.606200 35.934624 -13.451203
v 8.447300 35.047020 -13.451202
v 8.447300 35.047020 -13.451202
v 9.191701 33.333721 -13.451202
v -7.944901 35.168121 -5.253404
v -7.944901 35.168121 -3.322004
v -1.048301 36.079121 -3.322003
v -1.048301 36.079121 -5.253403
v -1.048300 36.079121 -7.281504
v -7.944900 35.168121 -7.281505
v -7.944900 35.168121 -9.337204
v -1.048300 36.079121 -9.337204
v -1.048300 36.079121 -11.394204
v -7.944900 35.168121 -11.394204
v -7.944900 35.168121 -13.451204
v -1.048300 36.079121 -13.451204
v -15.578199 22.775517 -5.060005
v -15.586999 22.802916 -7.209805
v -15.335399 25.619617 -9.332705
v -15.596198 22.816416 -9.321105
v -15.335898 25.619917 -11.394205
v -15.600198 22.822117 -11.394006
v -15.335498 25.619717 -13.456806
v -15.596698 22.816816 -13.470305
v 8.620303 1.889314 -3.272702
v 8.621404 1.888614 -5.218602
v 8.621404 1.888614 -5.218602
v 8.620303 1.889314 -3.272702
v 8.621705 1.888413 -7.258702
v 8.621705 1.888413 -7.258702
v 8.621705 1.888314 -9.325703
v 8.621705 1.888314 -9.325703
v 8.621705 1.888314 -11.394202
v 8.621705 1.888314 -11.394202
v 8.621706 1.888413 -13.462603
v 8.621706 1.888413 -13.462603
v -13.500998 31.051218 -17.617807
v -14.619898 28.398817 -17.631908
v -14.619898 28.398817 -17.631908
v -14.618897 28.395817 -15.515906
v -13.500899 31.051117 -15.510807
v -14.618897 28.395817 -15.515906
v -13.500899 31.051117 -13.451306
v -14.618799 28.395618 -13.452005
v -14.618799 28.395618 -13.452005
v -14.618799 28.395618 -11.394205
v -13.500899 31.051117 -11.394205
v -14.618799 28.395618 -11.394205
v -13.500900 31.051117 -9.337105
v -14.618799 28.395618 -9.336505
v -14.618799 28.395618 -9.336505
v -10.913395 5.372412 -25.529808
v -9.608094 5.810712 -25.547508
v 8.486805 6.385916 -22.284805
v 8.486805 6.385916 -22.284805
v -11.594704 32.889420 23.695503
v -11.684303 33.297920 14.305400
v -11.710801 33.371819 4.516598
v -13.473202 30.981218 14.305701
v 9.234101 6.400116 4.512401
v 8.400501 6.401015 14.216304
v 5.264601 6.396914 23.136806
v 5.264601 6.396914 23.136806
v -0.220801 6.371714 27.534706
v -6.300101 6.220213 28.762403
v -12.342896 4.443512 -22.793808
v -12.477394 4.412811 -23.994608
v -12.244294 4.569512 -24.949808
v -11.154701 5.402312 28.778107
v -11.917801 4.967412 28.094604
v -12.666500 4.602912 24.700502
v -11.917801 4.967412 28.094604
v 9.322601 29.660120 -11.394202
v 9.322601 29.660120 -13.451202
v 9.322601 29.659620 -15.510503
v 9.322600 29.660120 -7.281503
v 9.322601 29.660120 -9.337202
v 9.322600 29.660120 -3.322001
v 9.322600 29.660120 -5.253402
v 9.318402 29.648121 -17.616804
v -14.760097 16.298815 -20.699108
v -14.103296 13.921314 -21.523607
v -15.022996 15.348614 -20.021908
v -14.760097 16.298815 -20.699108
v -14.103296 13.921314 -21.523607
v -14.298296 13.410213 -20.878508
v -19.120796 14.963714 -17.064507
v -18.513695 14.168814 -18.211609
v -20.675497 12.198513 -17.916908
v -21.426796 12.940713 -16.755907
v -22.682095 9.202012 -17.600908
v -23.542294 9.812112 -16.366608
v -22.024796 13.493612 -15.231306
v -24.183598 10.269712 -14.866809
v -19.624496 15.556614 -15.527508
v -19.984898 15.990714 -13.563607
v -22.424498 13.877313 -13.385906
v -24.585197 10.567911 -13.171707
v -22.567097 14.021113 -11.377106
v -24.723297 10.675212 -11.376907
v -20.119198 16.157413 -11.379106
v -16.463997 10.672513 -2.831904
v -17.163298 11.789313 -3.174905
v -18.922897 10.058912 -3.588405
v -17.875898 9.255013 -3.244304
v -20.485598 7.451612 -3.672105
v -18.978197 6.777712 -3.221304
v -16.204197 8.369112 -2.729304
v -16.739498 6.072612 -2.706704
v -15.670898 9.600913 -2.540904
v -17.853798 13.009613 -3.755105
v -18.522297 14.135613 -4.629705
v -20.687996 12.135813 -4.913705
v -19.841599 11.091213 -4.098705
v -22.699497 9.132212 -5.211706
v -21.688597 8.287012 -4.301605
v -17.873299 17.499214 -11.381906
v -19.980598 15.982414 -9.203606
v -17.761097 17.321613 -9.146906
v -19.617498 15.545214 -7.270106
v -17.482597 16.889214 -7.181905
v -17.761097 17.321613 -9.146906
v -17.482597 16.889214 -7.181905
v -17.873299 17.499214 -11.381906
v -16.417095 10.845513 -19.761408
v -15.734996 9.701313 -19.883808
v -16.373196 8.419312 -19.794708
v -17.825397 9.477813 -19.515709
v -16.995697 6.056911 -19.911808
v -18.924294 6.990512 -19.594809
v -18.844296 10.304613 -19.233007
v -20.377195 7.709512 -19.180908
v -17.102497 11.954014 -19.539808
v -11.757998 5.794413 -0.309103
v -14.043298 9.014914 -1.602803
v -13.695697 7.192013 -1.674304
v -13.695697 7.192013 -1.674304
v -14.043298 9.014914 -1.602803
v -13.584497 5.092812 -1.886204
v -13.584497 5.092812 -1.886204
v -17.819195 13.108713 -19.044508
v -19.794598 11.254513 -18.734707
v -21.620096 8.464212 -18.535707
v -13.243996 10.645914 -21.755209
v -12.511195 7.296312 -21.729408
v -13.454395 10.715714 -21.160707
v -13.243996 10.645914 -21.755209
v -12.511195 7.296312 -21.729408
v -12.800995 7.875612 -21.110809
v -25.787796 5.611411 -8.167107
v -26.880295 0.530411 -8.371706
v -26.267494 0.506910 -6.948007
v -25.140596 5.335111 -6.711706
v -25.411697 0.474009 -5.636206
v -24.263096 4.948010 -5.442206
v -23.538097 9.796912 -6.423406
v -24.178997 10.266712 -7.904207
v -26.318298 5.838311 -11.379007
v -27.376194 0.549610 -11.382307
v -27.249895 0.544710 -9.860407
v -26.183397 5.780511 -9.741206
v -24.583298 10.566912 -9.585707
v -25.796896 5.611810 -14.602308
v -26.895596 0.530411 -14.402908
v -27.258894 0.544609 -12.906608
v -26.188095 5.779910 -13.018908
v -24.237095 4.993110 -17.375208
v -25.372595 0.477610 -17.202808
v -26.276196 0.507511 -15.842508
v -25.147495 5.344010 -16.072407
v -21.600595 4.155211 -19.310808
v -22.540596 0.406610 -19.499908
v -24.143795 0.442911 -18.447708
v -23.060396 4.583411 -18.464607
v -17.520596 3.163510 -20.188108
v -17.952494 0.324810 -20.485607
v -20.500996 0.369810 -20.240808
v -19.805796 3.717611 -19.889507
v -14.980994 0.287310 -19.961908
v -14.707495 2.436213 -20.159109
v -14.445496 4.689112 -20.257309
v -11.780094 1.768210 -19.801607
v -14.707495 2.436213 -20.159109
v -14.445496 4.689112 -20.257309
v -11.898194 0.343712 -18.352907
v -14.980994 0.287310 -19.961908
v -21.751297 3.992511 -3.594105
v -22.732897 0.392210 -3.475305
v -20.625196 0.358210 -2.703405
v -19.888496 3.589011 -2.984205
v -17.961498 0.329309 -2.401904
v -17.345297 3.191811 -2.558804
v -19.115799 14.952213 -5.768505
v -17.116199 16.318314 -5.653505
v -16.680397 15.522114 -4.376904
v -17.116199 16.318314 -5.653505
v -16.680397 15.522114 -4.376904
v -24.279497 0.433010 -4.477606
v -23.161097 4.469610 -4.406806
v -6.268896 1.048712 -8.907404
v -6.285296 1.086412 -6.444304
v -7.183496 1.173212 -8.674104
v -6.268896 1.048712 -8.907404
v -6.285296 1.086412 -6.444304
v -7.303796 1.305012 -6.084404
v -7.087695 1.141312 -11.393905
v -6.255296 1.038113 -11.394204
v -7.255895 0.899212 -20.289606
v -6.467195 0.910212 -18.626406
v -7.568894 1.169111 -18.793406
v -6.467195 0.910212 -18.626406
v -7.897495 1.173712 -19.979906
v -7.255895 0.899212 -20.289606
v -6.366197 1.165611 -4.083104
v -6.915297 1.303713 -2.062203
v -7.303197 1.550613 -3.834404
v -6.366197 1.165611 -4.083104
v -6.915297 1.303713 -2.062203
v -7.434397 1.708312 -2.415103
v -12.124595 4.682213 -21.757908
v -12.124595 4.682213 -21.757908
v -12.479995 5.420712 -21.000908
v -9.007695 0.995012 -17.388006
v -9.217594 1.411112 -19.298706
v -9.260395 1.570513 -20.391706
v -8.026396 0.861113 -11.395406
v -9.244795 0.235512 -11.400306
v -9.953094 0.235712 -15.214207
v -8.356396 0.867212 -14.620906
v -8.820097 1.177013 -5.341304
v -11.843396 0.385113 -4.448004
v -9.964195 0.239712 -7.608704
v -8.336796 0.902811 -8.173104
v -9.244795 0.235512 -11.400306
v -8.026396 0.861113 -11.395406
v -8.795794 0.519413 -23.232607
v -8.686995 0.696812 -21.718107
v -10.394894 0.542612 -23.328606
v 9.222302 3.483114 -0.920701
v 9.321403 6.399816 -0.923601
v 9.326303 11.026417 -0.923601
v -12.443298 2.451311 17.301300
v -13.066399 4.412313 17.117800
v -13.857300 7.402013 16.925600
v -13.137998 4.365011 9.148300
v -14.638599 11.422413 16.769201
v -15.185700 15.562114 16.380001
v 9.326099 24.192520 -0.923601
v 9.326201 17.445818 -0.923601
v -11.673199 0.736912 17.103003
v -12.032699 1.283710 17.298901
v -12.032699 1.283710 17.298901
v 8.614902 1.892315 -0.859001
v 8.614902 1.892315 -0.859001
v 9.319301 29.660120 -0.923601
v 9.188400 33.333321 -0.923701
v -15.424701 18.919815 15.579001
v -15.499601 21.567316 14.770401
v -9.011200 0.891113 24.463505
v -10.194399 0.446812 16.912703
v -8.663198 0.444511 16.433701
v -5.234399 0.462214 15.795902
v -15.497902 23.843616 14.289301
v -14.932803 26.692717 22.484102
v -15.253302 26.041416 14.017101
v 8.445700 35.045521 -0.924001
v 8.445700 35.045521 -0.924001
v 5.606099 35.934120 -0.923601
v -14.589102 28.404217 14.207900
v -14.589102 28.404217 14.207900
v -14.453003 28.167118 23.308102
v 0.601301 0.574011 15.015003
v -7.944801 35.167820 -0.923603
v -1.048301 36.078918 -0.923502
v -11.102098 0.505013 17.126503
v -11.097798 0.447012 9.189899
v -8.971895 1.140913 -20.948807
v -8.971895 1.140913 -20.948807
v -9.437901 3.225612 28.759007
v -9.754701 5.868813 28.889606
v -10.199401 10.088814 28.896105
v -11.431794 2.708712 -25.384308
v -11.709495 4.917413 -25.400707
v -12.140095 8.389612 -25.391008
v -11.709495 4.917413 -25.400707
v -12.140095 8.389612 -25.391008
v -11.431794 2.708712 -25.384308
v -11.714600 33.378120 -11.394205
v -11.714600 33.378120 -9.337205
v -11.714600 33.378120 -7.281505
v -11.714600 33.378120 -15.510506
v -11.714600 33.378120 -13.451205
v -11.709999 33.371017 -19.937407
v -11.714399 33.377918 -17.617006
v -13.364896 18.243614 -25.367811
v -12.737995 13.188214 -25.381510
v -12.737995 13.188214 -25.381510
v -13.364896 18.243614 -25.367811
v -11.195003 22.100216 28.895706
v -10.721103 15.945015 28.896105
v -11.212394 0.810312 -24.706408
v -11.269294 1.429811 -25.217506
v -11.269294 1.429811 -25.217506
v -11.269294 1.429811 -25.217506
v -8.235497 1.642812 -0.643403
v -8.363897 2.209212 -1.631403
v -8.235497 1.642812 -0.643403
v -9.249100 1.861011 27.978304
v -9.249100 1.861011 27.978304
v -11.511703 27.095118 28.882006
v -11.646503 30.413918 28.685204
v -13.872596 22.402016 -25.342911
v -14.220097 25.373716 -25.286310
v -13.872596 22.402016 -25.342911
v -14.220097 25.373716 -25.286310
v -14.370397 27.193218 -25.081308
v -14.370397 27.193218 -25.081308
v -14.370397 27.193218 -25.081308
v -11.083498 0.585611 4.521698
v -11.714601 33.378120 -5.253404
v -11.714601 33.378120 -3.322004
v -11.684399 33.297920 -22.436407
v -11.714500 33.377918 -0.923603
v -11.553103 31.512718 28.005505
v -11.553103 31.512718 28.005505
v -12.488098 4.594812 2.666497
v -12.966397 4.416713 4.636198
v -11.719797 5.005012 1.129697
v -11.719797 5.005012 1.129697
v -8.574097 1.901812 -3.144603
v -10.920998 2.249012 -2.501703
v -11.259794 0.590212 -23.566807
v -14.103297 2.734912 -2.355204
v -14.103297 2.734912 -2.355204
v -14.921496 0.337109 -2.875204
v -14.921496 0.337109 -2.875204
v -14.261695 6.961212 -20.288309
v -14.209895 9.006014 -20.362808
v -14.261695 6.961212 -20.288309
v -14.209895 9.006014 -20.362808
v -22.020697 13.485513 -7.551406
v -21.423298 12.924113 -6.055305
v -15.403796 12.867714 -20.135109
v -16.085896 14.369714 -19.466808
v -16.085896 14.369714 -19.466808
v -15.403796 12.867714 -20.135109
v -16.663095 15.519214 -18.436308
v -16.663095 15.519214 -18.436308
v -14.703396 11.034913 -20.375809
v -14.703396 11.034913 -20.375809
v -22.422596 13.872513 -9.374606
v -16.140297 14.344714 -3.199204
v -16.140297 14.344714 -3.199204
v -15.486897 12.794414 -2.283004
v -15.486897 12.794414 -2.283004
v -14.750197 10.947713 -1.779904
v -14.750197 10.947713 -1.779904
v -17.492496 16.899914 -15.627007
v -17.767998 17.331215 -13.627306
v -17.767998 17.331215 -13.627306
v -17.492496 16.899914 -15.627007
v -17.120497 16.318615 -17.189507
v -17.120497 16.318615 -17.189507
vn -0.4421 -0.6720 0.5942
vn -0.6855 -0.6052 -0.4047
vn -0.9103 -0.2945 0.2910
vn -0.7224 -0.4752 0.5023
vn -0.9636 -0.1769 0.2002
vn -0.9160 -0.3121 0.2519
vn -0.4616 -0.7819 0.4191
vn -0.7037 -0.6718 0.2312
vn -0.2207 -0.8778 0.4252
vn -0.8595 0.0337 0.5100
vn -0.5481 0.1550 0.8219
vn -0.7799 0.4425 0.4427
vn -0.9335 0.2075 0.2923
vn -0.8529 0.5122 0.1013
vn -0.9460 0.3136 0.0823
vn -0.9904 -0.0019 0.1382
vn -0.9910 0.0815 0.1066
vn -0.0547 0.9985 0.0047
vn -0.2833 0.9590 0.0048
vn -0.2849 0.9582 0.0250
vn -0.0562 0.9981 0.0244
vn -0.2807 0.9476 0.1522
vn -0.0064 0.9824 0.1868
vn 0.2189 0.9740 0.0577
vn 0.2263 0.9597 0.1666
vn 0.1748 0.9845 0.0115
vn -0.9763 -0.0899 -0.1967
vn -0.9924 -0.0939 -0.0796
vn -0.9995 0.0034 -0.0319
vn -0.9917 -0.0005 -0.1288
vn -0.9859 0.1671 -0.0046
vn -0.9838 0.1695 -0.0577
vn -0.8982 0.0361 -0.4382
vn -0.9502 0.1870 -0.2494
vn -0.8331 -0.0567 -0.5502
vn 0.0415 -0.9990 -0.0142
vn -0.0594 -0.9963 0.0620
vn 0.0021 -0.9943 -0.1070
vn 0.0512 -0.9904 -0.1286
vn 0.0257 -0.8398 -0.5423
vn 0.0764 -0.8151 -0.5743
vn 0.2947 -0.9192 -0.2610
vn 0.1885 -0.7926 -0.5799
vn 0.2586 -0.9645 -0.0545
vn 0.0532 -0.9986 0.0053
vn 0.0047 -1.0000 -0.0023
vn -0.0353 -0.9978 -0.0555
vn 0.0402 -0.9990 -0.0177
vn -0.1386 -0.9861 -0.0921
vn 0.0264 -0.9995 -0.0163
vn 0.2438 -0.9698 0.0015
vn 0.2410 -0.9705 -0.0006
vn 0.2565 -0.9664 0.0161
vn -0.9448 0.3275 0.0009
vn -0.8629 0.5053 0.0030
vn -0.8640 0.5035 0.0001
vn -0.9466 0.3225 -0.0017
vn -0.8644 0.5028 -0.0003
vn -0.9474 0.3200 -0.0012
vn -0.9849 0.1732 -0.0042
vn -0.9466 0.3224 -0.0016
vn -0.9857 0.1683 -0.0025
vn -0.9835 0.1812 -0.0001
vn -0.9454 0.3260 -0.0041
vn -0.8627 0.5056 -0.0113
vn -0.8580 0.5086 -0.0720
vn -0.9398 0.3377 -0.0518
vn -0.8099 0.4858 -0.3288
vn -0.9005 0.3179 -0.2966
vn -0.9454 0.3259 -0.0041
vn 0.9590 0.1783 0.2204
vn 0.9768 0.2075 0.0520
vn 0.6891 0.7238 0.0361
vn 0.7326 0.6606 0.1640
vn 0.5947 0.6489 0.4746
vn 0.7756 0.1808 0.6047
vn -0.9990 -0.0397 -0.0195
vn -0.9999 -0.0154 0.0033
vn -0.9988 0.0499 0.0016
vn -0.9993 0.0369 -0.0092
vn -0.9996 0.0265 -0.0058
vn -0.9978 -0.0657 -0.0128
vn 0.0947 0.0767 -0.9925
vn -0.0087 0.0931 -0.9956
vn -0.1390 0.4815 -0.8654
vn 0.0498 0.4038 -0.9135
vn -0.1390 0.4814 -0.8654
vn -0.2523 0.8678 -0.4281
vn -0.0365 0.8710 -0.4900
vn 0.3519 0.4927 -0.7959
vn 0.1184 0.8391 -0.5310
vn 0.3722 0.0886 -0.9239
vn -0.8645 0.5026 -0.0001
vn -0.8645 0.5026 -0.0000
vn -0.9476 0.3196 0.0002
vn -0.9476 0.3195 -0.0002
vn -0.9475 0.3196 0.0002
vn -0.9854 0.1700 0.0016
vn -0.9857 0.1683 0.0009
vn -0.2819 0.9546 -0.0963
vn -0.0548 0.9942 -0.0921
vn -0.2833 0.9589 -0.0167
vn -0.0540 0.9984 -0.0172
vn 0.2193 0.9506 -0.2196
vn 0.1779 0.9832 -0.0398
vn -0.0111 -0.9999 -0.0095
vn -0.0412 -0.9991 -0.0115
vn -0.1127 -0.9850 -0.1306
vn -0.0887 -0.9902 -0.1082
vn -0.3658 -0.8325 -0.4161
vn -0.2908 -0.9070 -0.3045
vn 0.9804 -0.1960 -0.0205
vn 0.9804 -0.1968 -0.0010
vn 0.7222 -0.6917 -0.0013
vn 0.7240 -0.6896 -0.0173
vn 0.7222 -0.6917 -0.0014
vn 0.2424 -0.9702 -0.0001
vn 0.2450 -0.9695 -0.0089
vn 0.7368 -0.6651 -0.1216
vn 0.9699 -0.1840 -0.1596
vn 0.7943 0.1543 -0.5876
vn 0.6315 0.6135 -0.4742
vn 0.6925 0.7107 -0.1238
vn 0.9637 0.2030 -0.1733
vn -0.1476 -0.9888 0.0225
vn -0.0777 -0.9968 0.0182
vn -0.0834 -0.9965 0.0077
vn -0.1343 -0.9909 0.0099
vn -0.0858 -0.9963 0.0023
vn -0.1339 -0.9910 0.0048
vn 0.0458 -0.9989 -0.0102
vn 0.0636 -0.9980 0.0058
vn -0.0290 -0.9992 -0.0259
vn 0.3779 0.0048 -0.9258
vn 0.3843 0.0047 -0.9232
vn 0.1126 0.0032 -0.9936
vn 0.1096 0.0038 -0.9940
vn 0.0256 0.0013 -0.9997
vn 0.0247 0.0016 -0.9997
vn 0.1075 0.0033 -0.9942
vn 0.0241 0.0014 -0.9997
vn 0.3722 0.0047 -0.9281
vn -0.9993 0.0349 -0.0092
vn -0.9855 0.1697 -0.0013
vn -0.9860 0.1670 -0.0006
vn -0.9997 0.0199 -0.0161
vn -0.9982 -0.0387 -0.0464
vn -0.9995 0.0051 -0.0306
vn -0.0929 0.0948 -0.9912
vn -0.2046 0.0593 -0.9770
vn -0.5496 0.2836 -0.7858
vn -0.3897 0.4291 -0.8149
vn -0.5694 0.7287 -0.3805
vn -0.2833 0.9590 -0.0020
vn -0.2834 0.9590 -0.0001
vn -0.0548 0.9985 -0.0001
vn -0.0546 0.9985 -0.0024
vn 0.1616 0.9869 -0.0002
vn 0.1638 0.9865 -0.0055
vn 0.3519 0.2479 0.9026
vn 0.7757 0.1808 0.6047
vn 0.2059 0.7327 0.6487
vn 0.2059 0.7327 0.6486
vn -0.1894 0.7877 0.5862
vn -0.0116 0.3226 0.9465
vn -0.0035 0.0001 -1.0000
vn -0.0819 -0.0073 -0.9966
vn -0.0960 -0.0010 -0.9954
vn -0.0096 0.0076 -0.9999
vn 0.0216 0.0083 -0.9997
vn -0.9670 -0.2420 -0.0795
vn -0.9666 -0.2084 -0.1491
vn -0.9874 -0.1424 -0.0684
vn -0.9909 -0.1295 0.0352
vn -0.9955 0.0003 0.0944
vn -0.9159 0.0847 0.3923
vn -0.9910 -0.1295 0.0352
vn -0.8718 0.3071 0.3816
vn -0.9292 -0.1304 0.3458
vn -0.9670 -0.2420 -0.0794
vn 0.7951 0.0036 -0.6064
vn 0.3681 0.0116 -0.9297
vn 0.7928 0.0159 -0.6092
vn 0.9830 0.0178 -0.1827
vn 0.9834 0.0018 -0.1812
vn 0.7951 0.0037 -0.6064
vn 0.6685 0.7438 -0.0010
vn 0.6723 0.7401 -0.0161
vn 0.6685 0.7437 -0.0010
vn 0.9753 0.2209 -0.0012
vn 0.9756 0.2186 -0.0225
vn -0.9883 -0.1425 -0.0548
vn -0.9940 -0.1090 0.0056
vn -0.9986 -0.0521 0.0050
vn -0.9958 -0.0855 -0.0341
vn 0.9751 0.0054 0.2218
vn 0.9985 0.0014 0.0540
vn 0.9983 0.0183 0.0546
vn 0.9742 0.0208 0.2248
vn 0.7972 0.0290 0.6031
vn 0.8020 0.0128 0.5972
vn 0.4045 0.0132 0.9145
vn 0.8020 0.0128 0.5971
vn 0.3958 0.0348 0.9177
vn 0.0970 0.0365 0.9946
vn 0.1086 0.0069 0.9941
vn -0.9607 -0.1549 -0.2304
vn -0.9790 -0.1984 -0.0459
vn -0.9812 -0.1601 -0.1076
vn -0.9616 -0.1310 -0.2412
vn -0.7926 -0.0872 -0.6035
vn -0.7765 -0.1018 -0.6218
vn -0.8181 -0.0640 0.5715
vn -0.3457 -0.0223 0.9381
vn -0.3763 0.0039 0.9265
vn -0.8344 -0.0304 0.5503
vn -0.9869 -0.0391 0.1565
vn -0.8344 -0.0304 0.5504
vn -0.9810 -0.0854 0.1740
vn -0.2952 -0.9421 0.1593
vn -0.0050 -0.9853 0.1708
vn -0.1577 -0.7595 0.6311
vn -0.5536 -0.7349 0.3916
vn -0.1576 -0.7595 0.6312
vn -0.2971 -0.3069 0.9042
vn -0.7664 -0.3424 0.5436
vn -0.8136 -0.5624 0.1477
vn -0.7664 -0.3423 0.5436
vn -0.9434 -0.3000 0.1413
vn -0.6031 -0.7939 0.0775
vn -0.8136 -0.5624 0.1476
vn -0.6577 -0.7511 -0.0579
vn -0.9500 -0.2981 -0.0926
vn -0.9820 -0.1654 -0.0910
vn -0.7287 -0.3697 -0.5764
vn -0.8114 -0.1547 -0.5636
vn -0.5664 -0.7172 -0.4060
vn 0.1050 0.0088 -0.9944
vn 0.3039 -0.9501 0.0703
vn 0.7349 -0.6772 0.0366
vn 0.7740 -0.6133 0.1572
vn 0.9809 -0.1884 0.0480
vn 0.9664 -0.1576 0.2029
vn 0.6498 -0.6023 0.4637
vn 0.8023 -0.1497 0.5778
vn 0.3170 -0.9312 0.1797
vn 0.6498 -0.6023 0.4638
vn -0.6619 -0.7432 -0.0979
vn -0.6384 -0.7697 -0.0084
vn -0.8995 -0.4368 -0.0099
vn -0.9152 -0.3875 -0.1107
vn -0.9152 -0.3876 -0.1107
vn -0.9473 -0.3199 -0.0135
vn -0.9400 -0.3134 -0.1350
vn -0.8381 -0.3720 -0.3989
vn -0.8674 -0.3130 -0.3869
vn -0.6601 -0.6927 -0.2906
vn 0.3971 -0.4387 -0.8062
vn 0.6771 -0.5723 -0.4627
vn 0.4035 -0.0792 -0.9115
vn 0.8154 -0.1409 -0.5614
vn 0.8154 -0.1410 -0.5614
vn -0.5892 -0.6419 -0.4907
vn -0.4690 -0.7704 -0.4319
vn -0.6802 -0.4841 -0.5504
vn -0.7973 -0.4072 -0.4456
vn -0.6773 -0.7131 0.1809
vn 0.0212 -0.8522 -0.5228
vn 0.0161 -0.8619 -0.5069
vn -0.0119 -0.4032 -0.9150
vn 0.0218 -0.3967 -0.9177
vn -0.0624 -0.0777 -0.9950
vn 0.0054 -0.0693 -0.9976
vn 0.0312 -0.3861 -0.9219
vn 0.0286 -0.0668 -0.9974
vn 0.3905 -0.0033 -0.9206
vn 0.1148 -0.0023 -0.9934
vn 0.1161 -0.0617 -0.9913
vn 0.0266 -0.0039 -0.9996
vn 0.9998 -0.0005 -0.0219
vn 1.0000 -0.0005 -0.0009
vn 0.9998 -0.0174 -0.0009
vn 0.9996 -0.0174 -0.0216
vn 0.9852 -0.0156 -0.1707
vn 0.9847 0.0003 -0.1743
vn 0.1227 -0.9695 0.2124
vn 0.3191 -0.6834 0.6567
vn 0.3191 -0.6834 0.6566
vn 0.4079 -0.2010 0.8906
vn 0.0979 -0.7589 0.6438
vn 0.1219 -0.2504 0.9604
vn 0.0398 -0.9837 0.1751
vn -0.9653 0.2395 -0.1046
vn -0.9816 0.1237 -0.1455
vn -0.9806 -0.0043 -0.1962
vn -0.8027 0.4867 -0.3447
vn -0.9816 0.1238 -0.1455
vn -0.9806 -0.0044 -0.1962
vn -0.8238 0.3053 -0.4776
vn -0.7506 0.6190 -0.2312
vn 1.0000 -0.0000 -0.0009
vn 0.9998 0.0001 -0.0223
vn 0.9842 0.0007 -0.1773
vn 0.9997 0.0008 -0.0228
vn 1.0000 0.0006 -0.0010
vn 0.1066 -0.3430 -0.9333
vn -0.3383 -0.0337 0.9404
vn -0.8136 -0.0989 0.5729
vn -0.9748 -0.1373 0.1760
vn -0.8211 -0.1365 0.5543
vn -0.9680 -0.1905 0.1637
vn -0.3494 -0.0473 0.9358
vn -0.8210 -0.1364 0.5543
vn -0.9761 -0.1994 0.0870
vn -0.9737 -0.1631 -0.1593
vn -0.7911 -0.1109 -0.6015
vn -0.9836 -0.1547 -0.0928
vn -0.8155 -0.1123 -0.5678
vn -0.9708 -0.1689 0.1704
vn 0.4175 0.0130 0.9086
vn 0.8117 0.0122 0.5839
vn 0.8069 0.0124 0.5905
vn 0.4109 0.0130 0.9116
vn 0.1117 0.0059 0.9937
vn 0.1144 0.0060 0.9934
vn 0.9986 0.0006 0.0531
vn 0.9760 0.0049 0.2177
vn 0.8069 0.0124 0.5906
vn 0.9769 0.0046 0.2138
vn 0.8117 0.0121 0.5839
vn 0.9987 0.0003 0.0518
vn -0.9568 -0.2622 -0.1253
vn -0.9711 -0.2385 -0.0079
vn -0.9846 -0.1747 0.0009
vn -0.9748 -0.2041 -0.0896
vn -0.9353 -0.2524 -0.2481
vn -0.8994 -0.2879 -0.3289
vn 0.7997 0.0033 -0.6004
vn 0.8043 0.0030 -0.5942
vn -0.8978 -0.3284 -0.2933
vn -0.9330 -0.2973 -0.2029
vn -0.9210 -0.2681 0.2827
vn -0.9080 -0.3230 0.2670
vn -0.0803 -0.0083 -0.9967
vn -0.0030 -0.0003 -1.0000
vn -0.0028 -0.0004 -1.0000
vn -0.0814 -0.0087 -0.9966
vn 1.0000 0.0006 -0.0000
vn 1.0000 0.0006 0.0007
vn 1.0000 -0.0000 0.0006
vn 1.0000 -0.0000 -0.0000
vn 1.0000 -0.0005 0.0006
vn 1.0000 -0.0005 -0.0000
vn 0.0300 -0.9995 0.0059
vn 0.0355 -0.9994 0.0043
vn -0.0673 -0.9972 0.0318
vn 0.2412 -0.9705 0.0010
vn 0.0257 -0.9997 -0.0013
vn -0.1078 -0.9941 -0.0091
vn 0.0253 -0.9997 0.0002
vn -0.0952 -0.9954 0.0044
vn 0.2413 -0.9704 0.0004
vn 0.2413 -0.9704 -0.0000
vn 0.0256 -0.9997 0.0002
vn -0.0889 -0.9960 0.0027
vn 0.0258 -0.9997 0.0004
vn 0.2414 -0.9704 -0.0000
vn 0.2415 -0.9704 0.0001
vn 0.0270 -0.9996 0.0028
vn -0.9994 -0.0307 0.0186
vn -0.9860 0.1239 0.1119
vn -0.9997 0.0050 0.0255
vn -0.9663 0.2376 0.0995
vn -0.8144 0.4861 0.3170
vn -0.9860 0.1238 0.1119
vn -0.7526 0.6172 0.2295
vn -0.9993 0.0330 0.0175
vn -0.9475 0.3138 0.0605
vn -0.9990 0.0437 0.0006
vn -0.9402 0.3406 0.0015
vn -0.7040 0.6987 0.1274
vn -0.9475 0.3139 0.0605
vn -0.6855 0.7281 0.0025
vn -0.9993 0.0339 -0.0169
vn -0.9472 0.3152 -0.0586
vn -0.7035 0.6999 -0.1234
vn -0.9472 0.3151 -0.0586
vn 0.9998 -0.0174 0.0006
vn 0.9998 -0.0174 -0.0000
vn 0.9803 -0.1973 0.0009
vn 0.9804 -0.1969 0.0001
vn 0.9805 -0.1968 -0.0000
vn 0.9805 -0.1967 -0.0000
vn 0.1615 0.9869 -0.0000
vn 0.1616 0.9869 0.0002
vn 0.6684 0.7438 0.0005
vn 0.6683 0.7439 -0.0000
vn 0.6684 0.7438 0.0004
vn 0.9753 0.2209 0.0007
vn 0.9753 0.2209 -0.0000
vn 0.1616 0.9869 -0.0000
vn -0.2834 0.9590 -0.0000
vn -0.2834 0.9590 0.0001
vn -0.0548 0.9985 -0.0000
vn -0.9996 0.0295 0.0042
vn -0.9993 0.0362 0.0070
vn -0.9852 0.1713 0.0008
vn -0.9991 0.0427 0.0048
vn -0.9850 0.1724 0.0002
vn -0.9989 0.0461 0.0002
vn -0.9852 0.1716 -0.0011
vn -0.9990 0.0433 -0.0050
vn 0.7214 -0.6925 0.0016
vn 0.7219 -0.6920 0.0006
vn 0.7222 -0.6917 0.0002
vn 0.7222 -0.6917 -0.0000
vn 0.7222 -0.6916 -0.0000
vn -0.8641 0.5033 -0.0007
vn -0.9471 0.3210 0.0014
vn -0.9475 0.3199 0.0004
vn -0.8645 0.5027 0.0001
vn -0.9475 0.3198 0.0004
vn -0.9475 0.3198 -0.0001
vn -0.9475 0.3199 -0.0000
vn -0.9475 0.3198 0.0001
vn -0.0798 -0.0135 -0.9967
vn -0.0015 -0.0055 -1.0000
vn 0.8093 -0.0097 -0.5874
vn -0.6164 0.7761 0.1331
vn -0.6265 0.7791 0.0230
vn -0.6279 0.7783 0.0043
vn -0.8607 0.5088 0.0173
vn 0.9986 -0.0160 0.0508
vn 0.9776 -0.0109 0.2103
vn 0.8152 -0.0039 0.5792
vn 0.4221 -0.0063 0.9065
vn 0.1182 -0.0161 0.9929
vn -0.9718 -0.1493 0.1825
vn -0.9865 -0.1442 -0.0781
vn -0.8249 -0.1130 -0.5539
vn -0.3578 -0.0826 0.9301
vn -0.8243 -0.1841 0.5354
vn -0.9593 -0.2411 0.1472
vn 0.9998 0.0184 -0.0000
vn 0.9998 0.0185 -0.0010
vn 0.9998 0.0184 0.0007
vn 0.9996 0.0184 -0.0233
vn -0.9656 -0.1130 -0.2342
vn -0.9625 -0.1989 -0.1842
vn -0.8015 0.0955 -0.5903
vn -0.9625 -0.1990 -0.1842
vn -0.7747 -0.0927 -0.6255
vn -0.5444 0.6351 -0.5480
vn -0.4842 0.4780 -0.7328
vn -0.5477 0.3812 -0.7448
vn -0.6547 0.5047 -0.5627
vn -0.6415 0.2712 -0.7176
vn -0.7673 0.3404 -0.5435
vn -0.7165 0.5890 -0.3738
vn -0.8456 0.3918 -0.3625
vn -0.5748 0.7346 -0.3604
vn -0.5861 0.7889 -0.1848
vn -0.7464 0.6375 -0.1909
vn -0.8877 0.4224 -0.1834
vn -0.7560 0.6545 0.0014
vn -0.9014 0.4329 0.0010
vn -0.5894 0.8079 0.0022
vn -0.4070 -0.0007 0.9134
vn -0.4230 0.1231 0.8977
vn -0.3168 0.1356 0.9387
vn -0.2661 0.0709 0.9613
vn -0.3217 0.1428 0.9360
vn -0.2227 0.1090 0.9688
vn -0.3210 0.0126 0.9470
vn -0.2198 0.0397 0.9747
vn -0.4324 -0.0616 0.8996
vn -0.4571 0.2936 0.8395
vn -0.4992 0.4761 0.7239
vn -0.5429 0.3769 0.7505
vn -0.4211 0.2422 0.8741
vn -0.6345 0.2697 0.7243
vn -0.4751 0.1966 0.8577
vn -0.5198 0.8543 0.0026
vn -0.5846 0.7888 0.1898
vn -0.5253 0.8338 0.1698
vn -0.5723 0.7336 0.3666
vn -0.5427 0.7756 0.3222
vn -0.5253 0.8338 0.1697
vn -0.5427 0.7757 0.3222
vn -0.2688 -0.0010 -0.9632
vn -0.2593 -0.0315 -0.9653
vn -0.1766 0.0386 -0.9835
vn -0.1864 0.0682 -0.9801
vn -0.1098 0.0734 -0.9912
vn -0.1739 0.1122 -0.9784
vn -0.2819 0.1351 -0.9499
vn -0.3126 0.1462 -0.9386
vn -0.3236 0.1123 -0.9395
vn -0.8710 -0.3912 0.2971
vn -0.6416 -0.1680 0.7484
vn -0.5388 -0.1558 0.8279
vn -0.5387 -0.1558 0.8279
vn -0.3577 -0.2108 0.9097
vn -0.4044 0.2884 -0.8679
vn -0.4127 0.2457 -0.8771
vn -0.4800 0.2003 -0.8541
vn -0.9726 -0.2218 -0.0697
vn -0.9847 -0.1710 -0.0333
vn -0.7790 -0.1821 -0.6000
vn -0.9726 -0.2218 -0.0698
vn -0.7737 -0.1504 -0.6155
vn -0.9085 0.2384 0.3433
vn -0.9267 0.1874 0.3258
vn -0.8566 0.1775 0.4845
vn -0.8311 0.2178 0.5117
vn -0.7499 0.1653 0.6405
vn -0.7123 0.1913 0.6753
vn -0.7624 0.3398 0.5507
vn -0.8435 0.3912 0.3680
vn -0.9665 0.2565 0.0015
vn -0.9804 0.1972 0.0021
vn -0.9670 0.1943 0.1647
vn -0.9522 0.2516 0.1734
vn -0.8871 0.4222 0.1867
vn -0.9096 0.2395 -0.3395
vn -0.9275 0.1888 -0.3226
vn -0.9675 0.1954 -0.1604
vn -0.9526 0.2524 -0.1697
vn -0.7140 0.1910 -0.6735
vn -0.7485 0.1648 -0.6424
vn -0.8563 0.1779 -0.4849
vn -0.8324 0.2180 -0.5095
vn -0.3751 0.1471 -0.9152
vn -0.4193 0.1463 -0.8960
vn -0.6017 0.1537 -0.7838
vn -0.5571 0.1657 -0.8138
vn -0.0392 0.0722 -0.9966
vn -0.0086 0.0693 -0.9976
vn -0.2131 0.1335 -0.9679
vn -0.1907 0.1293 -0.9731
vn 0.1693 -0.2039 -0.9642
vn 0.0342 -0.1694 -0.9850
vn -0.1748 -0.0617 -0.9827
vn 0.0238 -0.6477 -0.7615
vn 0.2445 -0.7655 -0.5951
vn 0.1694 -0.2039 -0.9642
vn -0.3774 0.1410 0.9152
vn -0.4205 0.1395 0.8965
vn -0.2329 0.1192 0.9652
vn -0.2188 0.1175 0.9687
vn -0.0577 0.0224 0.9981
vn -0.1050 0.0245 0.9942
vn -0.5436 0.6322 0.5520
vn -0.5685 0.6698 0.4777
vn -0.6034 0.5034 0.6184
vn -0.6008 0.1516 0.7849
vn -0.5536 0.1629 0.8167
vn -0.1458 -0.9893 0.0101
vn -0.1857 -0.9823 0.0250
vn 0.0425 -0.9984 0.0368
vn -0.1457 -0.9893 0.0101
vn -0.0489 -0.9942 0.0954
vn 0.0637 -0.9980 0.0058
vn -0.1339 -0.9910 0.0047
vn -0.2037 -0.9562 0.2101
vn -0.1756 -0.9826 0.0608
vn -0.1600 -0.9871 0.0008
vn -0.2696 -0.9485 0.1665
vn -0.2748 -0.9615 0.0029
vn -0.3956 -0.9018 -0.1737
vn -0.2406 -0.9650 0.1045
vn -0.4380 -0.8981 -0.0388
vn -0.9773 -0.1890 0.0962
vn -0.7340 -0.1436 -0.6638
vn 0.1760 -0.9640 -0.1994
vn -0.0463 -0.9534 -0.2980
vn -0.3242 -0.9351 0.1429
vn 0.3369 -0.9415 0.0043
vn 0.4212 -0.9070 0.0027
vn 0.3566 -0.9229 -0.1448
vn 0.2925 -0.9536 -0.0719
vn 0.2003 -0.9453 0.2574
vn 0.2399 -0.7722 0.5884
vn 0.3736 -0.9137 0.1598
vn 0.3058 -0.9473 0.0952
vn 0.3369 -0.9415 0.0042
vn -0.0195 -0.9984 -0.0529
vn -0.1157 -0.9596 0.2565
vn -0.0482 -0.9988 0.0074
vn 0.9803 -0.1972 0.0085
vn 0.9998 -0.0175 0.0086
vn 1.0000 -0.0004 0.0088
vn -0.9497 -0.3116 0.0303
vn -0.9615 -0.2727 0.0346
vn -0.9749 -0.2187 0.0415
vn -0.9567 -0.2907 -0.0135
vn -0.9864 -0.1571 0.0476
vn -0.9943 -0.0953 0.0473
vn 1.0000 0.0006 0.0092
vn 1.0000 0.0001 0.0090
vn -0.6235 -0.7814 0.0264
vn -0.8909 -0.4533 0.0294
vn 0.7222 -0.6917 0.0075
vn 0.9998 0.0185 0.0094
vn 0.9756 0.2192 0.0087
vn -0.9983 -0.0424 0.0397
vn -0.9995 -0.0087 0.0317
vn 0.0335 -0.9860 0.1634
vn -0.0210 -0.9993 0.0316
vn 0.0097 -0.9994 0.0321
vn 0.0173 -0.9993 0.0341
vn -0.9982 0.0547 0.0229
vn -0.9782 0.1991 0.0582
vn -0.9818 0.1893 0.0132
vn 0.6710 0.7415 0.0060
vn 0.1631 0.9866 0.0021
vn -0.9417 0.3361 0.0125
vn 0.0575 -0.9977 0.0354
vn -0.2834 0.9590 0.0008
vn -0.0548 0.9985 0.0007
vn -0.2112 -0.9769 0.0311
vn -0.2205 -0.9753 -0.0098
vn -0.2693 -0.8448 0.4623
vn 0.0150 -0.2673 0.9635
vn -0.0151 -0.0258 0.9996
vn -0.0183 -0.0030 0.9998
vn -0.3657 -0.1103 -0.9242
vn -0.3909 -0.0515 -0.9190
vn -0.3846 -0.0468 -0.9219
vn -0.6286 0.7778 -0.0000
vn -0.6275 0.7784 -0.0163
vn -0.6284 0.7779 -0.0017
vn -0.3716 -0.0410 -0.9275
vn -0.3708 -0.0449 -0.9276
vn -0.3708 -0.0448 -0.9276
vn -0.0198 0.0002 0.9998
vn -0.0183 -0.0018 0.9998
vn -0.1476 -0.8429 -0.5175
vn -0.2650 -0.3956 -0.8793
vn -0.4853 -0.7883 -0.3784
vn -0.4440 -0.8954 -0.0321
vn -0.4853 -0.7882 -0.3784
vn 0.0488 -0.7803 0.6235
vn -0.0454 0.0310 0.9985
vn -0.2945 0.2928 0.9097
vn -0.3970 -0.0338 -0.9172
vn -0.4760 0.0054 -0.8794
vn -0.3971 -0.0338 -0.9172
vn -0.4761 0.0054 -0.8794
vn -0.6754 0.1536 -0.7212
vn -0.6755 0.1536 -0.7212
vn -0.2228 -0.9680 -0.1152
vn -0.6285 0.7778 -0.0000
vn -0.6226 0.7775 -0.0892
vn -0.6284 0.7779 0.0006
vn -0.5201 0.6626 0.5389
vn -0.5201 0.6627 0.5389
vn -0.8732 -0.3174 -0.3698
vn -0.9411 -0.3069 -0.1419
vn -0.8583 -0.3599 -0.3657
vn -0.0583 -0.9408 0.3339
vn -0.0262 -0.7275 0.6856
vn -0.1848 -0.9827 0.0104
vn -0.0537 -0.2968 0.9534
vn 0.1036 -0.2874 0.9522
vn -0.3059 -0.0218 -0.9518
vn -0.4168 -0.0764 -0.9058
vn -0.7133 0.5885 0.3806
vn -0.6486 0.5025 0.5717
vn -0.4686 0.0573 -0.8815
vn -0.5192 0.2783 -0.8081
vn -0.4687 0.0573 -0.8815
vn -0.5549 0.5001 -0.6649
vn -0.5549 0.5001 -0.6648
vn -0.4457 -0.0819 -0.8914
vn -0.7452 0.6377 0.1949
vn -0.6402 0.2879 0.7122
vn -0.6402 0.2880 0.7122
vn -0.6581 0.0586 0.7506
vn -0.6611 -0.1196 0.7407
vn -0.5426 0.7770 -0.3191
vn -0.5260 0.8344 -0.1646
vn -0.5260 0.8344 -0.1647
vn -0.5583 0.6711 -0.4878
vt 0.517077 0.112925
vt 0.523735 0.116468
vt 0.522712 0.112146
vt 0.519043 0.110124
vt 0.004925 0.511601
vt 0.017192 0.513335
vt 0.016117 0.502529
vt 0.004730 0.501880
vt 0.465588 0.511969
vt 0.469539 0.518326
vt 0.473188 0.509192
vt 0.468654 0.507512
vt 0.458060 0.516512
vt 0.461844 0.524774
vt 0.763289 0.760374
vt 0.776358 0.736859
vt 0.774336 0.719177
vt 0.758698 0.741921
vt 0.740118 0.482794
vt 0.713029 0.478581
vt 0.709674 0.520329
vt 0.735774 0.522078
vt 0.214517 0.954938
vt 0.235791 0.994813
vt 0.252922 0.987793
vt 0.233178 0.950104
vt 0.577120 0.703432
vt 0.643369 0.703769
vt 0.643641 0.610806
vt 0.578551 0.611296
vt 0.644248 0.522819
vt 0.581686 0.526590
vt 0.518208 0.613334
vt 0.532512 0.543770
vt 0.513801 0.702981
vt 0.197786 0.509063
vt 0.183587 0.532222
vt 0.212752 0.534728
vt 0.219990 0.512104
vt 0.238574 0.536856
vt 0.240859 0.514136
vt 0.232536 0.496054
vt 0.244228 0.499614
vt 0.214256 0.493742
vt 0.351772 0.530338
vt 0.410584 0.526997
vt 0.410680 0.506901
vt 0.355318 0.509082
vt 0.414292 0.492215
vt 0.359995 0.493760
vt 0.306321 0.511180
vt 0.318192 0.498504
vt 0.301558 0.532709
vt 0.345876 0.780286
vt 0.400924 0.792218
vt 0.401097 0.740634
vt 0.345880 0.728069
vt 0.405349 0.712766
vt 0.346439 0.702355
vt 0.295560 0.718964
vt 0.296041 0.695085
vt 0.294873 0.770949
vt 0.738870 0.703506
vt 0.711346 0.703671
vt 0.711343 0.756014
vt 0.739102 0.755939
vt 0.711239 0.779148
vt 0.739102 0.779148
vt 0.238074 0.719857
vt 0.265123 0.719153
vt 0.265001 0.696292
vt 0.237640 0.697172
vt 0.239274 0.771176
vt 0.265416 0.771001
vt 0.734536 0.941023
vt 0.707076 0.939050
vt 0.705856 0.962904
vt 0.732738 0.965238
vt 0.706482 0.981862
vt 0.732817 0.983994
vt 0.264531 0.513859
vt 0.261931 0.495682
vt 0.264838 0.537625
vt 0.105140 0.126946
vt 0.197316 0.126292
vt 0.196951 0.108790
vt 0.104982 0.110840
vt 0.493214 0.610895
vt 0.485649 0.702592
vt 0.524063 0.529062
vt 0.015542 0.127027
vt 0.018303 0.111691
vt 0.184703 0.730073
vt 0.189785 0.779251
vt 0.214265 0.772892
vt 0.211107 0.722297
vt 0.209813 0.699578
vt 0.179832 0.705369
vt 0.850380 0.349026
vt 0.915819 0.356936
vt 0.916246 0.335949
vt 0.851257 0.328089
vt 0.576368 0.985752
vt 0.642387 0.987236
vt 0.640674 0.977145
vt 0.578084 0.976321
vt 0.516814 0.975877
vt 0.529475 0.971862
vt 0.788032 0.346453
vt 0.790924 0.327848
vt 0.711090 0.797799
vt 0.710864 0.817393
vt 0.738781 0.817731
vt 0.738994 0.797950
vt 0.264942 0.677817
vt 0.264904 0.658397
vt 0.237544 0.658646
vt 0.237554 0.678438
vt 0.640301 0.959558
vt 0.576180 0.959007
vt 0.640629 0.936359
vt 0.575596 0.935724
vt 0.517014 0.958489
vt 0.513336 0.935944
vt 0.434503 0.803270
vt 0.450780 0.811657
vt 0.451615 0.765323
vt 0.434738 0.754454
vt 0.451330 0.744874
vt 0.435230 0.732396
vt 0.408546 0.410153
vt 0.388499 0.410348
vt 0.388865 0.426670
vt 0.409189 0.426404
vt 0.277311 0.555154
vt 0.276607 0.575231
vt 0.299266 0.574834
vt 0.300026 0.554420
vt 0.278737 0.533363
vt 0.430283 0.409869
vt 0.431285 0.425705
vt 0.755880 0.345043
vt 0.760665 0.328181
vt 0.491593 0.958322
vt 0.485361 0.936367
vt 0.429906 0.126802
vt 0.452870 0.126966
vt 0.453631 0.109443
vt 0.430818 0.109294
vt 0.420204 0.570630
vt 0.396216 0.571947
vt 0.395799 0.594593
vt 0.419648 0.593978
vt 0.395431 0.617316
vt 0.419173 0.617682
vt 0.488329 0.133240
vt 0.484652 0.131564
vt 0.478013 0.139703
vt 0.480772 0.141925
vt 0.495645 0.125198
vt 0.491142 0.123519
vt 0.786766 0.501147
vt 0.786440 0.558609
vt 0.844451 0.560469
vt 0.846206 0.506267
vt 0.904741 0.563395
vt 0.908036 0.511932
vt 0.848026 0.446205
vt 0.911442 0.454166
vt 0.787153 0.439047
vt 0.210680 0.579053
vt 0.237550 0.579650
vt 0.237702 0.559114
vt 0.210898 0.557703
vt 0.186731 0.557174
vt 0.187908 0.578545
vt 0.952157 0.372979
vt 0.967341 0.394747
vt 0.968373 0.376449
vt 0.952285 0.353258
vt 0.683462 0.988284
vt 0.712690 0.991579
vt 0.679160 0.978522
vt 0.641063 0.914649
vt 0.641448 0.894808
vt 0.575753 0.894070
vt 0.575651 0.913932
vt 0.512728 0.894079
vt 0.512868 0.914073
vt 0.892472 0.692132
vt 0.963131 0.690698
vt 0.963337 0.674921
vt 0.894548 0.676790
vt 0.582004 0.491251
vt 0.646528 0.483781
vt 0.828313 0.697567
vt 0.829497 0.681518
vt 0.946352 0.461905
vt 0.960516 0.472008
vt 0.964625 0.427134
vt 0.949881 0.411043
vt 0.914107 0.399023
vt 0.124272 0.729526
vt 0.129057 0.742550
vt 0.155658 0.726911
vt 0.147544 0.714912
vt 0.162387 0.696197
vt 0.913264 0.127529
vt 0.924605 0.116286
vt 0.900361 0.097667
vt 0.890932 0.113128
vt 0.932011 0.147355
vt 0.943609 0.140519
vt 0.755112 0.434391
vt 0.787520 0.384919
vt 0.755112 0.381385
vt 0.430055 0.161750
vt 0.453519 0.163208
vt 0.430233 0.213947
vt 0.453793 0.216174
vt 0.484311 0.894267
vt 0.484498 0.914431
vt 0.408783 0.108459
vt 0.388548 0.108155
vt 0.388342 0.126027
vt 0.408321 0.126282
vt 0.131965 0.760666
vt 0.135516 0.804587
vt 0.165010 0.791986
vt 0.160069 0.745843
vt 0.104933 0.213128
vt 0.197508 0.213116
vt 0.197448 0.161148
vt 0.105013 0.161283
vt 0.014946 0.160983
vt 0.014828 0.212959
vt 0.893464 0.777112
vt 0.963538 0.776938
vt 0.963538 0.724825
vt 0.892766 0.725687
vt 0.828747 0.730948
vt 0.830051 0.781214
vt 0.141216 0.500468
vt 0.132528 0.512440
vt 0.160295 0.519376
vt 0.172877 0.504410
vt 0.188196 0.491484
vt 0.152665 0.489266
vt 0.765120 0.828628
vt 0.776970 0.810608
vt 0.775714 0.766685
vt 0.763538 0.788845
vt 0.188470 0.957857
vt 0.207759 0.995574
vt 0.153191 0.960609
vt 0.168192 0.996027
vt 0.454654 0.963164
vt 0.448286 0.964547
vt 0.448542 0.998035
vt 0.454939 0.992965
vt 0.788079 0.992842
vt 0.795975 0.989558
vt 0.794821 0.975901
vt 0.786364 0.979537
vt 0.004560 0.963367
vt 0.006140 0.992395
vt 0.017485 0.997926
vt 0.016309 0.965708
vt 0.459210 0.957155
vt 0.463036 0.964495
vt 0.468330 0.500283
vt 0.473392 0.498369
vt 0.004769 0.491151
vt 0.016073 0.491264
vt 0.005359 0.482604
vt 0.016784 0.482438
vt 0.467604 0.493895
vt 0.470743 0.490032
vt 0.849450 0.390567
vt 0.296483 0.859683
vt 0.271648 0.767056
vt 0.275165 0.859143
vt 0.104462 0.424148
vt 0.196311 0.426056
vt 0.197202 0.410070
vt 0.104855 0.409389
vt 0.018291 0.422857
vt 0.015392 0.409049
vt 0.307037 0.928770
vt 0.299353 0.942708
vt 0.467098 0.775747
vt 0.466786 0.819243
vt 0.473392 0.820225
vt 0.473225 0.776004
vt 0.001953 0.776902
vt 0.002111 0.820377
vt 0.013943 0.819307
vt 0.013799 0.775880
vt 0.002504 0.757816
vt 0.014554 0.755552
vt 0.465625 0.760577
vt 0.469948 0.756380
vt 0.307652 0.494487
vt 0.284995 0.511523
vt 0.760403 0.643071
vt 0.788536 0.643400
vt 0.786384 0.627978
vt 0.756425 0.628279
vt 0.454182 0.425498
vt 0.453449 0.410181
vt 0.453183 0.729598
vt 0.461127 0.754298
vt 0.463433 0.742443
vt 0.016271 0.737340
vt 0.003101 0.742982
vt 0.960585 0.226144
vt 0.972186 0.229108
vt 0.977602 0.222279
vt 0.970590 0.219219
vt 0.445450 0.492207
vt 0.457887 0.492614
vt 0.459346 0.484107
vt 0.447341 0.482798
vt 0.931096 0.645209
vt 0.943351 0.646116
vt 0.944666 0.632364
vt 0.932488 0.630120
vt 0.899506 0.644521
vt 0.900793 0.628548
vt 0.416442 0.482279
vt 0.786274 0.600741
vt 0.843182 0.600932
vt 0.842368 0.628006
vt 0.902346 0.602180
vt 0.408353 0.338469
vt 0.388282 0.338446
vt 0.388346 0.382520
vt 0.408384 0.382455
vt 0.430313 0.382454
vt 0.430366 0.338696
vt 0.348794 0.949841
vt 0.348478 0.983408
vt 0.898642 0.986320
vt 0.962091 0.987745
vt 0.961533 0.973515
vt 0.895929 0.971694
vt 0.840750 0.987940
vt 0.838513 0.972326
vt 0.403720 0.959092
vt 0.404645 0.995618
vt 0.173309 0.578548
vt 0.169994 0.560051
vt 0.163364 0.542923
vt 0.662083 0.052606
vt 0.665148 0.033517
vt 0.636757 0.031829
vt 0.636279 0.051859
vt 0.691144 0.056340
vt 0.696427 0.038521
vt 0.388243 0.277275
vt 0.408317 0.277368
vt 0.430337 0.277965
vt 0.408244 0.213144
vt 0.388191 0.213010
vt 0.359659 0.484204
vt 0.842014 0.644038
vt 0.780437 0.864623
vt 0.768977 0.877389
vt 0.119500 0.996617
vt 0.109665 0.962287
vt 0.072880 0.997255
vt 0.067609 0.963409
vt 0.785282 0.916089
vt 0.774587 0.924020
vt 0.096768 0.508870
vt 0.101743 0.497566
vt 0.108876 0.487210
vt 0.063233 0.495154
vt 0.066842 0.485215
vt 0.061127 0.506717
vt 0.894926 0.901745
vt 0.962706 0.902570
vt 0.963193 0.841316
vt 0.894216 0.840971
vt 0.832126 0.843605
vt 0.834571 0.903049
vt 0.197504 0.277287
vt 0.104870 0.277239
vt 0.014785 0.277186
vt 0.104836 0.338253
vt 0.014823 0.338304
vt 0.197446 0.338361
vt 0.060859 0.770758
vt 0.061794 0.813536
vt 0.098624 0.810880
vt 0.096525 0.767939
vt 0.094694 0.749922
vt 0.059984 0.752495
vt 0.755255 0.497800
vt 0.453917 0.279629
vt 0.453949 0.339360
vt 0.755432 0.557469
vt 0.059324 0.737471
vt 0.091995 0.736143
vt 0.944565 0.171913
vt 0.955391 0.169915
vt 0.951783 0.193596
vt 0.961754 0.194958
vt 0.955406 0.524463
vt 0.941895 0.517358
vt 0.937606 0.567663
vt 0.950512 0.573456
vt 0.290480 0.213036
vt 0.272082 0.213049
vt 0.272100 0.277308
vt 0.290499 0.277308
vt 0.272069 0.338471
vt 0.290482 0.338485
vt 0.309824 0.277306
vt 0.309822 0.338493
vt 0.309803 0.213025
vt 0.347564 0.573640
vt 0.348590 0.552247
vt 0.398401 0.549541
vt 0.296468 0.675740
vt 0.345500 0.680875
vt 0.395847 0.686105
vt 0.345656 0.659379
vt 0.394709 0.662915
vt 0.296998 0.655674
vt 0.297552 0.635417
vt 0.346120 0.637864
vt 0.395045 0.640088
vt 0.346600 0.616395
vt 0.298108 0.615183
vt 0.298672 0.594991
vt 0.347070 0.594985
vt 0.329426 0.338491
vt 0.329413 0.277301
vt 0.349042 0.338481
vt 0.349015 0.277293
vt 0.329389 0.213018
vt 0.348987 0.213014
vt 0.368654 0.338464
vt 0.368618 0.277283
vt 0.368581 0.213010
vt 0.185949 0.680284
vt 0.169537 0.677535
vt 0.187657 0.659395
vt 0.173004 0.659268
vt 0.868286 0.102416
vt 0.874304 0.085411
vt 0.845970 0.075291
vt 0.842552 0.092949
vt 0.188496 0.639192
vt 0.175306 0.639704
vt 0.188872 0.619116
vt 0.176300 0.619125
vt 0.809069 0.082321
vt 0.812386 0.064039
vt 0.773395 0.051768
vt 0.768748 0.071224
vt 0.188614 0.598989
vt 0.175479 0.598432
vt 0.727268 0.062517
vt 0.732696 0.044493
vt 0.272004 0.382597
vt 0.290442 0.382628
vt 0.271907 0.410478
vt 0.290382 0.410525
vt 0.309810 0.382644
vt 0.309787 0.410547
vt 0.329442 0.382642
vt 0.329457 0.410545
vt 0.349084 0.382621
vt 0.349140 0.410518
vt 0.368716 0.382580
vt 0.368818 0.410458
vt 0.512863 0.796194
vt 0.512974 0.777720
vt 0.484473 0.777524
vt 0.484365 0.796042
vt 0.290344 0.107961
vt 0.271851 0.108006
vt 0.271926 0.125875
vt 0.290379 0.125829
vt 0.309753 0.107943
vt 0.309761 0.125808
vt 0.512769 0.815587
vt 0.484283 0.815478
vt 0.512700 0.835229
vt 0.484230 0.835168
vt 0.329420 0.107947
vt 0.329405 0.125812
vt 0.349103 0.107973
vt 0.349059 0.125841
vt 0.512664 0.854866
vt 0.484211 0.854863
vt 0.512668 0.874479
vt 0.484233 0.874553
vt 0.368800 0.108031
vt 0.368705 0.125905
vt 0.642819 0.797143
vt 0.642977 0.778671
vt 0.576541 0.778172
vt 0.576409 0.796596
vt 0.576270 0.815932
vt 0.642620 0.816531
vt 0.642384 0.836160
vt 0.576132 0.835511
vt 0.575997 0.855070
vt 0.642109 0.855764
vt 0.641797 0.875312
vt 0.575869 0.874586
vt 0.210301 0.679645
vt 0.210541 0.659095
vt 0.237535 0.638819
vt 0.210667 0.638928
vt 0.237534 0.619162
vt 0.210737 0.619144
vt 0.237538 0.599513
vt 0.210726 0.599348
vt 0.271391 0.426788
vt 0.290031 0.426841
vt 0.273713 0.673345
vt 0.273175 0.691931
vt 0.274281 0.653889
vt 0.309569 0.426865
vt 0.329364 0.426865
vt 0.274854 0.634205
vt 0.275427 0.614534
vt 0.349176 0.426841
vt 0.368999 0.426785
vt 0.276006 0.594887
vt 0.708199 0.916921
vt 0.735929 0.918434
vt 0.264806 0.559759
vt 0.264819 0.579892
vt 0.709012 0.896733
vt 0.736847 0.897861
vt 0.709647 0.876928
vt 0.737530 0.877783
vt 0.264839 0.599543
vt 0.264856 0.619146
vt 0.710154 0.857101
vt 0.738061 0.857765
vt 0.710555 0.837248
vt 0.738472 0.837752
vt 0.264877 0.638759
vt 0.946956 0.609236
vt 0.934490 0.605121
vt 0.755675 0.600821
vt 0.453835 0.382730
vt 0.682723 0.521869
vt 0.682972 0.610492
vt 0.683222 0.703790
vt 0.710848 0.609884
vt 0.197352 0.382371
vt 0.104831 0.382154
vt 0.014918 0.382296
vt 0.962150 0.946654
vt 0.895429 0.945275
vt 0.836771 0.945754
vt 0.034243 0.504339
vt 0.034690 0.492828
vt 0.036263 0.483477
vt 0.790441 0.953191
vt 0.780773 0.957990
vt 0.036540 0.964746
vt 0.038935 0.998047
vt 0.348995 0.160918
vt 0.368593 0.160947
vt 0.388186 0.160994
vt 0.309778 0.160906
vt 0.329383 0.160904
vt 0.272019 0.160952
vt 0.290434 0.160922
vt 0.408183 0.161145
vt 0.148867 0.529396
vt 0.125699 0.520494
vt 0.610160 0.055449
vt 0.609312 0.039717
vt 0.582131 0.056559
vt 0.584317 0.065714
vt 0.702864 0.271697
vt 0.703914 0.257041
vt 0.676234 0.256406
vt 0.674478 0.270424
vt 0.643879 0.251382
vt 0.641329 0.265520
vt 0.671633 0.285403
vt 0.638275 0.279898
vt 0.700399 0.287872
vt 0.696697 0.306698
vt 0.668022 0.301787
vt 0.634808 0.294632
vt 0.663671 0.318687
vt 0.630903 0.309466
vt 0.691736 0.326566
vt 0.636872 0.425573
vt 0.646418 0.415548
vt 0.625773 0.401816
vt 0.620138 0.413896
vt 0.598305 0.391870
vt 0.594201 0.407856
vt 0.614568 0.432589
vt 0.590927 0.431406
vt 0.627761 0.435936
vt 0.656651 0.404224
vt 0.665932 0.391723
vt 0.641545 0.377855
vt 0.633580 0.390106
vt 0.611106 0.365284
vt 0.604445 0.378250
vt 0.716404 0.333477
vt 0.685617 0.346039
vt 0.709249 0.355295
vt 0.679064 0.363818
vt 0.701472 0.374612
vt 0.801987 0.113540
vt 0.836189 0.120480
vt 0.760657 0.105172
vt 0.697968 0.214813
vt 0.694337 0.201752
vt 0.680466 0.197741
vt 0.678227 0.215636
vt 0.658803 0.186411
vt 0.653038 0.206947
vt 0.677024 0.228651
vt 0.648833 0.222456
vt 0.700876 0.227859
vt 0.955895 0.209213
vt 0.936478 0.187120
vt 0.939866 0.200169
vt 0.607242 0.461606
vt 0.625220 0.455778
vt 0.586203 0.465359
vt 0.940472 0.213597
vt 0.703080 0.242162
vt 0.676737 0.242281
vt 0.646073 0.237060
vt 0.093516 0.517054
vt 0.060839 0.516082
vt 0.561060 0.082017
vt 0.556539 0.078837
vt 0.539134 0.097148
vt 0.545068 0.097124
vt 0.579824 0.325987
vt 0.531779 0.313169
vt 0.529540 0.328451
vt 0.575754 0.340250
vt 0.527999 0.343993
vt 0.571531 0.354404
vt 0.616819 0.352139
vt 0.621789 0.338414
vt 0.587915 0.297339
vt 0.538373 0.283322
vt 0.534716 0.298152
vt 0.583867 0.311693
vt 0.626501 0.324133
vt 0.595985 0.268608
vt 0.548366 0.254363
vt 0.543003 0.268751
vt 0.591947 0.282968
vt 0.604393 0.239792
vt 0.561703 0.225447
vt 0.554533 0.240029
vt 0.600083 0.254250
vt 0.615223 0.209444
vt 0.580380 0.194068
vt 0.570185 0.210242
vt 0.609225 0.224989
vt 0.633527 0.171180
vt 0.608746 0.156159
vt 0.592918 0.176367
vt 0.623125 0.192305
vt 0.628280 0.132932
vt 0.646523 0.145027
vt 0.665409 0.157926
vt 0.520661 0.123471
vt 0.535029 0.127993
vt 0.541314 0.118527
vt 0.515731 0.131735
vt 0.530967 0.137350
vt 0.563650 0.384580
vt 0.527324 0.378571
vt 0.528757 0.400988
vt 0.561733 0.404060
vt 0.531770 0.427713
vt 0.561260 0.430147
vt 0.672864 0.378682
vt 0.694047 0.390246
vt 0.685686 0.404207
vt 0.861612 0.125968
vt 0.882398 0.132547
vt 0.527194 0.360153
vt 0.567213 0.368713
vt 0.418953 0.641441
vt 0.418774 0.665008
vt 0.954717 0.278317
vt 0.958940 0.281179
vt 0.963413 0.268886
vt 0.959070 0.264969
vt 0.950393 0.292318
vt 0.954639 0.293796
vt 0.429249 0.533258
vt 0.421795 0.548938
vt 0.501524 0.118355
vt 0.497306 0.116240
vt 0.505287 0.114975
vt 0.503629 0.112471
vt 0.419305 0.687626
vt 0.424556 0.706962
vt 0.964083 0.253965
vt 0.967985 0.257602
vt 0.970782 0.247871
vt 0.967244 0.247283
vt 0.035697 0.514582
vt 0.529250 0.107994
vt 0.535011 0.108170
vt 0.503092 0.126863
vt 0.508775 0.120324
vt 0.511248 0.116259
vt 0.483996 0.144519
vt 0.488486 0.148185
vt 0.500880 0.137385
vt 0.493636 0.134697
vt 0.952935 0.257951
vt 0.937727 0.247699
vt 0.941452 0.267771
vt 0.949579 0.273642
vt 0.938396 0.288372
vt 0.945413 0.290637
vt 0.443020 0.505463
vt 0.442289 0.519476
vt 0.457202 0.504498
vt 0.248991 0.410381
vt 0.249125 0.382537
vt 0.249212 0.338443
vt 0.014882 0.894515
vt 0.034472 0.892441
vt 0.063864 0.890180
vt 0.033321 0.816514
vt 0.102733 0.888244
vt 0.142311 0.884228
vt 0.249243 0.213069
vt 0.249256 0.277304
vt 0.464074 0.893027
vt 0.470264 0.895313
vt 0.003060 0.894698
vt 0.272544 0.715026
vt 0.248269 0.426657
vt 0.249167 0.161006
vt 0.249038 0.125974
vt 0.174211 0.876483
vt 0.199339 0.868747
vt 0.435519 0.962695
vt 0.449471 0.890607
vt 0.434940 0.885518
vt 0.402319 0.878314
vt 0.220966 0.864154
vt 0.248094 0.942289
vt 0.242015 0.861600
vt 0.248880 0.108135
vt 0.484661 0.754536
vt 0.513141 0.754780
vt 0.737850 0.610102
vt 0.265416 0.863516
vt 0.262717 0.950530
vt 0.346802 0.869027
vt 0.643135 0.755732
vt 0.576707 0.755285
vt 0.458131 0.892979
vt 0.460486 0.816761
vt 0.510540 0.113320
vt 0.445650 0.527481
vt 0.806762 0.973930
vt 0.803870 0.948751
vt 0.800143 0.908347
vt 0.017903 0.476052
vt 0.039142 0.476608
vt 0.072472 0.477744
vt 0.954666 0.613556
vt 0.958589 0.580407
vt 0.952080 0.634673
vt 0.681954 0.856479
vt 0.682314 0.836757
vt 0.682603 0.817018
vt 0.680984 0.895777
vt 0.681514 0.876154
vt 0.679505 0.937522
vt 0.680338 0.915734
vt 0.167068 0.480244
vt 0.118553 0.478987
vt 0.963987 0.534628
vt 0.969629 0.486408
vt 0.793424 0.793249
vt 0.796347 0.852201
vt 0.464520 0.493058
vt 0.466459 0.486170
vt 0.005489 0.477001
vt 0.950621 0.647031
vt 0.438286 0.719702
vt 0.965572 0.240614
vt 0.971112 0.238507
vt 0.436411 0.997905
vt 0.808499 0.989152
vt 0.792099 0.745712
vt 0.791876 0.714264
vt 0.207013 0.481896
vt 0.235671 0.484540
vt 0.974196 0.446732
vt 0.977342 0.418343
vt 0.253085 0.488169
vt 0.740118 0.993278
vt 0.979093 0.400848
vt 0.461381 0.772187
vt 0.682827 0.797528
vt 0.682987 0.778968
vt 0.678669 0.960737
vt 0.683122 0.755931
vt 0.791837 0.701687
vt 0.688710 0.479077
vt 0.033213 0.754003
vt 0.033029 0.773447
vt 0.965895 0.210273
vt 0.034598 0.737120
vt 0.959973 0.247018
vt 0.950122 0.236069
vt 0.464421 0.502489
vt 0.933230 0.225976
vt 0.561501 0.463295
vt 0.535923 0.458407
vt 0.922019 0.235652
vt 0.683977 0.171599
vt 0.700082 0.184900
vt 0.549428 0.108466
vt 0.558645 0.098264
vt 0.653144 0.351029
vt 0.647766 0.365111
vt 0.591488 0.080110
vt 0.612570 0.075373
vt 0.725131 0.239470
vt 0.720570 0.221521
vt 0.727049 0.256467
vt 0.634797 0.074854
vt 0.573108 0.088407
vt 0.712336 0.202704
vt 0.658562 0.335326
vt 0.901486 0.142446
vt 0.674502 0.418435
vt 0.660505 0.432470
vt 0.917333 0.155852
vt 0.928833 0.171628
vt 0.643607 0.445226
vt 0.684409 0.084770
vt 0.719487 0.094062
vt 0.721676 0.311037
vt 0.725111 0.290175
vt 0.657517 0.078201
vt 0.726889 0.272597
s 1
usemtl T_hand_dryer_1001
f 1/1/1 2/2/2 3/3/3
f 3/3/3 4/4/4 1/1/1
f 5/5/4 6/6/3 7/7/5
f 7/7/5 8/8/6 5/5/4
f 9/9/7 10/10/4 11/11/6
f 11/11/6 12/12/8 9/9/7
f 13/13/9 14/14/1 10/10/4
f 10/10/4 9/9/7 13/13/9
f 15/15/10 16/16/11 17/17/12
f 17/17/12 18/18/13 15/15/10
f 19/19/13 20/20/12 21/21/14
f 21/21/14 22/22/15 19/19/13
f 23/23/16 24/24/10 25/25/13
f 25/25/13 26/26/17 23/23/16
f 27/27/18 28/28/19 29/29/20
f 29/29/20 30/30/21 27/27/18
f 30/30/21 29/29/20 31/31/22
f 31/31/22 32/32/23 30/30/21
f 33/33/24 30/30/21 32/32/23
f 32/32/23 34/34/25 33/33/24
f 35/35/26 27/27/18 30/30/21
f 30/30/21 33/33/24 35/35/26
f 36/36/27 37/37/28 38/38/29
f 38/38/29 39/39/30 36/36/27
f 39/39/30 38/38/29 40/40/31
f 40/40/31 41/41/32 39/39/30
f 42/42/33 39/39/30 41/41/32
f 41/41/32 43/43/34 42/42/33
f 44/44/35 36/36/27 39/39/30
f 39/39/30 42/42/33 44/44/35
f 45/45/36 46/46/37 47/47/38
f 47/47/38 48/48/39 45/45/36
f 48/48/39 47/47/38 49/49/40
f 49/49/40 50/50/41 48/48/39
f 51/51/42 48/48/39 50/50/41
f 50/50/41 52/52/43 51/51/42
f 53/53/44 45/45/36 48/48/39
f 48/48/39 51/51/42 53/53/44
f 54/54/45 55/55/46 56/56/47
f 56/56/47 57/57/48 54/54/45
f 57/57/48 56/56/47 58/58/49
f 58/58/49 59/59/50 57/57/48
f 60/60/51 57/57/48 59/59/50
f 59/59/50 61/61/52 60/60/51
f 62/62/53 54/54/45 57/57/48
f 57/57/48 60/60/51 62/62/53
f 63/63/54 64/64/55 65/65/56
f 65/65/56 66/66/57 63/63/54
f 66/66/57 65/65/56 67/67/58
f 67/67/58 68/68/59 66/66/57
f 69/69/60 70/70/61 71/71/59
f 71/71/59 72/72/62 69/69/60
f 73/73/63 74/74/54 70/70/61
f 70/70/61 69/69/60 73/73/63
f 75/75/64 76/76/65 77/77/66
f 77/77/66 78/78/67 75/75/64
f 78/78/67 77/77/66 79/79/68
f 79/79/68 80/80/69 78/78/67
f 41/41/32 81/81/67 82/82/69
f 82/82/69 43/43/34 41/41/32
f 40/40/31 83/83/70 81/81/67
f 81/81/67 41/41/32 40/40/31
f 84/84/71 85/85/72 86/86/73
f 86/86/73 87/87/74 84/84/71
f 88/88/74 89/89/73 35/35/26
f 35/35/26 33/33/24 88/88/74
f 90/90/75 88/88/74 33/33/24
f 33/33/24 34/34/25 90/90/75
f 91/91/76 84/84/71 87/87/74
f 87/87/74 92/92/75 91/91/76
f 93/93/77 94/94/78 95/95/79
f 95/95/79 96/96/80 93/93/77
f 96/96/80 95/95/79 73/73/63
f 73/73/63 69/69/60 96/96/80
f 97/97/81 96/96/80 69/69/60
f 69/69/60 72/72/62 97/97/81
f 98/98/82 93/93/77 96/96/80
f 96/96/80 97/97/81 98/98/82
f 99/99/83 100/100/84 101/101/85
f 101/101/85 102/102/86 99/99/83
f 103/103/86 104/104/87 105/105/88
f 105/105/88 106/106/89 103/103/86
f 107/107/90 103/103/86 106/106/89
f 106/106/89 108/108/91 107/107/90
f 109/109/92 99/99/83 102/102/86
f 102/102/86 110/110/90 109/109/92
f 111/111/93 112/112/94 113/113/95
f 113/113/95 114/114/96 111/111/93
f 115/115/96 116/116/97 117/117/98
f 117/117/98 118/118/99 115/115/96
f 71/71/59 115/115/96 118/118/99
f 118/118/99 72/72/62 71/71/59
f 67/67/58 111/111/93 114/114/96
f 114/114/96 68/68/59 67/67/58
f 106/106/89 105/105/88 119/119/100
f 119/119/100 120/120/101 106/106/89
f 120/120/101 119/119/100 121/121/102
f 121/121/102 122/122/103 120/120/101
f 123/123/104 120/120/101 122/122/103
f 122/122/103 124/124/105 123/123/104
f 108/108/91 106/106/89 120/120/101
f 120/120/101 123/123/104 108/108/91
f 125/125/106 126/126/107 127/127/108
f 127/127/108 128/128/109 125/125/106
f 128/128/109 127/127/108 129/129/110
f 129/129/110 130/130/111 128/128/109
f 56/56/47 128/128/109 130/130/111
f 130/130/111 58/58/49 56/56/47
f 55/55/46 125/125/106 128/128/109
f 128/128/109 56/56/47 55/55/46
f 131/131/112 132/132/113 133/133/114
f 133/133/114 134/134/115 131/131/112
f 135/135/115 136/136/116 137/137/117
f 137/137/117 138/138/118 135/135/115
f 139/139/119 135/135/115 138/138/118
f 138/138/118 53/53/44 139/139/119
f 140/140/120 131/131/112 134/134/115
f 134/134/115 141/141/119 140/140/120
f 142/142/121 109/109/92 110/110/90
f 110/110/90 143/143/122 142/142/121
f 144/144/122 107/107/90 108/108/91
f 108/108/91 123/123/104 144/144/122
f 145/145/123 144/144/122 123/123/104
f 123/123/104 124/124/105 145/145/123
f 146/146/124 147/147/121 148/148/122
f 148/148/122 149/149/123 146/146/124
f 150/150/125 151/151/126 152/152/127
f 152/152/127 153/153/128 150/150/125
f 153/153/128 152/152/127 154/154/129
f 154/154/129 155/155/130 153/153/128
f 156/156/131 157/157/128 158/158/130
f 158/158/130 159/159/132 156/156/131
f 160/160/133 161/161/125 157/157/128
f 157/157/128 156/156/131 160/160/133
f 162/162/134 163/163/135 164/164/136
f 164/164/136 165/165/137 162/162/134
f 165/165/137 164/164/136 166/166/138
f 166/166/138 167/167/139 165/165/137
f 168/168/140 165/165/137 167/167/139
f 167/167/139 169/169/141 168/168/140
f 170/170/142 162/162/134 165/165/137
f 165/165/137 168/168/140 170/170/142
f 171/171/143 172/172/144 173/173/145
f 173/173/145 174/174/146 171/171/143
f 174/174/146 173/173/145 40/40/31
f 40/40/31 38/38/29 174/174/146
f 175/175/147 174/174/146 38/38/29
f 38/38/29 37/37/28 175/175/147
f 176/176/148 171/171/143 174/174/146
f 174/174/146 175/175/147 176/176/148
f 177/177/149 178/178/150 179/179/151
f 179/179/151 180/180/152 177/177/149
f 181/181/152 182/182/151 79/79/68
f 79/79/68 183/183/153 181/181/152
f 104/104/87 181/181/152 183/183/153
f 183/183/153 105/105/88 104/104/87
f 100/100/84 177/177/149 180/180/152
f 180/180/152 101/101/85 100/100/84
f 184/184/154 185/185/155 186/186/156
f 186/186/156 187/187/157 184/184/154
f 187/187/157 186/186/156 188/188/158
f 188/188/158 189/189/159 187/187/157
f 122/122/103 187/187/157 189/189/159
f 189/189/159 124/124/105 122/122/103
f 121/121/102 184/184/154 187/187/157
f 187/187/157 122/122/103 121/121/102
f 190/190/160 191/191/161 192/192/75
f 192/192/75 193/193/162 190/190/160
f 194/194/163 90/90/75 34/34/25
f 34/34/25 32/32/23 194/194/163
f 195/195/164 194/194/163 32/32/23
f 32/32/23 31/31/22 195/195/164
f 196/196/165 190/190/160 193/193/162
f 193/193/162 197/197/164 196/196/165
f 198/198/166 199/199/167 200/200/168
f 200/200/168 201/201/169 198/198/166
f 201/201/169 200/200/168 178/178/150
f 178/178/150 177/177/149 201/201/169
f 202/202/170 201/201/169 177/177/149
f 177/177/149 100/100/84 202/202/170
f 169/169/141 198/198/166 201/201/169
f 201/201/169 202/202/170 169/169/141
f 203/203/171 204/204/172 205/205/173
f 205/205/173 206/206/174 203/203/171
f 206/206/174 205/205/173 98/98/82
f 98/98/82 207/207/175 206/206/174
f 208/208/176 209/209/177 210/210/175
f 210/210/175 211/211/178 208/208/176
f 212/212/179 213/213/180 209/209/177
f 209/209/177 208/208/176 212/212/179
f 214/214/181 170/170/142 215/215/182
f 215/215/182 216/216/183 214/214/181
f 216/216/183 215/215/182 109/109/92
f 109/109/92 142/142/121 216/216/183
f 217/217/184 218/218/183 147/147/121
f 147/147/121 146/146/124 217/217/184
f 219/219/185 220/220/186 218/218/183
f 218/218/183 217/217/184 219/219/185
f 189/189/159 188/188/158 221/221/187
f 221/221/187 222/222/188 189/189/159
f 223/223/188 224/224/189 225/225/190
f 225/225/190 226/226/191 223/223/188
f 149/149/123 223/223/188 226/226/191
f 226/226/191 146/146/124 149/149/123
f 124/124/105 189/189/159 222/222/188
f 222/222/188 145/145/123 124/124/105
f 227/227/192 228/228/193 229/229/194
f 229/229/194 230/230/195 227/227/192
f 230/230/195 229/229/194 94/94/78
f 94/94/78 93/93/77 230/230/195
f 205/205/173 230/230/195 93/93/77
f 93/93/77 98/98/82 205/205/173
f 204/204/172 227/227/192 230/230/195
f 230/230/195 205/205/173 204/204/172
f 231/231/196 232/232/197 233/233/198
f 233/233/198 234/234/199 231/231/196
f 234/234/199 233/233/198 85/85/72
f 85/85/72 84/84/71 234/234/199
f 235/235/200 234/234/199 84/84/71
f 84/84/71 91/91/76 235/235/200
f 236/236/201 231/231/196 234/234/199
f 234/234/199 235/235/200 236/236/201
f 237/237/202 238/238/203 239/239/200
f 239/239/200 240/240/204 237/237/202
f 240/240/204 239/239/200 191/191/161
f 191/191/161 190/190/160 240/240/204
f 241/241/205 240/240/204 190/190/160
f 190/190/160 196/196/165 241/241/205
f 242/242/206 237/237/202 240/240/204
f 240/240/204 241/241/205 242/242/206
f 243/243/207 244/244/208 245/245/209
f 245/245/209 246/246/210 243/243/207
f 246/246/210 245/245/209 37/37/28
f 37/37/28 36/36/27 246/246/210
f 247/247/211 246/246/210 36/36/27
f 36/36/27 44/44/35 247/247/211
f 248/248/212 243/243/207 246/246/210
f 246/246/210 247/247/211 248/248/212
f 249/249/213 250/250/214 251/251/215
f 251/251/215 252/252/216 249/249/213
f 252/252/216 251/251/215 16/16/11
f 16/16/11 15/15/10 252/252/216
f 253/253/217 254/254/218 24/24/10
f 24/24/10 23/23/16 253/253/217
f 255/255/219 256/256/213 254/254/218
f 254/254/218 253/253/217 255/255/219
f 257/257/220 258/258/221 259/259/222
f 259/259/222 260/260/223 257/257/220
f 261/261/223 262/262/224 263/263/225
f 263/263/225 264/264/226 261/261/223
f 265/265/227 266/266/223 267/267/228
f 267/267/228 268/268/229 265/265/227
f 269/269/230 257/257/220 260/260/223
f 260/260/223 270/270/231 269/269/230
f 271/271/232 12/12/8 11/11/6
f 11/11/6 272/272/233 271/271/232
f 273/273/233 8/8/6 7/7/5
f 7/7/5 274/274/234 273/273/233
f 275/275/235 273/273/233 274/274/234
f 274/274/234 276/276/236 275/275/235
f 277/277/237 271/271/232 272/272/233
f 272/272/233 278/278/235 277/277/237
f 168/168/140 169/169/141 202/202/170
f 202/202/170 279/279/238 168/168/140
f 279/279/238 202/202/170 100/100/84
f 100/100/84 99/99/83 279/279/238
f 215/215/182 279/279/238 99/99/83
f 99/99/83 109/109/92 215/215/182
f 170/170/142 168/168/140 279/279/238
f 279/279/238 215/215/182 170/170/142
f 280/280/239 62/62/53 281/281/240
f 281/281/240 282/282/241 280/280/239
f 283/283/241 284/284/240 285/285/242
f 285/285/242 286/286/243 283/283/241
f 287/287/244 283/283/241 286/286/243
f 286/286/243 288/288/245 287/287/244
f 289/289/246 280/280/239 282/282/241
f 282/282/241 290/290/247 289/289/246
f 291/291/248 292/292/249 293/293/250
f 293/293/250 294/294/251 291/291/248
f 295/295/252 296/296/250 297/297/253
f 297/297/253 298/298/254 295/295/252
f 299/299/255 295/295/252 298/298/254
f 298/298/254 300/300/256 299/299/255
f 301/301/257 291/291/248 294/294/251
f 294/294/251 302/302/255 301/301/257
f 51/51/42 52/52/43 303/303/258
f 303/303/258 304/304/259 51/51/42
f 305/305/259 306/306/258 307/307/260
f 307/307/260 308/308/261 305/305/259
f 141/141/119 309/309/259 310/310/262
f 310/310/262 140/140/120 141/141/119
f 53/53/44 51/51/42 304/304/259
f 304/304/259 139/139/119 53/53/44
f 311/311/263 129/129/110 312/312/264
f 312/312/264 313/313/265 311/311/263
f 313/313/265 312/312/264 301/301/257
f 301/301/257 302/302/255 313/313/265
f 314/314/266 315/315/265 299/299/255
f 299/299/255 300/300/256 314/314/266
f 316/316/267 317/317/263 318/318/265
f 318/318/265 319/319/266 316/316/267
f 320/320/268 321/321/269 322/322/270
f 322/322/270 323/323/271 320/320/268
f 324/324/271 325/325/270 326/326/272
f 326/326/272 327/327/273 324/324/271
f 328/328/274 324/324/271 327/327/273
f 327/327/273 329/329/275 328/328/274
f 49/49/40 320/320/268 323/323/271
f 323/323/271 330/330/274 49/49/40
f 164/164/136 163/163/135 331/331/276
f 331/331/276 332/332/277 164/164/136
f 332/332/277 331/331/276 307/307/260
f 307/307/260 333/333/278 332/332/277
f 334/334/279 332/332/277 333/333/278
f 333/333/278 329/329/275 334/334/279
f 166/166/138 164/164/136 332/332/277
f 332/332/277 334/334/279 166/166/138
f 335/335/280 336/336/281 337/337/282
f 337/337/282 338/338/283 335/335/280
f 338/338/283 337/337/282 132/132/113
f 132/132/113 131/131/112 338/338/283
f 339/339/284 338/338/283 131/131/112
f 131/131/112 140/140/120 339/339/284
f 340/340/285 335/335/280 338/338/283
f 338/338/283 339/339/284 340/340/285
f 341/341/286 289/289/246 290/290/247
f 290/290/247 342/342/287 341/341/286
f 343/343/288 344/344/247 345/345/245
f 345/345/245 346/346/289 343/343/288
f 347/347/290 343/343/288 346/346/289
f 346/346/289 348/348/291 347/347/290
f 349/349/292 341/341/286 342/342/287
f 342/342/287 350/350/290 349/349/292
f 351/351/293 176/176/148 175/175/147
f 175/175/147 352/352/294 351/351/293
f 352/352/294 175/175/147 37/37/28
f 37/37/28 353/353/295 352/352/294
f 354/354/296 355/355/297 356/356/298
f 356/356/298 357/357/299 354/354/296
f 358/358/300 359/359/293 355/355/297
f 355/355/297 354/354/296 358/358/300
f 360/360/301 336/336/281 335/335/280
f 335/335/280 361/361/302 360/360/301
f 361/361/302 335/335/280 340/340/285
f 340/340/285 362/362/303 361/361/302
f 363/363/304 361/361/302 362/362/303
f 362/362/303 219/219/185 363/363/304
f 364/364/305 360/360/301 361/361/302
f 361/361/302 363/363/304 364/364/305
f 50/50/41 49/49/40 330/330/274
f 330/330/274 365/365/306 50/50/41
f 366/366/306 328/328/274 329/329/275
f 329/329/275 333/333/278 366/366/306
f 306/306/258 366/366/306 333/333/278
f 333/333/278 307/307/260 306/306/258
f 52/52/43 50/50/41 365/365/306
f 365/365/306 303/303/258 52/52/43
f 367/367/307 250/250/214 249/249/213
f 249/249/213 368/368/308 367/367/307
f 369/369/308 256/256/213 255/255/219
f 255/255/219 370/370/309 369/369/308
f 371/371/310 369/369/308 370/370/309
f 370/370/309 372/372/311 371/371/310
f 373/373/312 367/367/307 368/368/308
f 368/368/308 374/374/313 373/373/312
f 375/375/314 244/244/208 243/243/207
f 243/243/207 376/376/315 375/375/314
f 376/376/315 243/243/207 248/248/212
f 248/248/212 377/377/316 376/376/315
f 378/378/317 376/376/315 377/377/316
f 377/377/316 379/379/318 378/378/317
f 380/380/319 375/375/314 376/376/315
f 376/376/315 378/378/317 380/380/319
f 381/381/320 382/382/321 383/383/322
f 383/383/322 384/384/323 381/381/320
f 384/384/323 383/383/322 238/238/203
f 238/238/203 237/237/202 384/384/323
f 385/385/324 384/384/323 237/237/202
f 237/237/202 242/242/206 385/385/324
f 386/386/325 381/381/320 384/384/323
f 384/384/323 385/385/324 386/386/325
f 387/387/326 232/232/197 231/231/196
f 231/231/196 388/388/327 387/387/326
f 388/388/327 231/231/196 236/236/201
f 236/236/201 389/389/328 388/388/327
f 390/390/329 388/388/327 389/389/328
f 389/389/328 391/391/330 390/390/329
f 392/392/331 387/387/326 388/388/327
f 388/388/327 390/390/329 392/392/331
f 393/393/332 394/394/333 395/395/334
f 395/395/334 396/396/335 393/393/332
f 396/396/335 395/395/334 228/228/193
f 228/228/193 227/227/192 396/396/335
f 397/397/336 396/396/335 227/227/192
f 227/227/192 204/204/172 397/397/336
f 398/398/337 393/393/332 396/396/335
f 396/396/335 397/397/336 398/398/337
f 162/162/134 170/170/142 214/214/181
f 214/214/181 399/399/338 162/162/134
f 400/400/338 220/220/186 219/219/185
f 219/219/185 362/362/303 400/400/338
f 401/401/339 400/400/338 362/362/303
f 362/362/303 340/340/285 401/401/339
f 163/163/135 162/162/134 399/399/338
f 399/399/338 402/402/339 163/163/135
f 403/403/340 398/398/337 397/397/336
f 397/397/336 404/404/341 403/403/340
f 404/404/341 397/397/336 204/204/172
f 204/204/172 203/203/171 404/404/341
f 405/405/342 406/406/341 213/213/180
f 213/213/180 212/212/179 405/405/342
f 407/407/343 408/408/340 406/406/341
f 406/406/341 405/405/342 407/407/343
f 409/409/344 199/199/167 198/198/166
f 198/198/166 410/410/345 409/409/344
f 410/410/345 198/198/166 169/169/141
f 169/169/141 167/167/139 410/410/345
f 411/411/346 410/410/345 167/167/139
f 167/167/139 166/166/138 411/411/346
f 412/412/347 409/409/344 410/410/345
f 410/410/345 411/411/346 412/412/347
f 413/413/348 414/414/349 415/415/350
f 415/415/350 416/416/351 413/413/348
f 416/416/351 415/415/350 417/417/352
f 417/417/352 418/418/353 416/416/351
f 419/419/351 416/416/351 418/418/353
f 418/418/353 420/420/353 419/419/351
f 421/421/348 413/413/348 416/416/351
f 416/416/351 419/419/351 421/421/348
f 138/138/118 137/137/117 422/422/354
f 422/422/354 423/423/355 138/138/118
f 423/423/355 422/422/354 151/151/126
f 151/151/126 424/424/356 423/423/355
f 45/45/36 423/423/355 424/424/356
f 424/424/356 46/46/37 45/45/36
f 53/53/44 138/138/118 423/423/355
f 423/423/355 45/45/36 53/53/44
f 425/425/357 61/61/52 59/59/50
f 59/59/50 426/426/358 425/425/357
f 426/426/358 59/59/50 58/58/49
f 58/58/49 427/427/359 426/426/358
f 428/428/360 426/426/358 427/427/359
f 427/427/359 429/429/361 428/428/360
f 430/430/362 425/425/357 426/426/358
f 426/426/358 428/428/360 430/430/362
f 431/431/363 430/430/362 428/428/360
f 428/428/360 432/432/364 431/431/363
f 432/432/364 428/428/360 429/429/361
f 429/429/361 433/433/365 432/432/364
f 434/434/366 432/432/364 433/433/365
f 433/433/365 154/154/129 434/434/366
f 435/435/367 431/431/363 432/432/364
f 432/432/364 434/434/366 435/435/367
f 436/436/368 435/435/367 434/434/366
f 434/434/366 437/437/369 436/436/368
f 437/437/369 434/434/366 154/154/129
f 154/154/129 152/152/127 437/437/369
f 422/422/354 437/437/369 152/152/127
f 152/152/127 151/151/126 422/422/354
f 137/137/117 436/436/368 437/437/369
f 437/437/369 422/422/354 137/137/117
f 419/419/351 420/420/353 438/438/353
f 438/438/353 439/439/351 419/419/351
f 439/439/351 438/438/353 440/440/353
f 440/440/353 441/441/351 439/439/351
f 442/442/348 439/439/351 441/441/351
f 441/441/351 443/443/348 442/442/348
f 421/421/348 419/419/351 439/439/351
f 439/439/351 442/442/348 421/421/348
f 441/441/351 440/440/353 444/444/353
f 444/444/353 445/445/351 441/441/351
f 445/445/351 444/444/353 336/336/281
f 336/336/281 360/360/301 445/445/351
f 446/446/348 445/445/351 360/360/301
f 360/360/301 364/364/305 446/446/348
f 443/443/348 441/441/351 445/445/351
f 445/445/351 446/446/348 443/443/348
f 207/207/175 98/98/82 447/447/370
f 447/447/370 448/448/371 207/207/175
f 448/448/371 447/447/370 449/449/372
f 449/449/372 450/450/373 448/448/371
f 451/451/374 452/452/375 453/453/373
f 453/453/373 454/454/376 451/451/374
f 211/211/178 210/210/175 452/452/375
f 452/452/375 451/451/374 211/211/178
f 450/450/373 449/449/372 455/455/377
f 455/455/377 456/456/378 450/450/373
f 456/456/378 455/455/377 457/457/379
f 457/457/379 458/458/380 456/456/378
f 459/459/381 460/460/382 461/461/380
f 461/461/380 462/462/383 459/459/381
f 454/454/376 453/453/373 460/460/382
f 460/460/382 459/459/381 454/454/376
f 458/458/380 457/457/379 463/463/384
f 463/463/384 464/464/385 458/458/380
f 464/464/385 463/463/384 176/176/148
f 176/176/148 351/351/293 464/464/385
f 465/465/386 466/466/387 359/359/293
f 359/359/293 358/358/300 465/465/386
f 462/462/383 461/461/380 466/466/387
f 466/466/387 465/465/386 462/462/383
f 418/418/353 417/417/352 467/467/388
f 467/467/388 468/468/389 418/418/353
f 468/468/389 467/467/388 469/469/390
f 469/469/390 470/470/391 468/468/389
f 471/471/389 468/468/389 470/470/391
f 470/470/391 472/472/392 471/471/389
f 420/420/353 418/418/353 468/468/389
f 468/468/389 471/471/389 420/420/353
f 438/438/353 420/420/353 471/471/389
f 471/471/389 473/473/389 438/438/353
f 473/473/389 471/471/389 472/472/392
f 472/472/392 474/474/393 473/473/389
f 475/475/389 473/473/389 474/474/393
f 474/474/393 476/476/393 475/475/389
f 440/440/353 438/438/353 473/473/389
f 473/473/389 475/475/389 440/440/353
f 444/444/353 440/440/353 475/475/389
f 475/475/389 477/477/389 444/444/353
f 477/477/389 475/475/389 476/476/393
f 476/476/393 478/478/393 477/477/389
f 337/337/282 477/477/389 478/478/393
f 478/478/393 132/132/113 337/337/282
f 336/336/281 444/444/353 477/477/389
f 477/477/389 337/337/282 336/336/281
f 479/479/394 480/480/395 481/481/396
f 481/481/396 482/482/397 479/479/394
f 483/483/397 484/484/398 485/485/399
f 485/485/399 486/486/400 483/483/397
f 487/487/397 483/483/397 486/486/400
f 486/486/400 488/488/400 487/487/397
f 489/489/394 479/479/394 482/482/397
f 482/482/397 490/490/397 489/489/394
f 491/491/394 489/489/394 490/490/397
f 490/490/397 492/492/397 491/491/394
f 493/493/397 487/487/397 488/488/400
f 488/488/400 494/494/400 493/493/397
f 495/495/397 493/493/397 494/494/400
f 494/494/400 496/496/400 495/495/397
f 497/497/394 491/491/394 492/492/397
f 492/492/397 498/498/397 497/497/394
f 499/499/401 497/497/394 498/498/397
f 498/498/397 500/500/397 499/499/401
f 501/501/397 495/495/397 496/496/400
f 496/496/400 502/502/400 501/501/397
f 224/224/189 501/501/397 502/502/400
f 502/502/400 225/225/190 224/224/189
f 188/188/158 499/499/401 500/500/397
f 500/500/397 221/221/187 188/188/158
f 503/503/402 504/504/403 505/505/404
f 505/505/404 506/506/404 503/503/402
f 506/506/404 505/505/404 480/480/395
f 480/480/395 479/479/394 506/506/404
f 507/507/404 506/506/404 479/479/394
f 479/479/394 489/489/394 507/507/404
f 508/508/402 503/503/402 506/506/404
f 506/506/404 507/507/404 508/508/402
f 509/509/402 508/508/402 507/507/404
f 507/507/404 510/510/404 509/509/402
f 510/510/404 507/507/404 489/489/394
f 489/489/394 491/491/394 510/510/404
f 511/511/404 510/510/404 491/491/394
f 491/491/394 497/497/394 511/511/404
f 512/512/402 509/509/402 510/510/404
f 510/510/404 511/511/404 512/512/402
f 513/513/402 512/512/402 511/511/404
f 511/511/404 514/514/404 513/513/402
f 514/514/404 511/511/404 497/497/394
f 497/497/394 499/499/401 514/514/404
f 186/186/156 514/514/404 499/499/401
f 499/499/401 188/188/158 186/186/156
f 185/185/155 513/513/402 514/514/404
f 514/514/404 186/186/156 185/185/155
f 97/97/81 72/72/62 118/118/99
f 118/118/99 515/515/405 97/97/81
f 515/515/405 118/118/99 117/117/98
f 117/117/98 516/516/406 515/515/405
f 447/447/370 515/515/405 516/516/406
f 516/516/406 449/449/372 447/447/370
f 98/98/82 97/97/81 515/515/405
f 515/515/405 447/447/370 98/98/82
f 516/516/406 117/117/98 517/517/407
f 517/517/407 518/518/408 516/516/406
f 518/518/408 517/517/407 519/519/409
f 519/519/409 520/520/410 518/518/408
f 455/455/377 518/518/408 520/520/410
f 520/520/410 457/457/379 455/455/377
f 449/449/372 516/516/406 518/518/408
f 518/518/408 455/455/377 449/449/372
f 520/520/410 519/519/409 521/521/411
f 521/521/411 522/522/412 520/520/410
f 522/522/412 521/521/411 172/172/144
f 172/172/144 171/171/143 522/522/412
f 463/463/384 522/522/412 171/171/143
f 171/171/143 176/176/148 463/463/384
f 457/457/379 520/520/410 522/522/412
f 522/522/412 463/463/384 457/457/379
f 470/470/391 469/469/390 523/523/413
f 523/523/413 524/524/414 470/470/391
f 525/525/414 526/526/413 61/61/52
f 61/61/52 425/425/357 525/525/414
f 527/527/415 525/525/414 425/425/357
f 425/425/357 430/430/362 527/527/415
f 472/472/392 470/470/391 524/524/414
f 524/524/414 528/528/415 472/472/392
f 474/474/393 472/472/392 528/528/415
f 528/528/415 529/529/416 474/474/393
f 530/530/416 527/527/415 430/430/362
f 430/430/362 431/431/363 530/530/416
f 531/531/416 530/530/416 431/431/363
f 431/431/363 435/435/367 531/531/416
f 476/476/393 474/474/393 529/529/416
f 529/529/416 532/532/417 476/476/393
f 478/478/393 476/476/393 532/532/417
f 532/532/417 533/533/416 478/478/393
f 534/534/417 531/531/416 435/435/367
f 435/435/367 436/436/368 534/534/417
f 136/136/116 534/534/417 436/436/368
f 436/436/368 137/137/117 136/136/116
f 132/132/113 478/478/393 533/533/416
f 533/533/416 133/133/114 132/132/113
f 535/535/418 76/76/65 75/75/64
f 75/75/64 536/536/419 535/535/418
f 537/537/419 83/83/70 40/40/31
f 40/40/31 173/173/145 537/537/419
f 538/538/420 537/537/419 173/173/145
f 173/173/145 172/172/144 538/538/420
f 539/539/421 535/535/418 536/536/419
f 536/536/419 540/540/422 539/539/421
f 541/541/94 539/539/421 540/540/422
f 540/540/422 542/542/423 541/541/94
f 543/543/423 538/538/420 172/172/144
f 172/172/144 521/521/411 543/543/423
f 544/544/424 543/543/423 521/521/411
f 521/521/411 519/519/409 544/544/424
f 545/545/94 541/541/94 542/542/423
f 542/542/423 546/546/424 545/545/94
f 547/547/94 545/545/94 546/546/424
f 546/546/424 548/548/425 547/547/94
f 549/549/425 544/544/424 519/519/409
f 519/519/409 517/517/407 549/549/425
f 116/116/97 549/549/425 517/517/407
f 517/517/407 117/117/98 116/116/97
f 112/112/94 547/547/94 548/548/425
f 548/548/425 113/113/95 112/112/94
f 327/327/273 326/326/272 550/550/426
f 550/550/426 551/551/427 327/327/273
f 551/551/427 550/550/426 412/412/347
f 412/412/347 411/411/346 551/551/427
f 334/334/279 551/551/427 411/411/346
f 411/411/346 166/166/138 334/334/279
f 329/329/275 327/327/273 551/551/427
f 551/551/427 334/334/279 329/329/275
f 308/308/261 307/307/260 331/331/276
f 331/331/276 552/552/428 308/308/261
f 552/552/428 331/331/276 163/163/135
f 163/163/135 402/402/339 552/552/428
f 339/339/284 553/553/428 401/401/339
f 401/401/339 340/340/285 339/339/284
f 140/140/120 310/310/262 553/553/428
f 553/553/428 339/339/284 140/140/120
f 554/554/429 31/31/22 29/29/20
f 29/29/20 555/555/430 554/554/429
f 555/555/430 29/29/20 28/28/19
f 28/28/19 556/556/431 555/555/430
f 557/557/432 555/555/430 556/556/431
f 556/556/431 64/64/55 557/557/432
f 21/21/14 554/554/429 555/555/430
f 555/555/430 557/557/432 21/21/14
f 286/286/243 285/285/242 558/558/433
f 558/558/433 559/559/434 286/286/243
f 559/559/434 558/558/433 392/392/331
f 392/392/331 390/390/329 559/559/434
f 560/560/435 559/559/434 390/390/329
f 390/390/329 391/391/330 560/560/435
f 288/288/245 286/286/243 559/559/434
f 559/559/434 560/560/435 288/288/245
f 346/346/289 345/345/245 561/561/435
f 561/561/435 562/562/436 346/346/289
f 562/562/436 561/561/435 382/382/321
f 382/382/321 381/381/320 562/562/436
f 563/563/437 562/562/436 381/381/320
f 381/381/320 386/386/325 563/563/437
f 348/348/291 346/346/289 562/562/436
f 562/562/436 563/563/437 348/348/291
f 274/274/234 7/7/5 564/564/438
f 564/564/438 565/565/439 274/274/234
f 565/565/439 564/564/438 380/380/319
f 380/380/319 378/378/317 565/565/439
f 566/566/440 565/565/439 378/378/317
f 378/378/317 379/379/318 566/566/440
f 276/276/236 274/274/234 565/565/439
f 565/565/439 566/566/440 276/276/236
f 264/264/226 263/263/225 567/567/441
f 567/567/441 568/568/442 264/264/226
f 568/568/442 567/567/441 373/373/312
f 373/373/312 374/374/313 568/568/442
f 569/569/443 570/570/442 371/371/310
f 371/371/310 372/372/311 569/569/443
f 268/268/229 267/267/228 570/570/442
f 570/570/442 569/569/443 268/268/229
f 502/502/400 496/496/400 571/571/444
f 571/571/444 572/572/444 502/502/400
f 572/572/444 571/571/444 443/443/348
f 443/443/348 446/446/348 572/572/444
f 573/573/445 572/572/444 446/446/348
f 446/446/348 364/364/305 573/573/445
f 225/225/190 502/502/400 572/572/444
f 572/572/444 573/573/445 225/225/190
f 494/494/400 488/488/400 574/574/444
f 574/574/444 575/575/444 494/494/400
f 575/575/444 574/574/444 421/421/348
f 421/421/348 442/442/348 575/575/444
f 571/571/444 575/575/444 442/442/348
f 442/442/348 443/443/348 571/571/444
f 496/496/400 494/494/400 575/575/444
f 575/575/444 571/571/444 496/496/400
f 486/486/400 485/485/399 576/576/446
f 576/576/446 577/577/444 486/486/400
f 577/577/444 576/576/446 414/414/349
f 414/414/349 413/413/348 577/577/444
f 574/574/444 577/577/444 413/413/348
f 413/413/348 421/421/348 574/574/444
f 488/488/400 486/486/400 577/577/444
f 577/577/444 574/574/444 488/488/400
f 226/226/191 225/225/190 573/573/445
f 573/573/445 578/578/447 226/226/191
f 578/578/447 573/573/445 364/364/305
f 364/364/305 363/363/304 578/578/447
f 217/217/184 578/578/447 363/363/304
f 363/363/304 219/219/185 217/217/184
f 146/146/124 226/226/191 578/578/447
f 578/578/447 217/217/184 146/146/124
f 353/353/295 37/37/28 245/245/209
f 245/245/209 579/579/448 353/353/295
f 579/579/448 245/245/209 244/244/208
f 244/244/208 580/580/449 579/579/448
f 581/581/450 582/582/448 583/583/451
f 583/583/451 584/584/452 581/581/450
f 357/357/299 356/356/298 582/582/448
f 582/582/448 581/581/450 357/357/299
f 585/585/453 586/586/454 587/587/455
f 587/587/455 588/588/456 585/585/453
f 588/588/456 587/587/455 589/589/457
f 589/589/457 590/590/458 588/588/456
f 591/591/459 588/588/456 590/590/458
f 590/590/458 592/592/460 591/591/459
f 593/593/461 585/585/453 588/588/456
f 588/588/456 591/591/459 593/593/461
f 594/594/462 593/593/461 591/591/459
f 591/591/459 595/595/463 594/594/462
f 595/595/463 591/591/459 592/592/460
f 592/592/460 596/596/464 595/595/463
f 597/597/465 595/595/463 596/596/464
f 596/596/464 598/598/466 597/597/465
f 599/599/467 594/594/462 595/595/463
f 595/595/463 597/597/465 599/599/467
f 600/600/468 601/601/469 602/602/470
f 602/602/470 603/603/471 600/600/468
f 603/603/471 602/602/470 604/604/472
f 604/604/472 605/605/473 603/603/471
f 606/606/474 603/603/471 605/605/473
f 605/605/473 607/607/475 606/606/474
f 608/608/476 600/600/468 603/603/471
f 603/603/471 606/606/474 608/608/476
f 609/609/477 610/610/478 611/611/479
f 611/611/479 612/612/480 609/609/477
f 612/612/480 611/611/479 613/613/481
f 613/613/481 614/614/482 612/612/480
f 602/602/470 612/612/480 614/614/482
f 614/614/482 604/604/472 602/602/470
f 601/601/469 609/609/477 612/612/480
f 612/612/480 602/602/470 601/601/469
f 615/615/483 599/599/467 616/616/484
f 616/616/484 617/617/485 615/615/483
f 617/617/485 616/616/484 618/618/486
f 618/618/486 619/619/487 617/617/485
f 459/459/381 620/620/488 621/621/489
f 621/621/489 454/454/376 459/459/381
f 462/462/383 622/622/483 620/620/488
f 620/620/488 459/459/381 462/462/383
f 623/623/490 624/624/491 625/625/492
f 625/625/492 626/626/493 623/623/490
f 626/626/493 625/625/492 627/627/494
f 627/627/494 628/628/495 626/626/493
f 629/629/496 626/626/493 628/628/495
f 628/628/495 630/630/497 629/629/496
f 631/631/498 623/623/490 626/626/493
f 626/626/493 629/629/496 631/631/498
f 632/632/499 407/407/343 633/633/500
f 633/633/500 634/634/501 632/632/499
f 635/635/502 636/636/500 608/608/476
f 608/608/476 606/606/474 635/635/502
f 637/637/503 635/635/502 606/606/474
f 606/606/474 607/607/475 637/637/503
f 316/316/267 632/632/499 634/634/501
f 634/634/501 638/638/503 316/316/267
f 639/639/504 631/631/498 629/629/496
f 629/629/496 640/640/505 639/639/504
f 640/640/505 629/629/496 630/630/497
f 630/630/497 641/641/506 640/640/505
f 587/587/455 640/640/505 641/641/506
f 641/641/506 589/589/457 587/587/455
f 586/586/454 639/639/504 640/640/505
f 640/640/505 587/587/455 586/586/454
f 580/580/449 244/244/208 375/375/314
f 375/375/314 642/642/507 580/580/449
f 642/642/507 375/375/314 380/380/319
f 380/380/319 643/643/508 642/642/507
f 644/644/509 645/645/510 646/646/508
f 646/646/508 647/647/511 644/644/509
f 584/584/452 583/583/451 645/645/510
f 645/645/510 644/644/509 584/584/452
f 648/648/512 649/649/513 650/650/514
f 650/650/514 651/651/515 648/648/512
f 651/651/515 650/650/514 652/652/516
f 652/652/516 653/653/517 651/651/515
f 654/654/518 651/651/515 653/653/517
f 653/653/517 613/613/481 654/654/518
f 655/655/519 648/648/512 651/651/515
f 651/651/515 654/654/518 655/655/519
f 656/656/520 657/657/521 658/658/522
f 658/658/522 659/659/523 656/656/520
f 659/659/523 658/658/522 649/649/513
f 649/649/513 648/648/512 659/659/523
f 660/660/524 659/659/523 648/648/512
f 648/648/512 655/655/519 660/660/524
f 598/598/466 656/656/520 659/659/523
f 659/659/523 660/660/524 598/598/466
f 661/661/525 662/662/526 663/663/527
f 663/663/527 664/664/528 661/661/525
f 664/664/528 663/663/527 657/657/521
f 657/657/521 656/656/520 664/664/528
f 596/596/464 664/664/528 656/656/520
f 656/656/520 598/598/466 596/596/464
f 592/592/460 661/661/525 664/664/528
f 664/664/528 596/596/464 592/592/460
f 665/665/529 666/666/530 667/667/531
f 667/667/531 668/668/532 665/665/529
f 668/668/532 667/667/531 662/662/526
f 662/662/526 661/661/525 668/668/532
f 590/590/458 668/668/532 661/661/525
f 661/661/525 592/592/460 590/590/458
f 589/589/457 665/665/529 668/668/532
f 668/668/532 590/590/458 589/589/457
f 669/669/533 670/670/534 671/671/535
f 671/671/535 672/672/536 669/669/533
f 672/672/536 671/671/535 666/666/530
f 666/666/530 665/665/529 672/672/536
f 641/641/506 672/672/536 665/665/529
f 665/665/529 589/589/457 641/641/506
f 630/630/497 669/669/533 672/672/536
f 672/672/536 641/641/506 630/630/497
f 673/673/537 674/674/538 675/675/539
f 675/675/539 676/676/540 673/673/537
f 676/676/540 675/675/539 670/670/534
f 670/670/534 669/669/533 676/676/540
f 628/628/495 676/676/540 669/669/533
f 669/669/533 630/630/497 628/628/495
f 627/627/494 673/673/537 676/676/540
f 676/676/540 628/628/495 627/627/494
f 677/677/541 674/674/538 673/673/537
f 673/673/537 678/678/542 677/677/541
f 678/678/542 673/673/537 627/627/494
f 627/627/494 679/679/543 678/678/542
f 680/680/544 681/681/542 682/682/543
f 682/682/543 2/2/2 680/680/544
f 683/683/545 684/684/546 681/681/542
f 681/681/542 680/680/544 683/683/545
f 685/685/547 686/686/548 687/687/549
f 687/687/549 688/688/550 685/685/547
f 688/688/550 687/687/549 689/689/551
f 689/689/551 690/690/552 688/688/550
f 605/605/473 688/688/550 690/690/552
f 690/690/552 607/607/475 605/605/473
f 604/604/472 685/685/547 688/688/550
f 688/688/550 605/605/473 604/604/472
f 619/619/487 618/618/486 691/691/553
f 691/691/553 692/692/554 619/619/487
f 692/692/554 691/691/553 610/610/478
f 610/610/478 693/693/555 692/692/554
f 451/451/374 694/694/554 695/695/555
f 695/695/555 211/211/178 451/451/374
f 454/454/376 621/621/489 694/694/554
f 694/694/554 451/451/374 454/454/376
f 653/653/517 652/652/516 696/696/556
f 696/696/556 697/697/557 653/653/517
f 697/697/557 696/696/556 686/686/548
f 686/686/548 685/685/547 697/697/557
f 614/614/482 697/697/557 685/685/547
f 685/685/547 604/604/472 614/614/482
f 613/613/481 653/653/517 697/697/557
f 697/697/557 614/614/482 613/613/481
f 155/155/130 154/154/129 433/433/365
f 433/433/365 698/698/558 155/155/130
f 698/698/558 433/433/365 429/429/361
f 429/429/361 699/699/559 698/698/558
f 700/700/560 701/701/561 702/702/559
f 702/702/559 703/703/562 700/700/560
f 704/704/563 705/705/564 701/701/561
f 701/701/561 700/700/560 704/704/563
f 706/706/565 46/46/37 424/424/356
f 424/424/356 707/707/566 706/706/565
f 707/707/566 424/424/356 151/151/126
f 151/151/126 150/150/125 707/707/566
f 708/708/567 709/709/566 161/161/125
f 161/161/125 160/160/133 708/708/567
f 710/710/568 711/711/565 709/709/566
f 709/709/566 708/708/567 710/710/568
f 699/699/559 429/429/361 427/427/359
f 427/427/359 712/712/569 699/699/559
f 712/712/569 427/427/359 58/58/49
f 58/58/49 713/713/570 712/712/569
f 714/714/571 715/715/569 716/716/570
f 716/716/570 717/717/572 714/714/571
f 703/703/562 702/702/559 715/715/569
f 715/715/569 714/714/571 703/703/562
f 564/564/438 7/7/5 6/6/3
f 6/6/3 718/718/573 564/564/438
f 719/719/573 3/3/3 2/2/2
f 2/2/2 720/720/574 719/719/573
f 646/646/508 719/719/573 720/720/574
f 720/720/574 647/647/511 646/646/508
f 380/380/319 564/564/438 718/718/573
f 718/718/573 643/643/508 380/380/319
f 721/721/575 683/683/545 680/680/544
f 680/680/544 722/722/576 721/721/575
f 722/722/576 680/680/544 2/2/2
f 2/2/2 723/723/577 722/722/576
f 708/708/567 722/722/576 723/723/577
f 723/723/577 710/710/568 708/708/567
f 160/160/133 721/721/575 722/722/576
f 722/722/576 708/708/567 160/160/133
f 724/724/578 725/725/579 726/726/580
f 726/726/580 727/727/581 724/724/578
f 727/727/581 726/726/580 683/683/545
f 683/683/545 721/721/575 727/727/581
f 156/156/131 727/727/581 721/721/575
f 721/721/575 160/160/133 156/156/131
f 159/159/132 724/724/578 727/727/581
f 727/727/581 156/156/131 159/159/132
f 728/728/582 729/729/583 730/730/584
f 730/730/584 731/731/585 728/728/582
f 731/731/585 730/730/584 732/732/579
f 732/732/579 733/733/586 731/731/585
f 700/700/560 731/731/585 733/733/586
f 733/733/586 704/704/563 700/700/560
f 703/703/562 728/728/582 731/731/585
f 731/731/585 700/700/560 703/703/562
f 320/320/268 49/49/40 47/47/38
f 47/47/38 734/734/587 320/320/268
f 734/734/587 47/47/38 46/46/37
f 46/46/37 735/735/588 734/734/587
f 736/736/589 734/734/587 735/735/588
f 735/735/588 13/13/9 736/736/589
f 321/321/269 320/320/268 734/734/587
f 734/734/587 736/736/589 321/321/269
f 737/737/590 469/469/390 467/467/388
f 467/467/388 738/738/591 737/737/590
f 738/738/591 467/467/388 417/417/352
f 417/417/352 739/739/592 738/738/591
f 558/558/433 738/738/591 739/739/592
f 739/739/592 392/392/331 558/558/433
f 285/285/242 737/737/590 738/738/591
f 738/738/591 558/558/433 285/285/242
f 740/740/593 268/268/229 569/569/443
f 569/569/443 741/741/594 740/740/593
f 741/741/594 569/569/443 372/372/311
f 372/372/311 742/742/595 741/741/594
f 743/743/596 741/741/594 742/742/595
f 742/742/595 394/394/333 743/743/596
f 297/297/253 740/740/593 741/741/594
f 741/741/594 743/743/596 297/297/253
f 742/742/595 372/372/311 370/370/309
f 370/370/309 744/744/597 742/742/595
f 744/744/597 370/370/309 255/255/219
f 255/255/219 745/745/598 744/744/597
f 395/395/334 744/744/597 745/745/598
f 745/745/598 228/228/193 395/395/334
f 394/394/333 742/742/595 744/744/597
f 744/744/597 395/395/334 394/394/333
f 415/415/350 414/414/349 746/746/599
f 746/746/599 747/747/600 415/415/350
f 747/747/600 746/746/599 232/232/197
f 232/232/197 387/387/326 747/747/600
f 739/739/592 747/747/600 387/387/326
f 387/387/326 392/392/331 739/739/592
f 417/417/352 415/415/350 747/747/600
f 747/747/600 739/739/592 417/417/352
f 748/748/601 269/269/230 270/270/231
f 270/270/231 749/749/602 748/748/601
f 750/750/602 265/265/227 268/268/229
f 268/268/229 740/740/593 750/750/602
f 296/296/250 750/750/602 740/740/593
f 740/740/593 297/297/253 296/296/250
f 292/292/249 748/748/601 749/749/602
f 749/749/602 293/293/250 292/292/249
f 60/60/51 61/61/52 526/526/413
f 526/526/413 751/751/603 60/60/51
f 752/752/603 523/523/413 469/469/390
f 469/469/390 737/737/590 752/752/603
f 284/284/240 752/752/603 737/737/590
f 737/737/590 285/285/242 284/284/240
f 62/62/53 60/60/51 751/751/603
f 751/751/603 281/281/240 62/62/53
f 746/746/599 414/414/349 576/576/446
f 576/576/446 753/753/604 746/746/599
f 753/753/604 576/576/446 485/485/399
f 485/485/399 754/754/605 753/753/604
f 233/233/198 753/753/604 754/754/605
f 754/754/605 85/85/72 233/233/198
f 232/232/197 746/746/599 753/753/604
f 753/753/604 233/233/198 232/232/197
f 745/745/598 255/255/219 253/253/217
f 253/253/217 755/755/606 745/745/598
f 755/755/606 253/253/217 23/23/16
f 23/23/16 756/756/607 755/755/606
f 229/229/194 755/755/606 756/756/607
f 756/756/607 94/94/78 229/229/194
f 228/228/193 745/745/598 755/755/606
f 755/755/606 229/229/194 228/228/193
f 757/757/608 258/258/221 758/758/609
f 758/758/609 759/759/610 757/757/608
f 759/759/610 758/758/609 126/126/107
f 126/126/107 125/125/106 759/759/610
f 760/760/611 759/759/610 125/125/106
f 125/125/106 55/55/46 760/760/611
f 349/349/292 757/757/608 759/759/610
f 759/759/610 760/760/611 349/349/292
f 756/756/607 23/23/16 26/26/17
f 26/26/17 761/761/612 756/756/607
f 761/761/612 26/26/17 762/762/613
f 762/762/613 763/763/614 761/761/612
f 95/95/79 761/761/612 763/763/614
f 763/763/614 73/73/63 95/95/79
f 94/94/78 756/756/607 761/761/612
f 761/761/612 95/95/79 94/94/78
f 754/754/605 485/485/399 484/484/398
f 484/484/398 764/764/615 754/754/605
f 765/765/615 481/481/396 480/480/395
f 480/480/395 766/766/616 765/765/615
f 89/89/73 765/765/615 766/766/616
f 766/766/616 35/35/26 89/89/73
f 85/85/72 754/754/605 764/764/615
f 764/764/615 86/86/73 85/85/72
f 22/22/15 21/21/14 557/557/432
f 557/557/432 767/767/617 22/22/15
f 767/767/617 557/557/432 64/64/55
f 64/64/55 63/63/54 767/767/617
f 763/763/614 768/768/617 74/74/54
f 74/74/54 73/73/63 763/763/614
f 762/762/613 769/769/15 768/768/617
f 768/768/617 763/763/614 762/762/613
f 341/341/286 349/349/292 760/760/611
f 760/760/611 770/770/618 341/341/286
f 770/770/618 760/760/611 55/55/46
f 55/55/46 54/54/45 770/770/618
f 280/280/239 770/770/618 54/54/45
f 54/54/45 62/62/53 280/280/239
f 289/289/246 341/341/286 770/770/618
f 770/770/618 280/280/239 289/289/246
f 505/505/404 504/504/403 771/771/619
f 771/771/619 772/772/620 505/505/404
f 772/772/620 771/771/619 28/28/19
f 28/28/19 27/27/18 772/772/620
f 766/766/616 772/772/620 27/27/18
f 27/27/18 35/35/26 766/766/616
f 480/480/395 505/505/404 772/772/620
f 772/772/620 766/766/616 480/480/395
f 257/257/220 269/269/230 748/748/601
f 748/748/601 773/773/621 257/257/220
f 773/773/621 748/748/601 292/292/249
f 292/292/249 774/774/622 773/773/621
f 758/758/609 773/773/621 774/774/622
f 774/774/622 126/126/107 758/758/609
f 258/258/221 257/257/220 773/773/621
f 773/773/621 758/758/609 258/258/221
f 711/711/565 710/710/568 723/723/577
f 723/723/577 775/775/623 711/711/565
f 775/775/623 723/723/577 2/2/2
f 2/2/2 1/1/1 775/775/623
f 735/735/588 776/776/623 14/14/1
f 14/14/1 13/13/9 735/735/588
f 46/46/37 706/706/565 776/776/623
f 776/776/623 735/735/588 46/46/37
f 777/777/624 348/348/291 563/563/437
f 563/563/437 778/778/625 777/777/624
f 778/778/625 563/563/437 386/386/325
f 386/386/325 779/779/626 778/778/625
f 567/567/441 778/778/625 779/779/626
f 779/779/626 373/373/312 567/567/441
f 263/263/225 777/777/624 778/778/625
f 778/778/625 567/567/441 263/263/225
f 780/780/627 276/276/236 566/566/440
f 566/566/440 781/781/628 780/780/627
f 781/781/628 566/566/440 379/379/318
f 379/379/318 782/782/629 781/781/628
f 550/550/426 783/783/628 784/784/629
f 784/784/629 412/412/347 550/550/426
f 326/326/272 785/785/627 783/783/628
f 783/783/628 550/550/426 326/326/272
f 509/509/402 512/512/402 786/786/630
f 786/786/630 787/787/630 509/509/402
f 787/787/630 786/786/630 545/545/94
f 545/545/94 547/547/94 787/787/630
f 788/788/630 787/787/630 547/547/94
f 547/547/94 112/112/94 788/788/630
f 508/508/402 509/509/402 787/787/630
f 787/787/630 788/788/630 508/508/402
f 513/513/402 185/185/155 789/789/630
f 789/789/630 790/790/630 513/513/402
f 790/790/630 789/789/630 539/539/421
f 539/539/421 541/541/94 790/790/630
f 786/786/630 790/790/630 541/541/94
f 541/541/94 545/545/94 786/786/630
f 512/512/402 513/513/402 790/790/630
f 790/790/630 786/786/630 512/512/402
f 184/184/154 121/121/102 791/791/631
f 791/791/631 792/792/632 184/184/154
f 792/792/632 791/791/631 76/76/65
f 76/76/65 535/535/418 792/792/632
f 789/789/630 792/792/632 535/535/418
f 535/535/418 539/539/421 789/789/630
f 185/185/155 184/184/154 792/792/632
f 792/792/632 789/789/630 185/185/155
f 377/377/316 248/248/212 793/793/633
f 793/793/633 794/794/634 377/377/316
f 795/795/635 796/796/633 199/199/167
f 199/199/167 409/409/344 795/795/635
f 784/784/629 795/795/635 409/409/344
f 409/409/344 412/412/347 784/784/629
f 379/379/318 377/377/316 794/794/634
f 794/794/634 782/782/629 379/379/318
f 385/385/324 242/242/206 797/797/636
f 797/797/636 798/798/637 385/385/324
f 798/798/637 797/797/636 250/250/214
f 250/250/214 367/367/307 798/798/637
f 779/779/626 798/798/637 367/367/307
f 367/367/307 373/373/312 779/779/626
f 386/386/325 385/385/324 798/798/637
f 798/798/637 779/779/626 386/386/325
f 799/799/638 277/277/237 278/278/235
f 278/278/235 800/800/639 799/799/638
f 801/801/639 275/275/235 276/276/236
f 276/276/236 780/780/627 801/801/639
f 325/325/270 802/802/639 785/785/627
f 785/785/627 326/326/272 325/325/270
f 321/321/269 799/799/638 800/800/639
f 800/800/639 322/322/270 321/321/269
f 713/713/570 58/58/49 130/130/111
f 130/130/111 803/803/640 713/713/570
f 803/803/640 130/130/111 129/129/110
f 129/129/110 311/311/263 803/803/640
f 804/804/641 805/805/642 317/317/263
f 317/317/263 316/316/267 804/804/641
f 717/717/572 716/716/570 805/805/642
f 805/805/642 804/804/641 717/717/572
f 757/757/608 349/349/292 350/350/290
f 350/350/290 806/806/643 757/757/608
f 807/807/643 347/347/290 348/348/291
f 348/348/291 777/777/624 807/807/643
f 262/262/224 807/807/643 777/777/624
f 777/777/624 263/263/225 262/262/224
f 258/258/221 757/757/608 806/806/643
f 806/806/643 259/259/222 258/258/221
f 797/797/636 242/242/206 241/241/205
f 241/241/205 808/808/644 797/797/636
f 808/808/644 241/241/205 196/196/165
f 196/196/165 809/809/645 808/808/644
f 251/251/215 808/808/644 809/809/645
f 809/809/645 16/16/11 251/251/215
f 250/250/214 797/797/636 808/808/644
f 808/808/644 251/251/215 250/250/214
f 793/793/633 248/248/212 247/247/211
f 247/247/211 810/810/646 793/793/633
f 810/810/646 247/247/211 44/44/35
f 44/44/35 811/811/647 810/810/646
f 200/200/168 812/812/648 813/813/649
f 813/813/649 178/178/150 200/200/168
f 199/199/167 796/796/633 812/812/648
f 812/812/648 200/200/168 199/199/167
f 811/811/647 44/44/35 42/42/33
f 42/42/33 814/814/650 811/811/647
f 814/814/650 42/42/33 43/43/34
f 43/43/34 82/82/69 814/814/650
f 182/182/151 815/815/651 80/80/69
f 80/80/69 79/79/68 182/182/151
f 178/178/150 813/813/649 816/816/650
f 816/816/650 179/179/151 178/178/150
f 774/774/622 292/292/249 291/291/248
f 291/291/248 817/817/652 774/774/622
f 817/817/652 291/291/248 301/301/257
f 301/301/257 312/312/264 817/817/652
f 127/127/108 817/817/652 312/312/264
f 312/312/264 129/129/110 127/127/108
f 126/126/107 774/774/622 817/817/652
f 817/817/652 127/127/108 126/126/107
f 503/503/402 508/508/402 788/788/630
f 788/788/630 818/818/630 503/503/402
f 818/818/630 788/788/630 112/112/94
f 112/112/94 111/111/93 818/818/630
f 819/819/653 818/818/630 111/111/93
f 111/111/93 67/67/58 819/819/653
f 504/504/403 503/503/402 818/818/630
f 818/818/630 819/819/653 504/504/403
f 791/791/631 121/121/102 119/119/100
f 119/119/100 820/820/654 791/791/631
f 820/820/654 119/119/100 105/105/88
f 105/105/88 183/183/153 820/820/654
f 77/77/66 820/820/654 183/183/153
f 183/183/153 79/79/68 77/77/66
f 76/76/65 791/791/631 820/820/654
f 820/820/654 77/77/66 76/76/65
f 556/556/431 28/28/19 771/771/619
f 771/771/619 821/821/655 556/556/431
f 821/821/655 771/771/619 504/504/403
f 504/504/403 819/819/653 821/821/655
f 65/65/56 821/821/655 819/819/653
f 819/819/653 67/67/58 65/65/56
f 64/64/55 556/556/431 821/821/655
f 821/821/655 65/65/56 64/64/55
f 809/809/645 196/196/165 197/197/164
f 197/197/164 822/822/656 809/809/645
f 823/823/657 195/195/164 31/31/22
f 31/31/22 554/554/429 823/823/657
f 20/20/12 823/823/657 554/554/429
f 554/554/429 21/21/14 20/20/12
f 16/16/11 809/809/645 822/822/656
f 822/822/656 17/17/12 16/16/11
f 824/824/658 300/300/256 298/298/254
f 298/298/254 825/825/659 824/824/658
f 825/825/659 298/298/254 297/297/253
f 297/297/253 743/743/596 825/825/659
f 393/393/332 825/825/659 743/743/596
f 743/743/596 394/394/333 393/393/332
f 398/398/337 824/824/658 825/825/659
f 825/825/659 393/393/332 398/398/337
f 408/408/340 407/407/343 632/632/499
f 632/632/499 826/826/660 408/408/340
f 826/826/660 632/632/499 316/316/267
f 316/316/267 319/319/266 826/826/660
f 824/824/658 827/827/660 314/314/266
f 314/314/266 300/300/256 824/824/658
f 398/398/337 403/403/340 827/827/660
f 827/827/660 824/824/658 398/398/337
f 714/714/571 717/717/572 804/804/641
f 804/804/641 828/828/661 714/714/571
f 828/828/661 804/804/641 316/316/267
f 316/316/267 829/829/662 828/828/661
f 728/728/582 828/828/661 829/829/662
f 829/829/662 729/729/583 728/728/582
f 703/703/562 714/714/571 828/828/661
f 828/828/661 728/728/582 703/703/562
f 799/799/638 321/321/269 736/736/589
f 736/736/589 830/830/663 799/799/638
f 830/830/663 736/736/589 13/13/9
f 13/13/9 9/9/7 830/830/663
f 271/271/232 830/830/663 9/9/7
f 9/9/7 12/12/8 271/271/232
f 277/277/237 799/799/638 830/830/663
f 830/830/663 271/271/232 277/277/237
f 829/829/662 316/316/267 638/638/503
f 638/638/503 831/831/664 829/829/662
f 832/832/664 637/637/503 607/607/475
f 607/607/475 690/690/552 832/832/664
f 833/833/665 832/832/664 690/690/552
f 690/690/552 689/689/551 833/833/665
f 729/729/583 829/829/662 831/831/664
f 831/831/664 834/834/665 729/729/583
f 679/679/543 627/627/494 625/625/492
f 625/625/492 835/835/666 679/679/543
f 835/835/666 625/625/492 624/624/491
f 624/624/491 836/836/667 835/835/666
f 720/720/574 837/837/666 838/838/667
f 838/838/667 647/647/511 720/720/574
f 2/2/2 682/682/543 837/837/666
f 837/837/666 720/720/574 2/2/2
f 839/839/668 655/655/519 654/654/518
f 654/654/518 840/840/669 839/839/668
f 840/840/669 654/654/518 613/613/481
f 613/613/481 611/611/479 840/840/669
f 691/691/553 840/840/669 611/611/479
f 611/611/479 610/610/478 691/691/553
f 618/618/486 839/839/668 840/840/669
f 840/840/669 691/691/553 618/618/486
f 581/581/450 584/584/452 841/841/670
f 841/841/670 842/842/671 581/581/450
f 843/843/671 844/844/672 631/631/498
f 631/631/498 639/639/504 843/843/671
f 845/845/673 843/843/671 639/639/504
f 639/639/504 586/586/454 845/845/673
f 357/357/299 581/581/450 842/842/671
f 842/842/671 846/846/674 357/357/299
f 644/644/509 647/647/511 838/838/667
f 838/838/667 847/847/675 644/644/509
f 848/848/675 836/836/667 624/624/491
f 624/624/491 623/623/490 848/848/675
f 844/844/672 848/848/675 623/623/490
f 623/623/490 631/631/498 844/844/672
f 584/584/452 644/644/509 847/847/675
f 847/847/675 841/841/670 584/584/452
f 597/597/465 598/598/466 660/660/524
f 660/660/524 849/849/676 597/597/465
f 849/849/676 660/660/524 655/655/519
f 655/655/519 839/839/668 849/849/676
f 616/616/484 849/849/676 839/839/668
f 839/839/668 618/618/486 616/616/484
f 599/599/467 597/597/465 849/849/676
f 849/849/676 616/616/484 599/599/467
f 208/208/176 211/211/178 695/695/555
f 695/695/555 850/850/677 208/208/176
f 851/851/678 693/693/555 610/610/478
f 610/610/478 609/609/477 851/851/678
f 852/852/679 851/851/678 609/609/477
f 609/609/477 601/601/469 852/852/679
f 212/212/179 208/208/176 850/850/677
f 850/850/677 853/853/679 212/212/179
f 405/405/342 212/212/179 853/853/679
f 853/853/679 854/854/680 405/405/342
f 855/855/680 852/852/679 601/601/469
f 601/601/469 600/600/468 855/855/680
f 636/636/500 855/855/680 600/600/468
f 600/600/468 608/608/476 636/636/500
f 407/407/343 405/405/342 854/854/680
f 854/854/680 633/633/500 407/407/343
f 465/465/386 358/358/300 856/856/681
f 856/856/681 857/857/682 465/465/386
f 858/858/683 859/859/681 593/593/461
f 593/593/461 594/594/462 858/858/683
f 615/615/483 858/858/683 594/594/462
f 594/594/462 599/599/467 615/615/483
f 462/462/383 465/465/386 857/857/682
f 857/857/682 622/622/483 462/462/383
f 354/354/296 357/357/299 846/846/674
f 846/846/674 860/860/684 354/354/296
f 861/861/684 845/845/673 586/586/454
f 586/586/454 585/585/453 861/861/684
f 859/859/681 861/861/684 585/585/453
f 585/585/453 593/593/461 859/859/681
f 358/358/300 354/354/296 860/860/684
f 860/860/684 856/856/681 358/358/300
f 25/25/13 769/769/15 762/762/613
f 762/762/613 26/26/17 25/25/13
